Classification,Total_References,Total_Workflows_Writing,Total_Workflows_Reading,Is_Key_Field,In_HubSpot_Properties,In_Salesforce_Mappings,Internal_Name,HS_Friendly_Name,HS_Type,HS_Group_Name,HS_Description,HS_Object_Types,HS_Form_Field,HS_Read_Only_Value,HS_Calculated,HS_HubSpot_Defined,HS_Created_User,HS_Usages,HS_Fill_Rate,HS_Last_Updated_Time,HS_Update_Source,SF_Field_Name,SF_Sync_Rule,SF_Object_Types,Workflows_Writing,Workflow_IDs_Writing,Workflows_Reading,Workflow_IDs_Reading
KEY FIELD (HS + SF),72,12,60,True,True,True,date_account_came_inbound,Date Lead Came Inbound,date,salesforceinformation,nan,"Contact, Company, Deal",True,False,False,False,Reed Marcus,Contact scoring ruleset (2); Rollup property (1); Inbounddb lists (12); Automation platform flow (61); Report (128); Integration (1); Association card (1); Sales view (253); Data highlights card (1); Dashboard (9); Properties v3 card (2); Association v3 card (1),11.26%,11/23/25 6:11 PM EST,Workflow,date_account_came_inbound__c,Two way,"Contact, Company, Deal",Company --> Contact - Company First Came Inbound; Copy DAI from contact to Company - Last came inbound; Date Lead Came Inbound - Company --> Deal; Date lead came inbound - Contact --> Company; Deal - Unknown Properties --> Stamp properties; DLI - PROXY; Facebook Form Signups --> Properties; Linkedin Ad Signup - Stamp properties; Other - Clear Date Lead Came Inbound; Proxy DAI --> DAI; Stamp Date Lead Came Inbound; Stamp Lead created date for contact,"455633981, 455633975, 471678846, 422529928, 529520486, 456140686, 492655402, 477214025, 429534243, 456967082, 416407630, 432905602",^Lead converted to contact - Status = New; Account source from lead; App completed after signup = yes; Call Made = Yes; Company --> Contact - Company First Came Inbound; Contact --> Company cleanup; Contact made = yes; Converted Leads - Stamp properties again; Copy DAI from contact to Company - Last came inbound; Date Lead Came Inbound - Company --> Deal; Date lead came inbound - Contact --> Company; Deal - Unknown Properties --> Stamp properties; DLI - PROXY; Email Logged = Yes; Has been meeting set --> Status back to = Meeting Set; Inbound Contact Name to Company; Inbound Signups - slack notification; Influenced Email Channel; IP + Other Reasons --> Unqualified = yes; Lead > 14 days old...,"478017128, 436151889, 463006129, 525613921, 455633981, 466502472, 566213962, 457130540, 455633975, 471678846, 422529928, 529520486, 456140686, 489805907, 487728784, 472224082, 483575842, 472228948, 435464576, 566224724..."
KEY FIELD (HS + SF),40,13,27,True,True,True,primary_lead_channel,Primary Inbound Channel (Legacy),enumeration,salesforceinformation,nan,Contact,True,False,False,False,Reed Marcus,Form (67); Rollup property (1); Inbounddb lists (6); Automation platform flow (34); Report (78); Integration (1); Sales view (198); Dashboard (5); Properties v3 card (2),7.39%,11/23/25 6:14 PM EST,Workflow,primary_inbound_channel__c; primary_lead_channel__c,Two way,Contact,Become a partner form - Owner assignation; Contact PIC - startup nyc --> Rho banks nyc; Facebook Form Signups --> Properties; Linkedin Ad Signup - Stamp properties; partner page utms; Primary Inbound Channel - Contact --> Company; SIGNUP SURVEY - Direct traffic -->; Stamp Primary Inbound - CONTENT DOWNLOAD; Stamp primary Inbound Channel - LATEST; Stamp primary Inbound Channel - ORIGINAL; Stamp Primary Inbound Channel - Specific Affiliates; Stamp primary inbound channel lead nurturing; UTM_Source = Capital --> Primary Inbound Channel,"1623367486, 565273730, 492655402, 477214025, 467996015, 460380750, 582998708, 574119447, 567765537, 455977533, 561347686, 525709130, 465679980",Bestmoney - Client Approved; Bestmoney - Closed Lost; Bestmoney - New Lead; Bestmoney - Unverified Platform Access; Bestmoney - Verification pending; Capital = qualified; Contact PIC - startup nyc --> Rho banks nyc; Deal - Event - PIC is Unknown --> Deal PIC; Inbound Channel Bucket - Contacts; Inbound Signups - slack notification; IP + Other Reasons --> Unqualified = yes; Out of Home --> Event = Tech week; Primary Inbound Channel - Contact --> Company; Rho banks nyc - change lead source to marketing; Rho Banks NYC/Hubspot-VC- contact; Signup Conversion Page - New; Signup Conversion Page - OTHER; Signup Re-engagement PUSH to Nurturing flow; SIGNUP SURVEY - Direct traffic -->; Stamp Affiliate Subchannel...,"581069717, 581545485, 581069693, 581069706, 581069714, 466042914, 565273730, 483564947, 583256482, 483575842, 435464576, 585830297, 460380750, 564753271, 573508636, 514549792, 567751822, 504941228, 582998708, 457033617..."
KEY FIELD (HS + SF),33,13,20,True,True,True,leadstatus,Status,enumeration,salesforceinformation,nan,"Contact, Company",True,False,False,False,Unknown user,Inbounddb lists (12); Automation platform flow (23); Report (8); Integration (1); Sales view (194); Data highlights card (1); Properties v3 card (3),55.87%,11/23/25 6:28 PM EST,Salesforce,status,Two way,Contact,^Lead converted to contact - Status = New; Capital = qualified; copy lead status to company; Has been meeting set --> Status back to = Meeting Set; Lead converted to contact - Opp or Customer; Lead/Contact Status to Bounced; Other - Clear Date Lead Came Inbound; Playground signups --> status = new; Pre qual = Unqualified --> Status = Disqualified; Status - attempting to reach; status - contact made; Status --> Lead Status; Status = Meeting Set,"478017128, 466042914, 431530163, 487728784, 478015139, 1623178028, 429534243, 565556096, 571239315, 429460006, 481585940, 565692466, 416527221",^Lead converted to contact - Status = New; Capital = qualified; Clear DQ Reason; Contact made = yes; converted = yes; Converted Leads - Stamp properties again; copy lead status to company; Has been meeting set --> Status back to = Meeting Set; IP + Other Reasons --> Unqualified = yes; Lead converted to contact - Opp or Customer; Meeting Set --> Contact Made = Yes; Meeting Set --> SQL = Yes; Playground signups --> status = new; Set to Disqualified = yes; Signup Re-engagement PUSH to Nurturing flow; Stamp Lead nurturing finished - Other than List filters; Status - attempting to reach; status - contact made; Status --> Lead Status; Status = Meeting Set,"478017128, 466042914, 431378284, 566213962, 419558668, 457130540, 431530163, 487728784, 435464576, 478015139, 483941660, 537218482, 565556096, 461337259, 504941228, 509387141, 429460006, 481585940, 565692466, 416527221"
KEY FIELD (HS + SF),32,20,12,True,True,True,leadsource,Lead Source,enumeration,salesforceinformation,nan,Contact,True,False,False,False,Unknown user,Form (82); Inbounddb lists (4); Automation platform flow (24); Report (36); Integration (1); Sales view (119); Controlling conditional options field (4); Dashboard (1); Properties v3 card (4),93.69%,11/23/25 6:12 PM EST,Workflow,leadsource,Two way,Contact,[Events | DS] Luma - Events Management | SFDC Campaign Assignment; 0.06 Partner Assignment | Form Attribution; Account source from lead; Become a partner form - Owner assignation; Capital = qualified; Converted Leads - Stamp properties again; Facebook Form Signups --> Properties; Linkedin Ad Signup - Stamp properties; Marketing Lead Gen - Downloads --> Lifecycle stage = Marketing Lead; Marketing Lead Gen - Navattic --> Stamp Properties; Other - Clear Date Lead Came Inbound; Partner key --> Lead Source = Partner; partner page utms; Partnerships - Inbound Operations; Rho banks nyc - change lead source to marketing; Set Inbound Type - Bottom Funnel Warm; Set lead source as inbound; Stamp Affiliate Subchannel; Stamp primary Inbound Channel - ORIGINAL; UTM_Source = Capital --> Primary Inbound Channel,"1646770076, 1652383656, 436151889, 1623367486, 466042914, 457130540, 492655402, 477214025, 495403153, 505432158, 429534243, 446002076, 467996015, 600145329, 564753271, 535321510, 431122261, 457033617, 455977533, 465679980",0.03 Primary Inbound Channel | Initial Proxy Association; 0.1.0 Primary Inbound Channel | Level 1-3 Mapping; Account source from lead; Converted Leads - Stamp properties again; IP + Other Reasons --> Unqualified = yes; Lead after Deal - opp/cust = yes; Marketing Lead Gen - Downloads --> Lifecycle stage = Marketing Lead; Partner key --> Lead Source = Partner; Rho banks nyc - change lead source to marketing; Set Inbound Type - Bottom Funnel Warm; Set lead source as inbound; Stamp primary Inbound Channel - ORIGINAL,"1643168061, 1645671171, 436151889, 457130540, 435464576, 465191018, 495403153, 446002076, 564753271, 535321510, 431122261, 455977533"
KEY FIELD (HS + SF),27,5,22,True,True,True,utm_source,utm_source (sfdc),string,lead_ads,Lead Ad Properties,Contact,True,False,False,False,Unknown user,Form (133); Calculated property (6); Inbounddb lists (18); Automation platform flow (26); Report (3); Integration (1); Sales view (136); Properties v3 card (4),5.39%,11/23/25 6:09 PM EST,Forms,utm_source__c,Two way,Contact,0.03 Primary Inbound Channel | Initial Proxy Association; 0.04 L3 / Marketing Attribution | Initial Proxy Association (Phase 1); 0.05 Ad/Emails Touchpoint Influence; Summer of Rho: Referral Program MVP | Viral Loops; UTM's | From Contact to Deal,"1643168061, 1680343919, 1680997978, 1666163048, 610125402",0.03 Primary Inbound Channel | Initial Proxy Association; 0.04 L3 / Marketing Attribution | Initial Proxy Association (Phase 1); 0.05 Ad/Emails Touchpoint Influence; 0.06 Partner Assignment | Form Attribution; Bestmoney - Client Approved; Bestmoney - Closed Lost; Bestmoney - New Lead; Bestmoney - Unverified Platform Access; Bestmoney - Verification pending; Lead After Deal - yes; partner page utms; Set lead source as inbound; Stamp Affiliate Subchannel; Stamp Date Lead Came Inbound; Stamp Marketing Lead Channel; Stamp primary Inbound Channel - LATEST; Stamp primary Inbound Channel - ORIGINAL; Summer of Rho: Referral Program MVP | Viral Loops; Utm_campaign/Drilldown 1; UTM_Source = Capital --> Primary Inbound Channel...,"1643168061, 1680343919, 1680997978, 1652383656, 581069717, 581545485, 581069693, 581069706, 581069714, 432461715, 467996015, 431122261, 457033617, 416407630, 534585231, 567765537, 455977533, 1666163048, 464871489, 465679980..."
KEY FIELD (HS + SF),24,1,23,True,True,True,pipeline,Pipeline,enumeration,deal_activity,The pipeline the deal is in. This determines which stages are options for the deal.,Deal,False,False,False,True,HubSpot,Inbounddb lists (1); Automation platform flow (23); Object score property (3); Report (83); Integration (1); Sales view (60); Association table card (1); Dashboard (3); Properties v3 card (2),100%,11/23/25 6:28 PM EST,Salesforce,recordtypeid,Always use Salesforce,Deal,Deal --> Company - Pipeline,435488180,Deal - Recent Deal Date - For influenced deals; Deal --> Company - Pipeline; Deal Contact Job Title; Deal Stage --> Deal --> Company; Deals - campaign/term drilldowns reconcile; First email date - Company --> Deal; Inbound type - Company --> Deal; Inbound type - Company --> Deal - >1; Lead Nurturing and Influenced Deal signup- Slack notification; Lead Nurturing Path - Company --> Deal; Lifecycle stage = SAL; Marketing Client Approved or Activations - slack notification; Marketing or Partner SQLs - slack notification; Post Intro Call Booked - set as marketing contact; Primary Inbound Channel - Company --> Deal; SelfServe/CS = Yes; Signup Conversion Date - Company --> Deal; Stamp recent deal created date - company; Stamp recent deal created date - company (cloned); Status - attempting to reach...,"478181930, 435488180, 497904006, 415719269, 495339563, 476798874, 516066563, 551253587, 472412313, 508453013, 555253790, 554101105, 483470432, 551846981, 460380164, 590721422, 503443093, 473023613, 477253553, 429460006..."
KEY FIELD (HS + SF),23,1,22,True,True,True,dealstage,Deal Stage,enumeration,deal_activity,The stage of the deal. Deal stages allow you to categorize and track the progress of the deals that you are working on.,Deal,False,False,False,True,HubSpot,Contact scoring ruleset (6); Rollup property (1); Inbounddb lists (26); Automation platform flow (24); Object score property (1); Report (32); Integration (1); Sales view (78); Data highlights card (1); Association table card (1); Dashboard (1); Properties v3 card (2),100%,11/23/25 6:44 PM EST,Salesforce,stagename,Always use Salesforce,Deal,Deal stage --> 'Contact Deal Stage',578880015,0.03 Primary Inbound Channel | Initial Proxy Association; 0.04 L3 / Marketing Attribution | Initial Proxy Association (Phase 1); 0.05 Ad/Emails Touchpoint Influence; 0.07 Strategic Initiatives | Deal Assignment (All Associations); 0.1.0 Primary Inbound Channel | Level 1-3 Mapping; 0.1.1 Submission/Approval Track; 1.1 DS – Pipeline Stage | State Tagging; Client Approved - SMS sequence; Closed Won = No; Closed Won = Yes; Deal - Set to disqualifed = yes; Deal stage --> 'Contact Deal Stage'; Deal Stage --> Deal --> Company; Deal Stage -Deal --> Contact; DS - Leads: Growth Tools (Safe/Invoice) | Funnel Optimization; Lifecycle stage = SAL; Playground signups --> status = new; Restamp Inbound Type - verification pending; Router Status; Set to Disqualified = yes...,"1643168061, 1680343919, 1680997978, 1686474560, 1645671171, 1649020849, 1635901254, 564087636, 476532634, 476369192, 554148731, 578880015, 415719269, 557946446, 1655787627, 555253790, 565556096, 574974994, 565494277, 461337259..."
KEY FIELD (HS + SF),20,3,17,True,True,True,createdate,Create Date,datetime,contactinformation,The date that a contact entered the system,"Contact, Company, Deal",False,True,False,True,HubSpot,Rollup property (25); Inbounddb lists (38); Automation platform flow (11); Report (76); Sales view (130); Dashboard (1); Properties v3 card (3),100%,11/23/25 6:37 PM EST,Integration,createddate,Always use Salesforce,Deal,0.05 Ad/Emails Touchpoint Influence; Company - Create Date --> Company Create Date; Deal - Recent Deal Date - For influenced deals,"1680997978, 432917090, 478181930",[Events | DS] Luma - Events Management | SFDC Campaign Assignment; 0.00 [Batch Update] Quarantine // Churned Marketable Contacts; 0.03 Primary Inbound Channel | Initial Proxy Association; 0.04 L3 / Marketing Attribution | Initial Proxy Association (Phase 1); 0.05 Ad/Emails Touchpoint Influence; 0.1.1 Submission/Approval Track; 0.1.2 Segmentation Tagging | Database Management; 1.0 DS – Pipeline Stage | Marketable Tagging; Company - Create Date --> Company Create Date; Copy ''Inbound Notes'' from Contact to Deal (Influencers); DS - Leads: Growth Tools (Safe/Invoice) | Funnel Optimization; First email date - Company --> Deal; ICP Category --> Company to deal or contact; Latest Disposition - Contact --> Deal; Stamp recent deal created date - company; Stamp recent deal created date - company (cloned); Treasury Yield | Field Update (Cloned on 9/10/2025),"1646770076, 1634220879, 1643168061, 1680343919, 1680997978, 1649020849, 1659624055, 1634483557, 432917090, 1605257488, 1655787627, 476798874, 569169579, 573911659, 473023613, 477253553, 1692937003"
KEY FIELD (HS + SF),20,5,15,True,True,True,inbound_priority_type__cloned_,Inbound Type,enumeration,contactinformation,nan,Contact,True,False,False,False,Reed Marcus,Form (23); Calculated property (1); Inbounddb lists (4); Automation platform flow (21); Report (34); Integration (1); Sales view (133); Dashboard (1); Properties v3 card (2),4.86%,11/23/25 6:11 PM EST,Forms,inbound_type__c,Two way,Contact,Facebook Form Signups --> Properties; Inbound Type = Warm --> Set properties to route; Linkedin Ad Signup - Stamp properties; Restamp Inbound Type - verification pending; Set Inbound Type - Self Serve + Contact Sales,"492655402, 588156696, 477214025, 574974994, 499504417",Bottom Funnel - Seller Notification; Bottom Funnel Warm Leads - Slack Notification; Deal - Unknown Properties --> Stamp properties; Inbound Signups - slack notification; Inbound type - Contact --> Company; Inbound type - Contact --> Company - has a deal; Lead Routed to Owner; Qualified Lead Trigger - Clearbit/HubSpot - Revenue; Restamp Inbound Type - verification pending; Self serve - Inbound Signup Path; SelfServe/CS = Yes; Set Inbound Type - Bottom Funnel Warm; Set Inbound Type - Self Serve + Contact Sales; Signup Buckets - Self-Serve; Stamp bottom funnel date,"535329056, 477310646, 529520486, 483575842, 516064056, 551271228, 568986656, 429638327, 574974994, 417112488, 590721422, 535321510, 499504417, 482504852, 471499380"
KEY FIELD (HS + SF),19,7,12,True,True,True,primary_inbound_channel,Primary_Inbound_Channel,string,lead_ads,Lead Ad Properties,"Contact, Company, Deal",True,False,False,False,Unknown user,Form (28),0.21%,4/29/25 3:06 AM EDT,Forms,primary_inbound_channel__c,Don't sync,"Company, Deal",Deal - Contact PIC was updated - Update on Deal; Deal - Event - PIC is Unknown --> Deal PIC; Deal - Fix Primary Inbound - Naming; Deal - Unknown Properties --> Stamp properties; Deal PIC - startup nyc --> rho banks; Primary Inbound Channel - Company --> Deal; Primary Inbound Channel - Contact --> Company,"585380896, 483564947, 585409209, 529520486, 565518086, 460380164, 460380750",Deal - Event - PIC is Unknown --> Deal PIC; Deal - Fix Primary Inbound - Naming; Deal - Recent Deal Date - For influenced deals; Deal - Unknown Properties --> Stamp properties; Deal PIC - startup nyc --> rho banks; Deals - campaign/term drilldowns reconcile; Inbound Channel Bucket - Deal; Influenced Email Channel; Primary Inbound Channel - Company --> Deal; Primary Inbound Channel - Contact --> Company; rho banks nyc - deal; Rho Banks NYC/Hubspot-VC- contact,"483564947, 585409209, 478181930, 529520486, 565518086, 495339563, 583258402, 472228948, 460380164, 460380750, 573497884, 573508636"
KEY FIELD (HS + SF),19,6,13,True,True,True,utm_campaign,utm_campaign (sfdc),string,lead_ads,Lead Ad Properties,Contact,True,False,False,False,Unknown user,Form (138); Calculated property (4); Inbounddb lists (15); Automation platform flow (18); Report (11); Integration (1); Sales view (134); Properties v3 card (4),5.18%,11/23/25 6:09 PM EST,Forms,utm_campaign__c,Two way,Contact,0.03 Primary Inbound Channel | Initial Proxy Association; 0.04 L3 / Marketing Attribution | Initial Proxy Association (Phase 1); 0.05 Ad/Emails Touchpoint Influence; Summer of Rho: Referral Program MVP | Viral Loops; Utm_campaign/Drilldown 1; UTM's | From Contact to Deal,"1643168061, 1680343919, 1680997978, 1666163048, 464871489, 610125402",0.03 Primary Inbound Channel | Initial Proxy Association; 0.04 L3 / Marketing Attribution | Initial Proxy Association (Phase 1); 0.05 Ad/Emails Touchpoint Influence; 0.06 Partner Assignment | Form Attribution; 0.1.0 Primary Inbound Channel | Level 1-3 Mapping; Become a partner form - Owner assignation; Signup product intent; Stamp Date Lead Came Inbound; Stamp primary Inbound Channel - LATEST; Stamp primary Inbound Channel - ORIGINAL; Summer of Rho: Referral Program MVP | Viral Loops; Utm_campaign/Drilldown 1; UTM's | From Contact to Deal,"1643168061, 1680343919, 1680997978, 1652383656, 1645671171, 1623367486, 465942405, 416407630, 567765537, 455977533, 1666163048, 464871489, 610125402"
KEY FIELD (HS + SF),18,5,13,True,True,True,deal_stage,Deal Stage,string,contactinformation,nan,Contact,True,False,False,False,Reed Marcus,Inbounddb lists (35); Automation platform flow (18); Report (29); Integration (1); Sales view (84); Dashboard (1); Properties v3 card (2),13.59%,11/23/25 6:44 PM EST,Workflow,deal_stage__c,Two way,Contact,Bestmoney - Closed Lost; Bestmoney - New Lead; Deal Stage - Company --> Contact; Deal Stage -Deal --> Contact; Set contact deal stage = unqualified,"581545485, 581069693, 555253071, 557946446, 582860062",[Events | DS] Luma - Events Management | SFDC Campaign Assignment; 0.00 [Batch Update] Quarantine // Churned Marketable Contacts; 0.1.1 Submission/Approval Track; 1.1 DS – Pipeline Stage | State Tagging; 1.2 DS – Pipeline Stage | State Change Tracking [DRAFT]; Bestmoney - Client Approved; Bestmoney - Closed Lost; Bestmoney - New Lead; Bestmoney - Unverified Platform Access; Bestmoney - Verification pending; Closed won = yes; Set contact deal stage = unqualified; Status = Meeting Set,"1646770076, 1634220879, 1649020849, 1635901254, 1634440478, 581069717, 581545485, 581069693, 581069706, 581069714, 419533689, 582860062, 416527221"
KEY FIELD (HS + SF),18,9,9,True,True,True,hubspot_owner_id,Contact owner,enumeration,sales_properties,"The owner of a contact. This can be any HubSpot user or Salesforce integration user, and can be set manually or via Workflows.","Contact, Company, Deal",False,False,False,True,HubSpot,Rollup property (1); Inbounddb lists (10); Automation platform flow (11); Email (4); Report (4); Integration (1); Sales view (201); Dashboard (3); Properties v3 card (4),97.45%,11/23/25 6:54 PM EST,Workflow,ownerid,Two way,"Contact, Company, Deal",[Events | DS] Luma - Events Management | SFDC Campaign Assignment; [Master] Saleforce Inclusion Trigger; *Influencer | MyTechCEO - Assignation; Contact Company Owner --> Company Owner; Copy deal owner to contact owner; Deal -> Contact and Companies - owner; Owner - Reed or Justin --> Marketing pool; Stamp primary Inbound Channel - ORIGINAL; Super Connector - Owner ssignation based on location,"1646770076, 502383418, 1623672664, 589792928, 585622274, 432430489, 565487704, 455977533, 1622962244",[Events | DS] Luma - Events Management | SFDC Campaign Assignment; Bottom Funnel - Seller Notification; Client Approved - SMS sequence; Contact Company Owner --> Company Owner; Copy deal owner to contact owner; Deal -> Contact and Companies - owner; Owner - Reed or Justin --> Marketing pool; Placeholder Meeting Date; Signup Re-engagement PUSH to Nurturing flow,"1646770076, 535329056, 564087636, 589792928, 585622274, 432430489, 565487704, 478213203, 504941228"
KEY FIELD (HS + SF),14,4,10,True,True,True,lead_after_deal,Lead After Deal,enumeration,contactinformation,nan,"Contact, Company, Deal",True,False,False,False,Reed Marcus,Inbounddb lists (3); Automation platform flow (10); Integration (1); Sales view (55); Properties v3 card (1),96.69%,11/23/25 6:11 PM EST,Salesforce,lead_after_deal__c,Two way,Contact,Lead After Deal - Company --> Deal; Lead After Deal - Contact --> Company; Lead after Deal - opp/cust = yes; Lead After Deal - yes,"456245321, 456245319, 465191018, 432461715",Converted Leads - Stamp properties again; Inbound Signups - slack notification; Lead After Deal - Company --> Deal; Lead After Deal - Contact --> Company; Lead after Deal - opp/cust = yes; Proxy DAI --> DAI; Qualified Lead Trigger - Clearbit/HubSpot - Revenue; Set Inbound Type - Self Serve + Contact Sales; Set lead source as inbound; Signup Re-engagement PUSH to Nurturing flow,"457130540, 483575842, 456245321, 456245319, 465191018, 456967082, 429638327, 499504417, 431122261, 504941228"
KEY FIELD (HS + SF),13,6,7,True,True,True,disqualified_,Disqualified?,enumeration,contactinformation,nan,"Contact, Company, Deal",True,False,False,False,Reed Marcus,Inbounddb lists (2); Automation platform flow (7); Report (4); Sales view (88); Dashboard (1); Properties v3 card (1),20.1%,11/23/25 6:45 PM EST,Workflow,disqualified__c,Don't sync,Contact,Deal - Set to disqualifed = yes; disqualified - Company --> Contact; Disqualified - Contact --> Company; Disqualified - Deal --> Company; Pre qual = Unqualified --> Status = Disqualified; Set to Disqualified = yes,"554148731, 558111086, 558120779, 558120196, 571239315, 461337259",disqualified - Company --> Contact; Disqualified - Contact --> Company; Disqualified - Deal --> Company; Inbound Signups - slack notification; non-mql --> MQL - signup bucket; Set to Disqualified = yes; Stamp Lead nurturing finished - Other than List filters,"558111086, 558120779, 558120196, 483575842, 482590519, 461337259, 509387141"
KEY FIELD (HS + SF),13,1,12,True,True,True,first_conversion_event_name,First Conversion,string,contact_activity,First form this contact submitted.,"Contact, Company",False,True,True,True,HubSpot,Inbounddb lists (4); Automation platform flow (13); Integration (1); Sales view (161); Properties v3 card (2),7.32%,11/23/25 6:11 PM EST,HubSpot Calculation,first_conversion_page__c,Two way,Contact,First Conversion Mapping [Reed],431054521,0.04 L3 / Marketing Attribution | Initial Proxy Association (Phase 1); 0.05 Ad/Emails Touchpoint Influence; 0.07 Strategic Initiatives | Deal Assignment (All Associations); 0.1.1 Submission/Approval Track; First Conversion Mapping [Reed]; Mark As Other--> Unqualified = yes; Signup Conversion Page - New; Signup Conversion Page - OTHER; Stamp Lifecycle Stage Text; Stamp Primary Inbound - CONTENT DOWNLOAD; Stamp primary Inbound Channel - LATEST; Stamp primary Inbound Channel - ORIGINAL,"1680343919, 1680997978, 1686474560, 1649020849, 431054521, 427220396, 514549792, 567751822, 570915180, 574119447, 567765537, 455977533"
KEY FIELD (HS + SF),13,0,13,True,True,True,hs_analytics_source,Original Traffic Source,enumeration,analyticsinformation,"First known source the contact used to find your website. Set automatically, but may be updated manually.","Contact, Company, Deal",False,False,False,True,HubSpot,Calculated property (4); Inbounddb lists (5); Automation platform flow (15); Report (12); Sales view (185); Properties v3 card (3),100%,11/23/25 6:37 PM EST,Analytics,original_source__c,Two way,Contact,,,0.03 Primary Inbound Channel | Initial Proxy Association; 0.04 L3 / Marketing Attribution | Initial Proxy Association (Phase 1); 0.05 Ad/Emails Touchpoint Influence; 0.06 Partner Assignment | Form Attribution; 0.1.0 Primary Inbound Channel | Level 1-3 Mapping; Deals - campaign/term drilldowns reconcile; Signup Conversion Page - OTHER; Stamp Affiliate Subchannel; Stamp Marketing Lead Channel; Stamp primary Inbound Channel - LATEST; Stamp primary Inbound Channel - ORIGINAL; Utm_campaign/Drilldown 1; Utm_Term/Drilldown 2,"1643168061, 1680343919, 1680997978, 1652383656, 1645671171, 495339563, 567751822, 457033617, 534585231, 567765537, 455977533, 464871489, 464869955"
KEY FIELD (HS + SF),13,3,10,True,True,True,hs_analytics_source_data_1,Original Traffic Source Drill-Down 1,string,analyticsinformation,Additional information about the source the contact used to find your website. Set automatically.,"Contact, Company, Deal",False,True,False,True,HubSpot,Calculated property (3); Inbounddb lists (4); Automation platform flow (11); Integration (1); Sales view (186); Properties v3 card (2),99.98%,11/23/25 6:37 PM EST,Analytics,original_source_drill_down_1__c,Two way,Contact,Deals - campaign/term drilldowns reconcile; Stamp Affiliate Subchannel; Utm_campaign/Drilldown 1,"495339563, 457033617, 464871489",0.03 Primary Inbound Channel | Initial Proxy Association; 0.04 L3 / Marketing Attribution | Initial Proxy Association (Phase 1); 0.05 Ad/Emails Touchpoint Influence; 0.1.0 Primary Inbound Channel | Level 1-3 Mapping; Deals - campaign/term drilldowns reconcile; Stamp Affiliate Subchannel; Stamp Marketing Lead Channel; Stamp primary Inbound Channel - LATEST; Stamp primary Inbound Channel - ORIGINAL; Utm_campaign/Drilldown 1,"1643168061, 1680343919, 1680997978, 1645671171, 495339563, 457033617, 534585231, 567765537, 455977533, 464871489"
KEY FIELD (HS + SF),13,3,10,True,True,True,sql_date,SQL Date,date,deal_information,nan,"Contact, Company, Deal",True,False,False,False,Reed Marcus,Calculated property (2); Automation platform flow (3); Report (2); Sales view (16); Properties v3 card (1),8.69%,11/23/25 6:44 PM EST,Workflow,sql_date__c,Two way,Deal,Deal --> Contact - SQL; SQL Date - Company --> Contact; SQL Date - Deal --> Company,"554527846, 558064694, 558064691",0.03 Primary Inbound Channel | Initial Proxy Association; 0.05 Ad/Emails Touchpoint Influence; 0.1.0 Primary Inbound Channel | Level 1-3 Mapping; Contact - SQL? = yes; Deal - SQL = Yes; Deal --> Contact - SQL; DS – Application: Abandonment Reengagement | Funnel Optimization; Marketing or Partner SQLs - slack notification; SQL Date - Company --> Contact; SQL Date - Deal --> Company,"1643168061, 1680997978, 1645671171, 570882591, 554228842, 554527846, 1647349648, 483470432, 558064694, 558064691"
KEY FIELD (HS + SF),12,4,8,True,True,True,utm_medium,utm_medium (sfdc),string,lead_ads,Lead Ad Properties,Contact,True,False,False,False,Unknown user,Form (120); Calculated property (2); Inbounddb lists (9); Automation platform flow (12); Report (4); Integration (1); Sales view (118); Properties v3 card (3),5.07%,11/23/25 6:09 PM EST,Forms,utm_medium__c,Two way,Contact,0.03 Primary Inbound Channel | Initial Proxy Association; 0.04 L3 / Marketing Attribution | Initial Proxy Association (Phase 1); 0.05 Ad/Emails Touchpoint Influence; UTM's | From Contact to Deal,"1643168061, 1680343919, 1680997978, 610125402",0.03 Primary Inbound Channel | Initial Proxy Association; 0.04 L3 / Marketing Attribution | Initial Proxy Association (Phase 1); 0.05 Ad/Emails Touchpoint Influence; 0.1.0 Primary Inbound Channel | Level 1-3 Mapping; Stamp Date Lead Came Inbound; Stamp Marketing Lead Channel; Stamp primary Inbound Channel - ORIGINAL; UTM's | From Contact to Deal,"1643168061, 1680343919, 1680997978, 1645671171, 416407630, 534585231, 455977533, 610125402"
KEY FIELD (HS + SF),12,6,6,True,True,True,utm_term,utm_term (sfdc),string,lead_ads,Lead Ad Properties,Contact,True,False,False,False,Unknown user,Form (113); Calculated property (2); Inbounddb lists (7); Automation platform flow (10); Report (16); Integration (1); Sales view (127); Properties v3 card (4),3.5%,11/23/25 2:12 PM EST,Forms,utm_term__c,Two way,Contact,0.03 Primary Inbound Channel | Initial Proxy Association; 0.04 L3 / Marketing Attribution | Initial Proxy Association (Phase 1); 0.05 Ad/Emails Touchpoint Influence; Summer of Rho: Referral Program MVP | Viral Loops; Utm_Term/Drilldown 2; UTM's | From Contact to Deal,"1643168061, 1680343919, 1680997978, 1666163048, 464869955, 610125402",0.03 Primary Inbound Channel | Initial Proxy Association; 0.04 L3 / Marketing Attribution | Initial Proxy Association (Phase 1); 0.05 Ad/Emails Touchpoint Influence; 0.06 Partner Assignment | Form Attribution; Utm_Term/Drilldown 2; UTM's | From Contact to Deal,"1643168061, 1680343919, 1680997978, 1652383656, 464869955, 610125402"
KEY FIELD (HS + SF),11,5,6,True,True,True,inbound_type,Inbound Type,enumeration,conversioninformation,nan,"Company, Deal",True,False,False,False,Reed Marcus,Automation platform flow (4); Report (1); Properties v3 card (2),6.77%,11/23/25 6:29 PM EST,Workflow,inbound_type__c,Two way,Deal,Deal - Unknown Properties --> Stamp properties; Inbound type - Company --> Deal; Inbound type - Company --> Deal - >1; Inbound type - Contact --> Company; Inbound type - Contact --> Company - has a deal,"529520486, 516066563, 551253587, 516064056, 551271228",Deal - Unknown Properties --> Stamp properties; Inbound type - Company --> Deal; Inbound type - Company --> Deal - >1; Inbound type - Contact --> Company; Inbound type - Contact --> Company - has a deal; Upcoming Call - Warm-up Sequence,"529520486, 516066563, 551253587, 516064056, 551271228, 551845166"
KEY FIELD (HS + SF),11,6,5,True,True,True,signup_conversion_page,Signup Conversion Page,enumeration,contactinformation,nan,"Contact, Company, Deal",True,False,False,False,Reed Marcus,Form (62); Automation platform flow (6); Report (5); Integration (1); Sales view (105); Properties v3 card (1),4.8%,11/23/25 6:35 PM EST,Workflow,signup_conversion_page__c,Two way,Contact,Facebook Form Signups --> Properties; Linkedin Ad Signup - Stamp properties; Signup Conversion Date - Company --> Deal; Signup Conversion page - Contact --> Company; Signup Conversion Page - New; Signup Conversion Page - OTHER,"492655402, 477214025, 503443093, 503483801, 514549792, 567751822",Signup Conversion Date - Company --> Deal; Signup Conversion page - Contact --> Company; Signup Conversion Page - New; Signup Conversion Page - OTHER; Signup product intent,"503443093, 503483801, 514549792, 567751822, 465942405"
KEY FIELD (HS + SF),10,1,9,True,True,True,email,Email,string,contactinformation,A contact's email address,Contact,True,False,False,True,HubSpot,Form (257); Inbounddb lists (31); Automation platform flow (15); Email (7); Report (13); Integration (1); Sales view (274); Dashboard (1); Properties v3 card (3),99.47%,11/23/25 6:37 PM EST,Integration,email,Two way,Contact,Inbound Contact Name to Company,472224082,[Events | DS] Luma - Events Management | SFDC Campaign Assignment; [Master] Saleforce Inclusion Trigger; {Draft} DS – ABM: Early Stage (Targeted Comms) | Funnel Optimization; 0.06 Partner Assignment | Form Attribution; DS – Application: Abandonment Reengagement | Funnel Optimization; DS – Customer Onboarding: Founders | Lifecycle Engagement; Mark as gmail; Summer of Rho: Referral Program MVP | Viral Loops; Treasury Yield | Field Update (Cloned on 9/10/2025),"1646770076, 502383418, 1654169864, 1652383656, 1647349648, 1637317728, 440424074, 1666163048, 1692937003"
KEY FIELD (HS + SF),10,1,9,True,True,True,hs_analytics_first_url,First Page Seen,string,analyticsinformation,First page the contact visited on your website. Set automatically.,Contact,False,True,False,True,HubSpot,Calculated property (2); Rollup property (2); Inbounddb lists (15); Automation platform flow (13); Report (16); Integration (1); Sales view (159); Properties v3 card (3),6.32%,11/23/25 6:11 PM EST,Analytics,first_page_seen__c,Two way,Contact,First Page Seen - Contact to Company,531613697,0.03 Primary Inbound Channel | Initial Proxy Association; 0.05 Ad/Emails Touchpoint Influence; First Page Seen - Contact to Company; Rho Banks NYC/Hubspot-VC- contact; Signup Conversion Page - New; Signup Conversion Page - OTHER; Stamp primary Inbound Channel - LATEST; Stamp primary Inbound Channel - ORIGINAL; Summer of Rho: Referral Program MVP | Viral Loops,"1643168061, 1680997978, 531613697, 573508636, 514549792, 567751822, 567765537, 455977533, 1666163048"
KEY FIELD (HS + SF),10,4,6,True,True,True,utm_content,utm_content (sfdc),string,lead_ads,Lead Ad Properties,Contact,True,False,False,False,Unknown user,Form (134); Calculated property (2); Inbounddb lists (3); Automation platform flow (10); Report (4); Integration (1); Sales view (123); Properties v3 card (3),3.8%,11/23/25 2:12 PM EST,Forms,utm_content__c,Two way,Contact,0.03 Primary Inbound Channel | Initial Proxy Association; 0.04 L3 / Marketing Attribution | Initial Proxy Association (Phase 1); 0.05 Ad/Emails Touchpoint Influence; UTM's | From Contact to Deal,"1643168061, 1680343919, 1680997978, 610125402",0.03 Primary Inbound Channel | Initial Proxy Association; 0.04 L3 / Marketing Attribution | Initial Proxy Association (Phase 1); 0.05 Ad/Emails Touchpoint Influence; Facebook Form Signups --> Properties; Signup product intent; UTM's | From Contact to Deal,"1643168061, 1680343919, 1680997978, 492655402, 465942405, 610125402"
KEY FIELD (HS + SF),10,4,6,True,True,True,utm_source__c,utm_source [archive],string,salesforceinformation,nan,"Contact, Company, Deal",True,False,False,False,Unknown user,Sales view (22),3.12%,nan,nan,utm_source__c,Prefer Salesforce unless blank,"Company, Deal",0.03 Primary Inbound Channel | Initial Proxy Association; 0.04 L3 / Marketing Attribution | Initial Proxy Association (Phase 1); 0.05 Ad/Emails Touchpoint Influence; UTM's | From Contact to Deal,"1643168061, 1680343919, 1680997978, 610125402",0.03 Primary Inbound Channel | Initial Proxy Association; 0.04 L3 / Marketing Attribution | Initial Proxy Association (Phase 1); 0.05 Ad/Emails Touchpoint Influence; Deals - campaign/term drilldowns reconcile; Lead After Deal - Company --> Deal; UTM's | From Contact to Deal,"1643168061, 1680343919, 1680997978, 495339563, 456245321, 610125402"
KEY FIELD (HS + SF),9,3,6,True,True,True,event,Event,enumeration,salesforceinformation,nan,Contact,True,False,False,False,Reed Marcus,Rollup property (1); Inbounddb lists (5); Automation platform flow (9); Integration (1); Sales view (31),7.05%,11/22/25 3:54 PM EST,Salesforce,event__c,Two way,Contact,Contact - Deal Event is updated - Update on Contact; Out of Home --> Event = Tech week; Stamp primary Inbound Channel - ORIGINAL,"585236254, 585830297, 455977533",Engage - company name; Event = Tech week --> Set as rho banks nyc and nyrbnyc -; Inbound Channel Bucket - Contacts; Lead Notes --> Call Notes; Rho banks nyc - change lead source to marketing; Set Inbound Type - Bottom Funnel Warm,"586154145, 585586772, 583256482, 585858214, 564753271, 535321510"
KEY FIELD (HS + SF),9,3,6,True,True,True,firstname,First Name,string,contactinformation,A contact's first name,Contact,True,False,False,True,HubSpot,Form (206); Automation platform flow (15); Email (139); Report (6); Integration (1); Sales view (20); Properties v3 card (2),97.68%,11/23/25 6:50 PM EST,Integration,firstname,Prefer Salesforce unless blank,Contact,0.1.2 Segmentation Tagging | Database Management; DS - Leads: Growth Tools (Safe/Invoice) | Funnel Optimization; Inbound Contact Name to Company,"1659624055, 1655787627, 472224082",[Master] Saleforce Inclusion Trigger; 0.1.2 Segmentation Tagging | Database Management; Client Approved - SMS sequence; DS - Leads: Growth Tools (Safe/Invoice) | Funnel Optimization; Qualified Lead Trigger - Sign Up Flow Revenue + Employees; Set Inbound Type - Self Serve + Contact Sales,"502383418, 1659624055, 564087636, 1655787627, 430705693, 499504417"
KEY FIELD (HS + SF),8,2,6,True,True,True,hs_analytics_source_data_2,Original Traffic Source Drill-Down 2,string,analyticsinformation,Additional information about the source the contact used to find your website. Set automatically.,"Contact, Company, Deal",False,True,False,True,HubSpot,Calculated property (3); Inbounddb lists (5); Automation platform flow (9); Report (1); Integration (1); Sales view (181); Properties v3 card (2),97.01%,11/23/25 6:37 PM EST,Analytics,original_source_drill_down_2__c,Two way,Contact,Deals - campaign/term drilldowns reconcile; Utm_Term/Drilldown 2,"495339563, 464869955",0.03 Primary Inbound Channel | Initial Proxy Association; Marketing Lead Gen - Navattic --> Stamp Properties; Stamp primary Inbound Channel - LATEST; Stamp primary Inbound Channel - ORIGINAL; Summer of Rho: Referral Program MVP | Viral Loops; Utm_Term/Drilldown 2,"1643168061, 505432158, 567765537, 455977533, 1666163048, 464869955"
KEY FIELD (HS + SF),8,1,7,True,True,True,pre_qualification_outcome,Pre-qualification Outcome,string,conversioninformation,nan,"Contact, Deal",True,False,False,False,Reed Marcus,Form (1); Inbounddb lists (1); Automation platform flow (7); Report (3); Integration (1); Sales view (45); Properties v3 card (1),3.02%,11/23/25 5:04 PM EST,Forms,pre_qualification_outcome_signup__c; pre_qualification_outcome__c,Two way,Contact,Pre qual outcome - Contact --> Deal,551493468,Bestmoney - Closed Lost; Inbound Signups - slack notification; Playground signups --> status = new; Pre qual = Unqualified --> Status = Disqualified; Pre qual outcome - Contact --> Deal; Set contact deal stage = unqualified; Set Inbound Type - Self Serve + Contact Sales,"581545485, 483575842, 565556096, 571239315, 551493468, 582860062, 499504417"
KEY FIELD (HS + SF),8,2,6,True,True,True,timestamp__account_created,Client Approved Date,date,deal_information,nan,"Contact, Company, Deal",True,False,False,False,Reed Marcus,Inbounddb lists (2); Automation platform flow (1); Report (10); Sales view (8); Dashboard (2); Properties v3 card (1),2.18%,11/23/25 6:44 PM EST,Workflow,application_approved_date__c,Always use Salesforce,Deal,Account Created Date - Deal --> Company; Client Approved Date - Company --> Contact,"557728034, 557715612",0.05 Ad/Emails Touchpoint Influence; Account Created Date - Deal --> Company; CA > 7 Days - deal; Client Approved Date - Company --> Contact; Client Approved? - deal; Marketing Client Approved or Activations - slack notification,"1680997978, 557728034, 566838305, 557715612, 558311214, 554101105"
KEY FIELD (HS + SF),8,5,3,True,True,True,utm_campaign__c,utm_campaign - [archive],string,salesforceinformation,nan,"Contact, Company, Deal",True,False,False,False,Unknown user,Sales view (23),2.99%,nan,nan,utm_campaign__c,Prefer Salesforce unless blank,"Company, Deal",0.03 Primary Inbound Channel | Initial Proxy Association; 0.04 L3 / Marketing Attribution | Initial Proxy Association (Phase 1); 0.05 Ad/Emails Touchpoint Influence; Deals - campaign/term drilldowns reconcile; UTM's | From Contact to Deal,"1643168061, 1680343919, 1680997978, 495339563, 610125402",0.04 L3 / Marketing Attribution | Initial Proxy Association (Phase 1); Deals - campaign/term drilldowns reconcile; UTM's | From Contact to Deal,"1680343919, 495339563, 610125402"
KEY FIELD (HS + SF),7,1,6,True,True,True,company,Company Name,string,contactinformation,Name of the contact's company. This can be set independently from the name property on the contact's associated company.,Contact,True,False,False,True,HubSpot,Form (193); Inbounddb lists (6); Automation platform flow (12); Email (2); Report (10); Integration (1); Sales view (210); Properties v3 card (3),26.28%,11/23/25 6:11 PM EST,Forms,company,Two way,Contact,Engage - company name,586154145,[Events | DS] Luma - Events Management | SFDC Campaign Assignment; [Master] Saleforce Inclusion Trigger; 0.05 Ad/Emails Touchpoint Influence; DS – Application: Abandonment Reengagement | Funnel Optimization; Engage - company name; Mark As Other--> Unqualified = yes,"1646770076, 502383418, 1680997978, 1647349648, 586154145, 427220396"
KEY FIELD (HS + SF),7,2,5,True,True,True,event__c,Event,enumeration,salesforceinformation,nan,Deal,True,False,False,False,Unknown user,Rollup property (1); Inbounddb lists (1); Automation platform flow (6); Report (1); Integration (1); Sales view (22); Properties v3 card (2),9%,11/21/25 2:31 PM EST,Workflow,event__c,Two way,Deal,Deal - Contact Event was updated - Update on Deal; Deal - Event - PIC is Unknown --> Deal PIC,"585380901, 483564947",Deal - Event - PIC is Unknown --> Deal PIC; Inbound Channel Bucket - Deal; Partner key --> Lead Source = Partner; rho banks nyc - deal; Rho Banks NYC/Hubspot-VC- contact,"483564947, 583258402, 446002076, 573497884, 573508636"
KEY FIELD (HS + SF),7,3,4,True,True,True,icp_category,ICP Category [Contact],string,deal_information,nan,"Contact, Company, Deal",True,False,False,False,Reed Marcus,Inbounddb lists (6); Automation platform flow (6); Report (10); Integration (1); Sales view (79); Dashboard (3); Properties v3 card (2),86.48%,11/23/25 6:11 PM EST,Salesforce,icp_category__c,Two way,"Contact, Company, Deal",Facebook Form Signups --> Properties; ICP category - Deal --> Contact; ICP Category --> Company to deal or contact,"492655402, 568330310, 569169579",DS – Customer Onboarding: Founders | Lifecycle Engagement; ICP category - Deal --> Contact; ICP Category --> Company to deal or contact; Marketing Leads --> Stamp Path --> LN status = enrolled,"1637317728, 568330310, 569169579, 502419584"
KEY FIELD (HS + SF),7,4,3,True,True,True,lastname,Last Name,string,contactinformation,A contact's last name,Contact,True,False,False,True,HubSpot,Form (201); Automation platform flow (13); Email (2); Report (4); Integration (1); Sales view (10); Properties v3 card (2),98.07%,11/23/25 6:37 PM EST,Integration,lastname,Two way,Contact,0.1.2 Segmentation Tagging | Database Management; Company Marketing contact; DS - Leads: Growth Tools (Safe/Invoice) | Funnel Optimization; Inbound Contact Name to Company,"1659624055, 476787096, 1655787627, 472224082",[Master] Saleforce Inclusion Trigger; 0.1.2 Segmentation Tagging | Database Management; DS - Leads: Growth Tools (Safe/Invoice) | Funnel Optimization,"502383418, 1659624055, 1655787627"
KEY FIELD (HS + SF),7,2,5,True,True,True,lead_source,Lead Source [Deprecated],string,lead_ads,Lead Ad Properties,"Contact, Company, Deal",True,False,False,False,Unknown user,Form (40); Report (1); Properties v3 card (1),0.22%,11/23/25 10:32 AM EST,Forms,leadsource,Two way,Deal,Bucket = Partner --> Lead Source = Partner; Referrer Account --> Deal Lead source - Partner Inbound,"597765536, 589842757",0.03 Primary Inbound Channel | Initial Proxy Association; 0.04 L3 / Marketing Attribution | Initial Proxy Association (Phase 1); 0.1.0 Primary Inbound Channel | Level 1-3 Mapping; Bucket = Partner --> Lead Source = Partner; Referrer Account --> Deal Lead source - Partner Inbound,"1643168061, 1680343919, 1645671171, 597765536, 589842757"
KEY FIELD (HS + SF),7,0,7,True,True,True,opportunity_created_date,Opportunity Created Date,date,contactinformation,nan,"Contact, Deal",True,False,False,False,Reed Marcus,Sales view (8),0.64%,nan,nan,opportunity_createddate__c,Always use Salesforce,Deal,,,Deal Contact Job Title; Deal Stage --> Deal --> Company; ICP category - Deal --> Contact; ICP Category --> Company to deal or contact; Lead Nurturing and Influenced Deal signup- Slack notification; Router Status; Signup Conversion Date - Company --> Deal,"497904006, 415719269, 568330310, 569169579, 472412313, 565494277, 503443093"
KEY FIELD (HS + SF),7,1,6,True,True,True,opportunity_source,Opportunity Source,string,deal_information,nan,"Contact, Company, Deal",True,False,False,False,Reed Marcus,Form (10); Inbounddb lists (1); Automation platform flow (2); Sales view (25); Properties v3 card (2),8.43%,11/23/25 6:29 PM EST,Workflow,opportunity_source__c,Always use Salesforce,Deal,Opportunity source - Deal --> Contact,597730484,0.04 L3 / Marketing Attribution | Initial Proxy Association (Phase 1); Deal - Unknown Properties --> Stamp properties; Marketing Client Approved or Activations - slack notification; Marketing or Partner SQLs - slack notification; Opportunity source - Deal --> Contact; Stamp primary Inbound Channel - LATEST,"1680343919, 529520486, 554101105, 483470432, 597730484, 567765537"
KEY FIELD (HS + SF),7,2,5,True,True,True,sign_up_flow_estimated_annual_revenue__c,Sign Up Flow Estimated Annual Revenue,enumeration,salesforceinformation,nan,Contact,True,False,False,False,Unknown user,Form (27); Automation platform flow (5); Integration (1); Sales view (92),3.11%,11/23/25 5:50 PM EST,Salesforce,sign_up_flow_estimated_annual_revenue__c,Two way,Contact,Revenue Bucket; sign up flow revenue application --> sign up flow revenue,"436111686, 464982286",Qualified Lead Trigger - Clearbit/HubSpot - Revenue; Qualified Lead Trigger - Sign Up Flow Revenue + Employees; Revenue Bucket; sign up flow revenue application --> sign up flow revenue; Signup product intent,"429638327, 430705693, 436111686, 464982286, 465942405"
KEY FIELD (HS + SF),6,3,3,True,True,True,disqualified_reason__c,Disqualified Reason,enumeration,salesforceinformation,nan,"Contact, Deal",True,False,False,False,Unknown user,Inbounddb lists (3); Automation platform flow (5); Integration (1); Sales view (36); Properties v3 card (2),5.69%,11/21/25 11:08 AM EST,Salesforce,disqualified_reason__c,Two way,"Contact, Deal",Clear DQ Reason; Other - Clear Date Lead Came Inbound; Pre qual = Unqualified --> Status = Disqualified,"431378284, 429534243, 571239315",Capital = qualified; Clear DQ Reason; IP + Other Reasons --> Unqualified = yes,"466042914, 431378284, 435464576"
KEY FIELD (HS + SF),6,3,3,True,True,True,employeescountrange,~Sign Up Flow Employees - Application,enumeration,salesforceinformation,nan,Contact,True,False,False,False,Reed Marcus,Form (19); Inbounddb lists (3); Automation platform flow (4); Email (1); Report (1); Integration (1); Sales view (58); Properties v3 card (2),4.34%,11/23/25 6:11 PM EST,Forms,employees_signup__c,Two way,Contact,Contact --> Company - Rev and employees signup; Contact --> Deal - Sign up flow employees; sign up flow employees application --> sign up flow employees,"472337558, 567291832, 465039797",Contact --> Company - Rev and employees signup; Contact --> Deal - Sign up flow employees; sign up flow employees application --> sign up flow employees,"472337558, 567291832, 465039797"
KEY FIELD (HS + SF),6,2,4,True,True,True,inbound_signup_type,Inbound Signup Path,enumeration,salesforceinformation,nan,Contact,True,False,False,False,Reed Marcus,Form (36); Automation platform flow (4); Integration (1); Sales view (68); Properties v3 card (2),13.9%,11/23/25 6:11 PM EST,Forms,inbound_signup_type__c,Two way,Contact,Inbound Signup Path - Contact --> Company; Self serve - Inbound Signup Path,"466056792, 417112488",Inbound Signup Path - Contact --> Company; Self serve - Inbound Signup Path; Set Inbound Type - Self Serve + Contact Sales; Signup Buckets - Self-Serve,"466056792, 417112488, 499504417, 482504852"
KEY FIELD (HS + SF),6,3,3,True,True,True,industry,Industry - Hubspot,string,contactinformation,The Industry a contact is in,"Contact, Company, Deal",True,False,False,True,HubSpot,Form (18); Inbounddb lists (1); Automation platform flow (3); Integration (1); Sales view (70); Properties v3 card (1),89.82%,11/23/25 6:38 PM EST,Workflow,industry; industry_signup__c,Prefer Salesforce unless blank,"Contact, Company, Deal",Copy company industry to contact; Copy industry app --> Industry; Industry to Hubspot industry,"432441750, 509312823, 501117296",Copy company industry to contact; Industry to Hubspot industry; rho banks nyc - deal,"432441750, 501117296, 573497884"
KEY FIELD (HS + SF),6,2,4,True,True,True,industry_app,~Industry - Application,enumeration,contactinformation,nan,Contact,True,False,False,False,Reed Marcus,Form (1); Automation platform flow (5); Integration (1); Sales view (46); Properties v3 card (2),3.37%,11/23/25 5:38 PM EST,Forms,industry_signup__c,Two way,Contact,~ Source of funds - contact --> Company; Copy industry app --> Industry,"561689637, 509312823",~ Source of funds - contact --> Company; Copy industry app --> Industry; Rho Banks NYC/Hubspot-VC- contact; Salesforce - Hubspot-VC --> Yes,"561689637, 509312823, 573508636, 580011143"
KEY FIELD (HS + SF),6,0,6,True,True,True,recent_conversion_event_name,Recent Conversion,string,conversioninformation,The last form this contact submitted,"Contact, Company",False,True,True,True,HubSpot,Inbounddb lists (3); Automation platform flow (9); Integration (1); Sales view (132); Properties v3 card (1),7.32%,11/23/25 6:11 PM EST,HubSpot Calculation,recent_conversion_page__c,Two way,Contact,,,0.1.1 Submission/Approval Track; Mark As Other--> Unqualified = yes; Marketing Lead Gen - Downloads --> Lifecycle stage = Marketing Lead; Stamp Date Lead Came Inbound; Stamp Marketing Lead Source - Ebooks; Stamp primary Inbound Channel - ORIGINAL,"1649020849, 427220396, 495403153, 416407630, 502379927, 455977533"
KEY FIELD (HS + SF),6,3,3,True,True,True,revenueforecastrange,~Sign Up Flow Estimated Annual Revenue - Application,enumeration,salesforceinformation,nan,Contact,True,False,False,False,Reed Marcus,Form (3); Automation platform flow (4); Email (1); Integration (1); Sales view (48); Properties v3 card (2),4.03%,11/23/25 5:38 PM EST,Forms,estimated_annual_revenues_signup__c,Two way,Contact,Contact --> Company - Rev and employees signup; Revenue Bucket; sign up flow revenue application --> sign up flow revenue,"472337558, 436111686, 464982286",Contact --> Company - Rev and employees signup; Revenue Bucket; sign up flow revenue application --> sign up flow revenue,"472337558, 436111686, 464982286"
KEY FIELD (HS + SF),6,2,4,True,True,True,seamless_revenue__c,Clearbit Revenue,enumeration,salesforceinformation,nan,"Contact, Company",True,False,False,False,Unknown user,Form (1); Automation platform flow (5); Report (6); Integration (1); Sales view (167); Properties v3 card (2),10.46%,11/23/25 5:38 PM EST,Salesforce,seamless_revenue__c,Two way,"Contact, Company",Clearbit Revenue - Contact --> Deal; Revenue Bucket,"558374700, 436111686",Clearbit Revenue - Contact --> Deal; Facebook Form Signups --> Properties; Qualified Lead Trigger - Clearbit/HubSpot - Revenue; Revenue Bucket,"558374700, 492655402, 429638327, 436111686"
KEY FIELD (HS + SF),6,4,2,True,True,True,utm_medium__c,utm_medium [archive],string,salesforceinformation,nan,"Contact, Company, Deal",True,False,False,False,Unknown user,Sales view (21),3%,nan,nan,utm_medium__c,Prefer Salesforce unless blank,"Company, Deal",0.03 Primary Inbound Channel | Initial Proxy Association; 0.04 L3 / Marketing Attribution | Initial Proxy Association (Phase 1); 0.05 Ad/Emails Touchpoint Influence; UTM's | From Contact to Deal,"1643168061, 1680343919, 1680997978, 610125402",0.04 L3 / Marketing Attribution | Initial Proxy Association (Phase 1); UTM's | From Contact to Deal,"1680343919, 610125402"
KEY FIELD (HS + SF),6,5,1,True,True,True,utm_term__c,utm_term - sfdc,string,salesforceinformation,nan,"Contact, Company, Deal",True,False,False,False,Unknown user,Sales view (21),2.5%,nan,nan,utm_term__c,Prefer Salesforce unless blank,"Company, Deal",0.03 Primary Inbound Channel | Initial Proxy Association; 0.04 L3 / Marketing Attribution | Initial Proxy Association (Phase 1); 0.05 Ad/Emails Touchpoint Influence; Deals - campaign/term drilldowns reconcile; UTM's | From Contact to Deal,"1643168061, 1680343919, 1680997978, 495339563, 610125402",UTM's | From Contact to Deal,610125402
KEY FIELD (HS + SF),5,1,4,True,True,True,jobtitle,Job Title,string,contactinformation,A contact's job title,Contact,True,False,False,True,HubSpot,Contact scoring ruleset (1); Form (150); Inbounddb lists (3); Automation platform flow (6); Report (8); Integration (1); Sales view (136); Properties v3 card (2),84.27%,11/23/25 4:39 PM EST,Forms,title,Two way,Contact,Copy which best describes you --> Job title,588156599,{Draft} DS – ABM: Early Stage (Targeted Comms) | Funnel Optimization; Copy which best describes you --> Job title; Deal Contact Job Title; Facebook Form Signups --> Properties,"1654169864, 588156599, 497904006, 492655402"
KEY FIELD (HS + SF),5,2,3,True,True,True,lead_nurturing_bottom_enroll_date,LN Bottom Funnel date,date,contactinformation,nan,Contact,True,False,False,False,Reed Marcus,Calculated property (1); Automation platform flow (4); Report (2); Integration (1); Sales view (18); Properties v3 card (1),0.14%,10/29/25 9:25 PM EDT,Salesforce,bottom_funnel_date__c,Two way,Contact,Copy Bottom Funnel Warm date to Deal; Stamp bottom funnel date,"540077349, 471499380",Bottom Funnel Warm Leads - Slack Notification; Copy Bottom Funnel Warm date to Deal; Stamp bottom funnel date,"477310646, 540077349, 471499380"
KEY FIELD (HS + SF),5,3,2,True,True,True,referrer___a,Partner Referrer - Account,enumeration,contactinformation,nan,Contact,True,False,False,False,Reed Marcus,Form (23); Inbounddb lists (6); Automation platform flow (4); Integration (1); Sales view (15); Properties v3 card (2),2.22%,11/23/25 5:40 PM EST,Salesforce,referrer_account__c; referrer_lookup__c,Two way,Contact,0.06 Partner Assignment | Form Attribution; Partnerships - Inbound Operations; Stamp primary Inbound Channel - ORIGINAL,"1652383656, 600145329, 455977533",0.06 Partner Assignment | Form Attribution; DS – Customer Onboarding: Founders | Lifecycle Engagement,"1652383656, 1637317728"
KEY FIELD (HS + SF),5,1,4,True,True,True,source_of_funds,~ Source of Funds,string,conversioninformation,nan,"Contact, Company, Deal",True,False,False,False,Reed Marcus,Form (1); Automation platform flow (4); Report (5); Integration (1); Sales view (57); Properties v3 card (2),3.32%,11/23/25 5:38 PM EST,Forms,source_of_funds_signup__c,Two way,"Contact, Deal",~ Source of funds - contact --> Company,561689637,~ Source of funds - contact --> Company; rho banks nyc - deal; Rho Banks NYC/Hubspot-VC- contact; Salesforce - Hubspot-VC --> Yes,"561689637, 573497884, 573508636, 580011143"
KEY FIELD (HS + SF),5,1,4,True,True,True,timestamp_account_activated__c,Activated Date [S4],date,salesforceinformation,nan,Deal,True,False,False,False,Unknown user,Contact scoring ruleset (1); Inbounddb lists (5); Automation platform flow (4); Report (29); Integration (1); Sales view (18); Properties v3 card (3),13.01%,11/23/25 3:43 PM EST,Salesforce,activated_date__c,Always use Salesforce,Deal,Account Activated - Deal --> Company,557685650,0.05 Ad/Emails Touchpoint Influence; Account Activated - Deal --> Company; DS – Customer Onboarding: Founders | Lifecycle Engagement; Marketing Client Approved or Activations - slack notification,"1680997978, 557685650, 1637317728, 554101105"
KEY FIELD (HS + SF),5,3,2,True,True,True,timestamp_attempting_to_reach,Timestamp: Attempting to Reach,datetime,salesforceinformation,nan,Contact,True,False,False,False,Reed Marcus,Calculated property (1); Automation platform flow (3); Integration (1); Sales view (2); Properties v3 card (1),3.39%,11/23/25 4:43 PM EST,Workflow,timestamp_attempting_to_reach__c,Always use Salesforce,Contact,Has been meeting set --> Status back to = Meeting Set; status - contact made; Status = Meeting Set,"487728784, 481585940, 416527221",Has been meeting set --> Status back to = Meeting Set; Status = Meeting Set,"487728784, 416527221"
KEY FIELD (HS + SF),5,2,3,True,True,True,unqualified_,Unqualified?,enumeration,contactinformation,nan,Contact,True,False,False,False,Reed Marcus,Inbounddb lists (2); Automation platform flow (5); Sales view (55); Properties v3 card (1),16.12%,11/21/25 10:57 AM EST,Workflow,unqualified__c,Don't sync,Contact,IP + Other Reasons --> Unqualified = yes; Mark As Other--> Unqualified = yes,"435464576, 427220396",non-mql --> MQL - signup bucket; Pre qual = Unqualified --> Status = Disqualified; Unqualified = Yes --> DQ status,"482590519, 571239315, 536059943"
KEY FIELD (HS + SF),5,4,1,True,True,True,utm_content__c,utm_content [archive],string,salesforceinformation,nan,"Contact, Company, Deal",True,False,False,False,Unknown user,Sales view (21),2.59%,nan,nan,utm_content__c,Prefer Salesforce unless blank,"Company, Deal",0.03 Primary Inbound Channel | Initial Proxy Association; 0.04 L3 / Marketing Attribution | Initial Proxy Association (Phase 1); 0.05 Ad/Emails Touchpoint Influence; UTM's | From Contact to Deal,"1643168061, 1680343919, 1680997978, 610125402",UTM's | From Contact to Deal,610125402
KEY FIELD (HS + SF),4,2,2,True,True,True,annualrevenue,Annual Revenue,string,contactinformation,Annual company revenue,"Contact, Company",True,False,False,True,HubSpot,Form (1); Automation platform flow (1); Integration (1); Sales view (11); Properties v3 card (1),31.31%,11/23/25 7:45 AM EST,Workflow,annualrevenue,Two way,"Contact, Company",Annual Rev - Company --> Contact; copy revenue to contact,"477347423, 431077556",Annual Rev - Company --> Contact; copy revenue to contact,"477347423, 431077556"
KEY FIELD (HS + SF),4,1,3,True,True,True,company_size,Company size - LN/FB,string,facebook_ads_properties,Contact's company size. Required for the Facebook Ads Integration. Automatically synced from the Lead Ads tool.,"Contact, Deal",True,False,False,True,HubSpot,Form (68); Inbounddb lists (2); Automation platform flow (3); Report (10); Integration (1); Sales view (87); Properties v3 card (1),67.62%,11/23/25 6:38 PM EST,Integration,company_size_linkedin__c,Two way,Contact,Company Size - Contact --> Deal,568310826,Company Size - Contact --> Deal; Facebook Form Signups --> Properties; Qualified Lead Trigger - Clearbit/HubSpot - Revenue,"568310826, 492655402, 429638327"
KEY FIELD (HS + SF),4,1,3,True,True,True,compliance_denial_reason,Compliance Denial Reason,string,contactinformation,nan,"Contact, Deal",True,False,False,False,Reed Marcus,Automation platform flow (3); Report (27); Sales view (12); Dashboard (1),1.39%,11/23/25 6:44 PM EST,Workflow,compliance_denial_reason__c,Always use Salesforce,Deal,Compliance Denial Reason - Deal --> Contact,573508638,Bestmoney - Closed Lost; Compliance Denial Reason - Deal --> Contact; Fraud = Yes,"581545485, 573508638, 588150144"
KEY FIELD (HS + SF),4,2,2,True,True,True,credit_application_status__c,Credit Application Status,enumeration,salesforceinformation,nan,Company,True,False,False,False,Unknown user,Automation platform flow (2); Integration (1),0.49%,11/21/25 4:53 PM EST,Salesforce,credit_application_status__c,Prefer Salesforce unless blank,Company,Credit App Status - Company --> contact; Credit App Status - Company --> Deal,"575011141, 573904764",Credit App Status - Company --> contact; Credit App Status - Company --> Deal,"575011141, 573904764"
KEY FIELD (HS + SF),4,1,3,True,True,True,dealname,Deal Name,string,dealinformation,The name given to this deal.,Deal,False,False,False,True,HubSpot,Inbounddb lists (1); Automation platform flow (4); Report (2); Integration (1); Sales view (83),97.13%,11/23/25 6:28 PM EST,Salesforce,name,Two way,Deal,Deal --> Company - deal name,436334991,0.04 L3 / Marketing Attribution | Initial Proxy Association (Phase 1); Deal --> Company - deal name; segment - Company --> Deal,"1680343919, 436334991, 554344979"
KEY FIELD (HS + SF),4,1,3,True,True,True,form_submission_date__c,Lead Created Date,date,salesforceinformation,nan,Contact,True,False,False,False,Unknown user,Automation platform flow (3); Integration (1); Sales view (38); Properties v3 card (1),65.25%,11/23/25 6:16 PM EST,Workflow,form_submission_date__c,Two way,Contact,Stamp Lead created date for contact,432905602,Lead After Deal - yes; Partner key --> Lead Source = Partner; Stamp Lead created date for contact,"432461715, 446002076, 432905602"
KEY FIELD (HS + SF),4,1,3,True,True,True,hubspotscore,HubSpot Score,number,sales_properties,The number that shows qualification of contacts to sales readiness. It can be set in HubSpot's Lead Scoring app.,Contact,False,True,False,True,HubSpot,Automation platform flow (3); Report (3); Integration (1); Sales view (36); Data highlights card (1); Properties v3 card (2),96.27%,10/6/25 11:48 AM EDT,Migration,hubspotscore__c,Two way,Contact,Hubspot Score Text,472230188,Hubspot Score Text; Middle - warm; Set Funnel Stage,"472230188, 531539364, 460386352"
KEY FIELD (HS + SF),4,1,3,True,True,True,inbound_channel_bucket,Inbound Channel Bucket,string,lead_ads,Lead Ad Properties,"Contact, Deal",True,False,False,False,Unknown user,Form (8); Sales view (3); Properties v3 card (1),0.01%,4/29/25 3:06 AM EDT,Forms,inbound_channel_bucket__c,Two way,Deal,Inbound Channel Bucket - Deal,583258402,Bucket = Partner --> Lead Source = Partner; rho banks nyc - deal; Rho Banks NYC/Hubspot-VC- contact,"597765536, 573497884, 573508636"
KEY FIELD (HS + SF),4,2,2,True,True,True,inbound_signup_path,Inbound Signup Path,enumeration,companyinformation,nan,"Company, Deal",True,False,False,False,Reed Marcus,Automation platform flow (2); Sales view (2); Properties v3 card (2),14.33%,11/23/25 6:29 PM EST,Workflow,inbound_signup_path__c,Two way,Deal,Inbound Signup Path - Company --> Deal; Inbound Signup Path - Contact --> Company,"465996291, 466056792",Inbound Signup Path - Company --> Deal; Inbound Signup Path - Contact --> Company,"465996291, 466056792"
KEY FIELD (HS + SF),4,1,3,True,True,True,marketing_lead_channel,Marketing Lead Channel,enumeration,contactinformation,nan,Contact,True,False,False,False,Reed Marcus,Contact scoring ruleset (1); Automation platform flow (4); Report (8); Integration (1); Sales view (15); Dashboard (1); Properties v3 card (2),0.54%,11/20/25 1:07 PM EST,Salesforce,marketing_lead_channel__c,Two way,Contact,Stamp Marketing Lead Channel,534585231,Inbound Channel Bucket - Contacts; Inbound Channel Bucket - Deal; Stamp Marketing Lead Channel,"583256482, 583258402, 534585231"
KEY FIELD (HS + SF),4,1,3,True,True,True,outreach_stage__c,Outreach Stage,enumeration,salesforceinformation,nan,Contact,True,False,False,False,Unknown user,Inbounddb lists (1); Automation platform flow (4); Integration (1); Sales view (61),29.86%,11/22/25 5:12 AM EST,Salesforce,outreach_stage__c,Two way,Contact,Stamp Outreach stage at lead nurturing start,478213299,Meeting Set --> Contact Made = Yes; Stamp Lead nurturing finished - Other than List filters; Status - attempting to reach,"483941660, 509387141, 429460006"
KEY FIELD (HS + SF),4,1,3,True,True,True,sal_date__c,SAL Date,date,salesforceinformation,nan,Deal,True,False,False,False,Unknown user,Automation platform flow (3); Integration (1); Sales view (3),43.37%,11/23/25 6:44 PM EST,Salesforce,sal_date__c,Prefer Salesforce unless blank,Deal,SAL Date - Deal --> Company,570909262,Deal - SAL = yes; Lifecycle stage = SAL; SAL Date - Deal --> Company,"554266371, 555253790, 570909262"
KEY FIELD (HS + SF),4,2,2,True,True,True,sector__c,Sector,enumeration,salesforceinformation,nan,Company,True,False,False,False,Unknown user,Inbounddb lists (26); Automation platform flow (2); Report (1); Integration (1); Sales view (1); Properties v3 card (1),69.48%,11/23/25 8:54 AM EST,Salesforce,sector__c,Prefer Salesforce unless blank,Company,Copy company sector to contact; Sector - Company --> Deal,"436197894, 483565090",Copy company sector to contact; Sector - Company --> Deal,"436197894, 483565090"
KEY FIELD (HS + SF),4,1,3,True,True,True,state,State/Region,string,contactinformation,"The contact's state of residence. This might be set via import, form, or integration.","Contact, Company",True,False,False,True,HubSpot,Form (5); Inbounddb lists (2); Automation platform flow (1); Integration (1); Sales view (16),74.13%,11/23/25 5:04 PM EST,Forms,mailingstate,Prefer Salesforce unless blank,Contact,copy city and state from company to contact (cloned),573652293,copy city and state from company to contact (cloned); NY RBNYC - Company --> Contact + Deal; NY RBNYC - contact --> Company and Deal,"573652293, 573638972, 573652335"
KEY FIELD (HS + SF),4,1,3,True,True,True,upcoming_call_date__c,Upcoming Call Date,date,salesforceinformation,nan,Deal,True,False,False,False,Unknown user,Automation platform flow (3); Email (3); Integration (1); Sales view (30); Properties v3 card (1),6.76%,10/15/25 3:01 PM EDT,Salesforce,upcoming_call_date__c,Prefer Salesforce unless blank,Deal,Upcoming Call Date - Deal --> Contact,537915458,Post Intro Call Booked - set as marketing contact; Upcoming Call - Warm-up Sequence; Upcoming Call Date - Deal --> Contact,"551846981, 551845166, 537915458"
KEY FIELD (HS + SF),3,2,1,True,True,True,account_tag__c,Account Tag,string,salesforceinformation,nan,Company,True,False,False,False,Unknown user,Automation platform flow (2); Integration (1); Sales view (5),10.01%,11/22/25 5:20 PM EST,Salesforce,account_tag__c,Two way,Company,Account Tag - company --> Contact; RB2B - stamp properties,"589837437, 581828486",Account Tag - company --> Contact,589837437
KEY FIELD (HS + SF),3,2,1,True,True,True,closedate,Close Date,datetime,deal_information,Date the  contact  became  a  customer. Set automatically when a deal or opportunity is marked as closed-won. It can also be set manually or programmatically.,"Contact, Company, Deal",False,False,False,True,HubSpot,nan,4.21%,11/23/25 3:43 PM EST,Salesforce,closedate,Two way,Deal,Company --> Contact - close date; Deal --> Company - Close Date (cloned),"432447543, 432462168",Deal --> Company - Close Date (cloned),432462168
KEY FIELD (HS + SF),3,1,2,True,True,True,gross_profit___mtd,Gross Profit - MTD,number,salesforceinformation,nan,"Company, Deal",True,False,False,False,Reed Marcus,Calculated property (1); Inbounddb lists (1); Automation platform flow (2); Integration (1); Sales view (3); Properties v3 card (1),5.07%,11/23/25 3:14 PM EST,Salesforce,gross_profit_month_to_date__c,Always use Salesforce,Company,Gross Profit - MTD - Company --> Deal,575597968,Estimated 12 mo GP (mtd) - Company --> Deal/Contact; Gross Profit - MTD - Company --> Deal,"561685164, 575597968"
KEY FIELD (HS + SF),3,1,2,True,True,True,how_did_you_first_hear_about_rho,How did you first hear about Rho?,string,contactinformation,nan,Contact,True,False,False,False,Reed Marcus,Form (1); Rollup property (1); Automation platform flow (3); Report (22); Integration (1); Sales view (25),2.24%,11/23/25 6:11 PM EST,Workflow,hdyhau_other__c,Two way,Contact,How did you hear about us - dropdown --> How did you hear about us,585889384,0.03 Primary Inbound Channel | Initial Proxy Association; SIGNUP SURVEY - Direct traffic -->,"1643168061, 582998708"
KEY FIELD (HS + SF),3,3,0,True,True,True,hubspot_vc,Hubspot-VC,enumeration,contactinformation,nan,"Contact, Company",True,False,False,False,Reed Marcus,Inbounddb lists (2); Automation platform flow (3); Integration (1); Sales view (3),1.09%,11/23/25 5:38 PM EST,Workflow,hubspot_vc__c,Two way,Contact,Inbound Type = Warm --> Set properties to route; Rho Banks NYC/Hubspot-VC- contact; Salesforce - Hubspot-VC --> Yes,"588156696, 573508636, 580011143",,
KEY FIELD (HS + SF),3,1,2,True,True,True,numberofemployees,Employees,number,salesforceinformation,nan,"Contact, Company",True,False,False,False,Unknown user,Inbounddb lists (2); Automation platform flow (1); Sales view (13); Properties v3 card (1),6.2%,4/14/25 3:21 PM EDT,Salesforce,numberofemployees,Don't sync,"Contact, Company",# of Employee properties - Company to Deal,568330583,# of Employee properties - Company to Deal; Qualified Lead Trigger - Sign Up Flow Revenue + Employees,"568330583, 430705693"
KEY FIELD (HS + SF),3,3,0,True,True,True,pic_l3_source_deal_data_string,"PIC [L3, 0.2: Source] | Deal - (Data String)",string,dealinformation,nan,Deal,False,False,False,False,Christopher Cooper,Automation platform flow (3); Report (1); Integration (1); Sales view (11); Properties v3 card (3),97.14%,11/23/25 6:34 PM EST,Workflow,hubspot_l3__c,Two way,Deal,0.03 Primary Inbound Channel | Initial Proxy Association; 0.04 L3 / Marketing Attribution | Initial Proxy Association (Phase 1); 0.1.0 Primary Inbound Channel | Level 1-3 Mapping,"1643168061, 1680343919, 1645671171",,
KEY FIELD (HS + SF),3,1,2,True,True,True,referrer___account,Old - ref,string,salesforceinformation,nan,"Contact, Company, Deal",True,False,False,False,Reed Marcus,Sales view (2),0.56%,10/7/25 10:01 AM EDT,Import,referrer_new__c,Two way,Deal,Stamp primary Inbound Channel - ORIGINAL,455977533,0.07 Strategic Initiatives | Deal Assignment (All Associations); Referrer Account --> Deal Lead source - Partner Inbound,"1686474560, 589842757"
KEY FIELD (HS + SF),3,0,3,True,True,True,salesforcelastsynctime,Last Salesforce Sync Time,datetime,salesforceinformation,nan,"Contact, Company, Deal",False,True,False,True,HubSpot,Inbounddb lists (3); Automation platform flow (3); Report (2); Integration (1); Sales view (51); Properties v3 card (2),97.17%,11/23/25 6:58 PM EST,Salesforce,last_hubspot_sync_date__c,Two way,"Contact, Company",,,[Master] Saleforce Inclusion Trigger; 0.07 Strategic Initiatives | Deal Assignment (All Associations); Treasury Yield | Field Update (Cloned on 9/10/2025),"502383418, 1686474560, 1692937003"
KEY FIELD (HS + SF),3,1,2,True,True,True,sign_up_flow_employees__c,Sign Up Flow Employees,enumeration,salesforceinformation,nan,Contact,True,False,False,False,Unknown user,Form (20); Inbounddb lists (3); Automation platform flow (2); Integration (1); Sales view (100),3.26%,11/23/25 6:28 PM EST,Salesforce,sign_up_flow_employees__c,Two way,Contact,sign up flow employees application --> sign up flow employees,465039797,Qualified Lead Trigger - Sign Up Flow Revenue + Employees; sign up flow employees application --> sign up flow employees,"430705693, 465039797"
KEY FIELD (HS + SF),3,1,2,True,True,True,type,Type,enumeration,companyinformation,"The optional classification of this company record - prospect, partner, etc. ",Company,True,False,False,True,HubSpot,Inbounddb lists (6); Automation platform flow (2); Integration (1); Sales view (4); Properties v3 card (2),91.04%,11/23/25 6:28 PM EST,Salesforce,type,Two way,Company,Company --> Contact - company type,432893048,Company --> Contact - company type; Set lifecycle stage as partner,"432893048, 585837121"
KEY FIELD (HS + SF),2,1,1,True,True,True,account_source,account source,string,contactinformation,nan,"Contact, Deal",True,False,False,False,Reed Marcus,Automation platform flow (2); Sales view (11),70.69%,11/23/25 6:28 PM EST,Workflow,account_source__c,Always use Salesforce,Deal,copy account source to contact,430169948,Account source from lead,436151889
KEY FIELD (HS + SF),2,1,1,True,True,True,accountsource,account source,string,companyinformation,nan,Company,True,False,False,False,Reed Marcus,Automation platform flow (2); Integration (1); Sales view (4); Properties v3 card (2),84.72%,11/23/25 6:44 PM EST,Salesforce,accountsource,Two way,Company,copy account source to contact,430169948,copy account source to contact,430169948
KEY FIELD (HS + SF),2,1,1,True,True,True,apollo_tag,Tag,string,salesforceinformation,nan,Contact,True,False,False,False,Reed Marcus,Inbounddb lists (1); Automation platform flow (2); Integration (1); Sales view (8); Properties v3 card (1),28.47%,11/21/25 10:44 AM EST,Salesforce,seamless_lists__c; tag__c,Two way,Contact,RB2B - stamp properties,581828486,Owner - Reed or Justin --> Marketing pool,565487704
KEY FIELD (HS + SF),2,1,1,True,True,True,application_status___deal,Application Status - Deal,string,contactinformation,nan,"Contact, Company, Deal",True,False,False,False,Reed Marcus,Form (1); Automation platform flow (1); Sales view (4),3.11%,11/23/25 5:50 PM EST,Workflow,application_status_signup__c,Always use Salesforce,Deal,Application Status - Deal - Deal --> Company + Contact,536063834,Application Status - Deal - Deal --> Company + Contact,536063834
KEY FIELD (HS + SF),2,0,2,True,True,True,application_submitted_date,Application Submitted Date [S2],date,contactinformation,nan,"Contact, Deal",False,True,True,False,Reed Marcus,Report (14); Sales view (5); Dashboard (2),2.33%,11/23/25 6:44 PM EST,HubSpot Calculation,application_submitted_date__c,Always use Salesforce,Deal,,,0.05 Ad/Emails Touchpoint Influence; SelfServe/CS = Yes,"1680997978, 590721422"
KEY FIELD (HS + SF),2,1,1,True,True,True,average_monthly_balance,Average Monthly Balance,number,salesforceinformation,nan,"Company, Deal",True,False,False,False,Reed Marcus,Automation platform flow (1); Report (1); Integration (1); Sales view (1); Properties v3 card (1),89.62%,11/23/25 6:28 PM EST,Salesforce,average_monthly_balance__c,Always use Salesforce,Company,Average Monthly Bank Balance - Company --> Deal,574991497,Average Monthly Bank Balance - Company --> Deal,574991497
KEY FIELD (HS + SF),2,1,1,True,True,True,bank_balance___current,Checking Deposit Balance - Current,number,salesforceinformation,nan,"Company, Deal",True,False,False,False,Reed Marcus,Automation platform flow (1); Report (1); Integration (1); Sales view (4); Properties v3 card (1),5.07%,11/23/25 3:14 PM EST,Salesforce,checking_deposit_balance_current__c,Always use Salesforce,Company,Current Bank Balance - Company --> Deal,571511826,Current Bank Balance - Company --> Deal,571511826
KEY FIELD (HS + SF),2,1,1,True,True,True,checking_deposit_balance___2_months_ago,Checking Deposit Balance - 2 Months ago,number,salesforceinformation,nan,"Company, Deal",True,False,False,False,Reed Marcus,Automation platform flow (1); Report (1); Integration (1); Sales view (3); Properties v3 card (1),5.07%,11/23/25 3:14 PM EST,Salesforce,checking_deposit_balance_2_months_ago__c,Always use Salesforce,Company,Bank Balance - 2 months ago - Company --> Deal,575598511,Bank Balance - 2 months ago - Company --> Deal,575598511
KEY FIELD (HS + SF),2,1,1,True,True,True,checking_deposit_balance___last_month,Checking Deposit Balance - Last Month,number,salesforceinformation,nan,"Company, Deal",True,False,False,False,Reed Marcus,Automation platform flow (1); Report (1); Integration (1); Sales view (3); Properties v3 card (1),5.07%,11/23/25 3:14 PM EST,Salesforce,checking_deposit_balance_last_month__c,Always use Salesforce,Company,Bank Balance - last month - Company --> Deal,575598505,Bank Balance - last month - Company --> Deal,575598505
KEY FIELD (HS + SF),2,1,1,True,True,True,city,City,string,contactinformation,A contact's city of residence,"Contact, Company",True,False,False,True,HubSpot,Form (7); Inbounddb lists (5); Integration (1); Sales view (10),73.01%,11/23/25 5:04 PM EST,Forms,city; mailingcity,Two way,Contact,copy city and state from company to contact (cloned),573652293,copy city and state from company to contact (cloned),573652293
KEY FIELD (HS + SF),2,1,1,True,True,True,compliance_dri,Compliance DRI,string,contactinformation,nan,"Contact, Deal",True,False,False,False,Reed Marcus,Automation platform flow (1); Sales view (1),5.32%,11/23/25 6:29 PM EST,Workflow,compliance_dri__c,Always use Salesforce,Deal,Compliance DRI - Deal --> Contact,590939718,Compliance DRI - Deal --> Contact,590939718
KEY FIELD (HS + SF),2,2,0,True,True,True,consent_communications__c,Consent to marketing communications,enumeration,salesforceinformation,nan,Contact,True,False,False,False,Unknown user,Inbounddb lists (1); Automation platform flow (2); Integration (1),97.2%,11/23/25 6:11 PM EST,Salesforce,consent_communications__c,Two way,Contact,[Events | DS] Luma - Events Management | SFDC Campaign Assignment; 1.1 DS – Pipeline Stage | State Tagging,"1646770076, 1635901254",,
KEY FIELD (HS + SF),2,1,1,True,True,True,created_at_date__c,Created at Date,date,salesforceinformation,nan,Company,True,False,False,False,Unknown user,Automation platform flow (1); Integration (1); Sales view (3); Properties v3 card (2),2.04%,11/23/25 6:44 PM EST,Salesforce,created_at_date__c,Prefer Salesforce unless blank,Company,Copy company create date to contact,432420986,Copy company create date to contact,432420986
KEY FIELD (HS + SF),2,1,1,True,True,True,credit_application_date__c,Credit Application Date,date,salesforceinformation,nan,Company,True,False,False,False,Unknown user,Automation platform flow (1); Integration (1),0.51%,11/21/25 4:53 PM EST,Salesforce,credit_application_date__c,Prefer Salesforce unless blank,Company,Application Completed Date - Company --> Deal,463000887,Application Completed Date - Company --> Deal,463000887
KEY FIELD (HS + SF),2,1,1,True,True,True,demand_gen_bucket,Inbound Channel Bucket,enumeration,contactinformation,nan,Contact,True,False,False,False,Reed Marcus,Form (11); Rollup property (1); Inbounddb lists (1); Automation platform flow (2); Report (16); Integration (1); Sales view (10); Dashboard (2); Properties v3 card (1),7.29%,11/23/25 6:14 PM EST,Workflow,inbound_channel_bucket__c,Two way,Contact,Inbound Channel Bucket - Contacts,583256482,Rho Banks NYC/Hubspot-VC- contact,573508636
KEY FIELD (HS + SF),2,1,1,True,True,True,dropdown___how_did_you_first_hear_about_rho_,Dropdown - How did you first hear about Rho?,enumeration,contactinformation,nan,Contact,True,False,False,False,Reed Marcus,Form (5); Automation platform flow (1); Integration (1); Sales view (10),0.31%,11/23/25 6:11 PM EST,Forms,how_did_you_hear_about_us__c,Prefer Salesforce unless blank,Contact,How did you hear about us - dropdown --> How did you hear about us,585889384,How did you hear about us - dropdown --> How did you hear about us,585889384
KEY FIELD (HS + SF),2,1,1,True,True,True,gross_profit___2_months_ago,Gross Profit - 2 months ago,number,salesforceinformation,nan,"Company, Deal",True,False,False,False,Reed Marcus,Automation platform flow (1); Integration (1); Sales view (2); Properties v3 card (1),5.07%,11/23/25 3:14 PM EST,Salesforce,gross_profit_2_months_ago__c,Always use Salesforce,Company,Gross Profit - 2 months ago - Company --> Deal,573093957,Gross Profit - 2 months ago - Company --> Deal,573093957
KEY FIELD (HS + SF),2,1,1,True,True,True,gross_profit___3_months_ago,Gross Profit - 3 months ago,number,salesforceinformation,nan,"Company, Deal",True,False,False,False,Reed Marcus,Automation platform flow (1); Integration (1); Sales view (2); Properties v3 card (1),5.07%,11/23/25 3:14 PM EST,Salesforce,gross_profit_3_months_ago__c,Always use Salesforce,Company,Gross Profit - 3 months ago - Company --> Deal,575593337,Gross Profit - 3 months ago - Company --> Deal,575593337
KEY FIELD (HS + SF),2,1,1,True,True,True,gross_profit___all_time,Gross Profit - All Time,number,salesforceinformation,nan,"Company, Deal",True,False,False,False,Reed Marcus,Calculated property (1); Automation platform flow (1); Report (1); Integration (1); Sales view (5); Properties v3 card (1),5.07%,11/23/25 3:14 PM EST,Salesforce,gross_profit_all_time__c,Always use Salesforce,Company,Gross Profit All time - Company --> Deal,564155229,Gross Profit All time - Company --> Deal,564155229
KEY FIELD (HS + SF),2,1,1,True,True,True,gross_profit___last_month,Gross Profit - Last Month ,number,contactinformation,nan,"Contact, Company, Deal",False,True,True,False,Reed Marcus,Sales view (1); Properties v3 card (1),3.38%,11/23/25 3:14 PM EST,HubSpot Calculation,gross_profit_last_month__c,Always use Salesforce,Company,Gross Profit - Last Month - Company --> Deal,573203537,Gross Profit - Last Month - Company --> Deal,573203537
KEY FIELD (HS + SF),2,0,2,True,True,True,how_did_you_first_hear_about_rho_, - OLD,string,salesforceinformation,nan,"Contact, Deal",True,False,False,False,Reed Marcus,Form (2); Sales view (21),0.01%,nan,nan,how_did_you_hear_about_us__c,Two way,Deal,,,0.03 Primary Inbound Channel | Initial Proxy Association; 0.04 L3 / Marketing Attribution | Initial Proxy Association (Phase 1),"1643168061, 1680343919"
KEY FIELD (HS + SF),2,0,2,True,True,True,hs_analytics_last_url,Last Page Seen,string,analyticsinformation,Last page the contact visited on your website. Set automatically.,Contact,False,True,False,True,HubSpot,Rollup property (1); Inbounddb lists (8); Automation platform flow (5); Integration (1); Sales view (71); Properties v3 card (1),6.33%,11/23/25 6:11 PM EST,Analytics,last_page_seen__c,Two way,Contact,,,0.05 Ad/Emails Touchpoint Influence; Summer of Rho: Referral Program MVP | Viral Loops,"1680997978, 1666163048"
KEY FIELD (HS + SF),2,1,1,True,True,True,hubspot_revenue,HubSpot Revenue,number,contactinformation,nan,Contact,True,False,False,False,Reed Marcus,Automation platform flow (2); Integration (1); Sales view (36); Properties v3 card (1),28.77%,11/23/25 7:45 AM EST,Workflow,hubspot_revenue__c,Two way,Contact,copy revenue to contact,431077556,Qualified Lead Trigger - Clearbit/HubSpot - Revenue,429638327
KEY FIELD (HS + SF),2,1,1,True,True,True,industry__c,Industry,string,salesforceinformation,nan,Contact,True,False,False,False,Unknown user,Inbounddb lists (1); Automation platform flow (2); Integration (1); Sales view (12),85.25%,11/23/25 6:38 PM EST,Integration,industry__c,Prefer Salesforce unless blank,Contact,Industry to Hubspot industry,501117296,Industry to Hubspot industry,501117296
KEY FIELD (HS + SF),2,1,1,True,True,True,lead_notes__c,Lead Notes,string,salesforceinformation,nan,Contact,True,False,False,False,Unknown user,Automation platform flow (1); Integration (1); Sales view (39),0.41%,6/24/25 1:06 PM EDT,Salesforce,lead_notes__c,Two way,Contact,Lead Notes --> Call Notes,585858214,Lead Notes --> Call Notes,585858214
KEY FIELD (HS + SF),2,2,0,True,True,True,marketing_consent__c,marketing_consent,enumeration,salesforceinformation,nan,Contact,True,False,False,False,Unknown user,Inbounddb lists (14); Automation platform flow (3); Report (1); Integration (1); Sales view (8); Properties v3 card (1),97.18%,11/23/25 6:29 PM EST,Workflow,marketing_consent__c,Two way,Contact,0.1.1 Submission/Approval Track; Stamp Lifecycle Stage Text,"1649020849, 570915180",,
KEY FIELD (HS + SF),2,0,2,True,True,True,meeting_type_cp,Chili Meeting Type,string,salesforceinformation,nan,Contact,True,False,False,False,Reed Marcus,Automation platform flow (2); Integration (1); Sales view (22); Properties v3 card (3),0.36%,11/21/25 2:15 PM EST,Salesforce,meeting_type_cp__c,Prefer Salesforce unless blank,Contact,,,Chili Meeting Direct Booking - Notification; Status = Meeting Set,"565942095, 416527221"
KEY FIELD (HS + SF),2,0,2,True,True,True,nurture_reason__c,Nurture Reason,enumeration,salesforceinformation,nan,Contact,True,False,False,False,Unknown user,Automation platform flow (2); Integration (1); Sales view (7); Properties v3 card (1),14.31%,9/17/25 12:07 PM EDT,Salesforce,nurture_reason__c,Two way,Contact,,,Capital = qualified; Set to Disqualified = yes,"466042914, 461337259"
KEY FIELD (HS + SF),2,1,1,True,True,True,original_owner,Original Owner,string,salesforceinformation,nan,Contact,True,False,False,False,Reed Marcus,Automation platform flow (1); Report (1); Integration (1); Sales view (10),1.76%,11/21/25 10:57 AM EST,Salesforce,original_owner__c,Always use Salesforce,Contact,Lead Routed to Owner,568986656,Lead Routed to Owner,568986656
KEY FIELD (HS + SF),2,1,1,True,True,True,original_ownership,Original ownership,string,salesforceinformation,nan,Contact,True,False,False,False,Reed Marcus,Automation platform flow (1); Report (1); Integration (1); Sales view (1),4.14%,11/23/25 1:33 AM EST,Salesforce,original_owner_lead__c,Always use Salesforce,Contact,Lead Routed to Owner,568986656,Lead Routed to Owner,568986656
KEY FIELD (HS + SF),2,1,1,True,True,True,overall_application_status,Overall Application Status,string,contactinformation,nan,"Contact, Company, Deal",True,False,False,False,Reed Marcus,Automation platform flow (1); Sales view (5),3.17%,11/23/25 6:44 PM EST,Workflow,overall_application_status__c,Always use Salesforce,Deal,Overall Application Status - Deal --> Company + Contact,553202285,Overall Application Status - Deal --> Company + Contact,553202285
KEY FIELD (HS + SF),2,1,1,True,True,True,pic_l3__s0_marketing_inbound__deal_string,PIC [L3: S0.TOF - Marketing Inbound] | Deal (String),string,dealinformation,nan,Deal,True,False,False,False,Christopher Cooper,Automation platform flow (1); Integration (1); Sales view (2); Properties v3 card (1),7.92%,11/23/25 6:35 PM EST,Workflow,marketing_touch_tof__c,Two way,Deal,0.05 Ad/Emails Touchpoint Influence,1680997978,0.05 Ad/Emails Touchpoint Influence,1680997978
KEY FIELD (HS + SF),2,1,1,True,True,True,pic_l3__s1_marketing_inbound__deal_string,PIC [L3: S1.SQL - Marketing Inbound] | Deal (String),string,dealinformation,nan,Deal,True,False,False,False,Christopher Cooper,Automation platform flow (1); Integration (1); Sales view (2); Properties v3 card (1),3.91%,11/23/25 4:44 PM EST,Workflow,marketing_touch_sql__c,Two way,Deal,0.05 Ad/Emails Touchpoint Influence,1680997978,0.05 Ad/Emails Touchpoint Influence,1680997978
KEY FIELD (HS + SF),2,1,1,True,True,True,pic_l3__s2_marketing_inbound__deal_string,PIC [L3: S2.MOF - Marketing Inbound] | Deal (String),string,dealinformation,nan,Deal,True,False,False,False,Christopher Cooper,Automation platform flow (1); Integration (1); Sales view (2); Properties v3 card (1),0.1%,8/12/25 12:41 PM EDT,Workflow,marketing_touch_app_submitted__c,Two way,Deal,0.05 Ad/Emails Touchpoint Influence,1680997978,0.05 Ad/Emails Touchpoint Influence,1680997978
KEY FIELD (HS + SF),2,1,1,True,True,True,pic_l3__s3_marketing_inbound__deal_string,PIC [L3: S3.BOF - Marketing Inbound] | Deal (String),string,dealinformation,nan,Deal,True,False,False,False,Christopher Cooper,Automation platform flow (1); Integration (1); Sales view (2); Properties v3 card (1),1.01%,11/23/25 1:33 AM EST,Workflow,marketing_touch_app_approved__c,Two way,Deal,0.05 Ad/Emails Touchpoint Influence,1680997978,0.05 Ad/Emails Touchpoint Influence,1680997978
KEY FIELD (HS + SF),2,1,1,True,True,True,routing_channel,Routing Channel,string,contactinformation,nan,"Contact, Deal",True,False,False,False,Reed Marcus,Automation platform flow (1); Integration (1); Sales view (9); Dashboard (1),2.85%,11/23/25 5:50 PM EST,Salesforce,routing_channel__c,Two way,"Contact, Deal",Routing Channel from Opp to Contact,585430616,Routing Channel from Opp to Contact,585430616
KEY FIELD (HS + SF),2,1,1,True,True,True,signup_flow_employees,~ Sign up Flow Employees,string,salesforceinformation,nan,Deal,True,False,False,False,Reed Marcus,Inbounddb lists (1); Automation platform flow (2); Integration (1); Sales view (36); Properties v3 card (1),42.24%,11/23/25 6:34 PM EST,Salesforce,employees_signup__c,Always use Salesforce,Deal,Contact --> Deal - Sign up flow employees,567291832,Contact --> Deal - Sign up flow employees,567291832
KEY FIELD (HS + SF),2,1,1,True,True,True,signup_lead_score,Signup Lead Score,number,contactinformation,nan,Contact,True,False,False,False,Reed Marcus,Automation platform flow (1); Integration (1),3.31%,4/14/25 3:21 PM EDT,Salesforce,signup_lead_score__c,Two way,Contact,Signup Lead Score - Lead Score text,440422327,Signup Lead Score - Lead Score text,440422327
KEY FIELD (HS + SF),2,1,1,True,True,True,status__c,Status,enumeration,salesforceinformation,nan,Company,True,False,False,False,Unknown user,Automation platform flow (1); Integration (1); Sales view (6); Properties v3 card (2),90.92%,11/23/25 6:44 PM EST,Salesforce,status__c,Prefer Salesforce unless blank,Company,Copy company status to contact,432354611,Copy company status to contact,432354611
KEY FIELD (HS + SF),2,1,1,True,True,True,strategic_gtm_initiatives__c,Strategic GTM Initiatives,enumeration,salesforceinformation,nan,Deal,True,False,False,False,Christopher Cooper,Automation platform flow (1); Integration (1); Sales view (1),3.82%,11/23/25 5:50 PM EST,Integration,strategic_gtm_initiatives__c,Two way,Deal,0.07 Strategic Initiatives | Deal Assignment (All Associations),1686474560,0.07 Strategic Initiatives | Deal Assignment (All Associations),1686474560
KEY FIELD (HS + SF),2,1,1,True,True,True,timestamp__unverified_platform_access,Timestamp: Unverified Platform Access,date,salesforceinformation,nan,Deal,True,False,False,False,Reed Marcus,Automation platform flow (1); Integration (1),1.18%,nan,nan,timestamp_unverified_platform_access__c,Always use Salesforce,Deal,UVPA - Deal --> Contact,589593955,UVPA - Deal --> Contact,589593955
KEY FIELD (HS + SF),2,1,1,True,True,True,timestamp_contact_made,Timestamp: Contact Made,datetime,salesforceinformation,nan,Contact,True,False,False,False,Reed Marcus,Automation platform flow (1); Integration (1); Properties v3 card (1),1.57%,11/23/25 11:46 AM EST,Salesforce,timestamp_contact_made__c,Two way,Contact,Status = Meeting Set,416527221,Status = Meeting Set,416527221
KEY FIELD (HS + SF),2,1,1,True,True,True,total_spend___last_month,Total Spend - Last Month,number,salesforceinformation,nan,Company,True,False,False,False,Reed Marcus,Automation platform flow (1); Report (1); Integration (1); Sales view (2); Properties v3 card (1),5.07%,11/23/25 3:14 PM EST,Salesforce,total_spend_last_month__c,Always use Salesforce,Company,Total Spend Last Month - Company --> Deal,570165628,Total Spend Last Month - Company --> Deal,570165628
KEY FIELD (HS + SF),2,1,1,True,True,True,total_spend___mtd,Total Spend - MTD,number,salesforceinformation,nan,Company,True,False,False,False,Reed Marcus,Automation platform flow (1); Report (1); Integration (1); Sales view (2); Properties v3 card (1),5.07%,11/23/25 3:14 PM EST,Salesforce,total_spend_month_to_date__c,Always use Salesforce,Company,Total Spend MTD - Company --> Deal,571508535,Total Spend MTD - Company --> Deal,571508535
KEY FIELD (HS + SF),2,1,1,True,True,True,utm_ad__c,utm_ad,string,salesforceinformation,nan,"Contact, Company, Deal",True,False,False,False,Unknown user,Calculated property (1); Automation platform flow (1); Report (1); Sales view (12),2.21%,nan,nan,utm_ad__c,Prefer Salesforce unless blank,"Company, Deal",UTM's | From Contact to Deal,610125402,UTM's | From Contact to Deal,610125402
KEY FIELD (HS + SF),2,1,1,True,True,True,verified_contact,Verified Contact,enumeration,contactinformation,nan,"Contact, Deal",True,False,False,False,Reed Marcus,Automation platform flow (1); Report (2),4.8%,11/23/25 5:57 PM EST,Workflow,verified_contact__c,Always use Salesforce,Deal,Verified Contact - Deal --> Contact,590986139,Verified Contact - Deal --> Contact,590986139
KEY FIELD (HS + SF),2,1,1,True,True,True,website,Website URL,string,contactinformation,Associated company website.,"Contact, Company",True,False,False,True,HubSpot,Form (23); Inbounddb lists (1); Automation platform flow (1); Report (3); Integration (1); Sales view (126); Properties v3 card (3),93.52%,11/23/25 6:38 PM EST,Integration,website,Two way,"Contact, Company",Copy website url,481414524,Copy website url,481414524
KEY FIELD (HS + SF),1,0,1,True,True,True,account_activated___initial_transaction_type,Account Activated | Initial Transaction Type,string,salesforceinformation,nan,Deal,True,False,False,False,Christopher Cooper,Inbounddb lists (1); Automation platform flow (1); Integration (1); Sales view (6),8.62%,11/23/25 3:43 PM EST,Salesforce,activation_initial_transaction_type__c,Two way,Deal,,,DS – Customer Onboarding: Founders | Lifecycle Engagement,1637317728
KEY FIELD (HS + SF),1,0,1,True,True,True,account_record_type_id,Account Record Type ID,string,salesforceinformation,nan,Company,True,False,False,False,Reed Marcus,Automation platform flow (1); Integration (1),89.11%,11/23/25 6:28 PM EST,Salesforce,recordtypeid,Two way,Company,,,Company --> Contact - Account Record Type,450190208
KEY FIELD (HS + SF),1,0,1,True,True,True,accounts_manager,Accounts_Manager,enumeration,contactinformation,nan,"Contact, Company",True,False,False,False,Reed Marcus,Automation platform flow (1),0.17%,nan,nan,account_manager__c,Always use Salesforce,Company,,,"Set Account Manager Name, Email",581804653
KEY FIELD (HS + SF),1,0,1,True,True,True,address,Street Address,string,contactinformation,"Contact's street address, including apartment or unit number.","Contact, Company",True,False,False,True,HubSpot,Form (2); Automation platform flow (1); Integration (1); Sales view (1),22.93%,11/23/25 5:04 PM EST,Forms,mailingstreet,Prefer Salesforce unless blank,Contact,,,DS - Leads: Growth Tools (Safe/Invoice) | Funnel Optimization,1655787627
KEY FIELD (HS + SF),1,0,1,True,True,True,campaign_id,Campaign ID,string,salesforceinformation,nan,Contact,True,False,False,False,Unknown user,Inbounddb lists (2); Automation platform flow (1); Integration (1); Sales view (8),5.43%,11/22/25 3:54 PM EST,Salesforce,campaign_id__c,Two way,Contact,,,[Events | DS] Luma - Events Management | SFDC Campaign Assignment,1646770076
KEY FIELD (HS + SF),1,1,0,True,True,True,convert_to_contact,Convert to contact,enumeration,contactinformation,nan,Contact,True,False,False,False,Reed Marcus,Automation platform flow (1); Integration (1); Sales view (1),0.03%,9/3/25 12:30 PM EDT,Workflow,convert_to_contact__c,Two way,Contact,Inbound Type = Warm --> Set properties to route,588156696,,
KEY FIELD (HS + SF),1,1,0,True,True,True,create_opportunity_,Create Opportunity?,enumeration,conversioninformation,nan,Contact,True,False,False,False,Katarina Lazic,Automation platform flow (1); Integration (1); Sales view (2),14.72%,11/23/25 6:37 PM EST,Integration,create_opportunity__c,Two way,Contact,[Events | DS] Luma - Events Management | SFDC Campaign Assignment,1646770076,,
KEY FIELD (HS + SF),1,0,1,True,True,True,crunchbase__latest_round_date__c,Funding Round | Date [CB] (Recent),date,salesforceinformation,nan,Company,True,False,False,False,Christopher Cooper,Automation platform flow (1); Integration (1); Sales view (2),13.63%,9/24/25 11:12 AM EDT,Salesforce,crunchbase__latest_round_date__c,Prefer Salesforce unless blank,Company,,,{Draft} DS – ABM: Early Stage (Targeted Comms) | Funnel Optimization,1654169864
KEY FIELD (HS + SF),1,0,1,True,True,True,crunchbase__latest_round_funding_type__c,Funding Round | Type [CB] (Latest),enumeration,salesforceinformation,nan,Company,True,False,False,False,Christopher Cooper,Automation platform flow (1); Integration (1); Sales view (2),13.63%,9/24/25 11:12 AM EDT,Salesforce,crunchbase__latest_round_funding_type__c,Prefer Salesforce unless blank,Company,,,{Draft} DS – ABM: Early Stage (Targeted Comms) | Funnel Optimization,1654169864
KEY FIELD (HS + SF),1,0,1,True,True,True,crunchbase__latest_round_money_raised_in_usd__c,Funding Round | Value - USD [CB] (Recent),number,salesforceinformation,nan,Company,True,False,False,False,Christopher Cooper,Automation platform flow (1); Integration (1); Sales view (2),10.11%,9/24/25 11:12 AM EDT,Salesforce,crunchbase__latest_round_money_raised_in_usd__c,Prefer Salesforce unless blank,Company,,,{Draft} DS – ABM: Early Stage (Targeted Comms) | Funnel Optimization,1654169864
KEY FIELD (HS + SF),1,0,1,True,True,True,disqualified_reason___application,Disqualified Reason - Application,string,contactinformation,nan,Contact,True,False,False,False,Reed Marcus,Form (1); Automation platform flow (1); Integration (1); Sales view (3); Properties v3 card (2),0.17%,11/3/25 8:58 PM EST,Forms,disqualified_reason_signup__c,Two way,Contact,,,Bestmoney - Closed Lost,581545485
KEY FIELD (HS + SF),1,1,0,True,True,True,hs_email_last_email_name,Last marketing email name,string,emailinformation,The name of the last marketing email sent to the current email address. This is automatically set by HubSpot.,Contact,False,True,False,True,HubSpot,Automation platform flow (3); Report (1); Integration (1); Sales view (38); Properties v3 card (1),42.24%,11/23/25 6:52 PM EST,Email Activity,last_marketing_email_name__c,Two way,Contact,Last Marketing Email Name/Date - Contact --> Company,509829934,,
KEY FIELD (HS + SF),1,1,0,True,True,True,hs_email_last_send_date,Last marketing email send date,datetime,emailinformation,The date of the most recent delivery for any marketing email to the current email address. This is automatically set by HubSpot.,Contact,False,True,False,True,HubSpot,Inbounddb lists (1); Automation platform flow (3); Report (2); Integration (1); Sales view (42); Properties v3 card (1),39.71%,11/23/25 6:52 PM EST,Email Activity,last_marketing_email_date__c,Two way,Contact,Last Marketing Email Name/Date - Contact --> Company,509829934,,
KEY FIELD (HS + SF),1,0,1,True,True,True,inbound_notes,Inbound Notes,string,salesforceinformation,Notes on inbound form for SDR,Contact,True,False,False,False,Reed Marcus,Form (57); Inbounddb lists (1); Automation platform flow (1); Email (1); Integration (1); Sales view (4),0.06%,11/20/25 9:58 AM EST,Salesforce,inbound_notes__c,Prefer Salesforce unless blank,Contact,,,Copy ''Inbound Notes'' from Contact to Deal (Influencers),1605257488
KEY FIELD (HS + SF),1,1,0,True,True,True,lead_status,Lead-Status,string,contactinformation,nan,Contact,True,False,False,False,Reed Marcus,Automation platform flow (1); Report (1); Integration (1),56.01%,11/23/25 6:28 PM EST,Workflow,status__c,Two way,Contact,Status --> Lead Status,565692466,,
KEY FIELD (HS + SF),1,1,0,True,True,True,lifecycle_stage_text,lifecycle stage text,string,contactinformation,nan,Contact,True,False,False,False,Reed Marcus,Automation platform flow (2); Integration (1); Sales view (14),99.5%,11/23/25 6:44 PM EST,Workflow,hs_lifecycle_stage__c,Two way,Contact,Stamp Lifecycle Stage Text,570915180,,
KEY FIELD (HS + SF),1,1,0,True,True,True,marketing_lead_source,Marketing Lead_Source,string,contactinformation,nan,Contact,True,False,False,False,Reed Marcus,Automation platform flow (1); Integration (1),5.92%,11/21/25 2:15 PM EST,Salesforce,marketing_lead_source__c,Two way,Contact,Marketing Lead Source --> Marketing Lead_Source,558383127,,
KEY FIELD (HS + SF),1,0,1,True,True,True,outreach_actively_being_sequenced__c,Actively being sequenced,enumeration,salesforceinformation,nan,Contact,True,False,False,False,Unknown user,Automation platform flow (1); Integration (1); Sales view (32),97.18%,11/23/25 6:11 PM EST,Salesforce,outreach_actively_being_sequenced__c,Two way,Contact,,,Signup Re-engagement PUSH to Nurturing flow,504941228
KEY FIELD (HS + SF),1,0,1,True,True,True,partner_gid,Partner GID,string,salesforceinformation,nan,Contact,True,False,False,False,Katarina Lazic,Form (1); Automation platform flow (1); Integration (1); Sales view (8); Properties v3 card (1),0.01%,11/23/25 5:40 PM EST,Forms,partner_gid__c,Two way,Contact,,,[Master] Saleforce Inclusion Trigger,502383418
KEY FIELD (HS + SF),1,0,1,True,True,True,partner_status,Partner Status,string,salesforceinformation,nan,Contact,True,False,False,False,Katarina Lazic,Inbounddb lists (12); Automation platform flow (1); Report (2); Integration (1); Sales view (15); Properties v3 card (1),1.29%,11/22/25 9:42 PM EST,Salesforce,partner_status_text__c,Always use Salesforce,Contact,,,2.1 PM – Parter Pipeline Stage | State Tagging [DRAFT],1634722648
KEY FIELD (HS + SF),1,0,1,True,True,True,partnerstack_lead_key__c,PartnerStack Lead Key,string,salesforceinformation,nan,"Contact, Company",True,False,False,False,Unknown user,Automation platform flow (1); Integration (1); Sales view (9); Properties v3 card (1),0.01%,9/17/25 4:04 PM EDT,Salesforce,partnerstack_lead_key__c,Prefer Salesforce unless blank,"Contact, Company",,,Partner key --> Lead Source = Partner,446002076
KEY FIELD (HS + SF),1,0,1,True,True,True,partnerstack_partner_key__c,PartnerStack Partner Key,string,salesforceinformation,nan,"Contact, Company, Deal",True,False,False,False,Unknown user,Form (15); Automation platform flow (1); Integration (1); Sales view (1); Properties v3 card (1),0.12%,11/14/25 9:35 AM EST,Salesforce,partnerstack_partner_key__c,Prefer Salesforce unless blank,"Contact, Company, Deal",,,Partner key --> Lead Source = Partner,446002076
KEY FIELD (HS + SF),1,1,0,True,True,True,pic_l3__s4_marketing_inbound__deal_string,PIC [L3: S4.CW - Marketing Inbound] | Deal (String),string,dealinformation,nan,Deal,True,False,False,False,Christopher Cooper,Automation platform flow (1); Integration (1); Sales view (2); Properties v3 card (1),0.85%,11/23/25 3:48 AM EST,Workflow,marketing_touch_account_activated__c,Two way,Deal,0.05 Ad/Emails Touchpoint Influence,1680997978,,
KEY FIELD (HS + SF),1,0,1,True,True,True,rho_use_case__c,Rho Use Case,enumeration,salesforceinformation,nan,Deal,True,False,False,False,Unknown user,Inbounddb lists (4); Automation platform flow (2); Email (2); Integration (1); Sales view (45); Properties v3 card (1),61.7%,11/23/25 6:28 PM EST,Salesforce,rho_use_case__c,Prefer Salesforce unless blank,Deal,,,Deal --> Company - rho use case,472293733
KEY FIELD (HS + SF),1,1,0,True,True,True,sales_notes__c,Sales Notes,string,salesforceinformation,nan,Deal,True,False,False,False,Unknown user,Rollup property (1); Automation platform flow (2); Integration (1); Sales view (41); Properties v3 card (2),18.41%,11/21/25 5:52 PM EST,Salesforce,sales_notes__c,Prefer Salesforce unless blank,Deal,Copy ''Inbound Notes'' from Contact to Deal (Influencers),1605257488,,
KEY FIELD (HS + SF),1,0,1,True,True,True,sdr_assignment_time,Owner Change Date,date,contactinformation,nan,Contact,True,False,False,False,Reed Marcus,Automation platform flow (1); Integration (1); Sales view (2); Properties v3 card (1),3.44%,11/21/25 10:57 AM EST,Salesforce,owner_change_date__c,Always use Salesforce,Contact,,,Stamp first activity date,530125645
KEY FIELD (HS + SF),1,0,1,True,True,True,sent_to_compliance_date,Sent to compliance date,date,contactinformation,nan,Contact,True,False,False,False,Reed Marcus,Automation platform flow (1); Integration (1),0.25%,4/14/25 3:21 PM EDT,Salesforce,sent_to_compliance_date__c,Two way,Contact,,,Sent to compliance date,462986773
KEY FIELD (HS + SF),1,0,1,True,True,True,uuid,UUID,string,contactinformation,nan,Contact,True,False,False,False,Reed Marcus,Form (1); Inbounddb lists (2); Automation platform flow (1); Integration (1); Sales view (18); Properties v3 card (1),4.81%,11/23/25 6:05 PM EST,Forms,uuid__c,Two way,Contact,,,1.1 DS – Pipeline Stage | State Tagging,1635901254
Unmatched/Custom,63,0,63,False,False,False,hs_name,,,,,,,,,,,,,,,,,,,,# of Employee properties - Company to Deal; 0.03 Primary Inbound Channel | Initial Proxy Association; 0.04 L3 / Marketing Attribution | Initial Proxy Association (Phase 1); 0.05 Ad/Emails Touchpoint Influence; 0.07 Strategic Initiatives | Deal Assignment (All Associations); 0.1.0 Primary Inbound Channel | Level 1-3 Mapping; Apollo Revenue - Company --> Contact; Application Completed Date - Company --> Deal; Application Status - Deal - Deal --> Company + Contact; Average Monthly Bank Balance - Company --> Deal; Bank Balance - 2 months ago - Company --> Deal; Bank Balance - last month - Company --> Deal; Company --> Contact - Account Record Type; Company --> Contact - associated company deals; Company --> Contact - associated contacts; Company --> Contact - First deal date; Company --> Contact - First deal date - NEW Contact; Company --> Contact - Last activity date; Company --> Contact - Pipeline; company --> Contact - recent deal created date...,"568330583, 1643168061, 1680343919, 1680997978, 1686474560, 1645671171, 543410706, 463000887, 536063834, 574991497, 575598511, 575598505, 450190208, 466724614, 466502483, 432439113, 450672987, 432438160, 435488265, 472961185..."
Unmatched/Custom,63,0,63,False,False,False,hs_value,,,,,,,,,,,,,,,,,,,,# of Employee properties - Company to Deal; 0.03 Primary Inbound Channel | Initial Proxy Association; 0.04 L3 / Marketing Attribution | Initial Proxy Association (Phase 1); 0.05 Ad/Emails Touchpoint Influence; 0.07 Strategic Initiatives | Deal Assignment (All Associations); 0.1.0 Primary Inbound Channel | Level 1-3 Mapping; Apollo Revenue - Company --> Contact; Application Completed Date - Company --> Deal; Application Status - Deal - Deal --> Company + Contact; Average Monthly Bank Balance - Company --> Deal; Bank Balance - 2 months ago - Company --> Deal; Bank Balance - last month - Company --> Deal; Company --> Contact - Account Record Type; Company --> Contact - associated company deals; Company --> Contact - associated contacts; Company --> Contact - First deal date; Company --> Contact - First deal date - NEW Contact; Company --> Contact - Last activity date; Company --> Contact - Pipeline; company --> Contact - recent deal created date...,"568330583, 1643168061, 1680343919, 1680997978, 1686474560, 1645671171, 543410706, 463000887, 536063834, 574991497, 575598511, 575598505, 450190208, 466724614, 466502483, 432439113, 450672987, 432438160, 435488265, 472961185..."
HubSpot Only,40,10,30,False,True,False,lifecyclestage,Lifecycle Stage,enumeration,contactinformation,"The qualification of contacts to sales readiness. It can be set through imports, forms, workflows, and manually on a per contact basis.","Contact, Company",True,False,False,True,HubSpot,Inbounddb lists (18); Automation platform flow (39); Report (12); Sales view (267); Data highlights card (1); Properties v3 card (3),99.9%,11/23/25 6:44 PM EST,Workflow,,,,Facebook Form Signups --> Properties; Inbound Type = Warm --> Set properties to route; Lifecycle Stage = MQL; Lifecycle stage = SAL; Linkedin Ad Signup - Stamp properties; Mark As Other--> Unqualified = yes; Marketing Lead Gen - Downloads --> Lifecycle stage = Marketing Lead; Marketing Lead Gen - Navattic --> Stamp Properties; RB2B - stamp properties; Set lifecycle stage as partner,"492655402, 588156696, 441316175, 555253790, 477214025, 427220396, 495403153, 505432158, 581828486, 585837121",^Lead converted to contact - Status = New; Automated Marketing Lead Email; Converted Leads - Stamp properties again; IP + Other Reasons --> Unqualified = yes; Lead converted to contact - Opp or Customer; Lifecycle Stage = MQL; Lifecycle stage = SAL; LN status = finished --> set as non marketing contact; Marketing Lead Gen - Downloads --> Lifecycle stage = Marketing Lead; Marketing Lead Gen - Navattic --> Stamp Properties; Marketing Leads --> Stamp Path --> LN status = enrolled; Meeting Set --> SQL = Yes; Opp or customer --> Qualified = yes; Other - Clear Date Lead Came Inbound; Playground signups --> status = new; Proxy DAI --> DAI; Qualified Lead = Yes - lifecycle opp or customer; Qualified Lead Trigger - Clearbit/HubSpot - Revenue; Qualified Lead Trigger - Sign Up Flow Revenue + Employees; Restamp Inbound Type - verification pending...,"478017128, 509948556, 457130540, 435464576, 478015139, 441316175, 555253790, 491121588, 495403153, 505432158, 502419584, 537218482, 436887078, 429534243, 565556096, 456967082, 429469325, 429638327, 430705693, 574974994..."
HubSpot Only,24,9,15,False,True,False,lead_nurturing_status,LN status,enumeration,contactinformation,nan,"Contact, Company",True,False,False,False,Reed Marcus,Inbounddb lists (8); Automation platform flow (15); Report (21); Sales view (51); Dashboard (1); Properties v3 card (1),32.77%,11/21/25 4:17 PM EST,Workflow,,,,CFO Sequence - 2024 (TBU); copy lead nurturing properties - contact --> company; Lead Nurturing - Email - Private Equity path; Lead Nurturing - NAHB/Construction - Top; Lead Nurturing Master exclusion List --> LN Finished; Marketing Leads --> Stamp Path --> LN status = enrolled; Signup Re-engagement PUSH to Nurturing flow; Stamp Lead nurturing finished - Other than List filters; Stamp Lead Nurturing Signup + finished,"558337092, 470088077, 504851234, 487947660, 551889471, 502419584, 504941228, 509387141, 461440423",CFO Sequence - 2024 (TBU); copy lead nurturing properties - contact --> company; Last activity date at nurturing start - company and deals; Lead Nurturing - Email - Private Equity path; Lead Nurturing - NAHB/Construction - Top; Lead nurturing finished --> Stamp LN end date; Lead Nurturing Master exclusion List --> LN Finished; Marketing Leads --> Stamp Path --> LN status = enrolled; Set Inbound Type - Bottom Funnel Warm; Signup Re-engagement PUSH to Nurturing flow; Stamp bottom funnel date; Stamp Lead nurturing finished - Other than List filters; Stamp Lead Nurturing Signup + finished; Stamp Outreach stage at lead nurturing start; Stamp Segment - Marketing Leads,"558337092, 470088077, 478225294, 504851234, 487947660, 504730640, 551889471, 502419584, 535321510, 504941228, 471499380, 509387141, 461440423, 478213299, 554997119"
HubSpot Only,14,4,10,False,True,False,lead_nurturing_first_email_date,LN First Email Date,date,contactinformation,nan,"Contact, Company, Deal",True,False,False,False,Reed Marcus,Calculated property (1); Automation platform flow (9); Report (1); Sales view (28); Properties v3 card (1),27.3%,2/14/25 9:30 AM EST,Workflow,,,,CFO Sequence - 2024 (TBU); copy lead nurturing properties - contact --> company; First email date - Company --> Deal; Lead Nurturing - Email - Private Equity path,"558337092, 470088077, 476798874, 504851234",Company Marketing contact; copy lead nurturing properties - contact --> company; First email date - Company --> Deal; Last activity date at nurturing start - company and deals; Lead Nurturing - Companies in motion; Lead Nurturing - stamp first activity date after nurturing; Lead Nurturing signup - company; Lead Nurturing Signup - contact; Stamp Lead Nurturing Signup + finished; Stamp Outreach stage at lead nurturing start,"476787096, 470088077, 476798874, 478225294, 478181939, 478192479, 469995015, 466727434, 461440423, 478213299"
HubSpot Only,14,8,6,False,True,False,qualified_lead_,Qualified Lead? ,enumeration,contactinformation,nan,Contact,True,False,False,False,Reed Marcus,Inbounddb lists (1); Automation platform flow (12); Sales view (84); Properties v3 card (1),39.59%,11/23/25 6:45 PM EST,Workflow,,,,Capital = qualified; Opp or customer --> Qualified = yes; Qualified Lead = Yes - lifecycle opp or customer; Qualified Lead Trigger - Clearbit/HubSpot - Revenue; Qualified Lead Trigger - Sign Up Flow Revenue + Employees; Set to Disqualified = yes; SQL? = Qualified lead; Unqualified = Yes --> DQ status,"466042914, 436887078, 429469325, 429638327, 430705693, 461337259, 481567321, 536059943",Lifecycle Stage = MQL; non-mql --> MQL - signup bucket; Qualified Company = yes; Qualified Lead Trigger - Sign Up Flow Revenue + Employees; Signup Buckets - Self-Serve; SQL? = Qualified lead,"441316175, 482590519, 447856390, 430705693, 482504852, 481567321"
HubSpot Only,12,1,11,False,True,False,num_associated_contacts,Number of Associated Contacts,number,companyinformation,The number of contacts associated with this company,"Company, Deal",False,True,False,True,HubSpot,Inbounddb lists (1); Automation platform flow (10); Sales view (7),100%,11/23/25 6:37 PM EST,HubSpot Calculation,,,,Company --> Contact - associated contacts,466502483,0.04 L3 / Marketing Attribution | Initial Proxy Association (Phase 1); Activated Date - Company --> Contact; Client Approved - Company --> Contacts; Client Approved Date - Company --> Contact; Company --> Contact - associated contacts; Company --> Contact - First deal date - NEW Contact; Contact --> Company cleanup; Deal Stage - Company --> Contact; disqualified - Company --> Contact; SAL Date - Company --> Contact; SQL Date - Company --> Contact,"1680343919, 557685654, 558309953, 557715612, 466502483, 450672987, 466502472, 555253071, 558111086, 557730488, 558064694"
HubSpot Only,12,4,8,False,True,False,nurture_path,LN Path,enumeration,contactinformation,nan,Contact,True,False,False,False,Reed Marcus,Contact scoring ruleset (1); Inbounddb lists (6); Automation platform flow (9); Report (9); Sales view (26); Dashboard (1); Properties v3 card (1); Crm container view (1),32.53%,11/13/25 11:38 PM EST,Workflow,,,,CFO Sequence - 2024 (TBU); Lead Nurturing Path - Contact --> Company; Marketing Leads --> Stamp Path --> LN status = enrolled; Signup Re-engagement PUSH to Nurturing flow,"558337092, 508455801, 502419584, 504941228",CFO Sequence - 2024 (TBU); Inbound Type = Warm --> Set properties to route; Lead Nurturing - Email - Private Equity path; Lead Nurturing - NAHB/Construction - Top; Lead Nurturing Path - Contact --> Company; Marketing Leads --> Stamp Path --> LN status = enrolled; Set Inbound Type - Bottom Funnel Warm; Stamp Lead Nurturing Signup + finished,"558337092, 588156696, 504851234, 487947660, 508455801, 502419584, 535321510, 461440423"
HubSpot Only,11,10,1,False,True,False,salesforce_inclusion,Salesforce Inclusion,enumeration,contactinformation,nan,Contact,True,False,False,False,Reed Marcus,Form (110); Inbounddb lists (5); Automation platform flow (11); Sales view (69); Properties v3 card (2),96.96%,11/23/25 6:37 PM EST,Integration,,,,[Events | DS] Luma - Events Management | SFDC Campaign Assignment; [Master] Saleforce Inclusion Trigger; 0.1.1 Submission/Approval Track; Facebook Form Signups --> Properties; Inbound Type = Warm --> Set properties to route; Linkedin Ad Signup - Stamp properties; RB2B - stamp properties; Set Inbound Type - Self Serve + Contact Sales; Stamp bottom funnel date; Stamp Lifecycle Stage Text,"1646770076, 502383418, 1649020849, 492655402, 588156696, 477214025, 581828486, 499504417, 471499380, 570915180",[Master] Saleforce Inclusion Trigger,502383418
HubSpot Only,10,3,7,False,True,False,pipeline_stage,Pipeline Stage,enumeration,contactinformation,This represents the status of a Direct Sales user within the application process. Placement is based on the record's current deal stage and any other data points regarding engagement with Rho. ,Contact,False,False,False,False,Christopher Cooper,Inbounddb lists (21); Automation platform flow (9); Report (3); Sales view (14); Properties v3 card (1),99.99%,11/23/25 6:47 PM EST,Workflow,,,,0.00 [Batch Update] Quarantine // Churned Marketable Contacts; 1.1 DS – Pipeline Stage | State Tagging; 1.2 DS – Pipeline Stage | State Change Tracking [DRAFT],"1634220879, 1635901254, 1634440478",0.00 [Batch Update] Quarantine // Churned Marketable Contacts; 0.01 [Batch Update] Remarketing // Active Non-Marketing Accounts (cloned); 0.1.2 Segmentation Tagging | Database Management; 1.0 DS – Pipeline Stage | Marketable Tagging; 1.1 DS – Pipeline Stage | State Tagging; 1.2 DS – Pipeline Stage | State Change Tracking [DRAFT]; DS – Customer Onboarding: Founders | Lifecycle Engagement,"1634220879, 1634483287, 1659624055, 1634483557, 1635901254, 1634440478, 1637317728"
HubSpot Only,9,4,5,False,True,False,first_company_deal_created_date,Company First Deal Created Date,date,deal_information,nan,Contact,True,False,False,False,Reed Marcus,Automation platform flow (6); Sales view (12); Properties v3 card (1),14.61%,11/23/25 6:38 PM EST,Workflow,,,,Company --> Contact - First deal date; Company --> Contact - First deal date - custom list; Company --> Contact - First deal date - NEW Contact; First Deal --> Recent Deal - Contact,"432439113, 556542829, 450672987, 473020495",Company --> Contact - First deal date; Company --> Contact - First deal date - NEW Contact; First Deal --> Recent Deal - Contact; Lead after Deal - opp/cust = yes; Lead After Deal - yes,"432439113, 450672987, 473020495, 465191018, 432461715"
HubSpot Only,9,4,5,False,True,False,first_page_seen,First Page Seen,string,conversioninformation,nan,"Company, Deal",True,False,False,False,Reed Marcus,Automation platform flow (2); Sales view (1); Properties v3 card (2),7.67%,11/23/25 6:29 PM EST,Workflow,,,,0.03 Primary Inbound Channel | Initial Proxy Association; 0.04 L3 / Marketing Attribution | Initial Proxy Association (Phase 1); First Page Seen - Company --> Deal; First Page Seen - Contact to Company,"1643168061, 1680343919, 531538003, 531613697",0.04 L3 / Marketing Attribution | Initial Proxy Association (Phase 1); 0.05 Ad/Emails Touchpoint Influence; 0.07 Strategic Initiatives | Deal Assignment (All Associations); First Page Seen - Company --> Deal; First Page Seen - Contact to Company,"1680343919, 1680997978, 1686474560, 531538003, 531613697"
HubSpot Only,9,3,6,False,True,False,lead_gen_source,Marketing Lead Source,enumeration,contactinformation,nan,Contact,True,False,False,False,Reed Marcus,Contact scoring ruleset (1); Form (6); Automation platform flow (8); Report (11); Sales view (25); Dashboard (2); Properties v3 card (2),5.97%,11/6/25 3:04 PM EST,Workflow,,,,Marketing Lead Gen - Navattic --> Stamp Properties; Marketing Lead Source --> Marketing Lead_Source; Stamp Marketing Lead Source - Ebooks,"505432158, 558383127, 502379927",Automated Marketing Lead Email; Marketing Lead Source --> Marketing Lead_Source; Marketing Leads --> Stamp Path --> LN status = enrolled; Stamp Marketing Lead Channel; stamp marketing lead signup = yes; Stamp Marketing Lead Source - Ebooks,"509948556, 558383127, 502419584, 534585231, 536896140, 502379927"
HubSpot Only,8,5,3,False,True,False,segment,Segment,enumeration,contactinformation,nan,"Contact, Company, Deal",True,False,False,False,Reed Marcus,Automation platform flow (4); Sales view (16),79.34%,11/23/25 6:21 PM EST,Workflow,,,,segment - Company --> Deal; Segment - Contact --> Company; Stamp Segment - Marketing Leads; Stamp Segment - Middle Market or SMB; Stamp Segment - Sales Prospects,"554344979, 554336819, 554997119, 554111385, 554980516",segment - Company --> Deal; Segment - Contact --> Company; Stamp Segment - Sales Prospects,"554344979, 554336819, 554980516"
HubSpot Only,8,5,3,False,True,False,sql_,SQL?,enumeration,contactinformation,nan,"Contact, Company, Deal",True,False,False,False,Reed Marcus,Automation platform flow (4); Report (7); Sales view (25); Properties v3 card (1),7.09%,11/23/25 6:44 PM EST,Workflow,,,,Contact - SQL? = yes; Deal - SQL = Yes; Deal --> Contact - SQL; Meeting Set --> SQL = Yes; SQL Date - Deal --> Company,"570882591, 554228842, 554527846, 537218482, 558064691",Contact - SQL? = yes; Meeting Set --> SQL = Yes; SQL? = Qualified lead,"570882591, 537218482, 481567321"
HubSpot Only,7,4,3,False,True,False,deal_owner,Deal Owner,enumeration,deal_information,nan,"Contact, Company",False,False,False,False,Reed Marcus,Automation platform flow (5); Sales view (34),10.48%,11/23/25 6:29 PM EST,Workflow,,,,Company --> Contact - Deal Owner; Copy deal owner to contact owner; Deal -> Contact and Companies - owner; Lead Routed to Owner,"432441995, 585622274, 432430489, 568986656",Company --> Contact - Deal Owner; Copy deal owner to contact owner; Lead Routed to Owner,"432441995, 585622274, 568986656"
HubSpot Only,7,3,4,False,True,False,funnel_stage,Funnel Stage,enumeration,salesforceinformation,nan,Contact,True,False,False,False,Reed Marcus,Inbounddb lists (4); Automation platform flow (6); Report (10); Sales view (31); Dashboard (1); Properties v3 card (2),95.99%,10/6/25 11:48 AM EDT,Workflow,,,,Funnel stage at influenced deal; Set Funnel Stage; Stamp funnel stage at sign up,"478192569, 460386352, 478303625",Inbound Type = Warm --> Set properties to route; Set Funnel Stage; Set Inbound Type - Bottom Funnel Warm; Stamp bottom funnel date,"588156696, 460386352, 535321510, 471499380"
HubSpot Only,7,2,5,False,True,False,hs_latest_source_data_1,Latest Traffic Source Drill-Down 1,string,analyticsinformation,Additional information about the latest source for the last session the contact used to find your website. Set automatically.,Contact,False,True,False,True,HubSpot,Automation platform flow (6); Sales view (148); Properties v3 card (1),100%,11/23/25 6:37 PM EST,Analytics,,,,Stamp Affiliate Subchannel; Utm_campaign/Drilldown 1,"457033617, 464871489",0.05 Ad/Emails Touchpoint Influence; Stamp Affiliate Subchannel; Stamp Marketing Lead Channel; Stamp primary Inbound Channel - LATEST; Utm_campaign/Drilldown 1,"1680997978, 457033617, 534585231, 567765537, 464871489"
HubSpot Only,7,4,3,False,True,False,lead_nurturing_enroll_date,LN enroll date,date,contactinformation,nan,"Contact, Company",True,False,False,False,Reed Marcus,Automation platform flow (6); Report (2); Sales view (24); Properties v3 card (1),29.77%,2/13/25 4:06 PM EST,Workflow,,,,CFO Sequence - 2024 (TBU); copy lead nurturing properties - contact --> company; Lead Nurturing - Email - Private Equity path; Lead Nurturing - NAHB/Construction - Top,"558337092, 470088077, 504851234, 487947660",copy lead nurturing properties - contact --> company; ICP Category --> Company to deal or contact; Qualified Lead Trigger - Clearbit/HubSpot - Revenue,"470088077, 569169579, 429638327"
HubSpot Only,7,4,3,False,True,False,lead_nurturing_signup,LN Signup?,enumeration,contactinformation,nan,"Contact, Company",True,False,False,False,Reed Marcus,Inbounddb lists (1); Automation platform flow (4); Sales view (4); Properties v3 card (2),0.15%,11/21/25 5:28 PM EST,Workflow,,,,Lead Nurturing signup - company; Lead Nurturing Signup - contact; Stamp Lead Nurturing Signup + finished; Stamp primary inbound channel lead nurturing,"469995015, 466727434, 461440423, 525709130",copy lead nurturing properties - contact --> company; Lead Nurturing and Influenced Deal signup- Slack notification; Stamp primary inbound channel lead nurturing,"470088077, 472412313, 525709130"
HubSpot Only,7,1,6,False,True,False,num_associated_deals,Number of Associated Deals,number,deal_information,Count of deals associated with this contact. Set automatically by HubSpot.,"Contact, Company",False,True,False,True,HubSpot,Inbounddb lists (1); Report (1); Sales view (18),7.56%,11/23/25 6:28 PM EST,HubSpot Calculation,,,,Company --> Contact - associated company deals,466724614,Company --> Contact - associated company deals; Date Lead Came Inbound - Company --> Deal; Inbound type - Company --> Deal; Inbound type - Company --> Deal - >1; Primary Inbound Channel - Company --> Deal; Stamp recent deal created date - company (cloned),"466724614, 471678846, 516066563, 551253587, 460380164, 477253553"
HubSpot Only,7,4,3,False,True,False,rho_banks_nyc,Rho Banks NYC,enumeration,contactinformation,nan,"Contact, Company",True,False,False,False,Reed Marcus,Inbounddb lists (2); Automation platform flow (5); Report (3); Sales view (21); Dashboard (1),3.24%,11/23/25 5:38 PM EST,Workflow,,,,Event = Tech week --> Set as rho banks nyc and nyrbnyc -; Rho banks nyc - deal --> company; Rho Banks NYC/Hubspot-VC- contact; Stamp primary Inbound Channel - ORIGINAL,"585586772, 573503127, 573508636, 455977533",NY RBNYC - Company --> Contact + Deal; NY RBNYC - contact --> Company and Deal; Rho Banks NYC - Contact --> Deal,"573638972, 573652335, 573498148"
HubSpot Only,7,0,7,False,True,False,sync_to_objects,Sync to objects,enumeration,contactinformation,nan,"Contact, Company",True,False,False,False,Reed Marcus,Automation platform flow (5),0%,nan,nan,,,,,,Date Lead Came Inbound - Company --> Deal; Date lead came inbound - Contact --> Company; Inbound Channel Bucket - Contacts; Inbound type - Company --> Deal; Inbound type - Contact --> Company; Primary Inbound Channel - Company --> Deal; Primary Inbound Channel - Contact --> Company,"471678846, 422529928, 583256482, 516066563, 516064056, 460380164, 460380750"
HubSpot Only,7,4,3,False,True,False,term_drilldown_2,Term/Drilldown-2,string,contactinformation,nan,"Contact, Company, Deal",True,False,False,False,Reed Marcus,Automation platform flow (2); Report (3); Sales view (71); Properties v3 card (2),1.22%,11/23/25 2:31 PM EST,Workflow,,,,company --> deals - campaign/term; Contact --> Company - campaign/term generic; Deals - campaign/term drilldowns reconcile; Utm_Term/Drilldown 2,"471389595, 471368502, 495339563, 464869955",company --> deals - campaign/term; Contact --> Company - campaign/term generic; Deals - campaign/term drilldowns reconcile,"471389595, 471368502, 495339563"
HubSpot Only,7,3,4,False,True,False,today_s_date,Today's Date,date,contactinformation,nan,"Contact, Company, Deal",True,False,False,False,Reed Marcus,Calculated property (3); Automation platform flow (3); Sales view (2),100%,11/23/25 6:38 PM EST,Workflow,,,,Today's Date - company; Today's Date - contact; Today's Date - Deal,"567081136, 567068696, 567068675",estimated 365 days rev - mtd - company --> Deal; Today's Date - company; Today's Date - contact; Today's Date - Deal,"561193822, 567081136, 567068696, 567068675"
HubSpot Only,6,4,2,False,True,False,contact_made_,Contact Made?,enumeration,contactinformation,nan,"Contact, Company",True,False,False,False,Reed Marcus,Inbounddb lists (2); Automation platform flow (4); Report (8); Sales view (40),4.25%,11/23/25 4:43 PM EST,Workflow,,,,contact made - contact --> company; Contact made = yes; Meeting Set --> Contact Made = Yes; status - contact made,"481584498, 566213962, 483941660, 481585940",contact made - contact --> company; Contact made = yes,"481584498, 566213962"
HubSpot Only,6,2,4,False,True,False,last_deal_pipeline,Last Deal Pipeline,enumeration,deal_information,nan,"Contact, Company",True,False,False,False,Reed Marcus,Automation platform flow (1); Sales view (8); Properties v3 card (1),11.52%,11/23/25 6:29 PM EST,Workflow,,,,Company --> Contact - Pipeline; Deal --> Company - Pipeline,"435488265, 435488180",^Lead converted to contact - Status = New; Company --> Contact - Pipeline; company --> Contact - recent deal created date; Lead converted to contact - Opp or Customer,"478017128, 435488265, 472961185, 478015139"
HubSpot Only,6,2,4,False,True,False,notes_last_updated,Last Activity Date,datetime,contact_activity,"The last time a call, chat conversation, LinkedIn message, postal mail, meeting, note, sales email, SMS, or WhatsApp message was logged for a contact. This is set automatically by HubSpot based on user actions in the contact record.","Contact, Company, Deal",False,True,False,True,HubSpot,Inbounddb lists (1); Automation platform flow (1); Sales view (60); Properties v3 card (2),90.22%,11/23/25 6:36 PM EST,HubSpot Calculation,,,,Company - Activity Date --> Company Activity Date; Last activity date at nurturing start - company and deals,"432914038, 478225294",Company - Activity Date --> Company Activity Date; Lead Nurturing - Companies in motion; Lead Nurturing - stamp first activity date after nurturing; Stamp first activity date,"432914038, 478181939, 478192479, 530125645"
HubSpot Only,6,4,2,False,True,False,pipeline_stage__marketing_eligible,Pipeline Stage: Marketing Eligible,enumeration,contactinformation,nan,Contact,False,False,False,False,Christopher Cooper,Inbounddb lists (2); Automation platform flow (4); Report (1); Sales view (8); Properties v3 card (1),100%,11/23/25 6:42 PM EST,Workflow,,,,[Events | DS] Luma - Events Management | SFDC Campaign Assignment; 0.00 [Batch Update] Quarantine // Churned Marketable Contacts; 0.01 [Batch Update] Remarketing // Active Non-Marketing Accounts (cloned); 1.0 DS – Pipeline Stage | Marketable Tagging,"1646770076, 1634220879, 1634483287, 1634483557",0.00 [Batch Update] Quarantine // Churned Marketable Contacts; 0.01 [Batch Update] Remarketing // Active Non-Marketing Accounts (cloned),"1634220879, 1634483287"
HubSpot Only,6,3,3,False,True,False,recent_deal_created_date,Recent Deal Created Date,date,companyinformation,nan,Company,True,False,False,False,Reed Marcus,Calculated property (1); Automation platform flow (4); Association card (1); Sales view (5); Properties v3 card (4); Association v3 card (1),6.93%,11/23/25 6:29 PM EST,Workflow,,,,company --> Contact - recent deal created date; Stamp recent deal created date - company; Stamp recent deal created date - company (cloned),"472961185, 473023613, 477253553",company --> Contact - recent deal created date; Lead converted to contact - Opp or Customer; Stamp recent deal created date - company (cloned),"472961185, 478015139, 477253553"
HubSpot Only,6,1,5,False,True,False,sdr_meeting_booked_,Meeting set?,enumeration,salesforceinformation,nan,Contact,True,False,False,False,Reed Marcus,Automation platform flow (6); Sales view (52); Properties v3 card (2),9.79%,11/23/25 11:45 AM EST,Workflow,,,,Status = Meeting Set,416527221,Contact made = yes; Meeting Set --> SQL = Yes; Playground signups --> status = new; Stamp meeting set date - contact; Status - attempting to reach,"566213962, 537218482, 565556096, 568555528, 429460006"
HubSpot Only,6,3,3,False,True,False,utm_funnel,utm_funnel (sfdc),string,lead_ads,nan,"Contact, Deal",True,False,False,False,Christopher Cooper,Form (14); Calculated property (1); Inbounddb lists (3); Automation platform flow (4); Report (1); Sales view (5); Properties v3 card (1),0.07%,11/23/25 10:32 AM EST,Forms,,,,0.03 Primary Inbound Channel | Initial Proxy Association; 0.04 L3 / Marketing Attribution | Initial Proxy Association (Phase 1); 0.05 Ad/Emails Touchpoint Influence,"1643168061, 1680343919, 1680997978",0.03 Primary Inbound Channel | Initial Proxy Association; 0.04 L3 / Marketing Attribution | Initial Proxy Association (Phase 1); 0.05 Ad/Emails Touchpoint Influence,"1643168061, 1680343919, 1680997978"
HubSpot Only,6,3,3,False,True,False,utm_ref,utm_ref (sfdc),string,lead_ads,Lead Ad Properties,"Contact, Deal",True,False,False,False,Christopher Cooper,Form (16); Calculated property (2); Inbounddb lists (3); Automation platform flow (4); Report (1); Sales view (5); Properties v3 card (1),0.5%,11/23/25 6:31 PM EST,Workflow,,,,0.03 Primary Inbound Channel | Initial Proxy Association; 0.04 L3 / Marketing Attribution | Initial Proxy Association (Phase 1); 0.05 Ad/Emails Touchpoint Influence,"1643168061, 1680343919, 1680997978",0.03 Primary Inbound Channel | Initial Proxy Association; 0.04 L3 / Marketing Attribution | Initial Proxy Association (Phase 1); 0.05 Ad/Emails Touchpoint Influence,"1643168061, 1680343919, 1680997978"
HubSpot Only,5,2,3,False,True,False,application_completed_date,Application completed date,date,salesforceinformation,nan,"Contact, Company, Deal",True,False,False,False,Reed Marcus,Automation platform flow (1); Sales view (1),1.04%,nan,nan,,,,App completed date - contact --> company; Application Completed Date - Company --> Deal,"463053454, 463000887",App completed after signup = yes; App completed date - contact --> company; Application Completed Date - Company --> Deal,"463006129, 463053454, 463000887"
HubSpot Only,5,3,2,False,True,False,campaign_drilldown_1,campaign/drilldown-1,string,companyinformation,nan,"Company, Deal",True,False,False,False,Reed Marcus,Automation platform flow (2); Properties v3 card (1),1.57%,11/23/25 2:21 PM EST,Workflow,,,,company --> deals - campaign/term; Contact --> Company - campaign/term generic; Deals - campaign/term drilldowns reconcile,"471389595, 471368502, 495339563",company --> deals - campaign/term; Deals - campaign/term drilldowns reconcile,"471389595, 495339563"
HubSpot Only,5,3,2,False,True,False,client_approved_,Client Approved?,enumeration,deal_information,nan,"Contact, Company, Deal",True,False,False,False,Reed Marcus,Automation platform flow (1); Sales view (2),2.17%,11/23/25 6:44 PM EST,Workflow,,,,Client Approved - Company --> Contacts; Client Approved - Deal --> Company; Client Approved? - deal,"558309953, 558307627, 558311214",Client Approved - Company --> Contacts; Client Approved - Deal --> Company,"558309953, 558307627"
HubSpot Only,5,3,2,False,True,False,first_deal_created_date,First Deal Created Date,datetime,deal_information,Date first deal was created for contact. Set automatically.,"Contact, Company",False,True,False,True,HubSpot,Inbounddb lists (1); Sales view (3),7.56%,11/23/25 6:28 PM EST,HubSpot Calculation,,,,Company --> Contact - First deal date; Company --> Contact - First deal date - custom list; Company --> Contact - First deal date - NEW Contact,"432439113, 556542829, 450672987",Company --> Contact - First deal date; Company --> Contact - First deal date - NEW Contact,"432439113, 450672987"
HubSpot Only,5,0,5,False,True,False,hs_analytics_first_referrer,First Referring Site,string,analyticsinformation,URL that referred the contact to your website. Set automatically.,Contact,False,True,False,True,HubSpot,Inbounddb lists (1); Automation platform flow (6); Sales view (131); Properties v3 card (1),3.93%,11/23/25 6:09 PM EST,Analytics,,,,,,IP + Other Reasons --> Unqualified = yes; Stamp Affiliate Subchannel; Stamp primary Inbound Channel - LATEST; Stamp primary Inbound Channel - ORIGINAL; Stamp Primary Inbound Channel - Specific Affiliates,"435464576, 457033617, 567765537, 455977533, 561347686"
HubSpot Only,5,0,5,False,True,False,hs_latest_source,Latest Traffic Source,enumeration,analyticsinformation,The source of the latest session for a contact,Contact,False,False,False,True,HubSpot,Automation platform flow (6); Sales view (152); Properties v3 card (1),100%,11/23/25 6:37 PM EST,Analytics,,,,,,Stamp Affiliate Subchannel; Stamp Marketing Lead Channel; Stamp primary Inbound Channel - LATEST; Utm_campaign/Drilldown 1; Utm_Term/Drilldown 2,"457033617, 534585231, 567765537, 464871489, 464869955"
Unmatched/Custom,5,0,5,False,False,False,hs_task_subject,,,,,,,,,,,,,,,,,,,,Contact made = yes; Placeholder Meeting Date; Status - attempting to reach; status - contact made; Status = Meeting Set,"566213962, 478213203, 429460006, 481585940, 416527221"
HubSpot Only,5,2,3,False,True,False,inbound_subchannel,Affiliate Subchannel,string,contactinformation,nan,Contact,True,False,False,False,Reed Marcus,Automation platform flow (3); Sales view (3); Properties v3 card (2),2.66%,11/23/25 2:09 AM EST,Workflow,,,,Affiliate Subchannel - Contact --> Company; Stamp Affiliate Subchannel,"559222836, 457033617",Affiliate Subchannel - Contact --> Company; Stamp Affiliate Subchannel; Stamp Primary Inbound Channel - Specific Affiliates,"559222836, 457033617, 561347686"
HubSpot Only,5,2,3,False,True,False,leadsource__c,Conversion Page,string,salesforceinformation,nan,Contact,True,False,False,False,Unknown user,Inbounddb lists (7); Automation platform flow (5); Report (1); Sales view (36); Properties v3 card (1),11.43%,11/23/25 6:21 PM EST,Workflow,,,,First Conversion Mapping [Reed]; Signup Conversion page - Contact --> Company,"431054521, 503483801",0.06 Partner Assignment | Form Attribution; First Conversion Mapping [Reed]; Stamp primary Inbound Channel - ORIGINAL,"1652383656, 431054521, 455977533"
HubSpot Only,5,2,3,False,True,False,referrer__c,Referrer - text,string,salesforceinformation,nan,Contact,True,False,False,False,Unknown user,Form (12); Inbounddb lists (1); Automation platform flow (5); Sales view (12); Properties v3 card (1),0.95%,11/23/25 5:39 PM EST,Workflow,,,,0.06 Partner Assignment | Form Attribution; partner page utms,"1652383656, 467996015",Partner key --> Lead Source = Partner; Stamp Affiliate Subchannel; Stamp primary Inbound Channel - ORIGINAL,"446002076, 457033617, 455977533"
HubSpot Only,5,0,5,False,True,False,salesforcecontactid,Salesforce Contact ID,string,salesforceinformation,nan,Contact,False,True,False,True,HubSpot,Calculated property (1); Inbounddb lists (2); Automation platform flow (6); Sales view (40); Properties v3 card (1),86.47%,11/23/25 6:28 PM EST,Salesforce,,,,,,^Lead converted to contact - Status = New; Bottom Funnel - Seller Notification; Inbound Type = Warm --> Set properties to route; Lead converted to contact - Opp or Customer; Playground signups --> status = new,"478017128, 535329056, 588156696, 478015139, 565556096"
HubSpot Only,4,2,2,False,True,False,affiliate_subchannel,Affiliate Subchannel,string,company_activity,nan,"Company, Deal",True,False,False,False,Reed Marcus,Automation platform flow (2); Properties v3 card (2),3.51%,11/22/25 7:13 PM EST,Workflow,,,,Affiliate Subchannel - Company --> Deal; Affiliate Subchannel - Contact --> Company,"559233027, 559222836",Affiliate Subchannel - Company --> Deal; Affiliate Subchannel - Contact --> Company,"559233027, 559222836"
HubSpot Only,4,2,2,False,True,False,apollo_employees,Apollo Employees,string,contactinformation,nan,"Contact, Company, Deal",True,False,False,False,Reed Marcus,Automation platform flow (1); Sales view (7),62.85%,11/15/24 1:19 PM EST,Workflow,,,,# of Employee properties - Company to Deal; Apollo Revenue - Company --> Contact,"568330583, 543410706",# of Employee properties - Company to Deal; Apollo Revenue - Company --> Contact,"568330583, 543410706"
HubSpot Only,4,2,2,False,True,False,bot_check__boolean___dataops,"Bot Check, Boolean | DataOps",string,contactinformation,nan,Contact,True,False,False,False,Christopher Cooper,Automation platform flow (3); Sales view (1); Properties v3 card (1),0.13%,11/23/25 6:13 PM EST,Workflow,,,,0.1.1 Submission/Approval Track; Stamp Lifecycle Stage Text,"1649020849, 570915180",0.1.1 Submission/Approval Track; Stamp Lifecycle Stage Text,"1649020849, 570915180"
HubSpot Only,4,2,2,False,True,False,bot_check__score___dataops,"Bot Check, Score | DataOps",number,contactinformation,nan,Contact,True,False,False,False,Christopher Cooper,Automation platform flow (3); Sales view (1); Properties v3 card (1),0.13%,11/23/25 6:13 PM EST,Workflow,,,,0.1.1 Submission/Approval Track; Stamp Lifecycle Stage Text,"1649020849, 570915180",0.1.1 Submission/Approval Track; Stamp Lifecycle Stage Text,"1649020849, 570915180"
HubSpot Only,4,2,2,False,True,False,company_create_date,Company Create Date,date,contactinformation,nan,"Contact, Company",True,False,False,False,Reed Marcus,Automation platform flow (1); Sales view (10); Properties v3 card (1),80.53%,11/23/25 6:29 PM EST,Workflow,,,,Company - Create Date --> Company Create Date; Copy company create date to contact,"432917090, 432420986",Company - Create Date --> Company Create Date; Copy company create date to contact,"432917090, 432420986"
HubSpot Only,4,2,2,False,True,False,company_last_activity_date,Company Last Activity Date,date,contactinformation,nan,"Contact, Company",True,False,False,False,Reed Marcus,Automation platform flow (1); Sales view (12); Properties v3 card (1),42.79%,11/23/25 4:35 PM EST,Workflow,,,,Company - Activity Date --> Company Activity Date; Company --> Contact - Last activity date,"432914038, 432438160",Company - Activity Date --> Company Activity Date; Company --> Contact - Last activity date,"432914038, 432438160"
HubSpot Only,4,2,2,False,True,False,company_recent_deal_created_date,Company recent deal created date,date,contactinformation,nan,Contact,True,False,False,False,Reed Marcus,Automation platform flow (2); Sales view (2); Properties v3 card (1),14.65%,11/23/25 6:38 PM EST,Workflow,,,,company --> Contact - recent deal created date; First Deal --> Recent Deal - Contact,"472961185, 473020495",company --> Contact - recent deal created date; First Deal --> Recent Deal - Contact,"472961185, 473020495"
HubSpot Only,4,2,2,False,True,False,exclusion_list_,Exclusion List?,enumeration,contactinformation,nan,Contact,True,False,False,False,Reed Marcus,Form (1); Automation platform flow (2),57.08%,11/23/25 6:38 PM EST,Workflow,,,,Exclusion List = no; Exclusion List = yes,"578684426, 578681952",Exclusion List = no; Exclusion List = yes,"578684426, 578681952"
HubSpot Only,4,1,3,False,True,False,hs_latest_source_data_2,Latest Traffic Source Drill-Down 2,string,analyticsinformation,Additional information about the source for the last session the contact used to find your website. Set automatically.,Contact,False,True,False,True,HubSpot,Automation platform flow (4); Report (1); Sales view (153); Properties v3 card (1),96.05%,11/23/25 6:37 PM EST,Analytics,,,,Utm_Term/Drilldown 2,464869955,Marketing Lead Gen - Navattic --> Stamp Properties; Stamp primary Inbound Channel - LATEST; Utm_Term/Drilldown 2,"505432158, 567765537, 464869955"
HubSpot Only,4,2,2,False,True,False,last_came_inbound,Last Came Inbound,date,conversioninformation,nan,Company,True,False,False,False,Reed Marcus,Calculated property (1); Inbounddb lists (2); Automation platform flow (4); Report (4); Sales view (7); Properties v3 card (2),7.15%,11/23/25 6:29 PM EST,Workflow,,,,Company --> Contact - Company Last Came Inbound; Copy DAI from contact to Company - Last came inbound,"455668789, 455633975",Company --> Contact - Company Last Came Inbound; Lead Nurturing signup - company,"455668789, 469995015"
HubSpot Only,4,1,3,False,True,False,latest_disposition,Latest Disposition,string,salesforceinformation,nan,"Contact, Deal",True,False,False,False,Reed Marcus,Automation platform flow (3); Sales view (25),1.65%,nan,nan,,,,Latest Disposition - Contact --> Deal,573911659,Latest Disposition - Contact --> Deal; status - contact made; Status = Meeting Set,"573911659, 481585940, 416527221"
HubSpot Only,4,2,2,False,True,False,lead_nurturing_end_date,LN end date,date,contactinformation,nan,Contact,True,False,False,False,Reed Marcus,Automation platform flow (2); Sales view (11); Properties v3 card (1),25.67%,11/21/25 4:17 PM EST,Workflow,,,,Lead nurturing finished --> Stamp LN end date; Stamp Lead Nurturing Signup + finished,"504730640, 461440423",Lead nurturing finished --> Stamp LN end date; Stamp Lead Nurturing Signup + finished,"504730640, 461440423"
HubSpot Only,4,3,1,False,True,False,ny_rbnyc,NY RBNYC,enumeration,contactinformation,nan,"Contact, Company, Deal",True,False,False,False,Reed Marcus,Inbounddb lists (1); Automation platform flow (3); Report (2); Sales view (18),3.92%,11/22/25 5:45 PM EST,Workflow,,,,Event = Tech week --> Set as rho banks nyc and nyrbnyc -; NY RBNYC - Company --> Contact + Deal; NY RBNYC - contact --> Company and Deal,"585586772, 573638972, 573652335",NY RBNYC - Company --> Contact + Deal,573638972
HubSpot Only,4,2,2,False,True,False,pipeline_stage__change_count,Pipeline Stage: Change Count,number,contactinformation,nan,Contact,False,False,False,False,Christopher Cooper,Inbounddb lists (1); Automation platform flow (2); Sales view (8),99.99%,11/23/25 6:48 PM EST,Workflow,,,,1.1 DS – Pipeline Stage | State Tagging; 1.2 DS – Pipeline Stage | State Change Tracking [DRAFT],"1635901254, 1634440478",1.1 DS – Pipeline Stage | State Tagging; 1.2 DS – Pipeline Stage | State Change Tracking [DRAFT],"1635901254, 1634440478"
HubSpot Only,4,2,2,False,True,False,placeholder_meeting_date,Placeholder Meeting Date,date,companyinformation,nan,"Company, Deal",True,False,False,False,Reed Marcus,Automation platform flow (3); Properties v3 card (1),0.05%,11/7/25 4:30 PM EST,Workflow,,,,Placeholder Meeting Date; Placeholder Meeting Date Company --> Deal,"478213203, 478213209",Lead Nurturing signup - company; Placeholder Meeting Date Company --> Deal,"469995015, 478213209"
HubSpot Only,4,2,2,False,True,False,primary_inbound_channel__l1____deal___proxy,PIC [L1: Channel] | Deal - Proxy,enumeration,dealinformation,nan,Deal,True,False,False,False,Christopher Cooper,Automation platform flow (2); Report (3); Sales view (6); Properties v3 card (1),97.87%,11/23/25 6:33 PM EST,Workflow,,,,0.03 Primary Inbound Channel | Initial Proxy Association; 0.1.0 Primary Inbound Channel | Level 1-3 Mapping,"1643168061, 1645671171",0.03 Primary Inbound Channel | Initial Proxy Association; 0.1.0 Primary Inbound Channel | Level 1-3 Mapping,"1643168061, 1645671171"
HubSpot Only,4,0,4,False,True,False,referrer,referrer - app,string,contactinformation,nan,"Contact, Company, Deal",True,False,False,False,Reed Marcus,Form (11); Inbounddb lists (1); Automation platform flow (4); Sales view (23); Properties v3 card (1),2.2%,11/23/25 3:27 PM EST,Forms,,,,,,Signup Conversion Page - New; Signup Conversion Page - OTHER; Stamp primary Inbound Channel - ORIGINAL; Stamp Primary Inbound Channel - Specific Affiliates,"514549792, 567751822, 455977533, 561347686"
HubSpot Only,4,2,2,False,True,False,rho_banks_nyc_,Rho Banks NYC,enumeration,dealinformation,nan,Deal,True,False,False,False,Reed Marcus,Automation platform flow (4); Report (8); Sales view (3); Dashboard (1),14.48%,11/23/25 5:50 PM EST,Workflow,,,,Rho Banks NYC - Contact --> Deal; rho banks nyc - deal,"573498148, 573497884",Rho banks nyc - deal --> company; Rho Banks NYC/Hubspot-VC- contact,"573503127, 573508636"
HubSpot Only,4,2,2,False,True,False,sal_date,SAL Date,date,contactinformation,nan,"Contact, Company",True,False,False,False,Reed Marcus,Automation platform flow (2); Sales view (2),7.76%,11/23/25 6:44 PM EST,Workflow,,,,SAL Date - Company --> Contact; SAL Date - Deal --> Company,"557730488, 570909262",SAL Date - Company --> Contact; SAL Date - Deal --> Company,"557730488, 570909262"
HubSpot Only,4,3,1,False,True,False,salesforce_inclusion_string,Salesforce Inclusion (string),string,contactinformation,nan,Contact,True,False,False,False,Rho Email Proofing,Form (18); Inbounddb lists (1); Automation platform flow (4); Sales view (12),6.25%,11/23/25 6:13 PM EST,Workflow,,,,[Master] Saleforce Inclusion Trigger; 0.1.1 Submission/Approval Track; Stamp Lifecycle Stage Text,"502383418, 1649020849, 570915180",[Master] Saleforce Inclusion Trigger,502383418
HubSpot Only,4,2,2,False,True,False,sector,Sector,string,contactinformation,nan,"Contact, Deal",True,False,False,False,Reed Marcus,Inbounddb lists (1); Automation platform flow (1); Report (6); Sales view (11),62.31%,11/21/25 2:16 PM EST,Workflow,,,,Copy company sector to contact; Sector - Company --> Deal,"436197894, 483565090",Copy company sector to contact; Sector - Company --> Deal,"436197894, 483565090"
HubSpot Only,4,2,2,False,True,False,self_serve_bucket,Signup Bucket,enumeration,contactinformation,nan,Contact,True,False,False,False,Reed Marcus,Automation platform flow (2); Sales view (38),8.77%,11/23/25 6:37 PM EST,Workflow,,,,non-mql --> MQL - signup bucket; Signup Buckets - Self-Serve,"482590519, 482504852",non-mql --> MQL - signup bucket; Signup Buckets - Self-Serve,"482590519, 482504852"
HubSpot Only,4,2,2,False,True,False,sign_up_flow_employees,Sign Up Flow Employees ,enumeration,conversioninformation,nan,"Company, Deal",True,False,False,False,Reed Marcus,Automation platform flow (2); Sales view (1); Properties v3 card (1),5.7%,11/23/25 6:29 PM EST,Workflow,,,,Company --> Deal - sign up flow revenue and employees; Contact --> Company - Rev and employees signup,"472378901, 472337558",Company --> Deal - sign up flow revenue and employees; Contact --> Company - Rev and employees signup,"472378901, 472337558"
HubSpot Only,4,2,2,False,True,False,sign_up_flow_estimated_annual_revenue,Sign Up Flow Estimated Annual Revenue,enumeration,conversioninformation,nan,"Company, Deal",True,False,False,False,Reed Marcus,Automation platform flow (2); Sales view (1); Properties v3 card (1),5.38%,11/23/25 5:38 PM EST,Workflow,,,,Company --> Deal - sign up flow revenue and employees; Contact --> Company - Rev and employees signup,"472378901, 472337558",Company --> Deal - sign up flow revenue and employees; Contact --> Company - Rev and employees signup,"472378901, 472337558"
HubSpot Only,4,2,2,False,True,False,timestamp__account_activated,Account Activated Date,date,deal_information,nan,"Contact, Company",True,False,False,False,Reed Marcus,Inbounddb lists (2); Automation platform flow (1); Report (5); Sales view (1); Properties v3 card (1),3.99%,11/23/25 3:43 PM EST,Workflow,,,,Account Activated - Deal --> Company; Activated Date - Company --> Contact,"557685650, 557685654",Account Activated - Deal --> Company; Activated Date - Company --> Contact,"557685650, 557685654"
HubSpot Only,4,2,2,False,True,False,utm_campaign_drilldown_1,campaign/drilldown-1,string,contactinformation,nan,Contact,True,False,False,False,Reed Marcus,Automation platform flow (3); Report (1); Sales view (71); Properties v3 card (2),1.47%,11/23/25 6:12 PM EST,Workflow,,,,Contact --> Company - campaign/term generic; Utm_campaign/Drilldown 1,"471368502, 464871489",Contact --> Company - campaign/term generic; Utm_Term/Drilldown 2,"471368502, 464869955"
HubSpot Only,3,3,0,False,True,False,campaign_enrollment_log__journey_tracking,Campaign Enrollment Log | Journey Tracking,enumeration,contactinformation,nan,Contact,True,False,False,False,Christopher Cooper,Automation platform flow (3),0.57%,11/23/25 6:27 PM EST,Workflow,,,,{Draft} DS – ABM: Early Stage (Targeted Comms) | Funnel Optimization; DS – Application: Abandonment Reengagement | Funnel Optimization; DS – Customer Onboarding: Founders | Lifecycle Engagement,"1654169864, 1647349648, 1637317728",,
HubSpot Only,3,2,1,False,True,False,company_first_came_inbound,Company First Came Inbound,date,contactinformation,nan,Contact,True,False,False,False,Reed Marcus,Automation platform flow (2); Sales view (3); Properties v3 card (1),13.99%,11/23/25 6:29 PM EST,Workflow,,,,Company --> Contact - Company First Came Inbound; Contact --> Company cleanup,"455633981, 466502472",Contact --> Company cleanup,466502472
HubSpot Only,3,2,1,False,True,False,deal_close_date,Deal Close Date,date,contactinformation,nan,"Contact, Company",True,False,False,False,Reed Marcus,Automation platform flow (1); Sales view (2); Properties v3 card (1),0.67%,11/12/25 8:12 AM EST,Workflow,,,,Company --> Contact - close date; Deal --> Company - Close Date (cloned),"432447543, 432462168",Company --> Contact - close date,432447543
HubSpot Only,3,2,1,False,True,False,deal_name,Deal Name,string,deal_information,nan,"Contact, Company",True,False,False,False,Reed Marcus,Automation platform flow (2); Sales view (17),9.98%,11/23/25 6:29 PM EST,Workflow,,,,Company --> Contact - Deal Name; Deal --> Company - deal name,"436349455, 436334991",Company --> Contact - Deal Name,436349455
HubSpot Only,3,2,1,False,True,False,dli___proxy,DLI - Proxy,date,contactinformation,nan,Contact,True,False,False,False,Reed Marcus,Automation platform flow (3); Sales view (1),11.07%,11/23/25 6:11 PM EST,Workflow,,,,DLI - PROXY; Proxy DAI --> DAI,"456140686, 456967082",Proxy DAI --> DAI,456967082
HubSpot Only,3,3,0,False,True,False,experiment_log,Experiment Log | Journey Tracking,enumeration,contactinformation,nan,Contact,True,False,False,False,Christopher Cooper,Automation platform flow (3); Report (1); Sales view (2),0.05%,11/22/25 9:10 AM EST,Workflow,,,,{Draft} DS – ABM: Early Stage (Targeted Comms) | Funnel Optimization; DS – Application: Abandonment Reengagement | Funnel Optimization; DS – Customer Onboarding: Founders | Lifecycle Engagement,"1654169864, 1647349648, 1637317728",,
HubSpot Only,3,1,2,False,True,False,gmail_email,Gmail email?,enumeration,contactinformation,nan,Contact,True,False,False,False,Reed Marcus,Automation platform flow (3); Report (1); Sales view (20),95.42%,9/30/25 2:38 PM EDT,Workflow,,,,Mark as gmail,440424074,Facebook Form Signups --> Properties; Qualified Lead Trigger - Clearbit/HubSpot - Revenue,"492655402, 429638327"
Unmatched/Custom,3,0,3,False,False,False,hs_email_campaign_group_id,,,,,,,,,,,,,,,,,,,,Emails Clicked - Contact --> Company; Emails Opened - Contact --> Company; Emails Sent - Contact --> Company,"457760939, 457838008, 457838087"
HubSpot Only,3,0,3,False,True,False,hs_email_domain,Email Domain,string,contactinformation,A contact's email address domain,Contact,False,True,True,True,HubSpot,Inbounddb lists (5); Automation platform flow (3); Sales view (15),99.47%,11/23/25 6:37 PM EST,HubSpot Calculation,,,,,,Mark As Other--> Unqualified = yes; Set Inbound Type - Self Serve + Contact Sales; Treasury Yield | Field Update (Cloned on 9/10/2025),"427220396, 499504417, 1692937003"
HubSpot Only,3,0,3,False,True,False,hs_marketable_status,Marketing contact status,enumeration,contactinformation,The marketing status of a contact,Contact,False,True,False,True,HubSpot,Inbounddb lists (27); Automation platform flow (3); Report (19); Association card (1); Sales view (84); Dashboard (1); Properties v3 card (2); Association v3 card (1),100%,11/23/25 6:37 PM EST,Integration,,,,,,0.00 [Batch Update] Quarantine // Churned Marketable Contacts; 0.01 [Batch Update] Remarketing // Active Non-Marketing Accounts (cloned); LN status = finished --> set as non marketing contact,"1634220879, 1634483287, 491121588"
HubSpot Only,3,2,1,False,True,False,inbound_action,Inbound Action,enumeration,contactinformation,nan,Contact,True,False,False,False,Reed Marcus,Automation platform flow (3); Sales view (9),0.67%,11/6/25 3:04 PM EST,Workflow,,,,Marketing Lead Gen - Downloads --> Lifecycle stage = Marketing Lead; Marketing Lead Gen - Navattic --> Stamp Properties,"495403153, 505432158",Stamp Marketing Lead Source - Ebooks,502379927
HubSpot Only,3,1,2,False,True,False,last_page_seen__deal_string,Last Page Seen | Deal (String),string,dealinformation,nan,Deal,True,False,False,False,Christopher Cooper,Automation platform flow (3); Sales view (4),5.22%,11/23/25 6:34 PM EST,Workflow,,,,0.05 Ad/Emails Touchpoint Influence,1680997978,0.04 L3 / Marketing Attribution | Initial Proxy Association (Phase 1); 0.07 Strategic Initiatives | Deal Assignment (All Associations),"1680343919, 1686474560"
HubSpot Only,3,2,1,False,True,False,lead_nurturing_path,Lead Nurturing Path,enumeration,companyinformation, ,"Company, Deal",True,False,False,False,Reed Marcus,Automation platform flow (2); Report (3); Sales view (2),28.58%,1/21/25 1:54 PM EST,Workflow,,,,Lead Nurturing Path - Company --> Deal; Lead Nurturing Path - Contact --> Company,"508453013, 508455801",Lead Nurturing Path - Company --> Deal,508453013
HubSpot Only,3,2,1,False,True,False,opportunity_stage,Deal Stage,string,deal_information,nan,Company,True,False,False,False,Reed Marcus,Inbounddb lists (4); Automation platform flow (2); Sales view (6); Properties v3 card (3),6.74%,11/23/25 6:29 PM EST,Workflow,,,,Deal Stage - Company --> Contact; Deal Stage --> Deal --> Company,"555253071, 415719269",Deal Stage - Company --> Contact,555253071
HubSpot Only,3,1,2,False,True,False,pic___contact,Contact - PIC,enumeration,dealinformation,nan,Deal,False,True,True,False,Reed Marcus,Automation platform flow (2); Sales view (2),49.42%,11/23/25 6:28 PM EST,HubSpot Calculation,,,,Deal - Contact PIC was updated - Update on Deal,585380896,Deal - Contact PIC was updated - Update on Deal; Inbound Channel Bucket - Deal,"585380896, 583258402"
HubSpot Only,3,1,2,False,True,False,pic__l3__marketing_inbound__deal_string_,"PIC [L3, 0.1: Marketing Inbound – Initial State] | Deal (String)",string,dealinformation,nan,Deal,True,False,False,False,Christopher Cooper,Rollup property (1); Automation platform flow (3); Report (1); Sales view (9); Properties v3 card (1),26.4%,11/23/25 6:33 PM EST,Workflow,,,,0.04 L3 / Marketing Attribution | Initial Proxy Association (Phase 1),1680343919,0.04 L3 / Marketing Attribution | Initial Proxy Association (Phase 1); 0.05 Ad/Emails Touchpoint Influence,"1680343919, 1680997978"
HubSpot Only,3,0,3,False,True,False,pic__l3__reenrollment_cc_deal__boolean,PIC [L3: ReEnrollment - CC] | Deal (Boolean),enumeration,dealinformation,nan,Deal,True,False,False,False,Christopher Cooper,Automation platform flow (3); Sales view (9),0.4%,11/5/25 5:28 PM EST,CRM UI Bulk Action,,,,,,0.04 L3 / Marketing Attribution | Initial Proxy Association (Phase 1); 0.05 Ad/Emails Touchpoint Influence; 0.07 Strategic Initiatives | Deal Assignment (All Associations),"1680343919, 1680997978, 1686474560"
HubSpot Only,3,2,1,False,True,False,pipeline_stage__change_log,Pipeline Stage: Change Log,string,contactinformation,nan,Contact,False,False,False,False,Christopher Cooper,Inbounddb lists (1); Automation platform flow (2); Sales view (1),98.52%,11/23/25 6:48 PM EST,Workflow,,,,1.1 DS – Pipeline Stage | State Tagging; 1.2 DS – Pipeline Stage | State Change Tracking [DRAFT],"1635901254, 1634440478",1.1 DS – Pipeline Stage | State Tagging,1635901254
HubSpot Only,3,1,2,False,True,False,playground_,Playground?,enumeration,contactinformation,nan,Contact,True,False,False,False,Reed Marcus,Inbounddb lists (1); Automation platform flow (3); Sales view (5),1.1%,9/30/25 10:22 AM EDT,Workflow,,,,Part of Playground = Yes,536119865,Playground signups --> status = new; Set Inbound Type - Self Serve + Contact Sales,"565556096, 499504417"
HubSpot Only,3,0,3,False,True,False,recent_conversion_date,Recent Conversion Date,datetime,conversioninformation,The date this contact last submitted a form,"Contact, Company",False,True,True,True,HubSpot,Inbounddb lists (1); Automation platform flow (5); Report (2); Sales view (89); Properties v3 card (1),7.32%,11/23/25 6:11 PM EST,HubSpot Calculation,,,,,,0.04 L3 / Marketing Attribution | Initial Proxy Association (Phase 1); Stamp Ad Group Name - Facebook; Stamp Date Lead Came Inbound,"1680343919, 502413429, 416407630"
HubSpot Only,3,2,1,False,True,False,rho_use_case,Rho Use Case,enumeration,contactinformation,nan,"Contact, Company",True,False,False,False,Reed Marcus,Automation platform flow (1),3.11%,11/21/25 7:14 PM EST,Workflow,,,,Company --> Contact - Rho Use case; Deal --> Company - rho use case,"553171267, 472293733",Company --> Contact - Rho Use case,553171267
HubSpot Only,3,3,0,False,True,False,sal_,SAL?,enumeration,contactinformation,nan,"Contact, Company, Deal",True,False,False,False,Reed Marcus,Automation platform flow (2); Sales view (3),8.03%,11/23/25 6:44 PM EST,Workflow,,,,Deal - SAL = yes; SAL Date - Company --> Contact; SAL Date - Deal --> Company,"554266371, 557730488, 570909262",,
HubSpot Only,3,0,3,False,True,False,utm_check__deal_sync_c,UTM Check | Deal (Sync-C),number,dealinformation,nan,Deal,False,True,True,False,Christopher Cooper,Automation platform flow (3); Sales view (9); Properties v3 card (1),95.13%,11/23/25 6:28 PM EST,HubSpot Calculation,,,,,,0.04 L3 / Marketing Attribution | Initial Proxy Association (Phase 1); 0.05 Ad/Emails Touchpoint Influence; 0.07 Strategic Initiatives | Deal Assignment (All Associations),"1680343919, 1680997978, 1686474560"
HubSpot Only,2,2,0,False,True,False,account_activated_,Account activated? ,enumeration,contactinformation,nan,"Contact, Company",True,False,False,False,Reed Marcus,Automation platform flow (1),3.87%,11/23/25 3:43 PM EST,Workflow,,,,Account Activated - Deal --> Company; Activated Date - Company --> Contact,"557685650, 557685654",,
HubSpot Only,2,2,0,False,True,False,account_source___from_lead,Account source - from lead,string,contactinformation,nan,Contact,True,False,False,False,Reed Marcus,Automation platform flow (2),76.56%,11/23/25 6:12 PM EST,Workflow,,,,Account source from lead; copy account source to contact,"436151889, 430169948",,
HubSpot Only,2,2,0,False,True,False,account_source_from_lead,Account source from lead,string,companyinformation,nan,Company,True,False,False,False,Reed Marcus,Automation platform flow (2),88.51%,11/23/25 6:44 PM EST,Workflow,,,,Account source from lead; copy account source to contact,"436151889, 430169948",,
HubSpot Only,2,1,1,False,True,False,ad_group_name,Ad Group Name,string,contactinformation,nan,Contact,True,False,False,False,Reed Marcus,Automation platform flow (1); Sales view (21); Properties v3 card (2),0.15%,nan,nan,,,,Stamp Ad Group Name - Facebook,502413429,Stamp Ad Group Name - Facebook,502413429
HubSpot Only,2,1,1,False,True,False,apollo_industry,Apollo Industry,string,contactinformation,nan,"Contact, Company",True,False,False,False,Reed Marcus,Automation platform flow (1); Sales view (2),0%,9/13/24 12:56 PM EDT,Workflow,,,,Apollo Revenue - Company --> Contact,543410706,Apollo Revenue - Company --> Contact,543410706
HubSpot Only,2,1,1,False,True,False,apollo_revenue,Apollo Revenue,string,contactinformation,nan,"Contact, Company",True,False,False,False,Reed Marcus,Automation platform flow (1); Sales view (4),52.51%,10/30/24 10:57 PM EDT,Workflow,,,,Apollo Revenue - Company --> Contact,543410706,Apollo Revenue - Company --> Contact,543410706
HubSpot Only,2,0,2,False,True,False,application_completed,Application completed?,enumeration,salesforceinformation,nan,Contact,True,False,False,False,Reed Marcus,Automation platform flow (2); Sales view (95),67.39%,nan,nan,,,,,,non-mql --> MQL - signup bucket; Signup Buckets - Self-Serve,"482590519, 482504852"
HubSpot Only,2,1,1,False,True,False,bf_warm,BF-Warm,enumeration,contactinformation,nan,Contact,True,False,False,False,Reed Marcus,Automation platform flow (2); Sales view (1),0.05%,9/3/25 12:25 PM EDT,Workflow,,,,Set Inbound Type - Bottom Funnel Warm,535321510,Inbound Type = Warm --> Set properties to route,588156696
HubSpot Only,2,0,2,False,True,False,call_attempts,Call Attempts,number,salesforceinformation,nan,Contact,True,False,False,False,Reed Marcus,Automation platform flow (2); Sales view (48); Properties v3 card (1),2.37%,nan,nan,,,,,,Call Made = Yes; Status - attempting to reach,"525613921, 429460006"
HubSpot Only,2,1,1,False,True,False,campaign,Account Engagement Campaign,string,contactinformation,nan,Contact,True,False,False,False,Reed Marcus,Automation platform flow (1); Sales view (10),44.18%,12/3/24 2:59 PM EST,Import,,,,copy account engagement to company,431449402,copy account engagement to company,431449402
HubSpot Only,2,1,1,False,True,False,clearbit_employees,Clearbit Employees,string,companyinformation,nan,"Company, Deal",True,False,False,False,Reed Marcus,Inbounddb lists (2); Automation platform flow (1); Sales view (2); Properties v3 card (1),0.01%,2/5/25 12:17 PM EST,Integration,,,,# of Employee properties - Company to Deal,568330583,# of Employee properties - Company to Deal,568330583
HubSpot Only,2,1,1,False,True,False,clearbit_revenue,Clearbit Revenue,string,dealinformation,nan,Deal,True,False,False,False,Reed Marcus,Automation platform flow (1); Sales view (13),43.95%,11/23/25 5:50 PM EST,Workflow,,,,Clearbit Revenue - Contact --> Deal,558374700,Clearbit Revenue - Contact --> Deal,558374700
HubSpot Only,2,2,0,False,True,False,closed_won_,Activated?,enumeration,salesforceinformation,nan,Deal,True,False,False,False,Reed Marcus,Automation platform flow (2); Object score property (1); Report (3); Sales view (2),87.15%,11/23/25 6:44 PM EST,Workflow,,,,Closed Won = No; Closed Won = Yes,"476532634, 476369192",,
HubSpot Only,2,1,1,False,True,False,company_owner,Company owner,enumeration,contactinformation,nan,Contact,False,False,False,False,Reed Marcus,Automation platform flow (1); Sales view (15); Properties v3 card (1),68.76%,9/18/25 2:20 PM EDT,CRM UI,,,,Contact Company Owner --> Company Owner,589792928,Contact Company Owner --> Company Owner,589792928
HubSpot Only,2,1,1,False,True,False,contact___bucket,Contact - Bucket,enumeration,dealinformation,nan,Deal,False,True,True,False,Reed Marcus,Automation platform flow (1); Sales view (1),48.91%,11/23/25 6:28 PM EST,HubSpot Calculation,,,,Inbound Channel Bucket - Deal,583258402,Inbound Channel Bucket - Deal,583258402
HubSpot Only,2,1,1,False,True,False,conversion_date,Account Engagement Conversion Date,date,contactinformation,nan,Contact,True,False,False,False,Reed Marcus,Automation platform flow (1); Sales view (3),5.01%,nan,nan,,,,copy account engagement to company,431449402,copy account engagement to company,431449402
HubSpot Only,2,2,0,False,True,False,credit_app_status,Credit App Status,string,contactinformation,nan,"Contact, Deal",True,False,False,False,Reed Marcus,Automation platform flow (1); Sales view (1),1.64%,11/21/25 4:53 PM EST,Workflow,,,,Credit App Status - Company --> contact; Credit App Status - Company --> Deal,"575011141, 573904764",,
HubSpot Only,2,1,1,False,True,False,deal___event,Deal - Event,enumeration,deal_information,nan,Contact,False,True,True,False,Reed Marcus,Automation platform flow (1); Sales view (12),0.69%,11/22/25 3:57 PM EST,HubSpot Calculation,,,,Contact - Deal Event is updated - Update on Contact,585236254,Contact - Deal Event is updated - Update on Contact,585236254
HubSpot Only,2,1,1,False,True,False,entity_signatory_title___safe_note_generator,Entity Signatory Title | Safe Note Generator,string,contactinformation,nan,Contact,True,False,False,False,Christopher Cooper,Form (1); Automation platform flow (1),0.02%,11/23/25 4:39 PM EST,Workflow,,,,DS - Leads: Growth Tools (Safe/Invoice) | Funnel Optimization,1655787627,DS - Leads: Growth Tools (Safe/Invoice) | Funnel Optimization,1655787627
HubSpot Only,2,1,1,False,True,False,event___contact,Contact - Event,enumeration,dealinformation,nan,Deal,False,True,True,False,Reed Marcus,Automation platform flow (1); Sales view (1),11.11%,11/23/25 2:26 AM EST,HubSpot Calculation,,,,Deal - Contact Event was updated - Update on Deal,585380901,Deal - Contact Event was updated - Update on Deal,585380901
HubSpot Only,2,1,1,False,True,False,first_activity_date,First Activity Date,date,contactinformation,nan,Contact,True,False,False,False,Reed Marcus,Automation platform flow (1); Sales view (1); Properties v3 card (1),3.41%,11/19/25 1:46 PM EST,Workflow,,,,Stamp first activity date,530125645,Stamp first activity date,530125645
HubSpot Only,2,0,2,False,True,False,full_name__daops,Full Name | DataOps,string,contactscripted,nan,Contact,False,True,True,False,Christopher Cooper,Automation platform flow (2),0.45%,11/23/25 4:39 PM EST,HubSpot Calculation,,,,,,0.1.2 Segmentation Tagging | Database Management; DS - Leads: Growth Tools (Safe/Invoice) | Funnel Optimization,"1659624055, 1655787627"
HubSpot Only,2,0,2,False,True,False,google_ad_lead__growth_forms,Google Ad Lead | Growth Forms,enumeration,contactinformation,nan,Contact,True,False,False,False,Christopher Cooper,Inbounddb lists (1); Automation platform flow (2); Sales view (1),0%,7/22/25 1:43 PM EDT,CRM UI,,,,,,[Events | DS] Luma - Events Management | SFDC Campaign Assignment; [Master] Saleforce Inclusion Trigger,"1646770076, 502383418"
HubSpot Only,2,0,2,False,True,False,hs_analytics_last_referrer,Last Referring Site,string,analyticsinformation,Last URL that referred contact to your website. Set automatically.,Contact,False,True,False,True,HubSpot,Automation platform flow (3); Sales view (77); Properties v3 card (1),5.01%,11/23/25 6:09 PM EST,Analytics,,,,,,Stamp primary Inbound Channel - LATEST; Stamp primary Inbound Channel - ORIGINAL,"567765537, 455977533"
HubSpot Only,2,0,2,False,True,False,hs_analytics_latest_source,Latest Traffic Source,enumeration,companyinformation,Source of the last session attributed to any contacts that are associated with this company,"Company, Deal",False,True,False,True,HubSpot,Properties v3 card (1),84.23%,11/23/25 6:38 PM EST,HubSpot Calculation,,,,,,0.05 Ad/Emails Touchpoint Influence; Deals - campaign/term drilldowns reconcile,"1680997978, 495339563"
HubSpot Only,2,1,1,False,True,False,hs_analytics_latest_source_data_1,Latest Traffic Source Data 1,string,companyinformation,Additional source details of the last session attributed to any contacts that are associated with this company,"Company, Deal",False,True,False,True,HubSpot,Sales view (1); Properties v3 card (1),84.23%,11/23/25 6:38 PM EST,HubSpot Calculation,,,,Deals - campaign/term drilldowns reconcile,495339563,Deals - campaign/term drilldowns reconcile,495339563
Unmatched/Custom,2,0,2,False,False,False,hs_engagement_type,,,,,,,,,,,,,,,,,,,,Call Made = Yes; Status - attempting to reach,"525613921, 429460006"
HubSpot Only,2,1,1,False,True,False,hubspot_state,Hubspot State,string,contactinformation,nan,"Contact, Deal",True,False,False,False,Reed Marcus,Inbounddb lists (1); Automation platform flow (2); Sales view (11),74.11%,11/23/25 6:40 PM EST,Workflow,,,,copy city and state from company to contact (cloned),573652293,NY RBNYC - contact --> Company and Deal,573652335
HubSpot Only,2,0,2,False,True,False,influenced_deal_,Influenced Deal?,enumeration,contactinformation,nan,"Contact, Company, Deal",True,False,False,False,Reed Marcus,Sales view (1); Properties v3 card (1),0.02%,nan,nan,,,,,,Funnel stage at influenced deal; Lead Nurturing and Influenced Deal signup- Slack notification,"478192569, 472412313"
HubSpot Only,2,0,2,False,True,False,ip_city,IP City,string,conversioninformation,The city reported by a contact's IP address. This is automatically set by HubSpot and can be used for segmentation and reporting.,Contact,False,True,False,True,HubSpot,Inbounddb lists (1); Automation platform flow (3); Sales view (8),11.68%,11/23/25 6:11 PM EST,IP Address Location,,,,,,0.1.1 Submission/Approval Track; Stamp Lifecycle Stage Text,"1649020849, 570915180"
HubSpot Only,2,0,2,False,True,False,ip_country,IP Country,string,conversioninformation,The country reported by a contact's IP address. This is automatically set by HubSpot and can be used for segmentation and reporting.,Contact,False,True,False,True,HubSpot,Automation platform flow (2); Sales view (17); Properties v3 card (2),14.22%,11/23/25 6:11 PM EST,IP Address Location,,,,,,Qualified Lead Trigger - Clearbit/HubSpot - Revenue; Qualified Lead Trigger - Sign Up Flow Revenue + Employees,"429638327, 430705693"
HubSpot Only,2,0,2,False,True,False,ip_state_code,IP State Code/Region Code,string,conversioninformation,The state code or region code reported by a contact's IP address. This is automatically set by HubSpot and can be used for segmentation and reporting.,Contact,False,True,False,True,HubSpot,Automation platform flow (3); Sales view (1),13.89%,11/23/25 6:11 PM EST,IP Address Location,,,,,,0.1.1 Submission/Approval Track; Stamp Lifecycle Stage Text,"1649020849, 570915180"
HubSpot Only,2,0,2,False,True,False,last_page_url___deal,Last Page URL | Deal,string,dealinformation,nan,Deal,False,True,True,False,Christopher Cooper,Automation platform flow (2); Sales view (2); Properties v3 card (1),48.77%,11/23/25 6:28 PM EST,HubSpot Calculation,,,,,,0.04 L3 / Marketing Attribution | Initial Proxy Association (Phase 1); 0.05 Ad/Emails Touchpoint Influence,"1680343919, 1680997978"
HubSpot Only,2,1,1,False,True,False,n365_est__rev__mtd____2,365 Est. Revenue,number,deal_information,nan,Company,False,True,True,False,Reed Marcus,Automation platform flow (1); Sales view (4); Properties v3 card (1),1.44%,11/23/25 3:43 PM EST,HubSpot Calculation,,,,estimated 365 days rev - mtd - company --> Deal,561193822,estimated 365 days rev - mtd - company --> Deal,561193822
HubSpot Only,2,1,1,False,True,False,of_associated_company_deals,# of associated company deals,number,contactinformation,nan,Contact,True,False,False,False,Reed Marcus,Automation platform flow (2); Sales view (2),11.63%,11/23/25 6:29 PM EST,Workflow,,,,Company --> Contact - associated company deals,466724614,Inbound type - Contact --> Company - has a deal,551271228
HubSpot Only,2,1,1,False,True,False,partner_referrer__account_score,"Partner Referrer - Account [Key, Score]",number,contactinformation,nan,Contact,True,False,False,False,Christopher Cooper,Automation platform flow (1); Sales view (5); Properties v3 card (1),0.06%,11/21/25 3:13 PM EST,Workflow,,,,0.06 Partner Assignment | Form Attribution,1652383656,0.06 Partner Assignment | Form Attribution,1652383656
HubSpot Only,2,2,0,False,True,False,pic_l3__source_contact_data_string,PIC [02.L3: Source] | Contact - (Data String),string,contactinformation,nan,Contact,True,False,False,False,Christopher Cooper,Form (10); Automation platform flow (2); Sales view (14); Properties v3 card (1),5%,11/23/25 6:33 PM EST,Workflow,,,,0.03 Primary Inbound Channel | Initial Proxy Association; 0.1.0 Primary Inbound Channel | Level 1-3 Mapping,"1643168061, 1645671171",,
HubSpot Only,2,1,1,False,True,False,pic_l3_first_touch__deal_string,PIC [L3: First Touch] | Deal (String),string,dealinformation,nan,Deal,True,False,False,False,Christopher Cooper,Automation platform flow (1); Sales view (9); Properties v3 card (1),27.48%,11/23/25 6:34 PM EST,Workflow,,,,0.04 L3 / Marketing Attribution | Initial Proxy Association (Phase 1),1680343919,0.04 L3 / Marketing Attribution | Initial Proxy Association (Phase 1),1680343919
HubSpot Only,2,1,1,False,True,False,pic_l3_last_touch__deal__string,PIC [L3: Last Touch] | Deal (String),string,dealinformation,nan,Deal,True,False,False,False,Christopher Cooper,Automation platform flow (1); Sales view (9); Properties v3 card (1),27.48%,11/23/25 6:34 PM EST,Workflow,,,,0.04 L3 / Marketing Attribution | Initial Proxy Association (Phase 1),1680343919,0.04 L3 / Marketing Attribution | Initial Proxy Association (Phase 1),1680343919
HubSpot Only,2,1,1,False,True,False,pic_l3_marketing_inbound_reoccurrence__deal_string,PIC [L3: Marketing Inbound – Reoccurrence] | Deal (String),string,dealinformation,nan,Deal,True,False,False,False,Christopher Cooper,Automation platform flow (1),8.82%,11/23/25 6:35 PM EST,Workflow,,,,0.05 Ad/Emails Touchpoint Influence,1680997978,0.05 Ad/Emails Touchpoint Influence,1680997978
HubSpot Only,2,1,1,False,True,False,pipeline_stage___partner,Pipeline Stage | Partner,enumeration,contactinformation,"Represent the stage of a Partner in relation to their status in relation to adding client accounts to the Rho platform. The criteria are as follows: 

Partner Account Stages (From Top of Funnel To Bottom)

>Potential: Prospective partner that has not activated its first business account (firm or client), regardless of whether or not there is an account in onboarding

>Enrolled: On Partner Portal but not activated yet

>New: Activated 1st client regardless of whether or not there is an additional account in onboarding

>Ramping: Activated 2nd client

>Dormant: Has not activated a new business account in 90 days",Contact,False,False,False,False,Christopher Cooper,Inbounddb lists (6); Automation platform flow (1); Report (2); Sales view (12); Properties v3 card (1),1.35%,11/22/25 9:43 PM EST,Workflow,,,,2.1 PM – Parter Pipeline Stage | State Tagging [DRAFT],1634722648,2.1 PM – Parter Pipeline Stage | State Tagging [DRAFT],1634722648
HubSpot Only,2,2,0,False,True,False,primary_inbound_channel__l1____contact___proxy,PIC [L1: Channel] | Contact - Proxy,enumeration,contactinformation,nan,Contact,True,False,False,False,Christopher Cooper,Automation platform flow (2); Report (1); Sales view (7); Properties v3 card (1),7.39%,11/23/25 6:33 PM EST,Workflow,,,,0.03 Primary Inbound Channel | Initial Proxy Association; 0.1.0 Primary Inbound Channel | Level 1-3 Mapping,"1643168061, 1645671171",,
HubSpot Only,2,2,0,False,True,False,primary_inbound_channel__l2__medium____contact___proxy__cloned_,PIC [L2: Medium] | Contact - Proxy,enumeration,contactinformation,nan,Contact,True,False,False,False,Christopher Cooper,Calculated property (1); Automation platform flow (2); Sales view (5),6.27%,11/23/25 5:53 PM EST,Workflow,,,,0.03 Primary Inbound Channel | Initial Proxy Association; 0.1.0 Primary Inbound Channel | Level 1-3 Mapping,"1643168061, 1645671171",,
HubSpot Only,2,0,2,False,True,False,primary_inbound_channel__l3__source____contact___proxy,PIC Sync [L3: Source] | Contact - Proxy,string,contactinformation,"Utilizes the following formula – checks the following values of the UTM in order (returns BLANK if empty): Source | Medium | Campaign | Term | Content. 

When UTM is NULL returns Organic Search Platform 
OR the Drill Down result of Original Source
---
if(is_known([properties.utm_source]), 
concatenate(if(is_known([properties.utm_source]), [properties.utm_source], """"), 
"" | "", 
if(is_known([properties.utm_medium]), [properties.utm_medium], """"), 
"" | "", 
if(is_known([properties.utm_campaign]), [properties.utm_campaign], """"), 
"" | "", 
if(is_known([properties.utm_term]), [properties.utm_term], """"), 
"" | "", 
if(is_known([properties.utm_content]), [properties.utm_content], """")), 

if(contains([properties.hs_analytics_source], ""Organic Search""), 
[properties.hs_analytics_source_data_2], 
[properties.hs_analytics_source_data_1]
)
) 
",Contact,False,True,True,False,Christopher Cooper,Rollup property (1); Automation platform flow (2); Sales view (8); Properties v3 card (1),9.62%,11/23/25 6:11 PM EST,HubSpot Calculation,,,,,,0.03 Primary Inbound Channel | Initial Proxy Association; 0.1.0 Primary Inbound Channel | Level 1-3 Mapping,"1643168061, 1645671171"
HubSpot Only,2,2,0,False,True,False,primary_inbound_channel_l2_medium_deal_proxy,PIC [L2: Medium] | Deal - Proxy,enumeration,dealinformation,nan,Deal,True,False,False,False,Christopher Cooper,Automation platform flow (2); Report (2); Sales view (4),83.29%,11/23/25 5:53 PM EST,Workflow,,,,0.03 Primary Inbound Channel | Initial Proxy Association; 0.1.0 Primary Inbound Channel | Level 1-3 Mapping,"1643168061, 1645671171",,
HubSpot Only,2,1,1,False,True,False,referral_code,SoR Contest | Referral Code,string,contactinformation,nan,Contact,True,False,False,False,Christopher Cooper,Form (9); Rollup property (2); Inbounddb lists (1); Automation platform flow (1); Sales view (2); Properties v3 card (2),0.03%,8/26/25 6:14 PM EDT,Workflow,,,,Summer of Rho: Referral Program MVP | Viral Loops,1666163048,Summer of Rho: Referral Program MVP | Viral Loops,1666163048
HubSpot Only,2,1,1,False,True,False,referralcode_vhkffvovvegkyvphp1nymdukkpq,Viral Loops | Referral Code [SOR],string,vhkffvovvegkyvphp1nymdukkpq,The referral code of the contact.,Contact,True,False,False,False,Christopher Cooper,Rollup property (2); Inbounddb lists (2); Automation platform flow (1); Sales view (2); Properties v3 card (2),0.04%,8/26/25 6:14 PM EDT,Integration,,,,Summer of Rho: Referral Program MVP | Viral Loops,1666163048,Summer of Rho: Referral Program MVP | Viral Loops,1666163048
HubSpot Only,2,1,1,False,True,False,referrer___account_id,Referrer - Account ID,string,contactinformation,nan,"Contact, Company",True,False,False,False,Rho Email Proofing,Form (1); Automation platform flow (1); Sales view (1),0.01%,10/21/25 8:31 AM EDT,Import,,,,0.06 Partner Assignment | Form Attribution,1652383656,0.06 Partner Assignment | Form Attribution,1652383656
HubSpot Only,2,1,1,False,True,False,sales_outreach_status,Sales Outreach Status,string,contactinformation,nan,"Contact, Company, Deal",True,False,False,False,Reed Marcus,Automation platform flow (1); Sales view (10); Properties v3 card (1),0.32%,nan,nan,,,,Sales Outreach Status - Deal --> Company + Contact,536145711,Sales Outreach Status - Deal --> Company + Contact,536145711
HubSpot Only,2,1,1,False,True,False,segment_revenue__c,Segment_Revenue,string,salesforceinformation,nan,Company,True,False,False,False,Reed Marcus,Automation platform flow (1),73.86%,9/20/24 3:43 AM EDT,Salesforce,,,,Company --> Deal - Segment,462148453,Company --> Deal - Segment,462148453
HubSpot Only,2,1,1,False,True,False,sor_contest__new_referrer,SoR Contest | New Referrer,enumeration,contactinformation,nan,Contact,True,False,False,False,Christopher Cooper,Form (1); Automation platform flow (1); Sales view (8); Properties v3 card (1),0.03%,8/18/25 5:33 AM EDT,Workflow,,,,Summer of Rho: Referral Program MVP | Viral Loops,1666163048,Summer of Rho: Referral Program MVP | Viral Loops,1666163048
HubSpot Only,2,1,1,False,True,False,strategic_gtm_initiatives__helper_string,"Strategic GTM Initiatives (Helper, String)",string,salesforceinformation,nan,Deal,True,False,False,False,Christopher Cooper,Automation platform flow (1),6.53%,11/23/25 5:52 PM EST,Workflow,,,,0.07 Strategic Initiatives | Deal Assignment (All Associations),1686474560,0.07 Strategic Initiatives | Deal Assignment (All Associations),1686474560
HubSpot Only,2,0,2,False,True,False,submission_page,Submission Page,string,conversioninformation,nan,Contact,True,False,False,False,Christopher Cooper,Form (13); Inbounddb lists (3); Automation platform flow (2); Report (2); Sales view (14); Properties v3 card (2),0.47%,11/23/25 2:12 PM EST,Forms,,,,,,0.06 Partner Assignment | Form Attribution; 0.07 Strategic Initiatives | Deal Assignment (All Associations),"1652383656, 1686474560"
HubSpot Only,2,1,1,False,True,False,total_money_raised,Total Money Raised,string,contactinformation,nan,"Contact, Company",True,False,False,False,Reed Marcus,Form (1); Automation platform flow (1); Sales view (4),8.1%,11/23/25 6:49 PM EST,Workflow,,,,company --> Contact - Money Raised (cloned),434127189,company --> Contact - Money Raised (cloned),434127189
HubSpot Only,2,1,1,False,True,False,type_partner__c,Partner Type,enumeration,salesforceinformation,nan,Company,True,False,False,False,Unknown user,Automation platform flow (1); Sales view (1),0.65%,9/4/24 7:42 AM EDT,Salesforce,,,,Company --> Contact - Partner Type,450196350,Company --> Contact - Partner Type,450196350
HubSpot Only,2,1,1,False,True,False,user_flow__forms__last_app_submission__c,"User Flow, FORMS | Last App Submission",date,contactinformation,nan,Contact,True,False,False,False,Christopher Cooper,Automation platform flow (1); Sales view (2),0.52%,11/23/25 6:09 PM EST,Workflow,,,,0.1.1 Submission/Approval Track,1649020849,0.1.1 Submission/Approval Track,1649020849
HubSpot Only,2,1,1,False,True,False,user_flow__forms__last_marketing_submission_c,"User Flow, FORMS | Last Marketing Submission",date,contactinformation,nan,Contact,True,False,False,False,Christopher Cooper,Automation platform flow (1); Sales view (2),0.4%,11/23/25 6:12 PM EST,Workflow,,,,0.1.1 Submission/Approval Track,1649020849,0.1.1 Submission/Approval Track,1649020849
HubSpot Only,2,1,1,False,True,False,vc_company,VC Company?,enumeration,contactinformation,nan,"Contact, Company, Deal",True,False,False,False,Reed Marcus,Automation platform flow (1),0.9%,nan,nan,,,,VC Company --> Stamp deals and contacts,576498778,VC Company --> Stamp deals and contacts,576498778
HubSpot Only,2,1,1,False,True,False,which_of_the_following_describes_you____startups,Which of the following describes you? - Startups,enumeration,contactinformation,nan,Contact,True,False,False,False,Reed Marcus,Automation platform flow (1); Sales view (2),0.09%,nan,nan,,,,Copy which best describes you --> Job title,588156599,Copy which best describes you --> Job title,588156599
HubSpot Only,1,1,0,False,True,False,account_engagement_campaign,Account Engagement Campaign,string,companyinformation,nan,Company,True,False,False,False,Reed Marcus,Automation platform flow (1); Sales view (1),35.75%,12/3/24 3:01 PM EST,Workflow,,,,copy account engagement to company,431449402,,
HubSpot Only,1,1,0,False,True,False,account_engagement_conversion_date,Account Engagement Conversion Date,date,companyinformation,nan,Company,True,False,False,False,Reed Marcus,Automation platform flow (1); Sales view (1),3.2%,nan,nan,,,,copy account engagement to company,431449402,,
HubSpot Only,1,1,0,False,True,False,account_manager,Account Manager,enumeration,companyinformation,nan,Company,False,False,False,False,Reed Marcus,Automation platform flow (1); Sales view (1),0.24%,nan,nan,,,,"Set Account Manager Name, Email",581804653,,
HubSpot Only,1,1,0,False,True,False,account_manager_email,Account Manager Email,string,companyinformation,nan,Company,True,False,False,False,Reed Marcus,Automation platform flow (1),0.24%,nan,nan,,,,"Set Account Manager Name, Email",581804653,,
HubSpot Only,1,1,0,False,True,False,account_manager_name,Account Manager Name,string,companyinformation,nan,Company,True,False,False,False,Reed Marcus,Automation platform flow (1),0.24%,nan,nan,,,,"Set Account Manager Name, Email",581804653,,
HubSpot Only,1,1,0,False,True,False,account_record_type,Account Record Type,string,contactinformation,nan,"Contact, Company",True,False,False,False,Reed Marcus,Automation platform flow (1),6.84%,11/13/25 2:35 PM EST,Workflow,,,,Company --> Contact - Account Record Type,450190208,,
HubSpot Only,1,1,0,False,True,False,account_tag,Account-Tag,string,contactinformation,nan,Contact,True,False,False,False,Reed Marcus,Automation platform flow (1),14.25%,11/21/25 2:15 PM EST,Workflow,,,,Account Tag - company --> Contact,589837437,,
HubSpot Only,1,1,0,False,True,False,app_completed_after_signup,App Completed after Signup,enumeration,dealinformation,nan,Deal,True,False,False,False,Reed Marcus,Automation platform flow (1),1.22%,6/5/25 5:04 PM EDT,Workflow,,,,App completed after signup = yes,463006129,,
HubSpot Only,1,1,0,False,True,False,application_submission_state,Application Submission State,enumeration,contactinformation,nan,Contact,True,False,False,False,Christopher Cooper,Inbounddb lists (1); Automation platform flow (1); Report (1); Sales view (1),4.73%,11/23/25 6:45 PM EST,Workflow,,,,0.1.1 Submission/Approval Track,1649020849,,
Unmatched/Custom,1,0,1,False,False,False,associatedcompanyid,,,,,,,,,,,,,,,,,,,,Mark As Other--> Unqualified = yes,427220396
HubSpot Only,1,1,0,False,True,False,bm_ca_date,BM CA Date,date,conversioninformation,nan,Contact,True,False,False,False,Reed Marcus,Automation platform flow (1); Sales view (3),0%,9/20/24 2:59 PM EDT,Workflow,,,,Bestmoney - Client Approved,581069717,,
HubSpot Only,1,1,0,False,True,False,bm_cl_date,BM CL Date,date,conversioninformation,nan,Contact,True,False,False,False,Reed Marcus,Automation platform flow (1),0.03%,4/28/25 12:54 PM EDT,Workflow,,,,Bestmoney - Closed Lost,581545485,,
HubSpot Only,1,1,0,False,True,False,bm_upa_date,BM UPA Date,date,conversioninformation,nan,Contact,True,False,False,False,Reed Marcus,Automation platform flow (1); Sales view (3),0.03%,4/27/25 7:23 AM EDT,Workflow,,,,Bestmoney - Unverified Platform Access,581069706,,
HubSpot Only,1,1,0,False,True,False,bm_vp_date,BM VP Date,date,conversioninformation,nan,Contact,True,False,False,False,Reed Marcus,Automation platform flow (1); Sales view (3),0.02%,4/27/25 7:41 AM EDT,Workflow,,,,Bestmoney - Verification pending,581069714,,
HubSpot Only,1,1,0,False,True,False,bottom_funnel_warm_date,Bottom Funnel Warm Date,date,deal_activity,nan,Deal,True,False,False,False,Reed Marcus,Automation platform flow (1); Sales view (1); Properties v3 card (1),0.23%,9/19/25 2:32 PM EDT,Workflow,,,,Copy Bottom Funnel Warm date to Deal,540077349,,
HubSpot Only,1,1,0,False,True,False,ca___7_days,CA > 7 Days,enumeration,dealinformation,nan,Deal,True,False,False,False,Reed Marcus,Automation platform flow (1); Sales view (1),12.31%,11/22/25 7:09 PM EST,Workflow,,,,CA > 7 Days - deal,566838305,,
HubSpot Only,1,1,0,False,True,False,call_notes__c,Call Notes,string,salesforceinformation,nan,Company,True,False,False,False,Unknown user,Automation platform flow (1); Integration (1),0.33%,nan,nan,,,,Lead Notes --> Call Notes,585858214,,
HubSpot Only,1,1,0,False,True,False,city__c,City,string,salesforceinformation,nan,Company,True,False,False,False,Unknown user,Inbounddb lists (1); Automation platform flow (1); Properties v3 card (2),0.41%,nan,nan,,,,copy city and state from company to contact (cloned),573652293,,
HubSpot Only,1,0,1,False,True,False,clearbit_state,Clearbit State,string,contactinformation,nan,"Contact, Company",True,False,False,False,Reed Marcus,Inbounddb lists (1); Sales view (11),69.79%,11/23/25 6:38 PM EST,Integration,,,,,,NY RBNYC - Company --> Contact + Deal,573638972
HubSpot Only,1,1,0,False,True,False,companies_in_motion,Companies in Motion,enumeration,companyinformation,nan,Company,True,False,False,False,Reed Marcus,Automation platform flow (1); Properties v3 card (1),4.79%,11/21/25 6:42 PM EST,Workflow,,,,Lead Nurturing - Companies in motion,478181939,,
HubSpot Only,1,0,1,False,True,False,company_employee_bucket,Employees bucket,enumeration,contactinformation,nan,Contact,True,False,False,False,Reed Marcus,Automation platform flow (1); Sales view (5),71.28%,nan,nan,,,,,,Qualified Lead Trigger - Sign Up Flow Revenue + Employees,430705693
HubSpot Only,1,1,0,False,True,False,company_last_came_inbound,Company Last Came Inbound,date,contactinformation,nan,Contact,True,False,False,False,Reed Marcus,Automation platform flow (1); Sales view (4); Properties v3 card (1),6.68%,11/23/25 6:29 PM EST,Workflow,,,,Company --> Contact - Company Last Came Inbound,455668789,,
HubSpot Only,1,1,0,False,True,False,company_status,Company Status,string,contactinformation,nan,Contact,True,False,False,False,Reed Marcus,Inbounddb lists (4); Automation platform flow (1); Sales view (37); Properties v3 card (1),75.97%,11/23/25 6:44 PM EST,Workflow,,,,Copy company status to contact,432354611,,
HubSpot Only,1,1,0,False,True,False,company_type,Company Type,string,contactinformation,nan,Contact,True,False,False,False,Reed Marcus,Automation platform flow (1); Sales view (4); Properties v3 card (1),67.2%,11/23/25 6:29 PM EST,Workflow,,,,Company --> Contact - company type,432893048,,
HubSpot Only,1,1,0,False,True,False,construction__nahb_journey_finish_date,Construction/ NAHB journey finish Date,date,contact_activity,nan,Contact,True,False,False,False,Unknown user,Automation platform flow (1),4.53%,nan,nan,,,,Lead Nurturing - NAHB/Construction - Top,487947660,,
HubSpot Only,1,1,0,False,True,False,contact_deal_stage,Contact Deal Stage,string,contactinformation,nan,Contact,True,False,False,False,Reed Marcus,Automation platform flow (1); Sales view (1),7.48%,11/23/25 6:44 PM EST,Workflow,,,,Deal stage --> 'Contact Deal Stage',578880015,,
HubSpot Only,1,1,0,False,True,False,contact_marketing_lead_,Contact Marketing Lead?,enumeration,companyinformation,nan,Company,True,False,False,False,Reed Marcus,Automation platform flow (1); Sales view (1),9.19%,11/21/25 2:16 PM EST,Workflow,,,,Stamp Company Property - Contact is a Marketing Lead,502723856,,
HubSpot Only,1,1,0,False,True,False,conversion_page,Conversion Page,string,conversioninformation,nan,Company,True,False,False,False,Reed Marcus,Automation platform flow (1),10.79%,11/23/25 5:45 PM EST,Workflow,,,,First Conversion Mapping [Reed],431054521,,
HubSpot Only,1,1,0,False,True,False,converted_,converted?,enumeration,contactinformation,nan,Contact,True,False,False,False,Reed Marcus,Inbounddb lists (1); Automation platform flow (1),12.93%,11/23/25 6:29 PM EST,Workflow,,,,converted = yes,419558668,,
HubSpot Only,1,1,0,False,True,False,converted_date,Converted Date,date,contactinformation,nan,Contact,True,False,False,False,Reed Marcus,Automation platform flow (1),12.57%,11/23/25 6:29 PM EST,Workflow,,,,converted = yes,419558668,,
HubSpot Only,1,1,0,False,True,False,credit_application_date,Credit Application Date,date,dealinformation,nan,Deal,True,False,False,False,Reed Marcus,Automation platform flow (1); Sales view (1),4.99%,11/21/25 4:53 PM EST,Workflow,,,,Application Completed Date - Company --> Deal,463000887,,
HubSpot Only,1,1,0,False,True,False,current_treasury_rate,Current Treasury Rate,string,contactinformation,This field holds the latest daily U.S. Treasury rate pulled from treasury.gov,Contact,True,False,False,False,Ariel Rodriguez,Inbounddb lists (1); Automation platform flow (1); Email (5),0.01%,8/20/25 2:41 PM EDT,Workflow,,,,Treasury Yield | Field Update (Cloned on 9/10/2025),1692937003,,
HubSpot Only,1,1,0,False,True,False,deal_contact_job_title,Deal Contact Job Title,string,dealinformation,nan,Deal,True,False,False,False,Reed Marcus,Automation platform flow (1); Sales view (1),31.03%,11/23/25 4:48 AM EST,Workflow,,,,Deal Contact Job Title,497904006,,
HubSpot Only,1,0,1,False,True,False,email_attempts,Email Attempts,number,salesforceinformation,nan,Contact,True,False,False,False,Reed Marcus,Automation platform flow (1); Sales view (40); Properties v3 card (1),3.5%,7/3/24 9:42 AM EDT,Salesforce,,,,,,Status - attempting to reach,429460006
HubSpot Only,1,1,0,False,True,False,enter_into_nurturing,Enter into nurturing,enumeration,contactinformation,nan,Contact,True,False,False,False,Reed Marcus,Inbounddb lists (1); Automation platform flow (1); Sales view (2),0.07%,11/13/25 11:38 PM EST,Workflow,,,,Signup Re-engagement PUSH to Nurturing flow,504941228,,
HubSpot Only,1,1,0,False,True,False,estimated_12_mo__gp__mtd_,Estimated 12 mo. GP (mtd),number,contactinformation,nan,Contact,True,False,False,False,Reed Marcus,Automation platform flow (1); Properties v3 card (2),7.25%,11/23/25 3:14 PM EST,Workflow,,,,Estimated 12 mo GP (mtd) - Company --> Deal/Contact,561685164,,
HubSpot Only,1,0,1,False,True,False,event_sync_luma,Event Sync | Luma (Recent),string,contactinformation,nan,Contact,True,False,False,False,Christopher Cooper,Inbounddb lists (1); Automation platform flow (1); Sales view (2),1.02%,11/23/25 6:37 PM EST,Integration,,,,,,[Events | DS] Luma - Events Management | SFDC Campaign Assignment,1646770076
HubSpot Only,1,1,0,False,True,False,event_sync_luma_log,Event Sync | Luma (Log),string,contactinformation,nan,Contact,True,False,False,False,Christopher Cooper,Automation platform flow (1),0.16%,7/22/25 3:20 PM EDT,Workflow,,,,[Events | DS] Luma - Events Management | SFDC Campaign Assignment,1646770076,,
HubSpot Only,1,1,0,False,True,False,facebook_clid__contact,"Facebook CLID, Contact",string,contactinformation,nan,Contact,True,False,False,False,Christopher Cooper,Automation platform flow (1); Sales view (1),0.02%,11/21/25 10:48 PM EST,Workflow,,,,0.05 Ad/Emails Touchpoint Influence,1680997978,,
HubSpot Only,1,1,0,False,True,False,facebook_clid__deal,"Facebook CLID, Deal",string,dealinformation,nan,Deal,True,False,False,False,Christopher Cooper,Automation platform flow (1); Sales view (3),0.22%,11/21/25 10:48 PM EST,Workflow,,,,0.05 Ad/Emails Touchpoint Influence,1680997978,,
HubSpot Only,1,1,0,False,True,False,first_activity_after_nurturing_date,In Motion,date,companyinformation,nan,Company,True,False,False,False,Reed Marcus,Calculated property (1); Automation platform flow (1); Properties v3 card (1),4.07%,11/21/25 6:42 PM EST,Workflow,,,,Lead Nurturing - stamp first activity date after nurturing,478192479,,
HubSpot Only,1,1,0,False,True,False,first_activity_date_after_nurturing,First Sales Activity date after nurturing ,date,deal_activity,nan,Deal,True,False,False,False,Reed Marcus,Calculated property (1); Automation platform flow (1); Sales view (3),1.12%,11/21/25 2:15 PM EST,Workflow,,,,Lead Nurturing - stamp first activity date after nurturing,478192479,,
HubSpot Only,1,0,1,False,True,False,first_page_url__deal,First Page URL | Deal,string,dealinformation,nan,Deal,False,True,True,False,Christopher Cooper,Inbounddb lists (1); Automation platform flow (1); Sales view (4); Properties v3 card (1),48.9%,11/23/25 6:28 PM EST,HubSpot Calculation,,,,,,0.04 L3 / Marketing Attribution | Initial Proxy Association (Phase 1),1680343919
HubSpot Only,1,1,0,False,True,False,first_sales_touch_after_nurturing_activity,In motion activity,enumeration,companyinformation,nan,Company,True,False,False,False,Reed Marcus,Automation platform flow (1); Properties v3 card (1),1.14%,11/20/25 12:17 PM EST,Workflow,,,,Lead Nurturing - stamp first activity date after nurturing,478192479,,
HubSpot Only,1,0,1,False,True,False,first_visit_contact__utm_mapping,First Visit (Contact) | UTM Mapping,string,dealinformation,nan,Deal,False,True,True,False,Christopher Cooper,Automation platform flow (3); Properties v3 card (1),48.76%,11/23/25 6:28 PM EST,HubSpot Calculation,,,,,,0.04 L3 / Marketing Attribution | Initial Proxy Association (Phase 1),1680343919
HubSpot Only,1,1,0,False,True,False,fraud___yes,Fraud = Yes,enumeration,contactinformation,nan,Contact,True,False,False,False,Reed Marcus,Automation platform flow (1); Report (5); Sales view (5),0.72%,11/23/25 6:44 PM EST,Workflow,,,,Fraud = Yes,588150144,,
HubSpot Only,1,0,1,False,True,False,full_name,Full Name,string,contactinformation,nan,Contact,True,False,False,False,Christopher Cooper,Calculated property (1); Automation platform flow (1),0.42%,8/12/25 4:36 PM EDT,Import,,,,,,0.1.2 Segmentation Tagging | Database Management,1659624055
HubSpot Only,1,1,0,False,True,False,funnel_stage_at_influenced_deal,Funnel stage at influenced deal,string,contactinformation,nan,Contact,True,False,False,False,Reed Marcus,Automation platform flow (1); Properties v3 card (1),0.05%,7/1/25 6:09 AM EDT,Workflow,,,,Funnel stage at influenced deal,478192569,,
HubSpot Only,1,1,0,False,True,False,funnel_stage_at_signup,Funnel Stage at signup,string,contactinformation,nan,Contact,True,False,False,False,Reed Marcus,Automation platform flow (1),0.94%,11/23/25 2:06 AM EST,Workflow,,,,Stamp funnel stage at sign up,478303625,,
HubSpot Only,1,0,1,False,True,False,global_business_id__deal_sync__contact_,"Global Business ID (Deal Sync, Contact)",string,dealinformation,nan,Deal,False,True,True,False,Christopher Cooper,Inbounddb lists (1); Automation platform flow (1); Sales view (5),43.46%,11/23/25 5:50 PM EST,HubSpot Calculation,,,,,,0.04 L3 / Marketing Attribution | Initial Proxy Association (Phase 1),1680343919
HubSpot Only,1,1,0,False,True,False,google__experiment_grouping_c,Google – Paid Ads Tracking | Experiment Grouping,enumeration,contactinformation,nan,Contact,True,False,False,False,Christopher Cooper,Automation platform flow (1); Sales view (2),0.03%,11/23/25 2:40 PM EST,Workflow,,,,0.05 Ad/Emails Touchpoint Influence,1680997978,,
HubSpot Only,1,1,0,False,True,False,google__experiment_grouping_d,"Google – Paid Ads Tracking | Experiment Grouping, Deal",enumeration,dealinformation,nan,Deal,True,False,False,False,Christopher Cooper,Automation platform flow (1); Sales view (1),0.37%,11/23/25 2:40 PM EST,Workflow,,,,0.05 Ad/Emails Touchpoint Influence,1680997978,,
HubSpot Only,1,1,0,False,True,False,heard_about_you_known_,Heard about you known?,enumeration,contactinformation,nan,"Contact, Company",True,False,False,False,Reed Marcus,Automation platform flow (1),0.08%,11/13/25 11:09 AM EST,Workflow,,,,Heard about you known?,478221649,,
HubSpot Only,1,0,1,False,True,False,hs_analytics_last_visit_timestamp,Time of Last Session,datetime,analyticsinformation,Timestamp for start of the most recent session for this contact to your website.,"Contact, Company",False,True,False,True,HubSpot,Calculated property (2); Inbounddb lists (10); Automation platform flow (1); Report (1); Sales view (16); Properties v3 card (1),7.5%,11/23/25 6:39 PM EST,Analytics,,,,,,0.00 [Batch Update] Quarantine // Churned Marketable Contacts,1634220879
HubSpot Only,1,1,0,False,True,False,hs_analytics_latest_source_data_2,Latest Traffic Source Data 2,string,companyinformation,Additional source details of the last session attributed to any contacts that are associated with this company,"Company, Deal",False,True,False,True,HubSpot,Sales view (1); Properties v3 card (1),79.98%,11/23/25 6:38 PM EST,HubSpot Calculation,,,,Deals - campaign/term drilldowns reconcile,495339563,,
HubSpot Only,1,0,1,False,True,False,hs_analytics_num_page_views,Number of Pageviews,number,analyticsinformation,Total number of page views this contact has had on your website. Set automatically.,"Contact, Company",False,True,False,True,HubSpot,Contact scoring ruleset (1); Automation platform flow (2); Sales view (64); Properties v3 card (1),100%,11/23/25 6:39 PM EST,Analytics,,,,,,0.04 L3 / Marketing Attribution | Initial Proxy Association (Phase 1),1680343919
Unmatched/Custom,1,0,1,False,False,False,hs_call_direction,,,,,,,,,,,,,,,,,,,,Lead Nurturing - stamp first activity date after nurturing,478192479
HubSpot Only,1,0,1,False,True,False,hs_email_bounce,Marketing emails bounced,number,emailinformation,The number of marketing emails that bounced for the current email address. This is automatically set by HubSpot.,Contact,False,True,False,True,HubSpot,Inbounddb lists (8); Automation platform flow (1); Report (1); Sales view (7); Properties v3 card (1),3.36%,11/23/25 6:00 AM EST,Email Activity,,,,,,set as non marketing - Bounced,429490260
Unmatched/Custom,1,0,1,False,False,False,hs_email_direction,,,,,,,,,,,,,,,,,,,,Lead Nurturing - stamp first activity date after nurturing,478192479
HubSpot Only,1,0,1,False,True,False,hs_email_hard_bounce_reason_enum,Email hard bounce reason,enumeration,emailinformation,"The issue that caused a contact to hard bounce from your emails. If this is an error or a temporary issue, you can unbounce this contact from the contact record.",Contact,False,True,False,True,HubSpot,Inbounddb lists (8); Automation platform flow (1); Sales view (8),5.84%,11/23/25 6:00 AM EST,Email Activity,,,,,,set as non marketing - Bounced,429490260
HubSpot Only,1,0,1,False,True,False,hs_email_last_click_date,Last marketing email click date,datetime,emailinformation,The date of the most recent link click for any marketing email to the current email address. This is automatically set by HubSpot.,Contact,False,True,False,True,HubSpot,Automation platform flow (1); Sales view (13),0.65%,11/23/25 3:59 PM EST,Email Activity,,,,,,0.05 Ad/Emails Touchpoint Influence,1680997978
HubSpot Only,1,0,1,False,True,False,hs_email_optout,Unsubscribed from all email,bool,emailinformation,Indicates that the current email address has opted out of all email.,Contact,False,True,False,True,HubSpot,Inbounddb lists (21); Automation platform flow (1); Report (2); Sales view (19); Properties v3 card (1),3.18%,11/21/25 7:29 PM EST,Salesforce,,,,,,Unsubscribed from all email,429565998
HubSpot Only,1,0,1,False,True,False,hs_email_sends_since_last_engagement,Sends Since Last Engagement,number,emailinformation,The number of marketing emails that have been sent to the current email address since the last engagement (open or link click). This is automatically set by HubSpot.,Contact,False,True,False,True,HubSpot,Contact scoring ruleset (1); Inbounddb lists (3); Automation platform flow (1); Sales view (6),42.24%,11/23/25 6:52 PM EST,Email Activity,,,,,,Stamp Lead nurturing finished - Other than List filters,509387141
Unmatched/Custom,1,0,1,False,False,False,hs_email_subject,,,,,,,,,,,,,,,,,,,,Email Logged = Yes,489805907
HubSpot Only,1,0,1,False,True,False,hs_facebook_click_id,Facebook click id,string,conversioninformation,nan,Contact,False,False,False,True,HubSpot,Automation platform flow (1); Sales view (7),0.05%,11/18/25 10:33 AM EST,Ads,,,,,,0.05 Ad/Emails Touchpoint Influence,1680997978
HubSpot Only,1,0,1,False,True,False,hs_is_closed_lost,Is closed lost,bool,deal_activity,"True if the deal is in the closed lost state, false otherwise",Deal,False,True,True,True,HubSpot,Automation platform flow (1),100%,11/23/25 6:44 PM EST,HubSpot Calculation,,,,,,{Draft} DS – ABM: Early Stage (Targeted Comms) | Funnel Optimization,1654169864
HubSpot Only,1,0,1,False,True,False,hs_is_closed_won,Is Closed Won,bool,deal_activity,"True if the deal is in the closed won state, false otherwise",Deal,False,True,False,True,HubSpot,Automation platform flow (1),100%,11/23/25 6:28 PM EST,HubSpot Calculation,,,,,,{Draft} DS – ABM: Early Stage (Targeted Comms) | Funnel Optimization,1654169864
HubSpot Only,1,0,1,False,True,False,hs_latest_source_timestamp,Latest Traffic Source Date,datetime,analyticsinformation,The time of the latest session for a contact,Contact,False,False,False,True,HubSpot,Automation platform flow (1); Sales view (63); Properties v3 card (1),100%,11/23/25 6:39 PM EST,Analytics,,,,,,0.04 L3 / Marketing Attribution | Initial Proxy Association (Phase 1),1680343919
HubSpot Only,1,0,1,False,True,False,hs_object_id,Record ID,number,contactinformation,The unique ID for this record. This value is set automatically by HubSpot.,"Contact, Company, Deal",False,True,False,True,HubSpot,Calculated property (1); Automation platform flow (6); Report (1); Sales view (12),100%,11/23/25 6:37 PM EST,Integration,,,,,,0.03 Primary Inbound Channel | Initial Proxy Association,1643168061
HubSpot Only,1,0,1,False,True,False,hs_object_source_label,Record source,enumeration,contactinformation,How this record was created.,"Contact, Company, Deal",False,True,False,True,HubSpot,Calculated property (1); Automation platform flow (1); Sales view (10),100%,11/23/25 6:37 PM EST,Integration,,,,,,0.04 L3 / Marketing Attribution | Initial Proxy Association (Phase 1),1680343919
HubSpot Only,1,0,1,False,True,False,hs_salesforceopportunityid,Salesforce Opportunity ID,string,salesforceinformation,nan,Deal,False,True,False,True,HubSpot,Inbounddb lists (2); Automation platform flow (2); Sales view (11); Properties v3 card (1),99.99%,11/23/25 6:28 PM EST,Salesforce,,,,,,0.07 Strategic Initiatives | Deal Assignment (All Associations),1686474560
HubSpot Only,1,0,1,False,True,False,hs_v2_date_entered_customer,"Date entered ""Customer (Lifecycle Stage Pipeline)""",datetime,contactlcs,"The date and time when the contact entered the 'Customer' stage, 'Lifecycle Stage Pipeline' pipeline",Contact,False,True,False,True,HubSpot,Calculated property (1); Sales view (2); Properties v3 card (1),4.19%,11/23/25 3:43 PM EST,HubSpot Calculation,,,,,,Lead after Deal - opp/cust = yes,465191018
HubSpot Only,1,0,1,False,True,False,hs_v2_date_entered_lead,"Date entered ""Marketing Lead (Lifecycle Stage Pipeline)""",datetime,contactlcs,"The date and time when the contact entered the 'Marketing Lead' stage, 'Lifecycle Stage Pipeline' pipeline",Contact,False,True,False,True,HubSpot,Automation platform flow (1); Sales view (1); Properties v3 card (1),63.5%,11/6/25 3:03 PM EST,HubSpot Calculation,,,,,,stamp marketing lead signup = yes,536896140
HubSpot Only,1,0,1,False,True,False,hs_v2_date_entered_opportunity,"Date entered ""Opportunity (Lifecycle Stage Pipeline)""",datetime,contactlcs,"The date and time when the contact entered the 'Opportunity' stage, 'Lifecycle Stage Pipeline' pipeline",Contact,False,True,False,True,HubSpot,Sales view (2); Properties v3 card (1),12.02%,11/23/25 6:28 PM EST,HubSpot Calculation,,,,,,Lead after Deal - opp/cust = yes,465191018
HubSpot Only,1,1,0,False,True,False,hubspot_city,Hubspot City,string,contactinformation,nan,"Contact, Deal",True,False,False,False,Reed Marcus,Inbounddb lists (1); Automation platform flow (1); Sales view (4),1.14%,1/22/25 2:24 PM EST,Workflow,,,,copy city and state from company to contact (cloned),573652293,,
HubSpot Only,1,1,0,False,True,False,hubspot_employees,Hubspot Employees,number,dealinformation,nan,Deal,True,False,False,False,Reed Marcus,Automation platform flow (1); Sales view (1),29.96%,11/23/25 6:31 PM EST,Workflow,,,,# of Employee properties - Company to Deal,568330583,,
HubSpot Only,1,0,1,False,True,False,hubspot_owner_assigneddate,Owner assigned date,datetime,sales_properties,The most recent timestamp of when an owner was assigned to this record. This value is set automatically by HubSpot.,"Contact, Company, Deal",False,True,False,True,HubSpot,Calculated property (1); Automation platform flow (1); Sales view (1); Properties v3 card (1),97.45%,11/23/25 6:54 PM EST,Workflow,,,,,,Lead Routed to Owner,568986656
HubSpot Only,1,1,0,False,True,False,hubspot_score___text,HubSpot Score #,string,contactinformation,nan,Contact,True,False,False,False,Reed Marcus,Automation platform flow (1); Report (2),96.27%,10/6/25 11:48 AM EDT,Workflow,,,,Hubspot Score Text,472230188,,
HubSpot Only,1,1,0,False,True,False,in_motion_activity,In motion activity,enumeration,dealinformation,nan,Deal,True,False,False,False,Reed Marcus,Automation platform flow (1); Sales view (2),0.1%,10/27/25 8:11 AM EDT,Workflow,,,,Lead Nurturing - stamp first activity date after nurturing,478192479,,
HubSpot Only,1,1,0,False,True,False,inbound__14_days_old,Inbound >14 days old,enumeration,contactinformation,nan,Contact,True,False,False,False,Reed Marcus,Automation platform flow (1); Dashboard (1),11.13%,11/22/25 7:08 PM EST,Workflow,,,,Lead > 14 days old,566224724,,
HubSpot Only,1,1,0,False,True,False,inbound__7_days_old,Inbound >7 days old,enumeration,contactinformation,nan,Contact,True,False,False,False,Reed Marcus,Automation platform flow (1); Sales view (1); Dashboard (1),11.27%,11/22/25 7:08 PM EST,Workflow,,,,Lead > 7 days old,566207021,,
HubSpot Only,1,1,0,False,True,False,inbound_call_made_,Call Made?,enumeration,contactinformation,nan,Contact,True,False,False,False,Reed Marcus,Automation platform flow (1); Report (1); Sales view (24),2.66%,11/21/25 5:23 PM EST,Workflow,,,,Call Made = Yes,525613921,,
HubSpot Only,1,1,0,False,True,False,inbound_contact_email,Inbound Contact Email,string,conversioninformation,nan,Company,True,False,False,False,Reed Marcus,Automation platform flow (1),6.67%,11/23/25 6:29 PM EST,Workflow,,,,Inbound Contact Name to Company,472224082,,
HubSpot Only,1,1,0,False,True,False,inbound_contact_first_name,Inbound Contact first Name,string,conversioninformation,nan,Company,True,False,False,False,Reed Marcus,Automation platform flow (1); Properties v3 card (1),5.37%,11/23/25 6:29 PM EST,Workflow,,,,Inbound Contact Name to Company,472224082,,
HubSpot Only,1,1,0,False,True,False,inbound_contact_last_name,Inbound Contact Last Name,string,conversioninformation,nan,Company,True,False,False,False,Reed Marcus,Automation platform flow (1); Properties v3 card (1),5.39%,11/23/25 6:29 PM EST,Workflow,,,,Inbound Contact Name to Company,472224082,,
HubSpot Only,1,1,0,False,True,False,industry_,~ Industry,string,deal_information,nan,Company,True,False,False,False,Reed Marcus,Automation platform flow (1),4.53%,11/23/25 5:38 PM EST,Workflow,,,,~ Source of funds - contact --> Company,561689637,,
HubSpot Only,1,1,0,False,True,False,influenced_inbound_channel,Influenced Inbound Channel,enumeration,conversioninformation,nan,Contact,True,False,False,False,Reed Marcus,Automation platform flow (1); Properties v3 card (1),0.14%,11/21/25 8:04 PM EST,Workflow,,,,Influenced Email Channel,472228948,,
HubSpot Only,1,1,0,False,True,False,initial_qualification_date__s0,Initial Qualification Date [S0],date,dealinformation,nan,Deal,True,False,False,False,Christopher Cooper,Automation platform flow (1),7.82%,11/23/25 6:35 PM EST,Workflow,,,,0.05 Ad/Emails Touchpoint Influence,1680997978,,
HubSpot Only,1,1,0,False,True,False,invoice_generator___referrer,Invoice Generator | Referrer,enumeration,contactinformation,nan,"Contact, Company",True,False,False,False,Christopher Cooper,Form (1); Automation platform flow (1),0.01%,11/20/25 2:43 PM EST,Workflow,,,,DS - Leads: Growth Tools (Safe/Invoice) | Funnel Optimization,1655787627,,
HubSpot Only,1,0,1,False,True,False,ip_state,IP State/Region,string,conversioninformation,The state or region reported by a contact's IP address. This is automatically set by HubSpot and can be used for segmentation and reporting.,Contact,False,True,False,True,HubSpot,Automation platform flow (1); Report (1); Sales view (11),13.9%,11/23/25 6:11 PM EST,IP Address Location,,,,,,NY RBNYC - contact --> Company and Deal,573652335
HubSpot Only,1,1,0,False,True,False,last_activity_date_at_nurturing_start,Last activity date at nurturing start,date,companyinformation,nan,"Company, Deal",True,False,False,False,Reed Marcus,Automation platform flow (1); Properties v3 card (1),3.93%,11/21/25 2:15 PM EST,Workflow,,,,Last activity date at nurturing start - company and deals,478225294,,
HubSpot Only,1,1,0,False,True,False,last_marketing_email_name,Last Marketing Email Name,string,companyinformation,nan,Company,True,False,False,False,Reed Marcus,Automation platform flow (1); Sales view (1); Properties v3 card (1),39.61%,11/23/25 6:52 PM EST,Workflow,,,,Last Marketing Email Name/Date - Contact --> Company,509829934,,
HubSpot Only,1,1,0,False,True,False,last_marketing_email_send_date,Last Marketing Email Send Date,date,companyinformation,nan,Company,True,False,False,False,Reed Marcus,Automation platform flow (1); Sales view (1); Properties v3 card (1),37.53%,11/23/25 6:52 PM EST,Workflow,,,,Last Marketing Email Name/Date - Contact --> Company,509829934,,
HubSpot Only,1,1,0,False,True,False,last_received_sms,Last received SMS/MMS Date,datetime,sms_received,Last received SMS/MMS date,"Contact, Deal",True,False,False,False,Christopher Cooper,Automation platform flow (1),0%,10/2/25 3:28 PM EDT,Workflow,,,,SMS | Workflow Draft/Test,1700712047,,
HubSpot Only,1,1,0,False,True,False,lead_nurturing_in_progress___outreach_stage,Lead Nurturing In Progress - Outreach Stage,enumeration,salesforceinformation,nan,Contact,True,False,False,False,Reed Marcus,Automation platform flow (1),14.45%,7/25/24 9:30 AM EDT,Workflow,,,,Stamp Outreach stage at lead nurturing start,478213299,,
HubSpot Only,1,1,0,False,True,False,lead_routed_to,Lead Routed To,string,contactinformation,nan,Contact,True,False,False,False,Reed Marcus,Automation platform flow (1),2.72%,11/23/25 5:50 PM EST,Workflow,,,,Lead Routed to Owner,568986656,,
HubSpot Only,1,1,0,False,True,False,logged_email,Logged Email,enumeration,contact_activity,nan,Contact,True,False,False,False,Reed Marcus,Automation platform flow (1); Sales view (1),2.36%,11/18/25 12:23 AM EST,Workflow,,,,Email Logged = Yes,489805907,,
HubSpot Only,1,0,1,False,True,False,luma_event,Luma Event,string,contactinformation,nan,Contact,True,False,False,False,Christopher Cooper,Inbounddb lists (1); Automation platform flow (1); Sales view (8),1.04%,11/23/25 6:37 PM EST,Integration,,,,,,[Events | DS] Luma - Events Management | SFDC Campaign Assignment,1646770076
HubSpot Only,1,1,0,False,True,False,marketing_email_contact,Marketing Email Contact,string,company_activity,nan,Company,True,False,False,False,Reed Marcus,Automation platform flow (2); Properties v3 card (1),26.06%,11/20/25 4:32 PM EST,Workflow,,,,Company Marketing contact,476787096,,
HubSpot Only,1,1,0,False,True,False,marketing_emails_clicked,Marketing Emails Clicked,number,conversioninformation,nan,Company,True,False,False,False,Reed Marcus,Automation platform flow (1); Report (2); Properties v3 card (1),0.75%,11/23/25 4:00 PM EST,Workflow,,,,Emails Clicked - Contact --> Company,457760939,,
HubSpot Only,1,1,0,False,True,False,marketing_emails_opened,Marketing Emails Opened,number,conversioninformation,nan,Company,True,False,False,False,Reed Marcus,Automation platform flow (1); Properties v3 card (1),10.72%,11/23/25 6:50 PM EST,Workflow,,,,Emails Opened - Contact --> Company,457838008,,
HubSpot Only,1,1,0,False,True,False,marketing_emails_sent,Marketing Emails Sent,number,conversioninformation,nan,Company,True,False,False,False,Reed Marcus,Automation platform flow (1); Properties v3 card (1),33.35%,11/23/25 6:57 PM EST,Workflow,,,,Emails Sent - Contact --> Company,457838087,,
HubSpot Only,1,0,1,False,True,False,marketing_interactions___email_clicks___total__deal_,Marketing Interactions – Email Clicks | Total (Deal),number,dealinformation,nan,Deal,False,True,True,False,Christopher Cooper,Automation platform flow (1),3.08%,11/23/25 4:02 PM EST,HubSpot Calculation,,,,,,0.05 Ad/Emails Touchpoint Influence,1680997978
HubSpot Only,1,1,0,False,True,False,marketing_lead_signup_,Marketing Lead signup?,enumeration,contactinformation,nan,Contact,True,False,False,False,Reed Marcus,Automation platform flow (1); Report (2); Sales view (1); Properties v3 card (1),15.73%,11/5/25 11:34 AM EST,Workflow,,,,stamp marketing lead signup = yes,536896140,,
HubSpot Only,1,1,0,False,True,False,meeting_set_date,Meeting Set Date,date,contactinformation,nan,Contact,True,False,False,False,Reed Marcus,Automation platform flow (1),1.26%,11/23/25 11:45 AM EST,Workflow,,,,Stamp meeting set date - contact,568555528,,
HubSpot Only,1,1,0,False,True,False,middle___warm_,Middle - Warm?,enumeration,contactinformation,nan,Contact,True,False,False,False,Reed Marcus,Automation platform flow (1),3.01%,10/6/25 11:16 AM EDT,Workflow,,,,Middle - warm,531539364,,
HubSpot Only,1,1,0,False,True,False,n12_mo__estimated_revenue__mtd_,12 mo. Estimated GP (mtd),number,dealinformation,nan,Deal,True,False,False,False,Reed Marcus,Automation platform flow (1); Sales view (4); Properties v3 card (1),7.26%,nan,nan,,,,Estimated 12 mo GP (mtd) - Company --> Deal/Contact,561685164,,
HubSpot Only,1,1,0,False,True,False,n365_est_rev__mtd_,365 est. revenue,number,dealinformation,nan,Deal,True,False,False,False,Reed Marcus,Automation platform flow (1); Report (1); Sales view (4); Properties v3 card (1),7.76%,11/23/25 3:14 PM EST,Workflow,,,,estimated 365 days rev - mtd - company --> Deal,561193822,,
HubSpot Only,1,0,1,False,True,False,not_bottom_funnel,Not bottom funnel,enumeration,contactinformation,nan,Contact,True,False,False,False,Reed Marcus,Automation platform flow (1),0.11%,11/25/24 4:50 PM EST,Workflow,,,,,,Set Inbound Type - Bottom Funnel Warm,535321510
HubSpot Only,1,0,1,False,True,False,num_conversion_events,Number of Form Submissions,number,conversioninformation,The number of forms this contact has submitted,"Contact, Company",False,True,True,True,HubSpot,Calculated property (2); Inbounddb lists (2); Automation platform flow (2); Sales view (4); Properties v3 card (1),100%,11/23/25 6:37 PM EST,HubSpot Calculation,,,,,,1.1 DS – Pipeline Stage | State Tagging,1635901254
HubSpot Only,1,1,0,False,True,False,nurturing_after_placeholder_meeting,Nurturing after Placeholder Meeting?,enumeration,companyinformation,nan,Company,True,False,False,False,Reed Marcus,Automation platform flow (1); Properties v3 card (1),0%,nan,nan,,,,Lead Nurturing signup - company,469995015,,
HubSpot Only,1,1,0,False,True,False,nurturing_after_placeholder_meeting_,Nurturing after placeholder meeting?,enumeration,dealinformation,nan,Deal,True,False,False,False,Reed Marcus,Automation platform flow (1); Sales view (3),0%,nan,nan,,,,Lead Nurturing signup - company,469995015,,
HubSpot Only,1,1,0,False,True,False,of_associated_contacts,# of Associated Contacts,number,contactinformation,nan,Contact,True,False,False,False,Reed Marcus,Inbounddb lists (1); Automation platform flow (1),95.75%,11/23/25 6:37 PM EST,Workflow,,,,Company --> Contact - associated contacts,466502483,,
HubSpot Only,1,0,1,False,True,False,partner_affiliate,Partner Affiliate,string,contactinformation,nan,Contact,True,False,False,False,Christopher Cooper,Form (1); Inbounddb lists (3); Automation platform flow (1); Properties v3 card (1),0.02%,5/14/25 1:31 PM EDT,Forms,,,,,,Become a partner form - Owner assignation,1623367486
HubSpot Only,1,1,0,False,True,False,partner_type,Partner Type,string,contactinformation,nan,Contact,True,False,False,False,Reed Marcus,Automation platform flow (1); Report (1); Sales view (9),0.58%,9/4/24 7:42 AM EDT,Workflow,,,,Company --> Contact - Partner Type,450196350,,
HubSpot Only,1,0,1,False,True,False,partnership,Partnership,string,contactinformation,nan,Contact,True,False,False,False,Marko Pavlovic,Form (2); Inbounddb lists (2); Automation platform flow (1),0.16%,11/23/25 5:38 PM EST,Forms,,,,,,Partnerships - Inbound Operations,600145329
HubSpot Only,1,1,0,False,True,False,pic__l3__ai_touchpoint____deal__boolean_,PIC [L3: AI Touchpoint] | Deal (Boolean),enumeration,dealinformation,nan,Deal,True,False,False,False,Christopher Cooper,Automation platform flow (1); Sales view (7); Properties v3 card (1),0.75%,11/23/25 1:52 PM EST,Workflow,,,,0.04 L3 / Marketing Attribution | Initial Proxy Association (Phase 1),1680343919,,
HubSpot Only,1,1,0,False,True,False,pic__l3__last_ad_details__marketing_inbound__deal_string,PIC [L3: Last Ad Details - Marketing Inbound] | Deal (String),string,dealinformation,nan,Deal,True,False,False,False,Christopher Cooper,Automation platform flow (1); Sales view (2),4.34%,11/23/25 6:46 PM EST,Workflow,,,,0.05 Ad/Emails Touchpoint Influence,1680997978,,
HubSpot Only,1,1,0,False,True,False,pic_l3__la_marketing_inbound__deal_string,PIC [L3: Last Ad - Marketing Inbound] | Deal (String),string,dealinformation,nan,Deal,True,False,False,False,Christopher Cooper,Automation platform flow (1); Sales view (2),0.56%,11/23/25 4:53 AM EST,Workflow,,,,0.05 Ad/Emails Touchpoint Influence,1680997978,,
HubSpot Only,1,0,1,False,True,False,pic_l3__marketing_inbound,PIC [L3: Marketing Inbound] | Contact (String),string,contactinformation,nan,Contact,True,False,False,False,Christopher Cooper,Automation platform flow (1); Sales view (7),0%,nan,nan,,,,,,0.05 Ad/Emails Touchpoint Influence,1680997978
HubSpot Only,1,0,1,False,True,False,pic_l3__smia_marketing_inbound__deal_calc,PIC [L3: S.MIa  - Marketing Inbound] | Deal (Calc),number,dealinformation,nan,Deal,False,True,True,False,Christopher Cooper,Automation platform flow (1); Sales view (2); Properties v3 card (1),0.56%,11/21/25 5:43 PM EST,HubSpot Calculation,,,,,,0.05 Ad/Emails Touchpoint Influence,1680997978
HubSpot Only,1,1,0,False,True,False,pic_l3__smia_marketing_inbound__deal_string,PIC [L3: S.MIa  - Marketing Inbound] | Deal (String),string,dealinformation,nan,Deal,True,False,False,False,Christopher Cooper,Calculated property (1); Automation platform flow (1); Sales view (6); Properties v3 card (1),2.88%,11/23/25 6:35 PM EST,Workflow,,,,0.05 Ad/Emails Touchpoint Influence,1680997978,,
HubSpot Only,1,1,0,False,True,False,pic_l3__sx_marketing_inbound__deal_string,PIC [L3: Sx∑ - Marketing Inbound] | Deal (String),string,dealinformation,nan,Deal,True,False,False,False,Christopher Cooper,Automation platform flow (1); Sales view (8); Properties v3 card (1),8.76%,11/23/25 6:35 PM EST,Workflow,,,,0.05 Ad/Emails Touchpoint Influence,1680997978,,
HubSpot Only,1,1,0,False,True,False,pic_l3_channel_source__deal_long,PIC [L3: Marketing Channel Source] | Deal (Long),string,dealinformation,nan,Deal,True,False,False,False,Christopher Cooper,Automation platform flow (1); Sales view (7); Properties v3 card (1),27.48%,11/23/25 6:34 PM EST,Workflow,,,,0.04 L3 / Marketing Attribution | Initial Proxy Association (Phase 1),1680343919,,
HubSpot Only,1,1,0,False,True,False,pic_l3_engagement_log__deal_long,PIC [L3: Engagement Log] | Deal (Long),string,dealinformation,nan,Deal,True,False,False,False,Christopher Cooper,Automation platform flow (1); Sales view (7); Properties v3 card (1),27.48%,11/23/25 6:34 PM EST,Workflow,,,,0.04 L3 / Marketing Attribution | Initial Proxy Association (Phase 1),1680343919,,
HubSpot Only,1,1,0,False,True,False,pic_l3_engagement_log__prior_state__deal_long,PIC [L3: Engagement Log – Prior State] | Deal (Long),string,dealinformation,nan,Deal,True,False,False,False,Christopher Cooper,Automation platform flow (1); Properties v3 card (1),0%,nan,nan,,,,0.04 L3 / Marketing Attribution | Initial Proxy Association (Phase 1),1680343919,,
HubSpot Only,1,0,1,False,True,False,pic_l3_marketing_inbound__deal_picklist,"PIC [L3, 0.9: Marketing Inbound] | Deal (Picklist)",enumeration,dealinformation,nan,Deal,True,False,False,False,Christopher Cooper,Automation platform flow (1); Properties v3 card (1),0%,7/31/25 3:02 PM EDT,CRM UI,,,,,,0.04 L3 / Marketing Attribution | Initial Proxy Association (Phase 1),1680343919
HubSpot Only,1,1,0,False,True,False,pipeline_stage__change_date,Pipeline Stage: Change Date,datetime,contactinformation,nan,Contact,False,False,False,False,Christopher Cooper,Automation platform flow (1); Sales view (8),24.81%,11/23/25 6:48 PM EST,Workflow,,,,1.2 DS – Pipeline Stage | State Change Tracking [DRAFT],1634440478,,
HubSpot Only,1,1,0,False,True,False,pipeline_stage__initial_date,Pipeline Stage: Initial Date,datetime,contactinformation,nan,Contact,False,False,False,False,Christopher Cooper,Automation platform flow (1),85.59%,3/11/25 11:03 AM EDT,Workflow,,,,1.1 DS – Pipeline Stage | State Tagging,1635901254,,
HubSpot Only,1,1,0,False,True,False,pipeline_stage__prior_stage,Pipeline Stage: Prior Stage,enumeration,contactinformation,nan,Contact,False,False,False,False,Christopher Cooper,Automation platform flow (1),24.81%,11/23/25 6:48 PM EST,Workflow,,,,1.2 DS – Pipeline Stage | State Change Tracking [DRAFT],1634440478,,
HubSpot Only,1,0,1,False,True,False,please_specify,Please specify:,string,contactinformation,nan,Contact,True,False,False,False,Reed Marcus,Form (4); Rollup property (1); Automation platform flow (1); Report (5); Sales view (9),0.73%,11/23/25 9:56 AM EST,Forms,,,,,,SIGNUP SURVEY - Direct traffic -->,582998708
HubSpot Only,1,0,1,False,True,False,pre_qualification_started,Pre-qualification started,enumeration,contactinformation,nan,Contact,True,False,False,False,Reed Marcus,Form (1); Automation platform flow (1); Sales view (3),3.47%,11/23/25 5:38 PM EST,Forms,,,,,,Part of Playground = Yes,536119865
HubSpot Only,1,0,1,False,True,False,primary_inbound_channel__l3__source____deal___proxy__sync_,"PIC [L3, 0.2.1: Source] | Deal - Proxy (Sync)",string,dealinformation,"Utilizes the following formula – checks the following values of the UTM in order (returns BLANK if empty): Source | Medium | Campaign | Term | Content. 

When UTM is NULL returns Organic Search Platform 
OR the Drill Down result of Original Source
---
if(is_known([properties.utm_source]), 
concatenate(if(is_known([properties.utm_source]), [properties.utm_source], """"), 
"" | "", 
if(is_known([properties.utm_medium]), [properties.utm_medium], """"), 
"" | "", 
if(is_known([properties.utm_campaign]), [properties.utm_campaign], """"), 
"" | "", 
if(is_known([properties.utm_term]), [properties.utm_term], """"), 
"" | "", 
if(is_known([properties.utm_content]), [properties.utm_content], """")), 

if(contains([properties.hs_analytics_source], ""Organic Search""), 
[properties.hs_analytics_source_data_2], 
[properties.hs_analytics_source_data_1]
)
) 
",Deal,False,True,True,False,Christopher Cooper,Automation platform flow (2); Report (1); Sales view (9); Properties v3 card (2),51.36%,11/23/25 6:28 PM EST,HubSpot Calculation,,,,,,0.03 Primary Inbound Channel | Initial Proxy Association,1643168061
HubSpot Only,1,0,1,False,True,False,promo_code,~Promo Code,string,contactinformation,nan,"Contact, Company, Deal",True,False,False,False,Reed Marcus,Form (1); Rollup property (2); Automation platform flow (1); Sales view (12); Properties v3 card (2),0.03%,9/8/24 10:50 PM EDT,Forms,,,,,,Stamp primary Inbound Channel - ORIGINAL,455977533
HubSpot Only,1,1,0,False,True,False,qualified_company_,Qualified Company?,enumeration,companyinformation,nan,Company,True,False,False,False,Reed Marcus,Automation platform flow (1); Sales view (1),8.35%,11/23/25 5:11 PM EST,Workflow,,,,Qualified Company = yes,447856390,,
HubSpot Only,1,1,0,False,True,False,recent_deal_date___prospect_pipeline,Recent Deal Date - Prospect Pipeline,date,deal_activity,nan,Deal,True,False,False,False,Reed Marcus,Calculated property (1); Automation platform flow (1),0.6%,11/20/25 5:22 PM EST,Workflow,,,,Deal - Recent Deal Date - For influenced deals,478181930,,
HubSpot Only,1,0,1,False,True,False,reddit_lead__growth_forms,Reddit Lead | Growth Forms,enumeration,contactinformation,nan,Contact,True,False,False,False,Christopher Cooper,Automation platform flow (1),0%,7/30/25 1:26 PM EDT,Integration,,,,,,[Master] Saleforce Inclusion Trigger,502383418
HubSpot Only,1,1,0,False,True,False,referralcount_vhkffvovvegkyvphp1nymdukkpq,Viral Loops | Total Referrals [SOR],number,vhkffvovvegkyvphp1nymdukkpq,The number of the referrals of the contact.,Contact,False,False,False,False,Christopher Cooper,Automation platform flow (1); Sales view (2); Properties v3 card (1),0.04%,8/26/25 6:14 PM EDT,Integration,,,,Summer of Rho: Referral Program MVP | Viral Loops,1666163048,,
HubSpot Only,1,0,1,False,True,False,referrerreferralcode_vhkffvovvegkyvphp1nymdukkpq,Viral Loops | Referrer Referral Code [SOR],string,vhkffvovvegkyvphp1nymdukkpq,The referral code of the Referrer.,Contact,False,False,False,False,Christopher Cooper,Inbounddb lists (1); Automation platform flow (1); Sales view (2); Properties v3 card (1),0.01%,8/26/25 6:14 PM EDT,Integration,,,,,,Summer of Rho: Referral Program MVP | Viral Loops,1666163048
HubSpot Only,1,0,1,False,True,False,referrerreferralcode_xd6szyxd0efuzwzuamh1gxy8kia,Referrer Referral Code,string,xd6szyxd0efuzwzuamh1gxy8kia,The referral code of the Referrer.,Contact,False,False,False,False,Christopher Cooper,Automation platform flow (1),0%,nan,nan,,,,,,Summer of Rho: Referral Program MVP | Viral Loops,1666163048
HubSpot Only,1,1,0,False,True,False,rev_bucket,Revenue Bucket,enumeration,salesforceinformation,nan,Contact,True,False,False,False,Reed Marcus,Automation platform flow (1),5.51%,11/23/25 5:38 PM EST,Workflow,,,,Revenue Bucket,436111686,,
HubSpot Only,1,0,1,False,True,False,revenue_bucket,olddd,enumeration,contactinformation,nan,Contact,True,False,False,False,Reed Marcus,Automation platform flow (1),0%,nan,nan,,,,,,Revenue Bucket,436111686
HubSpot Only,1,1,0,False,True,False,router_status,Router Status,enumeration,dealinformation,nan,Deal,True,False,False,False,Reed Marcus,Automation platform flow (1); Sales view (1),31.99%,11/23/25 5:50 PM EST,Workflow,,,,Router Status,565494277,,
HubSpot Only,1,1,0,False,True,False,safe_note_generator___submission_date,Safe Note Generator | Submission Date,datetime,contactinformation,nan,Contact,True,False,False,False,Christopher Cooper,Automation platform flow (1),0.02%,11/23/25 4:39 PM EST,Workflow,,,,DS - Leads: Growth Tools (Safe/Invoice) | Funnel Optimization,1655787627,,
HubSpot Only,1,1,0,False,True,False,safe_note_generator___submission_log,Safe Note Generator | Submission Log,string,contactinformation,nan,Contact,True,False,False,False,Christopher Cooper,Automation platform flow (1),0.02%,11/23/25 2:46 PM EST,Workflow,,,,DS - Leads: Growth Tools (Safe/Invoice) | Funnel Optimization,1655787627,,
HubSpot Only,1,0,1,False,True,False,salesforcecampaignids,Salesforce Campaign IDs,enumeration,salesforceinformation,nan,Contact,False,True,False,True,HubSpot,Inbounddb lists (4); Automation platform flow (1); Email (1); Sales view (13),48.5%,11/22/25 3:54 PM EST,Salesforce,,,,,,[Events | DS] Luma - Events Management | SFDC Campaign Assignment,1646770076
HubSpot Only,1,0,1,False,True,False,salesforceleadid,Salesforce Lead ID,string,salesforceinformation,nan,Contact,False,True,False,True,HubSpot,Calculated property (1); Inbounddb lists (1); Automation platform flow (1); Sales view (66); Properties v3 card (1),8.69%,11/23/25 6:28 PM EST,Salesforce,,,,,,Salesforce Lead = yes,416075673
HubSpot Only,1,1,0,False,True,False,seamless_lists__c,Tag-seamless,string,salesforceinformation,nan,Contact,True,False,False,False,Unknown user,Automation platform flow (1); Sales view (2),26.04%,nan,nan,,,,RB2B - stamp properties,581828486,,
HubSpot Only,1,1,0,False,True,False,segment_revenue,Segment_Revenue,string,dealinformation,nan,Deal,True,False,False,False,Reed Marcus,Automation platform flow (1); Sales view (16),20.87%,9/20/24 3:43 AM EDT,Workflow,,,,Company --> Deal - Segment,462148453,,
HubSpot Only,1,1,0,False,True,False,self_serve_cs_pipeline_,Self-Serve/CS Pipeline?,enumeration,contactinformation,nan,Contact,True,False,False,False,Reed Marcus,Automation platform flow (1),11.18%,11/23/25 6:11 PM EST,Workflow,,,,SelfServe/CS = Yes,590721422,,
HubSpot Only,1,1,0,False,True,False,sent_to_compliance_,Sent to compliance?,enumeration,contactinformation,nan,Contact,True,False,False,False,Reed Marcus,Automation platform flow (1); Sales view (4),0.26%,4/14/25 3:21 PM EDT,Workflow,,,,Sent to compliance date,462986773,,
HubSpot Only,1,1,0,False,True,False,sfdc_lead_,SFDC Lead?,enumeration,contactinformation,nan,Contact,True,False,False,False,Reed Marcus,Automation platform flow (1),22.76%,11/23/25 6:11 PM EST,Workflow,,,,Salesforce Lead = yes,416075673,,
HubSpot Only,1,1,0,False,True,False,signup_lead_score___text,Signup Lead Score - Text,string,contactinformation,nan,Contact,True,False,False,False,Reed Marcus,Automation platform flow (1),3.31%,4/14/25 3:22 PM EDT,Workflow,,,,Signup Lead Score - Lead Score text,440422327,,
HubSpot Only,1,1,0,False,True,False,signup_product_intent,Signup Product Intent,enumeration,contactinformation,nan,Contact,True,False,False,False,Reed Marcus,Automation platform flow (1); Sales view (1),6.28%,11/23/25 6:11 PM EST,Workflow,,,,Signup product intent,465942405,,
HubSpot Only,1,1,0,False,True,False,sor_contest___referrer___email,SoR Contest | Referrer – Email,string,contactinformation,nan,Contact,True,False,False,False,Christopher Cooper,Automation platform flow (1); Sales view (7); Properties v3 card (1),0%,8/15/25 4:49 PM EDT,Workflow,,,,Summer of Rho: Referral Program MVP | Viral Loops,1666163048,,
HubSpot Only,1,1,0,False,True,False,sor_contest___referrer___last_name,SoR Contest | Referrer – Last Name,string,contactinformation,nan,Contact,True,False,False,False,Christopher Cooper,Automation platform flow (1); Sales view (1),0%,8/15/25 4:49 PM EDT,Workflow,,,,Summer of Rho: Referral Program MVP | Viral Loops,1666163048,,
HubSpot Only,1,1,0,False,True,False,sor_contest___referrer__create_date,SoR Contest | Referrer – Create Date,datetime,contactinformation,nan,Contact,True,False,False,False,Christopher Cooper,Automation platform flow (1),0%,nan,nan,,,,Summer of Rho: Referral Program MVP | Viral Loops,1666163048,,
HubSpot Only,1,1,0,False,True,False,sor_contest___referrer__referral_count,SoR Contest | Referrer – Referral Count,number,contactinformation,nan,Contact,True,False,False,False,Christopher Cooper,Automation platform flow (1),0.01%,8/26/25 6:15 PM EDT,Workflow,,,,Summer of Rho: Referral Program MVP | Viral Loops,1666163048,,
HubSpot Only,1,1,0,False,True,False,sor_contest__referrer__first_name,SoR Contest | Referrer – First Name,string,contactinformation,nan,Contact,True,False,False,False,Christopher Cooper,Automation platform flow (1); Sales view (1),0%,8/15/25 4:49 PM EDT,Workflow,,,,Summer of Rho: Referral Program MVP | Viral Loops,1666163048,,
HubSpot Only,1,1,0,False,True,False,sor_contest__referrer__link,SoR Contest | Referrer – Link,string,contactinformation,nan,Contact,False,False,False,False,Christopher Cooper,Automation platform flow (1),0%,8/15/25 4:49 PM EDT,Workflow,,,,Summer of Rho: Referral Program MVP | Viral Loops,1666163048,,
HubSpot Only,1,1,0,False,True,False,strategic_gtm_initiatives__date,Strategic GTM Initiatives (Last Change Date),datetime,salesforceinformation,nan,Deal,True,False,False,False,Christopher Cooper,Automation platform flow (1); Sales view (1),3.79%,11/23/25 5:52 PM EST,Workflow,,,,0.07 Strategic Initiatives | Deal Assignment (All Associations),1686474560,,
HubSpot Only,1,1,0,False,True,False,strategic_gtm_initiatives__helper__dropdown_,"Strategic GTM Initiatives (Helper, Dropdown)",enumeration,salesforceinformation,nan,Deal,True,False,False,False,Christopher Cooper,Automation platform flow (1); Sales view (1),3.79%,11/23/25 5:52 PM EST,Workflow,,,,0.07 Strategic Initiatives | Deal Assignment (All Associations),1686474560,,
HubSpot Only,1,1,0,False,True,False,timestamp__decisioned,Timestamp: Decisioned,date,dealinformation,nan,Deal,True,False,False,False,Reed Marcus,Automation platform flow (1),6.96%,11/23/25 6:44 PM EST,Workflow,,,,Timestamp: Decisioned,556308635,,
HubSpot Only,1,1,0,False,True,False,timestamp__uvpa,Timestamp: UVPA,date,contactinformation,nan,Contact,True,False,False,False,Reed Marcus,Automation platform flow (1); Sales view (1),0.09%,nan,nan,,,,UVPA - Deal --> Contact,589593955,,
HubSpot Only,1,0,1,False,True,False,total_associated_deals,Total Associated Deals,number,contactinformation,nan,Contact,False,True,True,False,Christopher Cooper,Inbounddb lists (4); Automation platform flow (1); Sales view (8),100%,11/23/25 6:37 PM EST,HubSpot Calculation,,,,,,DS - Leads: Growth Tools (Safe/Invoice) | Funnel Optimization,1655787627
HubSpot Only,1,1,0,False,True,False,total_sent_sms,Total SMS/MMS sent,number,sms_sent,Total no. of SMS sent,"Contact, Deal",True,False,False,False,Christopher Cooper,Automation platform flow (1),0%,10/2/25 3:28 PM EDT,Workflow,,,,SMS | Workflow Draft/Test,1700712047,,
HubSpot Only,1,1,0,False,True,False,total_spend___this_month,Total Spend - MTD,number,dealinformation,nan,Deal,True,False,False,False,Reed Marcus,Rollup property (1); Automation platform flow (1); Report (1); Sales view (6); Properties v3 card (1),46.22%,11/23/25 3:14 PM EST,Workflow,,,,Total Spend MTD - Company --> Deal,571508535,,
HubSpot Only,1,1,0,False,True,False,total_spend_last_month,Total Spend - Last Month,number,dealinformation,nan,Deal,True,False,False,False,Reed Marcus,Automation platform flow (1); Report (1); Sales view (7); Properties v3 card (1),47.18%,11/23/25 3:14 PM EST,Workflow,,,,Total Spend Last Month - Company --> Deal,570165628,,
HubSpot Only,1,1,0,False,True,False,upcoming_call_date,Upcoming Call Date,date,contactinformation,nan,Contact,True,False,False,False,Reed Marcus,Automation platform flow (1); Email (1); Sales view (2),1.73%,10/15/25 3:01 PM EDT,Workflow,,,,Upcoming Call Date - Deal --> Contact,537915458,,
HubSpot Only,1,1,0,False,True,False,user_flow__forms___acquisition_path__states_c,"User Flow, FORMS | Acquisition Path (States)",enumeration,contactinformation,nan,Contact,True,False,False,False,Christopher Cooper,Automation platform flow (1); Sales view (3),0.68%,11/23/25 6:13 PM EST,Workflow,,,,0.1.1 Submission/Approval Track,1649020849,,
HubSpot Only,1,1,0,False,True,False,user_flow_forms__acquisition_path_c,"User Flow, FORMS | Acquisition Path",string,contactinformation,nan,Contact,True,False,False,False,Christopher Cooper,Automation platform flow (1); Sales view (3),0.75%,11/23/25 6:12 PM EST,Workflow,,,,0.1.1 Submission/Approval Track,1649020849,,
HubSpot Only,1,1,0,False,True,False,user_flow_forms__acquisition_path_log_c,"User Flow, FORMS | Acquisition Path, LOG",string,contactinformation,nan,Contact,True,False,False,False,Christopher Cooper,Automation platform flow (1); Sales view (2),0.74%,11/23/25 6:45 PM EST,Workflow,,,,0.1.1 Submission/Approval Track,1649020849,,
HubSpot Only,1,1,0,False,True,False,utm_asset_group,Google pMax | Asset Grouping,enumeration,contactinformation,nan,"Contact, Company, Deal",True,False,False,False,Christopher Cooper,Automation platform flow (1); Report (1); Sales view (1),0.13%,11/23/25 2:40 PM EST,Workflow,,,,0.05 Ad/Emails Touchpoint Influence,1680997978,,
HubSpot Only,1,0,1,False,True,False,vc_backed_sfdc,VC-Backed-sfdc,enumeration,contactinformation,nan,Contact,True,False,False,False,Reed Marcus,Automation platform flow (1); Sales view (2),13.99%,nan,nan,,,,,,Salesforce - Hubspot-VC --> Yes,580011143
HubSpot Only,1,1,0,False,True,False,won_,Activated?,enumeration,contactinformation,nan,Contact,True,False,False,False,Reed Marcus,Automation platform flow (1),2.85%,11/23/25 3:43 PM EST,Workflow,,,,Closed won = yes,419533689,,
HubSpot Only,1,1,0,False,True,False,ycombinator_referral_program___applicant,SoR Referral Program | Applicant Lead,enumeration,contactinformation,nan,Contact,True,False,False,False,Christopher Cooper,Automation platform flow (1); Sales view (7); Properties v3 card (1),0.01%,8/26/25 6:13 PM EDT,Workflow,,,,Summer of Rho: Referral Program MVP | Viral Loops,1666163048,,
HubSpot Only,1,1,0,False,True,False,ycombinator_referral_program___client,SoR Referral Program | Client Check,enumeration,contactinformation,nan,Contact,True,False,False,False,Christopher Cooper,Automation platform flow (1); Properties v3 card (1),0.01%,8/26/25 6:14 PM EDT,Workflow,,,,Summer of Rho: Referral Program MVP | Viral Loops,1666163048,,
