FlowId,Name,Enabled,XLSX_Enabled,XLSX_Found,Recommended Action,Total Enrolled,XLSX_Enrolled_Total,XLSX_Currently_Enrolled,XLSX_Object_Type,XLSX_Trigger_Type,XLSX_Updated_On,Uses_Salesforce_Connected_Props,Total_Key_Fields,Writes_Key_Fields,Writes_Key_Fields_Count,Writes Properties,Writes_HubSpot_Only_Props,Writes_Salesforce_Only_Props,Writes_Unmatched_Props,Reads_Key_Fields,Reads_Key_Fields_Count,Reads Properties,Reads_HubSpot_Only_Props,Reads_Salesforce_Only_Props,Reads_Unmatched_Props,Unnamed: 1,Consolidate With FlowIds,Consolidate With Flow Names,Consolidation Reason,Consolidation Base Flow Id,Consolidation Base Flow Name,Consolidation Base Flow Reason,XLSX_Description,Writes_Total_Props_Count,Reads_Total_Props_Count
1646770076,[Events | DS] Luma - Events Management | SFDC Campaign Assignment,True,True,True,Keep as-is,7498.0,7498.0,345.0,CONTACT,Filter criteria,2025-11-11 17:07:00,True,9,"consent_communications__c, create_opportunity_, hubspot_owner_id, leadsource",4,"consent_communications__c, create_opportunity_, event_sync_luma_log, hubspot_owner_id, leadsource, pipeline_stage__marketing_eligible, salesforce_inclusion","event_sync_luma_log, pipeline_stage__marketing_eligible, salesforce_inclusion",,,"campaign_id, company, createdate, deal_stage, email, hubspot_owner_id",6,"campaign_id, company, createdate, deal_stage, email, event_sync_luma, google_ad_lead__growth_forms, hubspot_owner_id, luma_event, salesforcecampaignids","event_sync_luma, google_ad_lead__growth_forms, luma_event, salesforcecampaignids",,,,,,,,,,"Updates contact properties and marketing status based on event participation, email domain, and campaign data, with branches to manage exclusions, delays, and post-event communications.",7,10
502383418,[Master] Saleforce Inclusion Trigger,True,True,True,Keep as-is,633820.0,635753.0,0.0,CONTACT,Filter criteria,2025-11-21 15:59:00,True,7,hubspot_owner_id,1,"hubspot_owner_id, salesforce_inclusion, salesforce_inclusion_string","salesforce_inclusion, salesforce_inclusion_string",,,"company, email, firstname, lastname, partner_gid, salesforcelastsynctime",6,"company, email, firstname, google_ad_lead__growth_forms, lastname, partner_gid, reddit_lead__growth_forms, salesforce_inclusion, salesforce_inclusion_string, salesforcelastsynctime","google_ad_lead__growth_forms, reddit_lead__growth_forms, salesforce_inclusion, salesforce_inclusion_string",,,,,,,,,,"Updates Salesforce Inclusion to ""Yes"" and assigns a contact owner for contacts in a specific list with known names and company, branching for test emails containing specific strings.",3,10
1654169864,{Draft} DS – ABM: Early Stage (Targeted Comms) | Funnel Optimization,False,False,True,Delete,0.0,,,CONTACT,Filter criteria,2025-05-22 17:31:00,True,5,,0,"campaign_enrollment_log__journey_tracking, experiment_log","campaign_enrollment_log__journey_tracking, experiment_log",,,"crunchbase__latest_round_date__c, crunchbase__latest_round_funding_type__c, crunchbase__latest_round_money_raised_in_usd__c, email, jobtitle",5,"crunchbase__latest_round_date__c, crunchbase__latest_round_funding_type__c, crunchbase__latest_round_money_raised_in_usd__c, email, hs_is_closed_lost, hs_is_closed_won, jobtitle","hs_is_closed_lost, hs_is_closed_won",,,,,,"Inactive Workflow, 0 Total Enrollment",,,,"Sends targeted communications to early-stage contacts with recent funding rounds, filtering by funding type and job title, and tracks campaign engagement over time.",2,7
1623672664,*Influencer | MyTechCEO - Assignation,True,True,True,Delete,3.0,3.0,0.0,CONTACT,Filter criteria,2025-04-25 00:22:00,True,1,hubspot_owner_id,1,hubspot_owner_id,,,,,0,,,,,,,,Low Total Enrollment,,,,"Assigns a specific contact owner to contacts who have submitted the ""Influencer | MyTechCEO"" form.",1,0
568330583,# of Employee properties - Company to Deal,True,True,True,Keep as-is,378830.0,379881.0,0.0,COMPANY,Filter criteria,2025-04-25 00:21:00,True,1,numberofemployees,1,"apollo_employees, clearbit_employees, hubspot_employees, numberofemployees","apollo_employees, clearbit_employees, hubspot_employees",,,numberofemployees,1,"apollo_employees, clearbit_employees, hs_name, hs_value, numberofemployees","apollo_employees, clearbit_employees",,"hs_name, hs_value",,,,,,,,Copies employee count properties from associated companies to deals when any employee count property is known on the company.,4,5
478017128,^Lead converted to contact - Status = New,True,True,True,Keep but Consolidate into Canonical Workflow,27474.0,27878.0,0.0,CONTACT,Filter criteria,2025-03-10 14:27:00,True,2,leadstatus,1,leadstatus,,,,"date_account_came_inbound, leadstatus",2,"date_account_came_inbound, last_deal_pipeline, leadstatus, lifecyclestage, salesforcecontactid","last_deal_pipeline, lifecyclestage, salesforcecontactid",,,,"1623178028, 565556096, 478015139, 478017128, 431530163, 429460006","Lead/Contact Status to Bounced, Playground signups --> status = new, Lead converted to contact - Opp or Customer, ^Lead converted to contact - Status = New, copy lead status to company, Status - attempting to reach",Multiple workflows (6) write to the same properties: leadstatus; consolidate to a single canonical workflow to avoid conflicts and simplify maintenance.,431530163.0,copy lead status to company,Selected as base because it has the highest historical enrollment among workflows writing the same properties.,"Updates contact status from ""New"" to ""Meeting Set,"" ""Contact Made,"" or ""Attempting to reach"" based on their previous status after a 15-minute delay.",1,5
561689637,~ Source of funds - contact --> Company,True,True,True,Keep as-is,,22120.0,0.0,CONTACT,Filter criteria,2025-04-25 00:21:00,True,2,"industry_app, source_of_funds",2,"industry_, industry_app, source_of_funds",industry_,,,"industry_app, source_of_funds",2,"industry_app, source_of_funds",,,,,,,,,,,"Copies the ""~ source of funds"" property from contact to company, then copies the ""~Industry - Application"" property from contact to company when either property is known.",3,2
1634220879,0.00 [Batch Update] Quarantine // Churned Marketable Contacts,True,True,True,Keep as-is,2892465.0,2892683.0,0.0,CONTACT,Filter criteria,2025-04-25 00:22:00,True,2,,0,"pipeline_stage, pipeline_stage__marketing_eligible","pipeline_stage, pipeline_stage__marketing_eligible",,,"createdate, deal_stage",2,"createdate, deal_stage, hs_analytics_last_visit_timestamp, hs_marketable_status, pipeline_stage, pipeline_stage__marketing_eligible","hs_analytics_last_visit_timestamp, hs_marketable_status, pipeline_stage, pipeline_stage__marketing_eligible",,,,,,,,,,"Delays for 1 minute, updates marketing contact status, sets ""Pipeline Stage"" to ""Phase 6 | Lost"", and marks ""Pipeline Stage: Marketing Eligible"" as ""No"" for specific contacts.",2,6
1634483287,0.01 [Batch Update] Remarketing // Active Non-Marketing Accounts (cloned),True,True,True,Keep but Consolidate into Canonical Workflow,112723.0,114394.0,0.0,CONTACT,Filter criteria,2025-05-15 10:59:00,False,0,,0,pipeline_stage__marketing_eligible,pipeline_stage__marketing_eligible,,,,0,"hs_marketable_status, pipeline_stage, pipeline_stage__marketing_eligible","hs_marketable_status, pipeline_stage, pipeline_stage__marketing_eligible",,,,"1634483287, 1634483557","0.01 [Batch Update] Remarketing // Active Non-Marketing Accounts (cloned), 1.0 DS – Pipeline Stage | Marketable Tagging",Multiple workflows (2) write to the same properties: pipeline_stage__marketing_eligible; consolidate to a single canonical workflow to avoid conflicts and simplify maintenance.,1634483557.0,1.0 DS – Pipeline Stage | Marketable Tagging,Selected as base because it has the highest historical enrollment among workflows writing the same properties.,"Updates marketing contact status and sets ""Pipeline Stage"" to ""Phase 6 | Lost"" for contacts that have been incorrectly set as ""Marketing contact"" status.",1,3
1637786224,0.02 [MOPs / Global] Experiment Tagging | Initial Groupings,True,True,True,Keep as-is,894.0,912.0,0.0,CONTACT,Filter criteria,2025-04-25 00:22:00,False,0,,0,,,,,,0,,,,,,,,,,,,Adds a record to a static list when a contact is in list 7991.,0,0
1643168061,0.03 Primary Inbound Channel | Initial Proxy Association,True,True,True,Keep as-is,992150.0,993211.0,0.0,DEAL,Filter criteria,2025-09-04 12:05:00,True,22,"pic_l3_source_deal_data_string, utm_campaign, utm_campaign__c, utm_content, utm_content__c, utm_medium, utm_medium__c, utm_source, utm_source__c, utm_term, utm_term__c",11,"first_page_seen, pic_l3__source_contact_data_string, pic_l3_source_deal_data_string, primary_inbound_channel__l1____contact___proxy, primary_inbound_channel__l1____deal___proxy, primary_inbound_channel__l2__medium____contact___proxy__cloned_, primary_inbound_channel_l2_medium_deal_proxy, utm_campaign, utm_campaign__c, utm_content, utm_content__c, utm_funnel, utm_medium, utm_medium__c, utm_ref, utm_source, utm_source__c, utm_term, utm_term__c","first_page_seen, pic_l3__source_contact_data_string, primary_inbound_channel__l1____contact___proxy, primary_inbound_channel__l1____deal___proxy, primary_inbound_channel__l2__medium____contact___proxy__cloned_, primary_inbound_channel_l2_medium_deal_proxy, utm_funnel, utm_ref",,,"createdate, dealstage, how_did_you_first_hear_about_rho, how_did_you_first_hear_about_rho_, hs_analytics_first_url, hs_analytics_source, hs_analytics_source_data_1, hs_analytics_source_data_2, lead_source, leadsource, sql_date, utm_campaign, utm_content, utm_medium, utm_source, utm_source__c, utm_term",17,"createdate, dealstage, how_did_you_first_hear_about_rho, how_did_you_first_hear_about_rho_, hs_analytics_first_url, hs_analytics_source, hs_analytics_source_data_1, hs_analytics_source_data_2, hs_name, hs_object_id, hs_value, lead_source, leadsource, primary_inbound_channel__l1____deal___proxy, primary_inbound_channel__l3__source____contact___proxy, primary_inbound_channel__l3__source____deal___proxy__sync_, sql_date, utm_campaign, utm_content, utm_funnel, utm_medium, utm_ref, utm_source, utm_source__c, utm_term","hs_object_id, primary_inbound_channel__l1____deal___proxy, primary_inbound_channel__l3__source____contact___proxy, primary_inbound_channel__l3__source____deal___proxy__sync_, utm_funnel, utm_ref",,"hs_name, hs_value",,,,,,,,"Updates the ""Primary Inbound Channel [L1] | Deal - Proxy"" property based on list membership, setting values like ""Events"", ""Sales"", ""Direct"", ""Paid Marketing"", ""Partner"", ""Investors"", or ""Customer Referrals"".",19,25
1680343919,0.04 L3 / Marketing Attribution | Initial Proxy Association (Phase 1),True,True,True,Keep as-is,28732.0,30395.0,0.0,DEAL,Filter criteria,2025-11-17 13:51:00,True,20,"pic_l3_source_deal_data_string, utm_campaign, utm_campaign__c, utm_content, utm_content__c, utm_medium, utm_medium__c, utm_source, utm_source__c, utm_term, utm_term__c",11,"first_page_seen, pic__l3__ai_touchpoint____deal__boolean_, pic__l3__marketing_inbound__deal_string_, pic_l3_channel_source__deal_long, pic_l3_engagement_log__deal_long, pic_l3_engagement_log__prior_state__deal_long, pic_l3_first_touch__deal_string, pic_l3_last_touch__deal__string, pic_l3_source_deal_data_string, utm_campaign, utm_campaign__c, utm_content, utm_content__c, utm_funnel, utm_medium, utm_medium__c, utm_ref, utm_source, utm_source__c, utm_term, utm_term__c","first_page_seen, pic__l3__ai_touchpoint____deal__boolean_, pic__l3__marketing_inbound__deal_string_, pic_l3_channel_source__deal_long, pic_l3_engagement_log__deal_long, pic_l3_engagement_log__prior_state__deal_long, pic_l3_first_touch__deal_string, pic_l3_last_touch__deal__string, utm_funnel, utm_ref",,,"createdate, dealname, dealstage, first_conversion_event_name, how_did_you_first_hear_about_rho_, hs_analytics_source, hs_analytics_source_data_1, lead_source, opportunity_source, utm_campaign, utm_campaign__c, utm_content, utm_medium, utm_medium__c, utm_source, utm_source__c, utm_term",17,"createdate, dealname, dealstage, first_conversion_event_name, first_page_seen, first_page_url__deal, first_visit_contact__utm_mapping, global_business_id__deal_sync__contact_, how_did_you_first_hear_about_rho_, hs_analytics_num_page_views, hs_analytics_source, hs_analytics_source_data_1, hs_latest_source_timestamp, hs_name, hs_object_source_label, hs_value, last_page_seen__deal_string, last_page_url___deal, lead_source, num_associated_contacts, opportunity_source, pic__l3__marketing_inbound__deal_string_, pic__l3__reenrollment_cc_deal__boolean, pic_l3_first_touch__deal_string, pic_l3_last_touch__deal__string, pic_l3_marketing_inbound__deal_picklist, recent_conversion_date, utm_campaign, utm_campaign__c, utm_check__deal_sync_c, utm_content, utm_funnel, utm_medium, utm_medium__c, utm_ref, utm_source, utm_source__c, utm_term","first_page_seen, first_page_url__deal, first_visit_contact__utm_mapping, global_business_id__deal_sync__contact_, hs_analytics_num_page_views, hs_latest_source_timestamp, hs_object_source_label, last_page_seen__deal_string, last_page_url___deal, num_associated_contacts, pic__l3__marketing_inbound__deal_string_, pic__l3__reenrollment_cc_deal__boolean, pic_l3_first_touch__deal_string, pic_l3_last_touch__deal__string, pic_l3_marketing_inbound__deal_picklist, recent_conversion_date, utm_check__deal_sync_c, utm_funnel, utm_ref",,"hs_name, hs_value",,,,,,,,"Updates the ""Primary Inbound Channel [L1] | Deal - Proxy"" property based on list membership, setting values like ""Events"", ""Sales"", ""Direct"", ""Paid Marketing"", ""Partner"", ""Investors"", or ""Customer Referrals"".",21,38
1680997978,0.05 Ad/Emails Touchpoint Influence,True,True,True,Keep as-is,14330.0,15240.0,0.0,DEAL,Filter criteria,2025-11-05 17:52:00,True,27,"createdate, pic_l3__s0_marketing_inbound__deal_string, pic_l3__s1_marketing_inbound__deal_string, pic_l3__s2_marketing_inbound__deal_string, pic_l3__s3_marketing_inbound__deal_string, pic_l3__s4_marketing_inbound__deal_string, utm_campaign, utm_campaign__c, utm_content, utm_content__c, utm_medium, utm_medium__c, utm_source, utm_source__c, utm_term, utm_term__c",16,"createdate, facebook_clid__contact, facebook_clid__deal, google__experiment_grouping_c, google__experiment_grouping_d, initial_qualification_date__s0, last_page_seen__deal_string, pic__l3__last_ad_details__marketing_inbound__deal_string, pic_l3__la_marketing_inbound__deal_string, pic_l3__s0_marketing_inbound__deal_string, pic_l3__s1_marketing_inbound__deal_string, pic_l3__s2_marketing_inbound__deal_string, pic_l3__s3_marketing_inbound__deal_string, pic_l3__s4_marketing_inbound__deal_string, pic_l3__smia_marketing_inbound__deal_string, pic_l3__sx_marketing_inbound__deal_string, pic_l3_marketing_inbound_reoccurrence__deal_string, utm_asset_group, utm_campaign, utm_campaign__c, utm_content, utm_content__c, utm_funnel, utm_medium, utm_medium__c, utm_ref, utm_source, utm_source__c, utm_term, utm_term__c","facebook_clid__contact, facebook_clid__deal, google__experiment_grouping_c, google__experiment_grouping_d, initial_qualification_date__s0, last_page_seen__deal_string, pic__l3__last_ad_details__marketing_inbound__deal_string, pic_l3__la_marketing_inbound__deal_string, pic_l3__smia_marketing_inbound__deal_string, pic_l3__sx_marketing_inbound__deal_string, pic_l3_marketing_inbound_reoccurrence__deal_string, utm_asset_group, utm_funnel, utm_ref",,,"application_submitted_date, company, createdate, dealstage, first_conversion_event_name, hs_analytics_first_url, hs_analytics_last_url, hs_analytics_source, hs_analytics_source_data_1, pic_l3__s0_marketing_inbound__deal_string, pic_l3__s1_marketing_inbound__deal_string, pic_l3__s2_marketing_inbound__deal_string, pic_l3__s3_marketing_inbound__deal_string, sql_date, timestamp__account_created, timestamp_account_activated__c, utm_campaign, utm_content, utm_medium, utm_source, utm_source__c, utm_term",22,"application_submitted_date, company, createdate, dealstage, first_conversion_event_name, first_page_seen, hs_analytics_first_url, hs_analytics_last_url, hs_analytics_latest_source, hs_analytics_source, hs_analytics_source_data_1, hs_email_last_click_date, hs_facebook_click_id, hs_latest_source_data_1, hs_name, hs_value, last_page_url___deal, marketing_interactions___email_clicks___total__deal_, pic__l3__marketing_inbound__deal_string_, pic__l3__reenrollment_cc_deal__boolean, pic_l3__marketing_inbound, pic_l3__s0_marketing_inbound__deal_string, pic_l3__s1_marketing_inbound__deal_string, pic_l3__s2_marketing_inbound__deal_string, pic_l3__s3_marketing_inbound__deal_string, pic_l3__smia_marketing_inbound__deal_calc, pic_l3_marketing_inbound_reoccurrence__deal_string, sql_date, timestamp__account_created, timestamp_account_activated__c, utm_campaign, utm_check__deal_sync_c, utm_content, utm_funnel, utm_medium, utm_ref, utm_source, utm_source__c, utm_term","first_page_seen, hs_analytics_latest_source, hs_email_last_click_date, hs_facebook_click_id, hs_latest_source_data_1, last_page_url___deal, marketing_interactions___email_clicks___total__deal_, pic__l3__marketing_inbound__deal_string_, pic__l3__reenrollment_cc_deal__boolean, pic_l3__marketing_inbound, pic_l3__smia_marketing_inbound__deal_calc, pic_l3_marketing_inbound_reoccurrence__deal_string, utm_check__deal_sync_c, utm_funnel, utm_ref",,"hs_name, hs_value",,,,,,,,"Sets marketing inbound deal properties based on deal stages and application status, updating touchpoints when specific date and deal stage criteria are met.",30,39
1652383656,0.06 Partner Assignment | Form Attribution,True,True,True,Keep as-is,2980.0,3165.0,0.0,CONTACT,Filter criteria,2025-11-18 16:31:00,True,7,"leadsource, referrer___a",2,"leadsource, partner_referrer__account_score, referrer___a, referrer___account_id, referrer__c","partner_referrer__account_score, referrer___account_id, referrer__c",,,"email, hs_analytics_source, referrer___a, utm_campaign, utm_source, utm_term",6,"email, hs_analytics_source, leadsource__c, partner_referrer__account_score, referrer___a, referrer___account_id, submission_page, utm_campaign, utm_source, utm_term","leadsource__c, partner_referrer__account_score, referrer___account_id, submission_page",,,,,,,,,,"Assigns partner referrer and lead source on contacts after form submissions by matching submission pages and account IDs to partners, updating contact properties accordingly.",5,10
1686474560,0.07 Strategic Initiatives | Deal Assignment (All Associations),True,True,True,Keep as-is,3355.0,3629.0,0.0,DEAL,Filter criteria,2025-09-10 16:37:00,True,5,strategic_gtm_initiatives__c,1,"strategic_gtm_initiatives__c, strategic_gtm_initiatives__date, strategic_gtm_initiatives__helper__dropdown_, strategic_gtm_initiatives__helper_string","strategic_gtm_initiatives__date, strategic_gtm_initiatives__helper__dropdown_, strategic_gtm_initiatives__helper_string",,,"dealstage, first_conversion_event_name, referrer___account, salesforcelastsynctime, strategic_gtm_initiatives__c",5,"dealstage, first_conversion_event_name, first_page_seen, hs_name, hs_salesforceopportunityid, hs_value, last_page_seen__deal_string, pic__l3__reenrollment_cc_deal__boolean, referrer___account, salesforcelastsynctime, strategic_gtm_initiatives__c, strategic_gtm_initiatives__helper_string, submission_page, utm_check__deal_sync_c","first_page_seen, hs_salesforceopportunityid, last_page_seen__deal_string, pic__l3__reenrollment_cc_deal__boolean, strategic_gtm_initiatives__helper_string, submission_page, utm_check__deal_sync_c",,"hs_name, hs_value",,,,,,,,Assigns strategic initiatives to deals based on associated contacts' UTM and referral data or list memberships when specific deal or contact criteria are met.,4,14
1645671171,0.1.0 Primary Inbound Channel | Level 1-3 Mapping,False,False,True,Delete,0.0,,,DEAL,Filter criteria,2025-09-11 13:09:00,True,9,pic_l3_source_deal_data_string,1,"pic_l3__source_contact_data_string, pic_l3_source_deal_data_string, primary_inbound_channel__l1____contact___proxy, primary_inbound_channel__l1____deal___proxy, primary_inbound_channel__l2__medium____contact___proxy__cloned_, primary_inbound_channel_l2_medium_deal_proxy","pic_l3__source_contact_data_string, primary_inbound_channel__l1____contact___proxy, primary_inbound_channel__l1____deal___proxy, primary_inbound_channel__l2__medium____contact___proxy__cloned_, primary_inbound_channel_l2_medium_deal_proxy",,,"dealstage, hs_analytics_source, hs_analytics_source_data_1, lead_source, leadsource, sql_date, utm_campaign, utm_medium",8,"dealstage, hs_analytics_source, hs_analytics_source_data_1, hs_name, hs_value, lead_source, leadsource, primary_inbound_channel__l1____deal___proxy, primary_inbound_channel__l3__source____contact___proxy, sql_date, utm_campaign, utm_medium","primary_inbound_channel__l1____deal___proxy, primary_inbound_channel__l3__source____contact___proxy",,"hs_name, hs_value",,,,"Inactive Workflow, 0 Total Enrollment",,,,,6,12
1649020849,0.1.1 Submission/Approval Track,True,True,True,Keep as-is,78058.0,85096.0,2.0,CONTACT,Filter criteria,2025-11-24 12:01:00,True,6,marketing_consent__c,1,"application_submission_state, bot_check__boolean___dataops, bot_check__score___dataops, marketing_consent__c, salesforce_inclusion, salesforce_inclusion_string, user_flow__forms___acquisition_path__states_c, user_flow__forms__last_app_submission__c, user_flow__forms__last_marketing_submission_c, user_flow_forms__acquisition_path_c, user_flow_forms__acquisition_path_log_c","application_submission_state, bot_check__boolean___dataops, bot_check__score___dataops, salesforce_inclusion, salesforce_inclusion_string, user_flow__forms___acquisition_path__states_c, user_flow__forms__last_app_submission__c, user_flow__forms__last_marketing_submission_c, user_flow_forms__acquisition_path_c, user_flow_forms__acquisition_path_log_c",,,"createdate, deal_stage, dealstage, first_conversion_event_name, recent_conversion_event_name",5,"bot_check__boolean___dataops, bot_check__score___dataops, createdate, deal_stage, dealstage, first_conversion_event_name, ip_city, ip_state_code, recent_conversion_event_name, user_flow__forms__last_app_submission__c, user_flow__forms__last_marketing_submission_c","bot_check__boolean___dataops, bot_check__score___dataops, ip_city, ip_state_code, user_flow__forms__last_app_submission__c, user_flow__forms__last_marketing_submission_c",,,,,,,,,,"Calculates contacts' acquisition path and last submission dates by analyzing form activity, updates related properties, and flags likely bot records based on name and company data.",11,11
1659624055,0.1.2 Segmentation Tagging | Database Management,False,False,True,Delete,0.0,,,CONTACT,Filter criteria,2025-09-11 13:08:00,True,3,"firstname, lastname",2,"firstname, lastname",,,,"createdate, firstname, lastname",3,"createdate, firstname, full_name, full_name__daops, lastname, pipeline_stage","full_name, full_name__daops, pipeline_stage",,,,,,"Inactive Workflow, 0 Total Enrollment",,,,,2,6
1634483557,1.0 DS – Pipeline Stage | Marketable Tagging,True,True,True,Keep as Canonical Workflow,514483.0,518414.0,0.0,CONTACT,Filter criteria,2025-07-10 15:33:00,True,1,,0,pipeline_stage__marketing_eligible,pipeline_stage__marketing_eligible,,,createdate,1,"createdate, pipeline_stage",pipeline_stage,,,,"1634483287, 1634483557","0.01 [Batch Update] Remarketing // Active Non-Marketing Accounts (cloned), 1.0 DS – Pipeline Stage | Marketable Tagging",Multiple workflows (2) write to the same properties: pipeline_stage__marketing_eligible; consolidate to a single canonical workflow to avoid conflicts and simplify maintenance.,1634483557.0,1.0 DS – Pipeline Stage | Marketable Tagging,Selected as base because it has the highest historical enrollment among workflows writing the same properties.,"Sets ""Pipeline Stage: Marketing Eligible"" to ""Yes"" for contacts in list 7835 and to ""No"" for others. Executes for contacts in list 7835 with a known ""Pipeline Stage"" after January 1, 2024.",1,2
1635901254,1.1 DS – Pipeline Stage | State Tagging,True,True,True,Keep as-is,372650.0,377152.0,1.0,CONTACT,Filter criteria,2025-04-29 17:27:00,True,4,consent_communications__c,1,"consent_communications__c, pipeline_stage, pipeline_stage__change_count, pipeline_stage__change_log, pipeline_stage__initial_date","pipeline_stage, pipeline_stage__change_count, pipeline_stage__change_log, pipeline_stage__initial_date",,,"deal_stage, dealstage, uuid",3,"deal_stage, dealstage, num_conversion_events, pipeline_stage, pipeline_stage__change_count, pipeline_stage__change_log, uuid","num_conversion_events, pipeline_stage, pipeline_stage__change_count, pipeline_stage__change_log",,,,,,,,,,"Updates the ""Pipeline Stage"" based on deal stages, with 1-minute delays between actions. Sets marketing consent and logs changes when contacts are in specific lists.",5,7
1634440478,1.2 DS – Pipeline Stage | State Change Tracking [DRAFT],True,True,True,Keep as-is,376027.0,380528.0,0.0,CONTACT,Filter criteria,2025-04-25 00:22:00,True,1,,0,"pipeline_stage, pipeline_stage__change_count, pipeline_stage__change_date, pipeline_stage__change_log, pipeline_stage__prior_stage","pipeline_stage, pipeline_stage__change_count, pipeline_stage__change_date, pipeline_stage__change_log, pipeline_stage__prior_stage",,,deal_stage,1,"deal_stage, pipeline_stage, pipeline_stage__change_count","pipeline_stage, pipeline_stage__change_count",,,,,,,,,,"Updates the pipeline stage change count and date, and logs changes when the deal stage is updated within the last day or between 3 days ago and now.",5,3
1634722648,2.1 PM – Parter Pipeline Stage | State Tagging [DRAFT],True,True,True,Keep as-is,33467.0,33481.0,0.0,CONTACT,Filter criteria,2025-09-04 10:59:00,True,1,,0,pipeline_stage___partner,pipeline_stage___partner,,,partner_status,1,"partner_status, pipeline_stage___partner",pipeline_stage___partner,,,,,,,,,,"Updates pipeline stages and creates notes for contacts in specified lists after January 1, 2024, based on deal stage changes.",1,2
557685650,Account Activated - Deal --> Company,True,True,True,Keep as-is,9155.0,9278.0,0.0,DEAL,Filter criteria,2025-04-25 00:21:00,True,1,timestamp_account_activated__c,1,"account_activated_, timestamp__account_activated, timestamp_account_activated__c","account_activated_, timestamp__account_activated",,,timestamp_account_activated__c,1,"timestamp__account_activated, timestamp_account_activated__c",timestamp__account_activated,,,,,,,,,,Sets the account activation date and marks accounts as activated when the activation date is known and not previously set.,3,2
557728034,Account Created Date - Deal --> Company,True,True,True,Keep as Canonical Workflow,6441.0,6610.0,0.0,DEAL,Filter criteria,2025-04-25 00:21:00,True,1,timestamp__account_created,1,timestamp__account_created,,,,timestamp__account_created,1,timestamp__account_created,,,,,"557728034, 557715612","Account Created Date - Deal --> Company, Client Approved Date - Company --> Contact",Multiple workflows (2) write to the same properties: timestamp__account_created; consolidate to a single canonical workflow to avoid conflicts and simplify maintenance.,557728034.0,Account Created Date - Deal --> Company,Selected as base because enrollment data is unavailable; using the first-created workflow as canonical.,"Copies the ""Client Approved Date"" from associated deals to the company when the company has this date but associated deals do not.",1,1
436151889,Account source from lead,True,True,True,Keep as-is,63302.0,64047.0,0.0,CONTACT,Filter criteria,2023-08-15 18:25:00,True,3,leadsource,1,"account_source___from_lead, account_source_from_lead, leadsource","account_source___from_lead, account_source_from_lead",,,"account_source, date_account_came_inbound, leadsource",3,"account_source, date_account_came_inbound, leadsource",,,,,,,,,,,Copies the lead source to the account source when the account source is empty and the lead source and lead inbound date are known.,3,3
589837437,Account Tag - company --> Contact,True,True,True,Keep as-is,45581.0,45735.0,0.0,COMPANY,Filter criteria,2025-04-25 00:21:00,True,1,account_tag__c,1,"account_tag, account_tag__c",account_tag,,,account_tag__c,1,account_tag__c,,,,,,,,,,,"Copies the ""Account Tag"" property from associated companies to contacts when the account tag is known.",2,1
557685654,Activated Date - Company --> Contact,True,True,True,Keep as-is,14605.0,14873.0,0.0,COMPANY,Filter criteria,2025-04-25 00:21:00,False,0,,0,"account_activated_, timestamp__account_activated","account_activated_, timestamp__account_activated",,,,0,"num_associated_contacts, timestamp__account_activated","num_associated_contacts, timestamp__account_activated",,,,,,,,,,"Copies the company’s activated date to associated contacts and sets their ""Account activated?"" property to ""Yes"" when the activated date is known or updated.",2,2
559233027,Affiliate Subchannel - Company --> Deal,True,True,True,Keep as-is,1545.0,1586.0,0.0,COMPANY,Filter criteria,2025-04-25 00:21:00,False,0,,0,affiliate_subchannel,affiliate_subchannel,,,,0,affiliate_subchannel,affiliate_subchannel,,,,,,,,,,"Sets the ""Affiliate Subchannel"" property on deals linked to companies that have this property known but not yet set on the deal.",1,1
559222836,Affiliate Subchannel - Contact --> Company,True,True,True,Keep as-is,17259.0,17297.0,0.0,CONTACT,Filter criteria,2025-04-25 00:21:00,False,0,,0,"affiliate_subchannel, inbound_subchannel","affiliate_subchannel, inbound_subchannel",,,,0,"affiliate_subchannel, inbound_subchannel","affiliate_subchannel, inbound_subchannel",,,,,,,,,,"Copies the ""Affiliate Subchannel"" value from a contact to its associated company when the contact has this property set and the company does not.",2,2
477347423,Annual Rev - Company --> Contact,True,True,True,Keep as-is,186791.0,186810.0,0.0,COMPANY,Filter criteria,2023-10-02 10:40:00,True,1,annualrevenue,1,annualrevenue,,,,annualrevenue,1,annualrevenue,,,,,,,,,,,Copies the Annual Revenue value from associated companies to contacts when the contact's Annual Revenue is known.,1,1
543410706,Apollo Revenue - Company --> Contact,False,False,True,Delete,236703.0,236703.0,0.0,COMPANY,Filter criteria,2025-09-17 11:36:00,False,0,,0,"apollo_employees, apollo_industry, apollo_revenue","apollo_employees, apollo_industry, apollo_revenue",,,,0,"apollo_employees, apollo_industry, apollo_revenue, hs_name, hs_value","apollo_employees, apollo_industry, apollo_revenue",,"hs_name, hs_value",,,,Inactive Workflow,,,,,3,5
463006129,App completed after signup = yes,True,True,True,Keep as-is,640.0,640.0,0.0,DEAL,Filter criteria,2023-09-25 11:40:00,True,1,,0,app_completed_after_signup,app_completed_after_signup,,,date_account_came_inbound,1,"application_completed_date, date_account_came_inbound",application_completed_date,,,,,,,,,,"Sets the property ""App Completed after Signup"" to ""Yes"" for contacts who completed their application after their sign-up date.",1,2
463053454,App completed date - contact --> company,False,False,True,Delete,6960.0,6960.0,0.0,CONTACT,Filter criteria,2025-09-17 11:36:00,False,0,,0,application_completed_date,application_completed_date,,,,0,application_completed_date,application_completed_date,,,,,,Inactive Workflow,,,,,1,1
463000887,Application Completed Date - Company --> Deal,True,True,True,Keep as-is,11716.0,11734.0,0.0,COMPANY,Filter criteria,2023-09-25 11:40:00,True,1,credit_application_date__c,1,"application_completed_date, credit_application_date, credit_application_date__c","application_completed_date, credit_application_date",,,credit_application_date__c,1,"application_completed_date, credit_application_date__c, hs_name, hs_value",application_completed_date,,"hs_name, hs_value",,,,,,,,Copies the Application Completed Date or Credit Application Date from a company to its associated deal when either date is known.,3,4
536063834,Application Status - Deal - Deal --> Company + Contact,True,True,True,Keep as-is,35650.0,36441.0,0.0,DEAL,Filter criteria,2025-04-25 00:21:00,True,1,application_status___deal,1,application_status___deal,,,,application_status___deal,1,"application_status___deal, hs_name, hs_value",,,"hs_name, hs_value",,,,,,,,"Copies the ""Application Status - Deal"" property from a deal to its associated company and contact when the property is known.",1,3
509948556,Automated Marketing Lead Email,True,True,True,Keep as-is,2781.0,2781.0,0.0,CONTACT,Filter criteria,2025-04-25 00:21:00,False,0,,0,,,,,,0,"lead_gen_source, lifecyclestage","lead_gen_source, lifecyclestage",,,,,,,,,,Sends a marketing email 5 minutes after a contact becomes a marketing lead from specific lead sources.,0,2
574991497,Average Monthly Bank Balance - Company --> Deal,True,True,True,Keep as-is,411823.0,413091.0,0.0,COMPANY,Filter criteria,2025-04-25 00:21:00,True,1,average_monthly_balance,1,average_monthly_balance,,,,average_monthly_balance,1,"average_monthly_balance, hs_name, hs_value",,,"hs_name, hs_value",,,,,,,,Copies the company's average monthly balance property to associated deals when the balance is known or updated within the last day.,1,3
575598511,Bank Balance - 2 months ago - Company --> Deal,True,True,True,Keep as-is,56386.0,56819.0,0.0,COMPANY,Filter criteria,2025-04-25 00:21:00,True,1,checking_deposit_balance___2_months_ago,1,checking_deposit_balance___2_months_ago,,,,checking_deposit_balance___2_months_ago,1,"checking_deposit_balance___2_months_ago, hs_name, hs_value",,,"hs_name, hs_value",,,,,,,,"Updates the deal's ""Checking Deposit Balance - 2 Months ago"" property with the company's corresponding value when that property is known or recently updated.",1,3
575598505,Bank Balance - last month - Company --> Deal,True,True,True,Keep as-is,59115.0,59548.0,0.0,COMPANY,Filter criteria,2025-04-25 00:21:00,True,1,checking_deposit_balance___last_month,1,checking_deposit_balance___last_month,,,,checking_deposit_balance___last_month,1,"checking_deposit_balance___last_month, hs_name, hs_value",,,"hs_name, hs_value",,,,,,,,Copies the last month's checking deposit balance from a company to its associated deal when the balance is known or updated within the last day.,1,3
1623367486,Become a partner form - Owner assignation,True,True,True,Delete,174.0,175.0,0.0,CONTACT,Filter criteria,2025-05-14 07:48:00,True,3,"leadsource, primary_lead_channel",2,"leadsource, primary_lead_channel",,,,utm_campaign,1,"partner_affiliate, utm_campaign",partner_affiliate,,,,,,Low Total Enrollment,,,,Assigns lead source and primary inbound channel properties after a short delay when a partner form is submitted or specific campaign or affiliate criteria are met.,2,2
581069717,Bestmoney - Client Approved,False,False,True,Delete,17.0,17.0,0.0,CONTACT,Filter criteria,2025-09-17 11:36:00,True,3,,0,bm_ca_date,bm_ca_date,,,"deal_stage, primary_lead_channel, utm_source",3,"deal_stage, primary_lead_channel, utm_source",,,,,,,"Inactive Workflow, Low Total Enrollment",,,,,1,3
581545485,Bestmoney - Closed Lost,True,True,True,Delete,220.0,220.0,0.0,CONTACT,Filter criteria,2025-04-25 00:21:00,True,6,deal_stage,1,"bm_cl_date, deal_stage",bm_cl_date,,,"compliance_denial_reason, deal_stage, disqualified_reason___application, pre_qualification_outcome, primary_lead_channel, utm_source",6,"compliance_denial_reason, deal_stage, disqualified_reason___application, pre_qualification_outcome, primary_lead_channel, utm_source",,,,,,,Low Total Enrollment,,,,"Updates deal and pre-qualification data in Google Sheets when contacts with BestMoney source move to closed lost or unqualified stages, tracking denial reasons if available.",2,6
581069693,Bestmoney - New Lead,True,True,True,Delete,261.0,261.0,0.0,CONTACT,Filter criteria,2025-04-25 00:21:00,True,3,deal_stage,1,deal_stage,,,,"deal_stage, primary_lead_channel, utm_source",3,"deal_stage, primary_lead_channel, utm_source",,,,,,,Low Total Enrollment,,,,"Updates the deal stage to ""New Lead"" for contacts from BestMoney sources and logs their conversion data to a Google Sheet.",1,3
581069706,Bestmoney - Unverified Platform Access,True,True,True,Delete,170.0,170.0,0.0,CONTACT,Filter criteria,2025-04-25 00:21:00,True,3,,0,bm_upa_date,bm_upa_date,,,"deal_stage, primary_lead_channel, utm_source",3,"deal_stage, primary_lead_channel, utm_source",,,,,,,Low Total Enrollment,,,,"Updates specific Google Sheets with deal stage and tracking data when contacts have a deal stage of ""unverified platform access"" and source related to BestMoney.",1,3
581069714,Bestmoney - Verification pending,True,True,True,Delete,127.0,127.0,0.0,CONTACT,Filter criteria,2025-04-25 00:21:00,True,3,,0,bm_vp_date,bm_vp_date,,,"deal_stage, primary_lead_channel, utm_source",3,"deal_stage, primary_lead_channel, utm_source",,,,,,,Low Total Enrollment,,,,Updates the verification pending date and logs contact details to a Google Sheet for contacts with utm_source or channel related to BestMoney and a deal stage of verification pending.,1,3
535329056,Bottom Funnel - Seller Notification,True,True,True,Keep as-is,667.0,667.0,0.0,CONTACT,Filter criteria,2025-04-25 00:21:00,True,2,,0,,,,,"hubspot_owner_id, inbound_priority_type__cloned_",2,"hubspot_owner_id, inbound_priority_type__cloned_, salesforcecontactid",salesforcecontactid,,,,,,,,,,"Sends an internal email with detailed lead info to a specific user for contacts marked as ""Bottom Funnel - Warm"" and excluding certain owners, after a 5-minute delay.",0,3
477310646,Bottom Funnel Warm Leads - Slack Notification,True,True,True,Keep as-is,707.0,707.0,0.0,CONTACT,Filter criteria,2024-03-29 11:59:00,True,2,,0,,,,,"inbound_priority_type__cloned_, lead_nurturing_bottom_enroll_date",2,"inbound_priority_type__cloned_, lead_nurturing_bottom_enroll_date",,,,,,,,,,,Sends a Slack notification about new warm bottom funnel leads meeting recent date criteria after a 5-minute delay.,0,2
597765536,Bucket = Partner --> Lead Source = Partner,True,True,True,Keep as Canonical Workflow,274.0,281.0,0.0,DEAL,Filter criteria,2025-04-25 00:21:00,True,2,lead_source,1,lead_source,,,,"inbound_channel_bucket, lead_source",2,"inbound_channel_bucket, lead_source",,,,,"597765536, 589842757","Bucket = Partner --> Lead Source = Partner, Referrer Account --> Deal Lead source - Partner Inbound",Multiple workflows (2) write to the same properties: lead_source; consolidate to a single canonical workflow to avoid conflicts and simplify maintenance.,597765536.0,Bucket = Partner --> Lead Source = Partner,Selected as base because enrollment data is unavailable; using the first-created workflow as canonical.,"Sets the Lead Source to ""Partner Inbound"" for contacts whose Inbound Channel Bucket is ""Partners"" and whose Lead Source is not already ""Partner"".",1,2
566838305,CA > 7 Days - deal,True,True,True,Keep as-is,6292.0,6469.0,0.0,DEAL,Filter criteria,2025-04-25 00:21:00,True,1,,0,ca___7_days,ca___7_days,,,timestamp__account_created,1,timestamp__account_created,,,,,,,,,,,"Sets the property ""CA > 7 Days"" to ""Yes"" for deals with a Client Approved Date more than 7 days before today.",1,1
525613921,Call Made = Yes,True,True,True,Keep as-is,17445.0,17446.0,0.0,CONTACT,Filter criteria,2025-04-25 00:21:00,True,1,,0,inbound_call_made_,inbound_call_made_,,,date_account_came_inbound,1,"call_attempts, date_account_came_inbound, hs_engagement_type",call_attempts,,hs_engagement_type,,,,,,,,"Sets the ""Call Made?"" property to ""Yes"" for contacts with more than zero call attempts or recent inbound leads associated with call activities.",1,3
466042914,Capital = qualified,True,True,True,Delete,247.0,247.0,0.0,CONTACT,Filter criteria,2024-06-02 19:01:00,True,5,"leadsource, leadstatus",2,"leadsource, leadstatus, qualified_lead_",qualified_lead_,,,"disqualified_reason__c, leadstatus, nurture_reason__c, primary_lead_channel",4,"disqualified_reason__c, leadstatus, nurture_reason__c, primary_lead_channel",,,,,,,Low Total Enrollment,,,,"Updates lead properties to mark contacts from ""Capital XYZ"" channel as qualified and sets their status to ""MQL"" if they meet specific qualification and status criteria.",3,4
558337092,CFO Sequence - 2024 (TBU),True,True,True,Keep as-is,94296.0,94296.0,0.0,CONTACT,Filter criteria,2025-06-18 11:45:00,False,0,,0,"lead_nurturing_enroll_date, lead_nurturing_first_email_date, lead_nurturing_status, nurture_path","lead_nurturing_enroll_date, lead_nurturing_first_email_date, lead_nurturing_status, nurture_path",,,,0,"lead_nurturing_status, nurture_path","lead_nurturing_status, nurture_path",,,,,,,,,,"Sends a series of nurturing emails to contacts with path ""CFO"" and status ""Enrolled,"" spaced by delays and including A/B testing throughout the sequence.",4,2
565942095,Chili Meeting Direct Booking - Notification,False,False,True,Delete,14.0,14.0,0.0,CONTACT,Filter criteria,2025-09-17 11:36:00,True,1,,0,,,,,meeting_type_cp,1,meeting_type_cp,,,,,,,"Inactive Workflow, Low Total Enrollment",,,,,0,1
431378284,Clear DQ Reason,True,True,True,Delete,420.0,420.0,0.0,CONTACT,Filter criteria,2023-08-10 15:51:00,True,2,disqualified_reason__c,1,disqualified_reason__c,,,,"disqualified_reason__c, leadstatus",2,"disqualified_reason__c, leadstatus",,,,,,,Low Total Enrollment,,,,Clears the Disqualified Reason property for contacts with status MQL who have a known Disqualified Reason.,1,2
558374700,Clearbit Revenue - Contact --> Deal,True,True,True,Keep as-is,22401.0,22788.0,0.0,CONTACT,Filter criteria,2025-04-25 00:21:00,True,1,seamless_revenue__c,1,"clearbit_revenue, seamless_revenue__c",clearbit_revenue,,,seamless_revenue__c,1,"clearbit_revenue, seamless_revenue__c",clearbit_revenue,,,,,,,,,,Updates the Clearbit Revenue property on deals linked to contacts when the contact has Clearbit Revenue but the associated deal does not.,2,2
558309953,Client Approved - Company --> Contacts,True,True,True,Keep but Consolidate into Canonical Workflow,11833.0,12211.0,0.0,COMPANY,Filter criteria,2025-04-25 00:21:00,False,0,,0,client_approved_,client_approved_,,,,0,"client_approved_, num_associated_contacts","client_approved_, num_associated_contacts",,,,"558307627, 558309953, 558311214","Client Approved - Deal --> Company, Client Approved - Company --> Contacts, Client Approved? - deal",Multiple workflows (3) write to the same properties: client_approved_; consolidate to a single canonical workflow to avoid conflicts and simplify maintenance.,558307627.0,Client Approved - Deal --> Company,Selected as base because enrollment data is unavailable; using the first-created workflow as canonical.,"Sets the ""Client Approved?"" property to ""Yes"" for companies when this property is already ""Yes"" or recently updated contacts are associated.",1,2
558307627,Client Approved - Deal --> Company,True,True,True,Keep as Canonical Workflow,6505.0,6674.0,0.0,DEAL,Filter criteria,2025-04-25 00:21:00,False,0,,0,client_approved_,client_approved_,,,,0,client_approved_,client_approved_,,,,"558307627, 558309953, 558311214","Client Approved - Deal --> Company, Client Approved - Company --> Contacts, Client Approved? - deal",Multiple workflows (3) write to the same properties: client_approved_; consolidate to a single canonical workflow to avoid conflicts and simplify maintenance.,558307627.0,Client Approved - Deal --> Company,Selected as base because enrollment data is unavailable; using the first-created workflow as canonical.,"Sets the ""Client Approved?"" property to ""Yes"" on associated companies when the deal's ""Client Approved?"" status is ""Yes"".",1,1
564087636,Client Approved - SMS sequence,False,False,True,Delete,334.0,334.0,0.0,CONTACT,Filter criteria,2025-09-17 11:36:00,True,3,,0,,,,,"dealstage, firstname, hubspot_owner_id",3,"dealstage, firstname, hubspot_owner_id",,,,,,,"Inactive Workflow, Low Total Enrollment",,,,,0,3
557715612,Client Approved Date - Company --> Contact,True,True,True,Keep but Consolidate into Canonical Workflow,11578.0,11942.0,0.0,COMPANY,Filter criteria,2025-04-25 00:21:00,True,1,timestamp__account_created,1,timestamp__account_created,,,,timestamp__account_created,1,"num_associated_contacts, timestamp__account_created",num_associated_contacts,,,,"557728034, 557715612","Account Created Date - Deal --> Company, Client Approved Date - Company --> Contact",Multiple workflows (2) write to the same properties: timestamp__account_created; consolidate to a single canonical workflow to avoid conflicts and simplify maintenance.,557728034.0,Account Created Date - Deal --> Company,Selected as base because enrollment data is unavailable; using the first-created workflow as canonical.,"Copies the ""Client Approved Date"" from associated companies to contacts when the date is set on the company and contacts meet specific association criteria.",1,2
558311214,Client Approved? - deal,True,True,True,Keep but Consolidate into Canonical Workflow,6505.0,6674.0,0.0,DEAL,Filter criteria,2025-04-25 00:21:00,True,1,,0,client_approved_,client_approved_,,,timestamp__account_created,1,timestamp__account_created,,,,,"558307627, 558309953, 558311214","Client Approved - Deal --> Company, Client Approved - Company --> Contacts, Client Approved? - deal",Multiple workflows (3) write to the same properties: client_approved_; consolidate to a single canonical workflow to avoid conflicts and simplify maintenance.,558307627.0,Client Approved - Deal --> Company,Selected as base because enrollment data is unavailable; using the first-created workflow as canonical.,"Sets the ""Client Approved?"" property to ""Yes"" for deals with a known ""Client Approved Date.""",1,1
476532634,Closed Won = No,True,True,True,Keep as Canonical Workflow,38338.0,39040.0,0.0,DEAL,Filter criteria,2024-02-23 11:58:00,True,1,,0,closed_won_,closed_won_,,,dealstage,1,dealstage,,,,,"476532634, 476369192","Closed Won = No, Closed Won = Yes",Multiple workflows (2) write to the same properties: closed_won_; consolidate to a single canonical workflow to avoid conflicts and simplify maintenance.,476532634.0,Closed Won = No,Selected as base because enrollment data is unavailable; using the first-created workflow as canonical.,"Updates the ""Activated?"" property to ""No"" for deals with a stage of ""Closed Lost"".",1,1
476369192,Closed Won = Yes,True,True,True,Keep but Consolidate into Canonical Workflow,7008.0,7131.0,0.0,DEAL,Filter criteria,2024-02-23 11:59:00,True,1,,0,closed_won_,closed_won_,,,dealstage,1,dealstage,,,,,"476532634, 476369192","Closed Won = No, Closed Won = Yes",Multiple workflows (2) write to the same properties: closed_won_; consolidate to a single canonical workflow to avoid conflicts and simplify maintenance.,476532634.0,Closed Won = No,Selected as base because enrollment data is unavailable; using the first-created workflow as canonical.,"Updates the ""Activated?"" property to ""Yes"" when a deal stage is Active, Account Activated, or Closed Won.",1,1
419533689,Closed won = yes,True,True,True,Keep as-is,7008.0,18741.0,0.0,CONTACT,Filter criteria,2024-02-06 08:01:00,True,1,,0,won_,won_,,,deal_stage,1,deal_stage,,,,,,,,,,,"Updates contacts to mark them as activated when their deal stage contains ""activated"".",1,1
432914038,Company - Activity Date --> Company Activity Date,True,True,True,Keep as-is,33024.0,33502.0,0.0,COMPANY,Filter criteria,2023-08-10 15:51:00,False,0,,0,"company_last_activity_date, notes_last_updated","company_last_activity_date, notes_last_updated",,,,0,"company_last_activity_date, notes_last_updated","company_last_activity_date, notes_last_updated",,,,,,,,,,Copies the last activity date to the company last activity date property when the last activity date is known and the company last activity date is not set.,2,2
432917090,Company - Create Date --> Company Create Date,True,True,True,Keep as-is,229195.0,230736.0,0.0,COMPANY,Filter criteria,2023-08-28 17:09:00,True,1,createdate,1,"company_create_date, createdate",company_create_date,,,createdate,1,"company_create_date, createdate",company_create_date,,,,,,,,,,Sets the company’s Create Date property to match the existing Create Date when Create Date is known and Company Create Date is not set.,2,2
450190208,Company --> Contact - Account Record Type,True,True,True,Keep as-is,439308.0,440757.0,0.0,COMPANY,Filter criteria,2023-09-25 11:40:00,True,1,,0,account_record_type,account_record_type,,,account_record_type_id,1,"account_record_type_id, hs_name, hs_value",,,"hs_name, hs_value",,,,,,,,"Copies the ""Account Record Type"" property from the associated company to the contact when the contact's Account Record Type ID is known.",1,3
466724614,Company --> Contact - associated company deals,True,True,True,Keep as-is,59472.0,60377.0,0.0,COMPANY,Filter criteria,2023-09-25 11:40:00,False,0,,0,"num_associated_deals, of_associated_company_deals","num_associated_deals, of_associated_company_deals",,,,0,"hs_name, hs_value, num_associated_deals",num_associated_deals,,"hs_name, hs_value",,,,,,,,Updates contact records to set the number of associated company deals when that number is known.,2,3
466502483,Company --> Contact - associated contacts,True,True,True,Keep as-is,622193.0,625304.0,0.0,COMPANY,Filter criteria,2023-09-25 11:40:00,False,0,,0,"num_associated_contacts, of_associated_contacts","num_associated_contacts, of_associated_contacts",,,,0,"hs_name, hs_value, num_associated_contacts",num_associated_contacts,,"hs_name, hs_value",,,,,,,,Updates the company property to reflect the number of associated contacts when that number is known.,2,3
432447543,Company --> Contact - close date,True,True,True,Keep as Canonical Workflow,47196.0,47927.0,0.0,COMPANY,Filter criteria,2023-08-10 15:51:00,True,1,closedate,1,"closedate, deal_close_date",deal_close_date,,,,0,deal_close_date,deal_close_date,,,,"432447543, 432462168","Company --> Contact - close date, Deal --> Company - Close Date (cloned)","Multiple workflows (2) write to the same properties: closedate, deal_close_date; consolidate to a single canonical workflow to avoid conflicts and simplify maintenance.",432447543.0,Company --> Contact - close date,Selected as base because enrollment data is unavailable; using the first-created workflow as canonical.,Copies the close date from associated deals to the deal close date property on contacts when the deal close date is known.,2,1
455633981,Company --> Contact - Company First Came Inbound,True,True,True,Keep as-is,61145.0,61744.0,0.0,COMPANY,Filter criteria,2023-09-25 11:40:00,True,1,date_account_came_inbound,1,"company_first_came_inbound, date_account_came_inbound",company_first_came_inbound,,,date_account_came_inbound,1,date_account_came_inbound,,,,,,,,,,,"Sets the company property ""Company First Came Inbound"" based on the known date when the lead first came inbound.",2,1
455668789,Company --> Contact - Company Last Came Inbound,True,True,True,Keep as-is,48770.0,49318.0,0.0,COMPANY,Filter criteria,2023-09-25 11:40:00,False,0,,0,"company_last_came_inbound, last_came_inbound","company_last_came_inbound, last_came_inbound",,,,0,last_came_inbound,last_came_inbound,,,,,,,,,,"Copies the contact's ""Last Came Inbound"" date to the associated company's ""Company Last Came Inbound"" property when the contact's value is known.",2,1
432893048,Company --> Contact - company type,True,True,True,Keep as-is,414777.0,416045.0,0.0,COMPANY,Filter criteria,2023-08-10 15:51:00,True,1,type,1,"company_type, type",company_type,,,type,1,type,,,,,,,,,,,Copies the company’s Type property to the associated contact’s Company Type property when the company Type is known.,2,1
436349455,Company --> Contact - Deal Name,True,True,True,Keep as-is,46150.0,46842.0,0.0,COMPANY,Filter criteria,2023-08-10 15:51:00,False,0,,0,deal_name,deal_name,,,,0,deal_name,deal_name,,,,,,,,,,Copies the deal name to associated contacts when the deal name is known.,1,1
432441995,Company --> Contact - Deal Owner,True,True,True,Keep as-is,47272.0,48003.0,0.0,COMPANY,Filter criteria,2024-06-10 12:43:00,False,0,,0,deal_owner,deal_owner,,,,0,deal_owner,deal_owner,,,,,,,,,,Copies the Deal Owner property from associated deals to contacts when the Deal Owner is known.,1,1
432439113,Company --> Contact - First deal date,True,True,True,Keep as Canonical Workflow,50190.0,50876.0,0.0,COMPANY,Filter criteria,2023-08-22 08:17:00,False,0,,0,"first_company_deal_created_date, first_deal_created_date","first_company_deal_created_date, first_deal_created_date",,,,0,"first_company_deal_created_date, first_deal_created_date, hs_name, hs_value","first_company_deal_created_date, first_deal_created_date",,"hs_name, hs_value",,"432439113, 556542829, 450672987","Company --> Contact - First deal date, Company --> Contact - First deal date - custom list, Company --> Contact - First deal date - NEW Contact","Multiple workflows (3) write to the same properties: first_company_deal_created_date, first_deal_created_date; consolidate to a single canonical workflow to avoid conflicts and simplify maintenance.",432439113.0,Company --> Contact - First deal date,Selected as base because enrollment data is unavailable; using the first-created workflow as canonical.,"Copies the first deal creation date from associated deals to the company's ""First Deal Created Date"" property when it is unknown and the deal date is known.",2,4
556542829,Company --> Contact - First deal date - custom list,True,True,True,Keep but Consolidate into Canonical Workflow,34897.0,35413.0,0.0,COMPANY,Filter criteria,2025-04-25 00:21:00,False,0,,0,"first_company_deal_created_date, first_deal_created_date","first_company_deal_created_date, first_deal_created_date",,,,0,,,,,,"432439113, 556542829, 450672987","Company --> Contact - First deal date, Company --> Contact - First deal date - custom list, Company --> Contact - First deal date - NEW Contact","Multiple workflows (3) write to the same properties: first_company_deal_created_date, first_deal_created_date; consolidate to a single canonical workflow to avoid conflicts and simplify maintenance.",432439113.0,Company --> Contact - First deal date,Selected as base because enrollment data is unavailable; using the first-created workflow as canonical.,Copies the first deal date from contacts to their associated companies 15 minutes after contacts join a specific list.,2,0
450672987,Company --> Contact - First deal date - NEW Contact,True,True,True,Keep but Consolidate into Canonical Workflow,50290.0,51259.0,0.0,COMPANY,Filter criteria,2023-09-25 11:40:00,False,0,,0,"first_company_deal_created_date, first_deal_created_date","first_company_deal_created_date, first_deal_created_date",,,,0,"first_company_deal_created_date, first_deal_created_date, hs_name, hs_value, num_associated_contacts","first_company_deal_created_date, first_deal_created_date, num_associated_contacts",,"hs_name, hs_value",,"432439113, 556542829, 450672987","Company --> Contact - First deal date, Company --> Contact - First deal date - custom list, Company --> Contact - First deal date - NEW Contact","Multiple workflows (3) write to the same properties: first_company_deal_created_date, first_deal_created_date; consolidate to a single canonical workflow to avoid conflicts and simplify maintenance.",432439113.0,Company --> Contact - First deal date,Selected as base because enrollment data is unavailable; using the first-created workflow as canonical.,Copies the company's first deal date to associated new contacts when the company has a known first deal date and recent contact associations.,2,5
432438160,Company --> Contact - Last activity date,True,True,True,Keep as-is,169427.0,169905.0,0.0,COMPANY,Filter criteria,2023-08-10 15:51:00,False,0,,0,company_last_activity_date,company_last_activity_date,,,,0,"company_last_activity_date, hs_name, hs_value",company_last_activity_date,,"hs_name, hs_value",,,,,,,,Copies the company's last activity date to associated contacts when the company’s last activity date is known.,1,3
434127189,company --> Contact - Money Raised (cloned),True,True,True,Keep as-is,28033.0,28230.0,0.0,COMPANY,Filter criteria,2023-08-10 15:51:00,False,0,,0,total_money_raised,total_money_raised,,,,0,total_money_raised,total_money_raised,,,,,,,,,,"Copies the ""Total Money Raised"" value from a company to associated contacts when the company’s ""Total Money Raised"" property is known.",1,1
450196350,Company --> Contact - Partner Type,False,False,True,Delete,2982.0,2982.0,0.0,COMPANY,Filter criteria,2025-09-17 11:36:00,False,0,,0,"partner_type, type_partner__c","partner_type, type_partner__c",,,,0,type_partner__c,type_partner__c,,,,,,Inactive Workflow,,,,,2,1
435488265,Company --> Contact - Pipeline,True,True,True,Keep as-is,52279.0,53023.0,0.0,COMPANY,Filter criteria,2023-08-10 15:51:00,False,0,,0,last_deal_pipeline,last_deal_pipeline,,,,0,"hs_name, hs_value, last_deal_pipeline",last_deal_pipeline,,"hs_name, hs_value",,,,,,,,Copies the company's Last Deal Pipeline property to associated contacts when the company's Last Deal Pipeline is known.,1,3
472961185,company --> Contact - recent deal created date,True,True,True,Keep as-is,25314.0,25789.0,0.0,COMPANY,Filter criteria,2023-09-25 11:41:00,False,0,,0,"company_recent_deal_created_date, recent_deal_created_date","company_recent_deal_created_date, recent_deal_created_date",,,,0,"company_recent_deal_created_date, hs_name, hs_value, last_deal_pipeline, recent_deal_created_date","company_recent_deal_created_date, last_deal_pipeline, recent_deal_created_date",,"hs_name, hs_value",,,,,,,,"Updates a company's ""recent deal created date"" property with the associated contact's recent deal date when the last deal pipeline is ""Salesforce - Potential Client"" after a 10-minute delay.",2,5
553171267,Company --> Contact - Rho Use case,True,True,True,Keep as Canonical Workflow,1839.0,1867.0,0.0,COMPANY,Filter criteria,2025-04-25 00:21:00,False,0,,0,rho_use_case,rho_use_case,,,,0,"hs_name, hs_value, rho_use_case",rho_use_case,,"hs_name, hs_value",,"553171267, 472293733","Company --> Contact - Rho Use case, Deal --> Company - rho use case",Multiple workflows (2) write to the same properties: rho_use_case; consolidate to a single canonical workflow to avoid conflicts and simplify maintenance.,553171267.0,Company --> Contact - Rho Use case,Selected as base because enrollment data is unavailable; using the first-created workflow as canonical.,"Updates the ""Rho Use Case"" property on contacts associated with companies when the property is known, triggering on relevant property changes.",1,3
462148453,Company --> Deal - Segment,False,False,True,Delete,337483.0,337483.0,0.0,COMPANY,Filter criteria,2025-09-17 11:36:00,False,0,,0,"segment_revenue, segment_revenue__c","segment_revenue, segment_revenue__c",,,,0,segment_revenue__c,segment_revenue__c,,,,,,Inactive Workflow,,,,,2,1
472378901,Company --> Deal - sign up flow revenue and employees,True,True,True,Keep as-is,28160.0,28639.0,0.0,COMPANY,Filter criteria,2023-09-25 11:41:00,False,0,,0,"sign_up_flow_employees, sign_up_flow_estimated_annual_revenue","sign_up_flow_employees, sign_up_flow_estimated_annual_revenue",,,,0,"hs_name, hs_value, sign_up_flow_employees, sign_up_flow_estimated_annual_revenue","sign_up_flow_employees, sign_up_flow_estimated_annual_revenue",,"hs_name, hs_value",,,,,,,,Updates associated deals with company sign-up flow estimated annual revenue or employee count when either property is known on the company.,2,4
471389595,company --> deals - campaign/term,True,True,True,Keep as-is,11470.0,11646.0,0.0,COMPANY,Filter criteria,2023-09-25 11:40:00,False,0,,0,"campaign_drilldown_1, term_drilldown_2","campaign_drilldown_1, term_drilldown_2",,,,0,"campaign_drilldown_1, hs_name, hs_value, term_drilldown_2","campaign_drilldown_1, term_drilldown_2",,"hs_name, hs_value",,,,,,,,Copies the campaign and term properties from associated records when either property is known on a company.,2,4
476787096,Company Marketing contact,True,True,True,Keep as-is,262930.0,262930.0,0.0,CONTACT,Filter criteria,2023-10-02 10:40:00,True,1,lastname,1,"lastname, marketing_email_contact",marketing_email_contact,,,,0,lead_nurturing_first_email_date,lead_nurturing_first_email_date,,,,,,,,,,Sets the Marketing Email Contact property to the contact's last name for contacts with a known LN First Email Date.,2,1
568310826,Company Size - Contact --> Deal,True,True,True,Keep as-is,19830.0,19992.0,0.0,CONTACT,Filter criteria,2025-04-25 00:21:00,True,1,company_size,1,company_size,,,,company_size,1,company_size,,,,,,,,,,,"Copies the ""Company size - LN/FB"" property from associated deals to contacts when the property is known on the contact and unknown on the deal.",1,1
573508638,Compliance Denial Reason - Deal --> Contact,True,True,True,Keep as-is,9219.0,9371.0,0.0,DEAL,Filter criteria,2025-04-25 00:21:00,True,1,compliance_denial_reason,1,compliance_denial_reason,,,,compliance_denial_reason,1,compliance_denial_reason,,,,,,,,,,,"Copies the ""Compliance Denial Reason"" property from a deal to its associated contact when the deal's ""Compliance Denial Reason"" is known.",1,1
590939718,Compliance DRI - Deal --> Contact,True,True,True,Keep as-is,45464.0,46270.0,0.0,DEAL,Filter criteria,2025-04-25 00:21:00,True,1,compliance_dri,1,compliance_dri,,,,compliance_dri,1,"compliance_dri, hs_name, hs_value",,,"hs_name, hs_value",,,,,,,,"Copies the ""Compliance DRI"" property from associated deals to contacts when the ""Compliance DRI"" property is known on the deal.",1,3
585236254,Contact - Deal Event is updated - Update on Contact,True,True,True,Keep as-is,4387.0,4441.0,0.0,CONTACT,Filter criteria,2025-04-25 00:21:00,True,1,event,1,"deal___event, event",deal___event,,,,0,deal___event,deal___event,,,,,,,,,,Updates the contact's Event property to match the associated Deal's Event when the Deal's Event was updated within the last day.,2,1
570882591,Contact - SQL? = yes,True,True,True,Keep as Canonical Workflow,32839.0,33491.0,0.0,CONTACT,Filter criteria,2025-04-25 00:21:00,True,1,,0,sql_,sql_,,,sql_date,1,"sql_, sql_date",sql_,,,,"554228842, 570882591, 537218482","Deal - SQL = Yes, Contact - SQL? = yes, Meeting Set --> SQL = Yes",Multiple workflows (3) write to the same properties: sql_; consolidate to a single canonical workflow to avoid conflicts and simplify maintenance.,570882591.0,Contact - SQL? = yes,Selected as base because it has the highest historical enrollment among workflows writing the same properties.,"Sets the ""SQL?"" property to ""Yes"" for contacts linked to associated records with ""SQL?"" marked as ""Yes"" or with a known ""SQL Date"" property.",1,2
471368502,Contact --> Company - campaign/term generic,True,True,True,Keep as-is,14313.0,14569.0,0.0,CONTACT,Filter criteria,2023-09-25 11:41:00,False,0,,0,"campaign_drilldown_1, term_drilldown_2, utm_campaign_drilldown_1","campaign_drilldown_1, term_drilldown_2, utm_campaign_drilldown_1",,,,0,"term_drilldown_2, utm_campaign_drilldown_1","term_drilldown_2, utm_campaign_drilldown_1",,,,,,,,,,Copies campaign and term properties from contacts to their associated companies when either property is known.,3,2
472337558,Contact --> Company - Rev and employees signup,True,True,True,Keep as-is,29511.0,29971.0,0.0,CONTACT,Filter criteria,2024-03-17 11:16:00,True,2,"employeescountrange, revenueforecastrange",2,"employeescountrange, revenueforecastrange, sign_up_flow_employees, sign_up_flow_estimated_annual_revenue","sign_up_flow_employees, sign_up_flow_estimated_annual_revenue",,,"employeescountrange, revenueforecastrange",2,"employeescountrange, revenueforecastrange, sign_up_flow_employees, sign_up_flow_estimated_annual_revenue","sign_up_flow_employees, sign_up_flow_estimated_annual_revenue",,,,,,,,,,Updates company properties for estimated annual revenue and employee count from associated contact data when these company properties are unknown but contact data is available.,4,4
466502472,Contact --> Company cleanup,True,True,True,Keep as-is,8718.0,8727.0,0.0,CONTACT,Filter criteria,2023-09-25 11:40:00,True,1,,0,company_first_came_inbound,company_first_came_inbound,,,date_account_came_inbound,1,"company_first_came_inbound, date_account_came_inbound, num_associated_contacts","company_first_came_inbound, num_associated_contacts",,,,,,,,,,"Clears the ""Company First Came Inbound"" property for contacts with one associated company where the lead inbound date is unknown but the company property is known.",1,3
567291832,Contact --> Deal - Sign up flow employees,True,True,True,Keep as-is,5386.0,5558.0,0.0,CONTACT,Filter criteria,2025-04-25 00:21:00,True,2,"employeescountrange, signup_flow_employees",2,"employeescountrange, signup_flow_employees",,,,"employeescountrange, signup_flow_employees",2,"employeescountrange, signup_flow_employees",,,,,,,,,,,Sets a property on associated deals five minutes after contacts with a known application property and unknown sign-up flow employee property are enrolled.,2,2
589792928,Contact Company Owner --> Company Owner,False,False,True,Delete,80.0,80.0,0.0,CONTACT,Filter criteria,2025-09-17 11:36:00,True,1,hubspot_owner_id,1,"company_owner, hubspot_owner_id",company_owner,,,hubspot_owner_id,1,"company_owner, hubspot_owner_id",company_owner,,,,,,"Inactive Workflow, Low Total Enrollment",,,,,2,2
481584498,contact made - contact --> company,True,True,True,Keep as Canonical Workflow,27656.0,27882.0,1.0,CONTACT,Filter criteria,2023-10-15 15:11:00,False,0,,0,contact_made_,contact_made_,,,,0,contact_made_,contact_made_,,,,"566213962, 483941660, 481584498","Contact made = yes, Meeting Set --> Contact Made = Yes, contact made - contact --> company",Multiple workflows (3) write to the same properties: contact_made_; consolidate to a single canonical workflow to avoid conflicts and simplify maintenance.,481584498.0,contact made - contact --> company,Selected as base because it has the highest historical enrollment among workflows writing the same properties.,"Updates the ""contact made?"" property on companies associated with contacts when the contact's ""contact made?"" property is set to Yes.",1,1
566213962,Contact made = yes,True,True,True,Keep but Consolidate into Canonical Workflow,6016.0,6149.0,0.0,CONTACT,Filter criteria,2025-04-25 00:21:00,True,2,,0,contact_made_,contact_made_,,,"date_account_came_inbound, leadstatus",2,"contact_made_, date_account_came_inbound, hs_task_subject, leadstatus, sdr_meeting_booked_","contact_made_, sdr_meeting_booked_",,hs_task_subject,,"566213962, 483941660, 481584498","Contact made = yes, Meeting Set --> Contact Made = Yes, contact made - contact --> company",Multiple workflows (3) write to the same properties: contact_made_; consolidate to a single canonical workflow to avoid conflicts and simplify maintenance.,481584498.0,contact made - contact --> company,Selected as base because it has the highest historical enrollment among workflows writing the same properties.,"Sets the ""Contact Made?"" property to ""Yes"" 10 minutes after a task containing contact-related keywords is logged for leads inbound after 2023-12-31 who haven't been marked contacted.",1,5
565273730,Contact PIC - startup nyc --> Rho banks nyc,False,False,True,Delete,134.0,134.0,0.0,CONTACT,Filter criteria,2025-09-17 11:36:00,True,1,primary_lead_channel,1,primary_lead_channel,,,,primary_lead_channel,1,primary_lead_channel,,,,,,,"Inactive Workflow, Low Total Enrollment",,,,,1,1
419558668,converted = yes,True,True,True,Keep as-is,83820.0,85261.0,0.0,CONTACT,Filter criteria,2023-08-10 15:50:00,True,1,,0,"converted_, converted_date","converted_, converted_date",,,leadstatus,1,leadstatus,,,,,,,,,,,"Sets the ""converted?"" property to Yes and records the current date when a contact's status changes to Converted.",2,1
457130540,Converted Leads - Stamp properties again,True,True,True,Keep but Consolidate into Canonical Workflow,748.0,749.0,0.0,CONTACT,Filter criteria,2024-06-02 18:59:00,True,4,leadsource,1,leadsource,,,,"date_account_came_inbound, lead_after_deal, leadsource, leadstatus",4,"date_account_came_inbound, lead_after_deal, leadsource, leadstatus, lifecyclestage",lifecyclestage,,,,"564753271, 457130540, 446002076, 431122261","Rho banks nyc - change lead source to marketing, Converted Leads - Stamp properties again, Partner key --> Lead Source = Partner, Set lead source as inbound",Multiple workflows (4) write to the same properties: leadsource; consolidate to a single canonical workflow to avoid conflicts and simplify maintenance.,431122261.0,Set lead source as inbound,Selected as base because it has the highest historical enrollment among workflows writing the same properties.,"Updates the Lead Source property to ""Marketing - General"" 15 minutes after leads convert and meet specific date, status, and source conditions.",1,5
1605257488,Copy ''Inbound Notes'' from Contact to Deal (Influencers),True,True,True,Delete,79.0,79.0,0.0,CONTACT,Filter criteria,2025-04-25 00:21:00,True,3,sales_notes__c,1,sales_notes__c,,,,"createdate, inbound_notes",2,"createdate, inbound_notes",,,,,,,Low Total Enrollment,,,,Copies inbound notes from contacts to associated deals when contacts have inbound notes and have submitted specific influencer forms.,1,2
431449402,copy account engagement to company,True,True,True,Keep as-is,291523.0,291523.0,0.0,CONTACT,Filter criteria,2023-08-10 15:51:00,False,0,,0,"account_engagement_campaign, account_engagement_conversion_date, campaign, conversion_date","account_engagement_campaign, account_engagement_conversion_date, campaign, conversion_date",,,,0,"campaign, conversion_date","campaign, conversion_date",,,,,,,,,,Copies account engagement campaign and conversion date from associated contacts to companies when either property is known.,4,2
430169948,copy account source to contact,True,True,True,Keep as-is,773463.0,775215.0,0.0,COMPANY,Filter criteria,2023-08-10 15:51:00,True,2,"account_source, accountsource",2,"account_source, account_source___from_lead, account_source_from_lead, accountsource","account_source___from_lead, account_source_from_lead",,,accountsource,1,"accountsource, hs_name, hs_value",,,"hs_name, hs_value",,,,,,,,Copies the account source property from an associated account to the contact when the contact’s account source is known.,4,3
540077349,Copy Bottom Funnel Warm date to Deal,True,True,True,Keep as-is,952.0,952.0,0.0,CONTACT,Filter criteria,2025-04-25 00:21:00,True,1,lead_nurturing_bottom_enroll_date,1,"bottom_funnel_warm_date, lead_nurturing_bottom_enroll_date",bottom_funnel_warm_date,,,lead_nurturing_bottom_enroll_date,1,lead_nurturing_bottom_enroll_date,,,,,,,,,,,"Copies the ""LN Bottom Funnel date"" to the ""Bottom Funnel Warm Date"" property for contacts who have a known ""LN Bottom Funnel date.""",2,1
573652293,copy city and state from company to contact (cloned),True,True,True,Keep as-is,347011.0,347868.0,0.0,COMPANY,Filter criteria,2025-04-25 00:21:00,True,2,"city, state",2,"city, city__c, hubspot_city, hubspot_state, state","city__c, hubspot_city, hubspot_state",,,"city, state",2,"city, hs_name, hs_value, state",,,"hs_name, hs_value",,,,,,,,Copies city and state values from associated companies to contacts when either city or state is known on the contact record.,5,4
432420986,Copy company create date to contact,True,True,True,Keep as-is,636995.0,638210.0,0.0,COMPANY,Filter criteria,2023-08-29 21:04:00,True,1,created_at_date__c,1,"company_create_date, created_at_date__c",company_create_date,,,created_at_date__c,1,"company_create_date, created_at_date__c, hs_name, hs_value",company_create_date,,"hs_name, hs_value",,,,,,,,Copies the company creation date to contacts when the company has a known creation date but the contact's company create date is unknown.,2,4
432441750,Copy company industry to contact,True,True,True,Keep as-is,285875.0,286196.0,0.0,COMPANY,Filter criteria,2023-08-10 15:51:00,True,1,industry,1,industry,,,,industry,1,industry,,,,,,,,,,,Copies the company’s known industry property to contacts that are associated with companies missing this industry information.,1,1
436197894,Copy company sector to contact,True,True,True,Keep as Canonical Workflow,270311.0,270714.0,0.0,COMPANY,Filter criteria,2023-08-10 15:51:00,True,1,sector__c,1,"sector, sector__c",sector,,,sector__c,1,"sector, sector__c",sector,,,,"436197894, 483565090","Copy company sector to contact, Sector - Company --> Deal","Multiple workflows (2) write to the same properties: sector, sector__c; consolidate to a single canonical workflow to avoid conflicts and simplify maintenance.",436197894.0,Copy company sector to contact,Selected as base because enrollment data is unavailable; using the first-created workflow as canonical.,Copies the company’s Sector to the contact when the contact has no Sector but the associated company has one.,2,2
432354611,Copy company status to contact,True,True,True,Keep as-is,551072.0,553973.0,0.0,COMPANY,Filter criteria,2023-08-10 15:51:00,True,1,status__c,1,"company_status, status__c",company_status,,,status__c,1,"hs_name, hs_value, status__c",,,"hs_name, hs_value",,,,,,,,Copies the company’s Status property to the associated contact when the company’s Status is known.,2,3
455633975,Copy DAI from contact to Company - Last came inbound,True,True,True,Keep as-is,53341.0,53939.0,0.0,CONTACT,Filter criteria,2023-09-25 11:40:00,True,1,date_account_came_inbound,1,"date_account_came_inbound, last_came_inbound",last_came_inbound,,,date_account_came_inbound,1,date_account_came_inbound,,,,,,,,,,,"Copies the ""Date Lead Came Inbound"" from a contact to the associated company's ""Last Came Inbound"" property when the contact's date is known and after May 31, 2023.",2,1
585622274,Copy deal owner to contact owner,True,True,True,Keep as Canonical Workflow,40737.0,41370.0,0.0,CONTACT,Filter criteria,2025-04-25 00:21:00,True,1,hubspot_owner_id,1,"deal_owner, hubspot_owner_id",deal_owner,,,hubspot_owner_id,1,"deal_owner, hubspot_owner_id",deal_owner,,,,"432430489, 585622274","Deal -> Contact and Companies - owner, Copy deal owner to contact owner","Multiple workflows (2) write to the same properties: deal_owner, hubspot_owner_id; consolidate to a single canonical workflow to avoid conflicts and simplify maintenance.",585622274.0,Copy deal owner to contact owner,Selected as base because it has the highest historical enrollment among workflows writing the same properties.,Copies the deal owner to the contact owner 25 minutes after enrollment when the deal owner is set and contact owner is empty or set to marketing-related values.,2,2
509312823,Copy industry app --> Industry,True,True,True,Keep as-is,21721.0,22127.0,0.0,CONTACT,Filter criteria,2025-04-25 00:21:00,True,2,"industry, industry_app",2,"industry, industry_app",,,,industry_app,1,industry_app,,,,,,,,,,,"Copies the value from the ""Industry - Application"" property to the ""Industry - Hubspot"" property for contacts with a known ""Industry - Application"" value.",2,1
470088077,copy lead nurturing properties - contact --> company,True,True,True,Keep as Canonical Workflow,915606.0,915630.0,0.0,CONTACT,Filter criteria,2023-09-25 11:40:00,False,0,,0,"lead_nurturing_enroll_date, lead_nurturing_first_email_date, lead_nurturing_status","lead_nurturing_enroll_date, lead_nurturing_first_email_date, lead_nurturing_status",,,,0,"lead_nurturing_enroll_date, lead_nurturing_first_email_date, lead_nurturing_signup, lead_nurturing_status","lead_nurturing_enroll_date, lead_nurturing_first_email_date, lead_nurturing_signup, lead_nurturing_status",,,,"504851234, 470088077","Lead Nurturing - Email - Private Equity path, copy lead nurturing properties - contact --> company","Multiple workflows (2) write to the same properties: lead_nurturing_enroll_date, lead_nurturing_first_email_date, lead_nurturing_status; consolidate to a single canonical workflow to avoid conflicts and simplify maintenance.",470088077.0,copy lead nurturing properties - contact --> company,Selected as base because it has the highest historical enrollment among workflows writing the same properties.,Copies lead nurturing properties from contacts to their associated companies when any lead nurturing property is known or set on the contact.,3,4
431530163,copy lead status to company,True,True,True,Keep as Canonical Workflow,366815.0,368477.0,0.0,CONTACT,Filter criteria,2023-08-10 15:51:00,True,1,leadstatus,1,leadstatus,,,,leadstatus,1,leadstatus,,,,,"1623178028, 565556096, 478015139, 478017128, 431530163, 429460006","Lead/Contact Status to Bounced, Playground signups --> status = new, Lead converted to contact - Opp or Customer, ^Lead converted to contact - Status = New, copy lead status to company, Status - attempting to reach",Multiple workflows (6) write to the same properties: leadstatus; consolidate to a single canonical workflow to avoid conflicts and simplify maintenance.,431530163.0,copy lead status to company,Selected as base because it has the highest historical enrollment among workflows writing the same properties.,Copies the contact's Status property to the associated company's Status when the contact's Status is known.,1,1
431077556,copy revenue to contact,True,True,True,Keep as-is,199007.0,199025.0,0.0,COMPANY,Filter criteria,2023-08-10 15:51:00,True,2,"annualrevenue, hubspot_revenue",2,"annualrevenue, hubspot_revenue",,,,annualrevenue,1,annualrevenue,,,,,,,,,,,Copies the Annual Revenue value to the HubSpot Revenue property for contacts with a known Annual Revenue.,2,1
481414524,Copy website url,True,True,True,Keep as-is,326084.0,326914.0,0.0,COMPANY,Filter criteria,2023-10-15 15:11:00,True,1,website,1,website,,,,website,1,website,,,,,,,,,,,Copies the Website URL property to associated records when the Website URL is unknown.,1,1
588156599,Copy which best describes you --> Job title,False,False,True,Delete,47.0,47.0,0.0,CONTACT,Filter criteria,2025-09-17 11:36:00,True,1,jobtitle,1,"jobtitle, which_of_the_following_describes_you____startups",which_of_the_following_describes_you____startups,,,jobtitle,1,"jobtitle, which_of_the_following_describes_you____startups",which_of_the_following_describes_you____startups,,,,,,"Inactive Workflow, Low Total Enrollment",,,,,2,2
575011141,Credit App Status - Company --> contact,True,True,True,Keep but Consolidate into Canonical Workflow,5475.0,5551.0,0.0,COMPANY,Filter criteria,2025-04-25 00:21:00,True,1,credit_application_status__c,1,"credit_app_status, credit_application_status__c",credit_app_status,,,credit_application_status__c,1,"credit_application_status__c, hs_name, hs_value",,,"hs_name, hs_value",,"573904764, 575011141","Credit App Status - Company --> Deal, Credit App Status - Company --> contact","Multiple workflows (2) write to the same properties: credit_app_status, credit_application_status__c; consolidate to a single canonical workflow to avoid conflicts and simplify maintenance.",573904764.0,Credit App Status - Company --> Deal,Selected as base because enrollment data is unavailable; using the first-created workflow as canonical.,"Copies the ""Credit Application Status"" property from a company to its associated contact when the status is known or recently updated.",2,3
573904764,Credit App Status - Company --> Deal,True,True,True,Keep as Canonical Workflow,5490.0,5566.0,0.0,COMPANY,Filter criteria,2025-04-25 00:21:00,True,1,credit_application_status__c,1,"credit_app_status, credit_application_status__c",credit_app_status,,,credit_application_status__c,1,"credit_application_status__c, hs_name, hs_value",,,"hs_name, hs_value",,"573904764, 575011141","Credit App Status - Company --> Deal, Credit App Status - Company --> contact","Multiple workflows (2) write to the same properties: credit_app_status, credit_application_status__c; consolidate to a single canonical workflow to avoid conflicts and simplify maintenance.",573904764.0,Credit App Status - Company --> Deal,Selected as base because enrollment data is unavailable; using the first-created workflow as canonical.,"Copies the ""Credit Application Status"" property from company records to associated deals when the status is known or recently updated.",2,3
571511826,Current Bank Balance - Company --> Deal,True,True,True,Keep as-is,484164.0,494024.0,0.0,COMPANY,Filter criteria,2025-04-25 00:21:00,True,1,bank_balance___current,1,bank_balance___current,,,,bank_balance___current,1,"bank_balance___current, hs_name, hs_value",,,"hs_name, hs_value",,,,,,,,,1,3
451354369,Customer Exclusion List to Google Sheets,True,True,True,Keep as-is,62339.0,62759.0,0.0,CONTACT,Filter criteria,2023-09-25 11:40:00,False,0,,0,,,,,,0,,,,,,,,,,,,Adds contact details to a Google Sheet when contacts are on a specific list.,0,0
471678846,Date Lead Came Inbound - Company --> Deal,True,True,True,Keep but Consolidate into Canonical Workflow,27431.0,27957.0,0.0,COMPANY,Filter criteria,2024-06-09 10:53:00,True,1,date_account_came_inbound,1,date_account_came_inbound,,,,date_account_came_inbound,1,"date_account_came_inbound, hs_name, hs_value, num_associated_deals, sync_to_objects","num_associated_deals, sync_to_objects",,"hs_name, hs_value",,"471678846, 416407630, 422529928","Date Lead Came Inbound - Company --> Deal, Stamp Date Lead Came Inbound, Date lead came inbound - Contact --> Company",Multiple workflows (3) write to the same properties: date_account_came_inbound; consolidate to a single canonical workflow to avoid conflicts and simplify maintenance.,416407630.0,Stamp Date Lead Came Inbound,Selected as base because it has the highest historical enrollment among workflows writing the same properties.,"Sets the ""Date Lead Came Inbound"" property on deals when the associated company has this date known but the deal does not, or when syncing is enabled.",1,5
422529928,Date lead came inbound - Contact --> Company,True,True,True,Keep but Consolidate into Canonical Workflow,91637.0,92106.0,0.0,CONTACT,Filter criteria,2024-06-06 17:14:00,True,1,date_account_came_inbound,1,date_account_came_inbound,,,,date_account_came_inbound,1,"date_account_came_inbound, sync_to_objects",sync_to_objects,,,,"471678846, 416407630, 422529928","Date Lead Came Inbound - Company --> Deal, Stamp Date Lead Came Inbound, Date lead came inbound - Contact --> Company",Multiple workflows (3) write to the same properties: date_account_came_inbound; consolidate to a single canonical workflow to avoid conflicts and simplify maintenance.,416407630.0,Stamp Date Lead Came Inbound,Selected as base because it has the highest historical enrollment among workflows writing the same properties.,"Copies the ""Date Lead Came Inbound"" from a contact to its associated company when the contact has this date set or is marked to sync.",1,2
585380901,Deal - Contact Event was updated - Update on Deal,True,True,True,Keep as-is,11662.0,11825.0,0.0,DEAL,Filter criteria,2025-04-25 00:21:00,True,1,event__c,1,"event___contact, event__c",event___contact,,,,0,"event___contact, hs_name, hs_value",event___contact,,"hs_name, hs_value",,,,,,,,Updates the Deal's Event property with the Contact's Event value when the Contact's Event was updated within the last day.,2,3
585380896,Deal - Contact PIC was updated - Update on Deal,True,True,True,Keep as-is,26875.0,27439.0,0.0,DEAL,Filter criteria,2025-04-25 00:21:00,True,1,primary_inbound_channel,1,"pic___contact, primary_inbound_channel",pic___contact,,,,0,"hs_name, hs_value, pic___contact",pic___contact,,"hs_name, hs_value",,,,,,,,"Updates the deal's Primary Inbound Channel based on the Contact - PIC value, setting it to ""Direct Traffic"" if PIC is ""Direct Signup Page,"" otherwise copying the PIC value.",2,3
483564947,Deal - Event - PIC is Unknown --> Deal PIC,True,True,True,Keep as-is,19515.0,19851.0,1.0,DEAL,Filter criteria,2024-06-09 10:38:00,True,3,"event__c, primary_inbound_channel",2,"event__c, primary_inbound_channel",,,,"event__c, primary_inbound_channel, primary_lead_channel",3,"event__c, primary_inbound_channel, primary_lead_channel",,,,,,,,,,,"Updates the ""Primary Inbound Channel"" property to ""Event"" if an event is known, or to ""Direct Traffic"" if not, for deals with an unknown channel after a 20-minute delay.",2,3
585409209,Deal - Fix Primary Inbound - Naming,True,True,True,Keep as Canonical Workflow,48645.0,49689.0,0.0,DEAL,Filter criteria,2025-04-25 00:21:00,True,1,primary_inbound_channel,1,primary_inbound_channel,,,,primary_inbound_channel,1,"hs_name, hs_value, primary_inbound_channel",,,"hs_name, hs_value",,"585409209, 565518086, 460380164","Deal - Fix Primary Inbound - Naming, Deal PIC - startup nyc --> rho banks, Primary Inbound Channel - Company --> Deal",Multiple workflows (3) write to the same properties: primary_inbound_channel; consolidate to a single canonical workflow to avoid conflicts and simplify maintenance.,585409209.0,Deal - Fix Primary Inbound - Naming,Selected as base because enrollment data is unavailable; using the first-created workflow as canonical.,"Updates the ""Primary Inbound Channel (Legacy)"" property based on its current value, assigning standardized names for various inbound sources.",1,3
478181930,Deal - Recent Deal Date - For influenced deals,True,True,True,Delete,329.0,333.0,0.0,DEAL,Filter criteria,2023-10-02 10:40:00,True,3,createdate,1,"createdate, recent_deal_date___prospect_pipeline",recent_deal_date___prospect_pipeline,,,"pipeline, primary_inbound_channel",2,"pipeline, primary_inbound_channel",,,,,,,Low Total Enrollment,,,,"Sets the ""Recent Deal Date - Prospect Pipeline"" to the deal's creation date for deals in the Sales Pipeline influenced by email or lead nurturing channels.",2,2
554266371,Deal - SAL = yes,True,True,True,Keep as-is,23834.0,24187.0,0.0,DEAL,Filter criteria,2025-04-25 00:21:00,True,1,,0,sal_,sal_,,,sal_date__c,1,sal_date__c,,,,,,,,,,,"Sets the property ""SAL?"" to ""Yes"" for deals with a known ""SAL Date"" property.",1,1
554148731,Deal - Set to disqualifed = yes,True,True,True,Keep but Consolidate into Canonical Workflow,15118.0,15345.0,0.0,DEAL,Filter criteria,2025-04-25 00:21:00,True,2,disqualified_,1,disqualified_,,,,dealstage,1,"dealstage, hs_name, hs_value",,,"hs_name, hs_value",,"554148731, 558111086, 558120196, 558120779","Deal - Set to disqualifed = yes, disqualified - Company --> Contact, Disqualified - Deal --> Company, Disqualified - Contact --> Company",Multiple workflows (4) write to the same properties: disqualified_; consolidate to a single canonical workflow to avoid conflicts and simplify maintenance.,558120779.0,Disqualified - Contact --> Company,Selected as base because it has the highest historical enrollment among workflows writing the same properties.,"Sets the ""Disqualified?"" property to ""Yes"" for deals in the stages Disqualified or Closed Lost.",1,3
554228842,Deal - SQL = Yes,True,True,True,Keep but Consolidate into Canonical Workflow,26252.0,26648.0,0.0,DEAL,Filter criteria,2025-04-25 00:21:00,True,1,,0,sql_,sql_,,,sql_date,1,sql_date,,,,,"554228842, 570882591, 537218482","Deal - SQL = Yes, Contact - SQL? = yes, Meeting Set --> SQL = Yes",Multiple workflows (3) write to the same properties: sql_; consolidate to a single canonical workflow to avoid conflicts and simplify maintenance.,570882591.0,Contact - SQL? = yes,Selected as base because it has the highest historical enrollment among workflows writing the same properties.,"Sets the ""SQL?"" property to ""Yes"" for deals with an SQL Date after December 31, 2023.",1,1
529520486,Deal - Unknown Properties --> Stamp properties,False,False,True,Delete,4882.0,4882.0,0.0,DEAL,Filter criteria,2025-09-17 11:36:00,True,5,"date_account_came_inbound, inbound_type, primary_inbound_channel",3,"date_account_came_inbound, inbound_type, primary_inbound_channel",,,,"date_account_came_inbound, inbound_priority_type__cloned_, inbound_type, opportunity_source, primary_inbound_channel",5,"date_account_came_inbound, inbound_priority_type__cloned_, inbound_type, opportunity_source, primary_inbound_channel",,,,,,,Inactive Workflow,,,,,3,5
432462168,Deal --> Company - Close Date (cloned),True,True,True,Keep but Consolidate into Canonical Workflow,52723.0,53529.0,0.0,DEAL,Filter criteria,2023-08-10 15:51:00,True,1,closedate,1,"closedate, deal_close_date",deal_close_date,,,closedate,1,closedate,,,,,"432447543, 432462168","Company --> Contact - close date, Deal --> Company - Close Date (cloned)","Multiple workflows (2) write to the same properties: closedate, deal_close_date; consolidate to a single canonical workflow to avoid conflicts and simplify maintenance.",432447543.0,Company --> Contact - close date,Selected as base because enrollment data is unavailable; using the first-created workflow as canonical.,Copies the Close Date from a deal to the associated company's Deal Close Date when the deal's Close Date is known.,2,1
436334991,Deal --> Company - deal name,True,True,True,Keep as-is,51605.0,52372.0,0.0,DEAL,Filter criteria,2023-08-10 15:51:00,True,1,dealname,1,"deal_name, dealname",deal_name,,,dealname,1,dealname,,,,,,,,,,,Copies the deal name to the associated company's deal name property when the deal name is known.,2,1
435488180,Deal --> Company - Pipeline,True,True,True,Keep as-is,59382.0,60189.0,0.0,DEAL,Filter criteria,2023-08-10 15:51:00,True,1,pipeline,1,"last_deal_pipeline, pipeline",last_deal_pipeline,,,pipeline,1,"hs_name, hs_value, pipeline",,,"hs_name, hs_value",,,,,,,,"Updates the company’s ""Last Deal Pipeline"" property with the associated deal’s pipeline whenever a deal’s pipeline is known or changed.",2,3
472293733,Deal --> Company - rho use case,True,True,True,Keep but Consolidate into Canonical Workflow,32715.0,33179.0,0.0,DEAL,Filter criteria,2023-09-25 11:41:00,True,1,,0,rho_use_case,rho_use_case,,,rho_use_case__c,1,rho_use_case__c,,,,,"553171267, 472293733","Company --> Contact - Rho Use case, Deal --> Company - rho use case",Multiple workflows (2) write to the same properties: rho_use_case; consolidate to a single canonical workflow to avoid conflicts and simplify maintenance.,553171267.0,Company --> Contact - Rho Use case,Selected as base because enrollment data is unavailable; using the first-created workflow as canonical.,"Updates the ""Rho Use Case"" property on associated companies when this property is known on deals.",1,1
554527846,Deal --> Contact - SQL,True,True,True,Keep as Canonical Workflow,9508.0,9605.0,0.0,CONTACT,Filter criteria,2025-04-25 00:21:00,True,1,sql_date,1,"sql_, sql_date",sql_,,,sql_date,1,sql_date,,,,,"558064691, 554527846","SQL Date - Deal --> Company, Deal --> Contact - SQL","Multiple workflows (2) write to the same properties: sql_, sql_date; consolidate to a single canonical workflow to avoid conflicts and simplify maintenance.",554527846.0,Deal --> Contact - SQL,Selected as base because it has the highest historical enrollment among workflows writing the same properties.,"Sets a date property and updates a status property to ""Yes"" for contacts associated with deals having an SQL Date after 2023-12-31 or with an unknown SQL Date.",2,1
432430489,Deal -> Contact and Companies - owner,True,True,True,Keep but Consolidate into Canonical Workflow,90058.0,91265.0,0.0,DEAL,Filter criteria,2023-08-10 15:51:00,True,1,hubspot_owner_id,1,"deal_owner, hubspot_owner_id",deal_owner,,,hubspot_owner_id,1,"hs_name, hs_value, hubspot_owner_id",,,"hs_name, hs_value",,"432430489, 585622274","Deal -> Contact and Companies - owner, Copy deal owner to contact owner","Multiple workflows (2) write to the same properties: deal_owner, hubspot_owner_id; consolidate to a single canonical workflow to avoid conflicts and simplify maintenance.",585622274.0,Copy deal owner to contact owner,Selected as base because it has the highest historical enrollment among workflows writing the same properties.,Sets the Deal Owner property on associated contacts and companies when the deal owner is known.,2,3
497904006,Deal Contact Job Title,True,True,True,Keep as-is,16611.0,16840.0,0.0,DEAL,Filter criteria,2023-10-29 13:12:00,True,3,,0,deal_contact_job_title,deal_contact_job_title,,,"jobtitle, opportunity_created_date, pipeline",3,"jobtitle, opportunity_created_date, pipeline",,,,,,,,,,,"Sets the deal's contact job title when the deal is in the Sales Pipeline, created after June 30, 2023, and the associated contact's job title is known.",1,3
565518086,Deal PIC - startup nyc --> rho banks,True,True,True,Keep but Consolidate into Canonical Workflow,806.0,848.0,0.0,DEAL,Filter criteria,2025-04-25 00:21:00,True,1,primary_inbound_channel,1,primary_inbound_channel,,,,primary_inbound_channel,1,primary_inbound_channel,,,,,"585409209, 565518086, 460380164","Deal - Fix Primary Inbound - Naming, Deal PIC - startup nyc --> rho banks, Primary Inbound Channel - Company --> Deal",Multiple workflows (3) write to the same properties: primary_inbound_channel; consolidate to a single canonical workflow to avoid conflicts and simplify maintenance.,585409209.0,Deal - Fix Primary Inbound - Naming,Selected as base because enrollment data is unavailable; using the first-created workflow as canonical.,"Sets the ""Primary Inbound Channel (Legacy)"" property to ""Rho Banks NYC"" for deals containing ""startup nyc"" or ""nyc startup"" in that property.",1,1
555253071,Deal Stage - Company --> Contact,True,True,True,Keep as-is,51207.0,51977.0,0.0,COMPANY,Filter criteria,2025-04-25 00:21:00,True,1,deal_stage,1,"deal_stage, opportunity_stage",opportunity_stage,,,,0,"hs_name, hs_value, num_associated_contacts, opportunity_stage","num_associated_contacts, opportunity_stage",,"hs_name, hs_value",,,,,,,,Copies the Deal Stage property from a company to associated contacts when the Deal Stage is updated within the last day.,2,4
578880015,Deal stage --> 'Contact Deal Stage',True,True,True,Keep as-is,110586.0,112716.0,0.0,DEAL,Filter criteria,2025-04-25 00:21:00,True,1,dealstage,1,"contact_deal_stage, dealstage",contact_deal_stage,,,dealstage,1,"dealstage, hs_name, hs_value",,,"hs_name, hs_value",,,,,,,,"Updates the contact's ""Contact Deal Stage"" property to match the associated deal's ""Deal Stage"" when the deal stage is known or recently updated.",2,3
415719269,Deal Stage --> Deal --> Company,True,True,True,Keep as-is,73894.0,74697.0,0.0,DEAL,Filter criteria,2024-04-10 08:52:00,True,3,,0,opportunity_stage,opportunity_stage,,,"dealstage, opportunity_created_date, pipeline",3,"dealstage, opportunity_created_date, pipeline",,,,,,,,,,,"Updates the deal stage of associated deals based on their current stage for deals in specified pipelines created after June 30, 2023.",1,3
557946446,Deal Stage -Deal --> Contact,True,True,True,Keep but Consolidate into Canonical Workflow,124056.0,126183.0,0.0,DEAL,Filter criteria,2025-04-25 00:21:00,True,2,deal_stage,1,deal_stage,,,,dealstage,1,"dealstage, hs_name, hs_value",,,"hs_name, hs_value",,"557946446, 582860062, 581069693","Deal Stage -Deal --> Contact, Set contact deal stage = unqualified, Bestmoney - New Lead",Multiple workflows (3) write to the same properties: deal_stage; consolidate to a single canonical workflow to avoid conflicts and simplify maintenance.,582860062.0,Set contact deal stage = unqualified,Selected as base because it has the highest historical enrollment among workflows writing the same properties.,Updates the Deal Stage property on associated contacts based on the deal's current stage when the Deal Stage property is known and recently updated.,1,3
495339563,Deals - campaign/term drilldowns reconcile,True,True,True,Keep as-is,2029.0,2077.0,0.0,DEAL,Filter criteria,2023-10-29 13:12:00,True,8,"hs_analytics_source_data_1, hs_analytics_source_data_2, utm_campaign__c, utm_term__c",4,"campaign_drilldown_1, hs_analytics_latest_source_data_1, hs_analytics_latest_source_data_2, hs_analytics_source_data_1, hs_analytics_source_data_2, term_drilldown_2, utm_campaign__c, utm_term__c","campaign_drilldown_1, hs_analytics_latest_source_data_1, hs_analytics_latest_source_data_2, term_drilldown_2",,,"hs_analytics_source, hs_analytics_source_data_1, pipeline, primary_inbound_channel, utm_campaign__c, utm_source__c",6,"campaign_drilldown_1, hs_analytics_latest_source, hs_analytics_latest_source_data_1, hs_analytics_source, hs_analytics_source_data_1, pipeline, primary_inbound_channel, term_drilldown_2, utm_campaign__c, utm_source__c","campaign_drilldown_1, hs_analytics_latest_source, hs_analytics_latest_source_data_1, term_drilldown_2",,,,,,,,,,Updates campaign and term drilldown fields for deals from known Google Ads or Paid Search sources when those fields are missing and the deal is in the Sales Pipeline.,8,10
558111086,disqualified - Company --> Contact,True,True,True,Keep but Consolidate into Canonical Workflow,27178.0,27428.0,0.0,COMPANY,Filter criteria,2025-04-25 00:21:00,True,1,disqualified_,1,disqualified_,,,,disqualified_,1,"disqualified_, num_associated_contacts",num_associated_contacts,,,,"554148731, 558111086, 558120196, 558120779","Deal - Set to disqualifed = yes, disqualified - Company --> Contact, Disqualified - Deal --> Company, Disqualified - Contact --> Company",Multiple workflows (4) write to the same properties: disqualified_; consolidate to a single canonical workflow to avoid conflicts and simplify maintenance.,558120779.0,Disqualified - Contact --> Company,Selected as base because it has the highest historical enrollment among workflows writing the same properties.,"Sets the ""Disqualified?"" property to ""Yes"" for companies that are already disqualified or have associated contacts updated within the last day and are disqualified.",1,2
558120779,Disqualified - Contact --> Company,True,True,True,Keep as Canonical Workflow,46600.0,46868.0,0.0,CONTACT,Filter criteria,2025-04-25 00:21:00,True,1,disqualified_,1,disqualified_,,,,disqualified_,1,disqualified_,,,,,"554148731, 558111086, 558120196, 558120779","Deal - Set to disqualifed = yes, disqualified - Company --> Contact, Disqualified - Deal --> Company, Disqualified - Contact --> Company",Multiple workflows (4) write to the same properties: disqualified_; consolidate to a single canonical workflow to avoid conflicts and simplify maintenance.,558120779.0,Disqualified - Contact --> Company,Selected as base because it has the highest historical enrollment among workflows writing the same properties.,"Updates associated companies by setting their ""Disqualified?"" property to ""Yes"" when the related contact is marked as disqualified.",1,1
558120196,Disqualified - Deal --> Company,True,True,True,Keep but Consolidate into Canonical Workflow,14732.0,14958.0,0.0,DEAL,Filter criteria,2025-04-25 00:21:00,True,1,disqualified_,1,disqualified_,,,,disqualified_,1,disqualified_,,,,,"554148731, 558111086, 558120196, 558120779","Deal - Set to disqualifed = yes, disqualified - Company --> Contact, Disqualified - Deal --> Company, Disqualified - Contact --> Company",Multiple workflows (4) write to the same properties: disqualified_; consolidate to a single canonical workflow to avoid conflicts and simplify maintenance.,558120779.0,Disqualified - Contact --> Company,Selected as base because it has the highest historical enrollment among workflows writing the same properties.,"Sets the ""Disqualified?"" property to ""Yes"" on associated companies when the deal is marked as disqualified.",1,1
456140686,DLI - PROXY,True,True,True,Keep as Canonical Workflow,93844.0,94613.0,0.0,CONTACT,Filter criteria,2023-09-25 11:40:00,True,1,date_account_came_inbound,1,"date_account_came_inbound, dli___proxy",dli___proxy,,,date_account_came_inbound,1,date_account_came_inbound,,,,,"456967082, 456140686","Proxy DAI --> DAI, DLI - PROXY","Multiple workflows (2) write to the same properties: date_account_came_inbound, dli___proxy; consolidate to a single canonical workflow to avoid conflicts and simplify maintenance.",456140686.0,DLI - PROXY,Selected as base because it has the highest historical enrollment among workflows writing the same properties.,"Sets the ""DLI - Proxy"" property to the value of the ""Date Lead Came Inbound"" property for contacts with a known ""Date Lead Came Inbound"" value.",2,1
1626335133,DS - Contact Sales Request | Email Response,True,True,True,Keep as-is,1502.0,1589.0,0.0,CONTACT,Filter criteria,2025-04-25 00:22:00,False,0,,0,,,,,,0,,,,,,,,,,,,"Delays for 5 minutes and sends ""Book a Demo Immediate Follow-Up"" email when the primary inbound channel is LinkedIn Ads or when a contact fills out the ""Contact Sales Signup"" forms.",0,0
1655787627,DS - Leads: Growth Tools (Safe/Invoice) | Funnel Optimization,True,True,True,Delete,284.0,294.0,1.0,CONTACT,Filter criteria,2025-06-04 16:11:00,True,5,"firstname, lastname",2,"entity_signatory_title___safe_note_generator, firstname, invoice_generator___referrer, lastname, safe_note_generator___submission_date, safe_note_generator___submission_log","entity_signatory_title___safe_note_generator, invoice_generator___referrer, safe_note_generator___submission_date, safe_note_generator___submission_log",,,"address, createdate, dealstage, firstname, lastname",5,"address, createdate, dealstage, entity_signatory_title___safe_note_generator, firstname, full_name__daops, lastname, total_associated_deals","entity_signatory_title___safe_note_generator, full_name__daops, total_associated_deals",,,,,,Low Total Enrollment,,,,"Updates contact properties with parsed name and address data, checks for missing info, delays, and sends a follow-up email if not previously engaged or upsold.",6,8
1647349648,DS – Application: Abandonment Reengagement | Funnel Optimization,True,True,True,Keep as Canonical Workflow,2402.0,2514.0,63.0,CONTACT,Filter criteria,2025-04-25 15:49:00,True,3,,0,"campaign_enrollment_log__journey_tracking, experiment_log","campaign_enrollment_log__journey_tracking, experiment_log",,,"company, email, sql_date",3,"company, email, sql_date",,,,,"1647349648, 1637317728","DS – Application: Abandonment Reengagement | Funnel Optimization, DS – Customer Onboarding: Founders | Lifecycle Engagement","Multiple workflows (3) write to the same properties: campaign_enrollment_log__journey_tracking, experiment_log; consolidate to a single canonical workflow to avoid conflicts and simplify maintenance.",1647349648.0,DS – Application: Abandonment Reengagement | Funnel Optimization,Selected as base because it has the highest historical enrollment among workflows writing the same properties.,"Sends a series of timed emails to contacts who abandoned applications, adding them to lists and tracking campaign engagement for reengagement efforts.",2,3
1637317728,DS – Customer Onboarding: Founders | Lifecycle Engagement,True,True,True,Keep but Consolidate into Canonical Workflow,1667.0,1739.0,221.0,CONTACT,Filter criteria,2025-08-28 09:28:00,True,5,,0,"campaign_enrollment_log__journey_tracking, experiment_log","campaign_enrollment_log__journey_tracking, experiment_log",,,"account_activated___initial_transaction_type, email, icp_category, referrer___a, timestamp_account_activated__c",5,"account_activated___initial_transaction_type, email, icp_category, pipeline_stage, referrer___a, timestamp_account_activated__c",pipeline_stage,,,,"1647349648, 1637317728","DS – Application: Abandonment Reengagement | Funnel Optimization, DS – Customer Onboarding: Founders | Lifecycle Engagement","Multiple workflows (3) write to the same properties: campaign_enrollment_log__journey_tracking, experiment_log; consolidate to a single canonical workflow to avoid conflicts and simplify maintenance.",1647349648.0,DS – Application: Abandonment Reengagement | Funnel Optimization,Selected as base because it has the highest historical enrollment among workflows writing the same properties.,"Sends a series of onboarding emails with delays between each, updates a property, and adds to a list when an account is activated after March 20, 2025, with specific transaction types and categories.",2,6
489805907,Email Logged = Yes,True,True,True,Keep as-is,15460.0,15461.0,0.0,CONTACT,Filter criteria,2023-10-15 15:11:00,True,1,,0,logged_email,logged_email,,,date_account_came_inbound,1,"date_account_came_inbound, hs_email_subject",,,hs_email_subject,,,,,,,,"Sets the ""Logged Email"" property to ""Yes"" for contacts with a known email subject and a known inbound lead date.",1,2
457760939,Emails Clicked - Contact --> Company,True,True,True,Keep as-is,7250.0,7305.0,0.0,CONTACT,Events,2023-09-25 11:40:00,False,0,,0,marketing_emails_clicked,marketing_emails_clicked,,,,0,hs_email_campaign_group_id,,,hs_email_campaign_group_id,,,,,,,,"Increments a contact's ""Marketing Emails Clicked"" count each time they click a link in any email campaign.",1,1
457838008,Emails Opened - Contact --> Company,True,True,True,Keep as-is,241230.0,241748.0,0.0,CONTACT,Events,2023-09-25 11:40:00,False,0,,0,marketing_emails_opened,marketing_emails_opened,,,,0,hs_email_campaign_group_id,,,hs_email_campaign_group_id,,,,,,,,"Increments the company's ""Marketing Emails Opened"" count by 1 each time a contact opens a marketing email.",1,1
457838087,Emails Sent - Contact --> Company,True,True,True,Keep as-is,1812325.0,1813227.0,0.0,CONTACT,Events,2023-09-25 11:40:00,False,0,,0,marketing_emails_sent,marketing_emails_sent,,,,0,hs_email_campaign_group_id,,,hs_email_campaign_group_id,,,,,,,,"Increments the ""Marketing Emails Sent"" count on a contact's associated company each time a marketing email is delivered to the contact.",1,1
586154145,Engage - company name,False,False,True,Delete,1144.0,1144.0,0.0,CONTACT,Filter criteria,2025-09-17 11:36:00,True,2,company,1,company,,,,"company, event",2,"company, event",,,,,,,Inactive Workflow,,,,,1,2
561685164,Estimated 12 mo GP (mtd) - Company --> Deal/Contact,True,True,True,Keep as-is,47608.0,48327.0,0.0,CONTACT,Filter criteria,2025-04-25 00:21:00,True,1,,0,"estimated_12_mo__gp__mtd_, n12_mo__estimated_revenue__mtd_","estimated_12_mo__gp__mtd_, n12_mo__estimated_revenue__mtd_",,,gross_profit___mtd,1,gross_profit___mtd,,,,,,,,,,,Copies the estimated 12-month gross profit from associated companies to deals and contacts when the gross profit property is known or they belong to a specific list.,2,1
561193822,estimated 365 days rev - mtd - company --> Deal,True,True,True,Keep as-is,1128672.0,1139436.0,0.0,COMPANY,Filter criteria,2025-04-25 00:21:00,False,0,,0,"n365_est__rev__mtd____2, n365_est_rev__mtd_","n365_est__rev__mtd____2, n365_est_rev__mtd_",,,,0,"hs_name, hs_value, n365_est__rev__mtd____2, today_s_date","n365_est__rev__mtd____2, today_s_date",,"hs_name, hs_value",,,,,,,,"Sets the deal’s ""365 est. revenue"" property from the associated company when that revenue is greater than zero and updated outside the last day.",2,4
585586772,Event = Tech week --> Set as rho banks nyc and nyrbnyc -,True,True,True,Keep as-is,7275.0,7276.0,0.0,CONTACT,Filter criteria,2025-04-25 00:21:00,True,1,,0,"ny_rbnyc, rho_banks_nyc","ny_rbnyc, rho_banks_nyc",,,event,1,event,,,,,,,,,,,"Sets ""Rho Banks NYC"" and ""NY RBNYC"" properties to ""Yes"" for contacts associated with the event ""NY Tech Week 2024.""",2,1
578684426,Exclusion List = no,True,True,True,Keep but Consolidate into Canonical Workflow,532.0,533.0,0.0,CONTACT,Filter criteria,2025-04-25 00:21:00,False,0,,0,exclusion_list_,exclusion_list_,,,,0,exclusion_list_,exclusion_list_,,,,"578681952, 578684426","Exclusion List = yes, Exclusion List = no",Multiple workflows (2) write to the same properties: exclusion_list_; consolidate to a single canonical workflow to avoid conflicts and simplify maintenance.,578681952.0,Exclusion List = yes,Selected as base because it has the highest historical enrollment among workflows writing the same properties.,"Updates the ""Exclusion List?"" property to ""No"" for contacts who are currently marked as ""Yes"" and not in a specific list, after a 10-minute delay.",1,1
578681952,Exclusion List = yes,True,True,True,Keep as Canonical Workflow,373299.0,374649.0,0.0,CONTACT,Filter criteria,2025-04-25 00:21:00,False,0,,0,exclusion_list_,exclusion_list_,,,,0,exclusion_list_,exclusion_list_,,,,"578681952, 578684426","Exclusion List = yes, Exclusion List = no",Multiple workflows (2) write to the same properties: exclusion_list_; consolidate to a single canonical workflow to avoid conflicts and simplify maintenance.,578681952.0,Exclusion List = yes,Selected as base because it has the highest historical enrollment among workflows writing the same properties.,"Sets the ""Exclusion List?"" property to ""Yes"" for contacts who are in a specific list and do not already have this property set to ""Yes"".",1,1
492655402,Facebook Form Signups --> Properties,False,False,True,Delete,593.0,593.0,0.0,CONTACT,Filter criteria,2025-11-21 15:59:00,True,10,"date_account_came_inbound, icp_category, inbound_priority_type__cloned_, leadsource, primary_lead_channel, signup_conversion_page",6,"date_account_came_inbound, icp_category, inbound_priority_type__cloned_, leadsource, lifecyclestage, primary_lead_channel, salesforce_inclusion, signup_conversion_page","lifecyclestage, salesforce_inclusion",,,"company_size, jobtitle, seamless_revenue__c, utm_content",4,"company_size, gmail_email, jobtitle, seamless_revenue__c, utm_content",gmail_email,,,,,,Inactive Workflow,,,,,8,5
431054521,First Conversion Mapping [Reed],True,True,True,Keep as-is,75156.0,76037.0,4.0,CONTACT,Filter criteria,2025-09-09 17:08:00,True,1,first_conversion_event_name,1,"conversion_page, first_conversion_event_name, leadsource__c","conversion_page, leadsource__c",,,first_conversion_event_name,1,"first_conversion_event_name, leadsource__c",leadsource__c,,,,,,,,,,"Copies the ""Conversion Page"" property from related records when either ""Conversion Page"" or ""First Conversion"" is known, with a 10-minute delay if the page is unknown.",3,2
473020495,First Deal --> Recent Deal - Contact,True,True,True,Keep as-is,93684.0,95063.0,0.0,CONTACT,Filter criteria,2023-09-25 11:41:00,False,0,,0,"company_recent_deal_created_date, first_company_deal_created_date","company_recent_deal_created_date, first_company_deal_created_date",,,,0,"company_recent_deal_created_date, first_company_deal_created_date","company_recent_deal_created_date, first_company_deal_created_date",,,,,,,,,,Copies the company’s first deal created date to the recent deal created date for contacts where the first deal date is known but the recent deal date is not set.,2,2
476798874,First email date - Company --> Deal,True,True,True,Keep as-is,2118.0,2149.0,0.0,COMPANY,Filter criteria,2023-10-02 10:40:00,True,2,,0,lead_nurturing_first_email_date,lead_nurturing_first_email_date,,,"createdate, pipeline",2,"createdate, lead_nurturing_first_email_date, pipeline",lead_nurturing_first_email_date,,,,,,,,,,"Copies the first email date from associated companies to deals created after August 21, 2023, in the Sales Pipeline when this date is known.",1,3
531538003,First Page Seen - Company --> Deal,True,True,True,Keep as-is,21975.0,22376.0,0.0,COMPANY,Filter criteria,2025-04-25 00:21:00,False,0,,0,first_page_seen,first_page_seen,,,,0,"first_page_seen, hs_name, hs_value",first_page_seen,,"hs_name, hs_value",,,,,,,,"Sets the ""First Page Seen"" property on deals when the associated company has this property known and the deal’s property is unknown.",1,3
531613697,First Page Seen - Contact to Company,True,True,True,Keep as-is,55071.0,55588.0,0.0,CONTACT,Filter criteria,2025-04-25 00:21:00,True,1,hs_analytics_first_url,1,"first_page_seen, hs_analytics_first_url",first_page_seen,,,hs_analytics_first_url,1,"first_page_seen, hs_analytics_first_url",first_page_seen,,,,,,,,,,"Copies the ""First Page Seen"" property between associated contacts and companies when the property is known for either object.",2,2
588150144,Fraud = Yes,True,True,True,Keep as-is,4564.0,4682.0,0.0,CONTACT,Filter criteria,2025-04-25 00:21:00,True,1,,0,fraud___yes,fraud___yes,,,compliance_denial_reason,1,compliance_denial_reason,,,,,,,,,,,"Sets the property ""Fraud = Yes"" when ""Compliance Denial Reason"" is known and does not contain specified terms.",1,1
478192569,Funnel stage at influenced deal,True,True,True,Delete,473.0,474.0,0.0,CONTACT,Filter criteria,2023-10-02 10:40:00,False,0,,0,"funnel_stage, funnel_stage_at_influenced_deal","funnel_stage, funnel_stage_at_influenced_deal",,,,0,influenced_deal_,influenced_deal_,,,,,,Low Total Enrollment,,,,"Updates the contact's ""Funnel stage at influenced deal"" property based on associated deals marked as influenced.",2,1
573093957,Gross Profit - 2 months ago - Company --> Deal,True,True,True,Keep as-is,302023.0,315178.0,0.0,COMPANY,Filter criteria,2025-04-25 00:21:00,True,1,gross_profit___2_months_ago,1,gross_profit___2_months_ago,,,,gross_profit___2_months_ago,1,"gross_profit___2_months_ago, hs_name, hs_value",,,"hs_name, hs_value",,,,,,,,"Copies the ""Gross Profit - 2 months ago"" value from associated companies to deals when the property is known or updated within the last day.",1,3
575593337,Gross Profit - 3 months ago - Company --> Deal,True,True,True,Keep as-is,269762.0,283198.0,0.0,COMPANY,Filter criteria,2025-04-25 00:21:00,True,1,gross_profit___3_months_ago,1,gross_profit___3_months_ago,,,,gross_profit___3_months_ago,1,"gross_profit___3_months_ago, hs_name, hs_value",,,"hs_name, hs_value",,,,,,,,"Copies the ""Gross Profit - 3 months ago"" property from associated companies to deals when the property is known or recently updated.",1,3
573203537,Gross Profit - Last Month - Company --> Deal,True,True,True,Keep as-is,467352.0,487405.0,0.0,COMPANY,Filter criteria,2025-04-25 00:21:00,True,1,gross_profit___last_month,1,gross_profit___last_month,,,,gross_profit___last_month,1,"gross_profit___last_month, hs_name, hs_value",,,"hs_name, hs_value",,,,,,,,"Copies the ""Gross Profit - Last Month"" value from associated companies to deals when the property is known or updated within the last day.",1,3
575597968,Gross Profit - MTD - Company --> Deal,True,True,True,Keep as-is,2497657.0,2557269.0,0.0,COMPANY,Filter criteria,2025-04-25 00:21:00,True,1,gross_profit___mtd,1,gross_profit___mtd,,,,gross_profit___mtd,1,"gross_profit___mtd, hs_name, hs_value",,,"hs_name, hs_value",,,,,,,,"Copies the ""Gross Profit - MTD"" value from associated companies to deals when this property is known or updated within the last day.",1,3
564155229,Gross Profit All time - Company --> Deal,True,True,True,Keep as-is,2823920.0,2888667.0,0.0,COMPANY,Filter criteria,2025-04-25 00:21:00,True,1,gross_profit___all_time,1,gross_profit___all_time,,,,gross_profit___all_time,1,"gross_profit___all_time, hs_name, hs_value",,,"hs_name, hs_value",,,,,,,,"Copies the ""Gross Profit - All Time"" value from associated companies to deals when the property is known or updated within the last day.",1,3
487728784,Has been meeting set --> Status back to = Meeting Set,True,True,True,Delete,90.0,91.0,0.0,CONTACT,Filter criteria,2024-03-27 09:59:00,True,3,"leadstatus, timestamp_attempting_to_reach",2,"leadstatus, timestamp_attempting_to_reach",,,,"date_account_came_inbound, leadstatus, timestamp_attempting_to_reach",3,"date_account_came_inbound, leadstatus, timestamp_attempting_to_reach",,,,,,,Low Total Enrollment,,,,"Updates contact status to ""Meeting Set"" for leads recently updated with certain statuses and who have a known inbound date, excluding a specific list, and sets a timestamp if not already set.",2,3
478221649,Heard about you known?,True,True,True,Keep as-is,546.0,546.0,0.0,CONTACT,Filter criteria,2023-10-02 10:40:00,False,0,,0,heard_about_you_known_,heard_about_you_known_,,,,0,,,,,,,,,,,,"Sets the ""Heard about you known?"" property to ""Yes"" for contacts in a specific list.",1,0
585889384,How did you hear about us - dropdown --> How did you hear about us,True,True,True,Keep as-is,2058.0,2145.0,0.0,CONTACT,Filter criteria,2025-04-25 00:21:00,True,2,"dropdown___how_did_you_first_hear_about_rho_, how_did_you_first_hear_about_rho",2,"dropdown___how_did_you_first_hear_about_rho_, how_did_you_first_hear_about_rho",,,,dropdown___how_did_you_first_hear_about_rho_,1,dropdown___how_did_you_first_hear_about_rho_,,,,,,,,,,,"Copies the value from the ""Dropdown - How did you first hear about Rho?"" property into the ""How did you first hear about Rho?"" property when the dropdown property is known.",2,1
472230188,Hubspot Score Text,True,True,True,Keep as-is,2990301.0,2990301.0,0.0,CONTACT,Filter criteria,2023-09-25 11:41:00,True,1,hubspotscore,1,"hubspot_score___text, hubspotscore",hubspot_score___text,,,hubspotscore,1,hubspotscore,,,,,,,,,,,Copies the value of the HubSpot Score property into the HubSpot Score # property for contacts with a known score or recently updated score.,2,1
568330310,ICP category - Deal --> Contact,True,True,True,Keep as-is,16685.0,17060.0,0.0,DEAL,Filter criteria,2025-04-25 00:21:00,True,2,icp_category,1,icp_category,,,,"icp_category, opportunity_created_date",2,"icp_category, opportunity_created_date",,,,,,,,,,,"Copies the ""ICP Category [Deal]"" property from associated deals to contacts for deals created after 2023-12-31 with a known ICP category.",1,2
569169579,ICP Category --> Company to deal or contact,False,False,True,Delete,56142.0,56142.0,0.0,COMPANY,Filter criteria,2025-09-17 11:32:00,True,3,icp_category,1,icp_category,,,,"createdate, icp_category, opportunity_created_date",3,"createdate, icp_category, lead_nurturing_enroll_date, opportunity_created_date",lead_nurturing_enroll_date,,,,,,Inactive Workflow,,,,,1,4
583256482,Inbound Channel Bucket - Contacts,True,True,True,Keep as-is,75436.0,76263.0,0.0,CONTACT,Filter criteria,2025-04-25 00:21:00,True,4,demand_gen_bucket,1,demand_gen_bucket,,,,"event, marketing_lead_channel, primary_lead_channel",3,"event, marketing_lead_channel, primary_lead_channel, sync_to_objects",sync_to_objects,,,,,,,,,,"Sets the ""Inbound Channel Bucket"" property on contacts based on their primary inbound channel, categorizing them into specific marketing source groups.",1,4
583258402,Inbound Channel Bucket - Deal,True,True,True,Keep as-is,66626.0,67711.0,0.0,DEAL,Filter criteria,2025-04-25 00:21:00,True,4,inbound_channel_bucket,1,"contact___bucket, inbound_channel_bucket",contact___bucket,,,"event__c, marketing_lead_channel, primary_inbound_channel",3,"contact___bucket, event__c, hs_name, hs_value, marketing_lead_channel, pic___contact, primary_inbound_channel","contact___bucket, pic___contact",,"hs_name, hs_value",,,,,,,,"Updates the ""Inbound Channel Bucket"" property on deals based on their primary inbound channel, categorizing them into organic, paid, affiliate, event, or direct source buckets.",2,7
472224082,Inbound Contact Name to Company,True,True,True,Keep as-is,36466.0,37064.0,1.0,CONTACT,Filter criteria,2023-11-29 11:43:00,True,4,"email, firstname, lastname",3,"email, firstname, inbound_contact_email, inbound_contact_first_name, inbound_contact_last_name, lastname","inbound_contact_email, inbound_contact_first_name, inbound_contact_last_name",,,date_account_came_inbound,1,date_account_came_inbound,,,,,,,,,,,"Copies a contact's first name, last name, and email to associated company properties when the contact's inbound lead date is after June 30, 2023.",6,1
465996291,Inbound Signup Path - Company --> Deal,True,True,True,Keep as-is,58371.0,58847.0,0.0,COMPANY,Filter criteria,2023-09-25 11:40:00,True,1,inbound_signup_path,1,inbound_signup_path,,,,inbound_signup_path,1,"hs_name, hs_value, inbound_signup_path",,,"hs_name, hs_value",,,,,,,,"Sets the ""Inbound Signup Path"" property on deals associated with companies that have this property known and linked to the deal.",1,3
466056792,Inbound Signup Path - Contact --> Company,True,True,True,Keep as-is,86570.0,87123.0,0.0,CONTACT,Filter criteria,2023-09-25 11:40:00,True,2,"inbound_signup_path, inbound_signup_type",2,"inbound_signup_path, inbound_signup_type",,,,"inbound_signup_path, inbound_signup_type",2,"inbound_signup_path, inbound_signup_type",,,,,,,,,,,"Sets the ""Inbound Signup Path"" property on contacts associated with companies where this property is known but not set on the contact.",2,2
483575842,Inbound Signups - slack notification,True,True,True,Keep as-is,19580.0,19930.0,0.0,CONTACT,Filter criteria,2024-07-01 07:43:00,True,6,,0,,,,,"date_account_came_inbound, disqualified_, inbound_priority_type__cloned_, lead_after_deal, pre_qualification_outcome, primary_lead_channel",6,"date_account_came_inbound, disqualified_, inbound_priority_type__cloned_, lead_after_deal, pre_qualification_outcome, primary_lead_channel",,,,,,,,,,,"Sends Slack notifications about new inbound signups after a short delay, filtering contacts based on qualification status and recent inbound date.",0,6
516066563,Inbound type - Company --> Deal,True,True,True,Keep but Consolidate into Canonical Workflow,22166.0,22623.0,0.0,COMPANY,Filter criteria,2025-04-25 00:21:00,True,2,inbound_type,1,inbound_type,,,,"inbound_type, pipeline",2,"inbound_type, num_associated_deals, pipeline, sync_to_objects","num_associated_deals, sync_to_objects",,,,"516066563, 551271228, 516064056","Inbound type - Company --> Deal, Inbound type - Contact --> Company - has a deal, Inbound type - Contact --> Company",Multiple workflows (4) write to the same properties: inbound_type; consolidate to a single canonical workflow to avoid conflicts and simplify maintenance.,516064056.0,Inbound type - Contact --> Company,Selected as base because it has the highest historical enrollment among workflows writing the same properties.,"Updates the ""Inbound Type"" property on deals associated with companies meeting recent criteria in specified sales pipelines or with sync enabled.",1,4
551253587,Inbound type - Company --> Deal - >1,False,False,True,Delete,891.0,891.0,0.0,COMPANY,Filter criteria,2025-09-17 12:01:00,True,2,inbound_type,1,inbound_type,,,,"inbound_type, pipeline",2,"hs_name, hs_value, inbound_type, num_associated_deals, pipeline",num_associated_deals,,"hs_name, hs_value",,,,Inactive Workflow,,,,"Sets the ""Inbound Type"" property on deals associated with companies when the deal has more than one association, based on the deal's current inbound type category.",1,5
516064056,Inbound type - Contact --> Company,True,True,True,Keep as Canonical Workflow,31781.0,32262.0,0.0,CONTACT,Filter criteria,2025-04-25 00:21:00,True,2,inbound_type,1,inbound_type,,,,"inbound_priority_type__cloned_, inbound_type",2,"inbound_priority_type__cloned_, inbound_type, sync_to_objects",sync_to_objects,,,,"516066563, 551271228, 516064056","Inbound type - Company --> Deal, Inbound type - Contact --> Company - has a deal, Inbound type - Contact --> Company",Multiple workflows (4) write to the same properties: inbound_type; consolidate to a single canonical workflow to avoid conflicts and simplify maintenance.,516064056.0,Inbound type - Contact --> Company,Selected as base because it has the highest historical enrollment among workflows writing the same properties.,,1,3
551271228,Inbound type - Contact --> Company - has a deal,True,True,True,Keep but Consolidate into Canonical Workflow,5938.0,6072.0,0.0,CONTACT,Filter criteria,2025-04-25 00:21:00,True,2,inbound_type,1,inbound_type,,,,"inbound_priority_type__cloned_, inbound_type",2,"inbound_priority_type__cloned_, inbound_type, of_associated_company_deals",of_associated_company_deals,,,,"516066563, 551271228, 516064056","Inbound type - Company --> Deal, Inbound type - Contact --> Company - has a deal, Inbound type - Contact --> Company",Multiple workflows (4) write to the same properties: inbound_type; consolidate to a single canonical workflow to avoid conflicts and simplify maintenance.,516064056.0,Inbound type - Contact --> Company,Selected as base because it has the highest historical enrollment among workflows writing the same properties.,"Updates the ""Inbound Type"" property on contacts linked to companies that have at least one deal and where the contact's ""Inbound Type"" is known.",1,3
588156696,Inbound Type = Warm --> Set properties to route,True,True,True,Delete,304.0,304.0,0.0,CONTACT,Filter criteria,2025-11-21 15:58:00,True,3,"convert_to_contact, hubspot_vc, inbound_priority_type__cloned_",3,"convert_to_contact, hubspot_vc, inbound_priority_type__cloned_, lifecyclestage, salesforce_inclusion","lifecyclestage, salesforce_inclusion",,,,0,"bf_warm, funnel_stage, nurture_path, salesforcecontactid","bf_warm, funnel_stage, nurture_path, salesforcecontactid",,,,,,Low Total Enrollment,,,,"Sets properties and routes contacts marked as warm inbound leads, updating lifecycle stage and inclusion based on startup path and Salesforce contact ID presence.",5,4
501117296,Industry to Hubspot industry,True,True,True,Keep as-is,121595.0,122399.0,0.0,CONTACT,Filter criteria,2024-01-28 14:07:00,True,2,"industry, industry__c",2,"industry, industry__c",,,,"industry, industry__c",2,"industry, industry__c",,,,,,,,,,,Copies the known Industry value to the Industry - Hubspot property for contacts where Industry is set but Industry - Hubspot is not.,2,2
472228948,Influenced Email Channel,True,True,True,Keep as-is,909.0,920.0,0.0,CONTACT,Filter criteria,2023-09-25 11:41:00,True,2,,0,influenced_inbound_channel,influenced_inbound_channel,,,"date_account_came_inbound, primary_inbound_channel",2,"date_account_came_inbound, primary_inbound_channel",,,,,,,,,,,"Updates the ""Influenced Inbound Channel"" property to ""Email Campaigns"" for contacts associated with leads whose primary inbound channel is Email Campaigns and who came in after June 30, 2023.",1,2
435464576,IP + Other Reasons --> Unqualified = yes,True,True,True,Keep as-is,55996.0,56014.0,0.0,CONTACT,Filter criteria,2025-01-29 12:21:00,True,6,unqualified_,1,unqualified_,,,,"date_account_came_inbound, disqualified_reason__c, leadsource, leadstatus, primary_lead_channel",5,"date_account_came_inbound, disqualified_reason__c, hs_analytics_first_referrer, leadsource, leadstatus, lifecyclestage, primary_lead_channel","hs_analytics_first_referrer, lifecyclestage",,,,,,,,,,"Sets the ""Unqualified?"" property to ""Yes"" for leads from specific sources or channels if they meet certain disqualification criteria after a 12-minute delay.",1,7
478225294,Last activity date at nurturing start - company and deals,True,True,True,Keep as-is,118307.0,118326.0,0.0,COMPANY,Filter criteria,2023-10-02 10:40:00,False,0,,0,"last_activity_date_at_nurturing_start, notes_last_updated","last_activity_date_at_nurturing_start, notes_last_updated",,,,0,"lead_nurturing_first_email_date, lead_nurturing_status","lead_nurturing_first_email_date, lead_nurturing_status",,,,,,,,,,"Copies the ""Last Activity Date"" to ""Last activity date at nurturing start"" for companies associated with contacts who have a known first email date and an ""In Progress"" status.",2,2
509829934,Last Marketing Email Name/Date - Contact --> Company,True,True,True,Keep as-is,1330408.0,1331320.0,1.0,CONTACT,Events,2025-04-25 00:21:00,True,2,"hs_email_last_email_name, hs_email_last_send_date",2,"hs_email_last_email_name, hs_email_last_send_date, last_marketing_email_name, last_marketing_email_send_date","last_marketing_email_name, last_marketing_email_send_date",,,,0,,,,,,,,,,,,Updates company properties with the last marketing email name and send date from the associated contact after a contact is sent a marketing email.,4,0
573911659,Latest Disposition - Contact --> Deal,True,True,True,Keep as-is,1517.0,1517.0,0.0,CONTACT,Filter criteria,2025-04-25 00:21:00,True,1,,0,latest_disposition,latest_disposition,,,createdate,1,"createdate, latest_disposition",latest_disposition,,,,,,,,,,"Copies the ""Latest Disposition"" property from associated contacts to deals created after 2023-12-31 when the contact's ""Latest Disposition"" is known.",1,2
566224724,Lead > 14 days old,True,True,True,Keep as-is,72103.0,73080.0,0.0,CONTACT,Filter criteria,2025-04-25 00:21:00,True,1,,0,inbound__14_days_old,inbound__14_days_old,,,date_account_came_inbound,1,date_account_came_inbound,,,,,,,,,,,"Sets a property to ""Yes"" for leads that became inbound more than 14 days ago.",1,1
566207021,Lead > 7 days old,True,True,True,Keep as-is,73079.0,73976.0,0.0,CONTACT,Filter criteria,2025-04-25 00:21:00,True,1,,0,inbound__7_days_old,inbound__7_days_old,,,date_account_came_inbound,1,date_account_came_inbound,,,,,,,,,,,"Sets a property to ""Yes"" for leads that became inbound more than 7 days ago.",1,1
456245321,Lead After Deal - Company --> Deal,True,True,True,Keep but Consolidate into Canonical Workflow,4082.0,4143.0,0.0,COMPANY,Filter criteria,2023-09-25 11:40:00,True,2,lead_after_deal,1,lead_after_deal,,,,"lead_after_deal, utm_source__c",2,"lead_after_deal, utm_source__c",,,,,"456245321, 465191018, 456245319, 432461715","Lead After Deal - Company --> Deal, Lead after Deal - opp/cust = yes, Lead After Deal - Contact --> Company, Lead After Deal - yes",Multiple workflows (4) write to the same properties: lead_after_deal; consolidate to a single canonical workflow to avoid conflicts and simplify maintenance.,456245319.0,Lead After Deal - Contact --> Company,Selected as base because it has the highest historical enrollment among workflows writing the same properties.,"Sets the ""Lead After Deal"" property to ""Yes"" for records where this property is already ""Yes"" or the utm_source is ""BD"".",1,2
456245319,Lead After Deal - Contact --> Company,True,True,True,Keep as Canonical Workflow,4773.0,4824.0,0.0,CONTACT,Filter criteria,2023-09-25 11:40:00,True,1,lead_after_deal,1,lead_after_deal,,,,lead_after_deal,1,lead_after_deal,,,,,"456245321, 465191018, 456245319, 432461715","Lead After Deal - Company --> Deal, Lead after Deal - opp/cust = yes, Lead After Deal - Contact --> Company, Lead After Deal - yes",Multiple workflows (4) write to the same properties: lead_after_deal; consolidate to a single canonical workflow to avoid conflicts and simplify maintenance.,456245319.0,Lead After Deal - Contact --> Company,Selected as base because it has the highest historical enrollment among workflows writing the same properties.,"Sets the ""Lead After Deal"" property to ""Yes"" for contacts with that property already set to ""Yes"".",1,1
465191018,Lead after Deal - opp/cust = yes,True,True,True,Keep but Consolidate into Canonical Workflow,3032.0,3083.0,0.0,CONTACT,Filter criteria,2023-09-25 11:40:00,True,3,lead_after_deal,1,lead_after_deal,,,,"date_account_came_inbound, lead_after_deal, leadsource",3,"date_account_came_inbound, first_company_deal_created_date, hs_v2_date_entered_customer, hs_v2_date_entered_opportunity, lead_after_deal, leadsource","first_company_deal_created_date, hs_v2_date_entered_customer, hs_v2_date_entered_opportunity",,,,"456245321, 465191018, 456245319, 432461715","Lead After Deal - Company --> Deal, Lead after Deal - opp/cust = yes, Lead After Deal - Contact --> Company, Lead After Deal - yes",Multiple workflows (4) write to the same properties: lead_after_deal; consolidate to a single canonical workflow to avoid conflicts and simplify maintenance.,456245319.0,Lead After Deal - Contact --> Company,Selected as base because it has the highest historical enrollment among workflows writing the same properties.,"Sets the ""Lead After Deal"" property to ""Yes"" for leads created after July 2, 2023, who have recent or unknown first deal dates and exclude certain sources.",1,6
432461715,Lead After Deal - yes,True,True,True,Keep but Consolidate into Canonical Workflow,4502.0,4545.0,0.0,CONTACT,Filter criteria,2024-02-13 15:03:00,True,4,lead_after_deal,1,lead_after_deal,,,,"date_account_came_inbound, form_submission_date__c, utm_source",3,"date_account_came_inbound, first_company_deal_created_date, form_submission_date__c, utm_source",first_company_deal_created_date,,,,"456245321, 465191018, 456245319, 432461715","Lead After Deal - Company --> Deal, Lead after Deal - opp/cust = yes, Lead After Deal - Contact --> Company, Lead After Deal - yes",Multiple workflows (4) write to the same properties: lead_after_deal; consolidate to a single canonical workflow to avoid conflicts and simplify maintenance.,456245319.0,Lead After Deal - Contact --> Company,Selected as base because it has the highest historical enrollment among workflows writing the same properties.,"Sets a property to ""Yes"" for contacts with a first deal created within 90 days before today, meeting specific date and source conditions.",1,4
478015139,Lead converted to contact - Opp or Customer,True,True,True,Keep but Consolidate into Canonical Workflow,2788.0,2825.0,1.0,CONTACT,Filter criteria,2023-12-27 13:32:00,True,2,leadstatus,1,leadstatus,,,,"date_account_came_inbound, leadstatus",2,"date_account_came_inbound, last_deal_pipeline, leadstatus, lifecyclestage, recent_deal_created_date, salesforcecontactid","last_deal_pipeline, lifecyclestage, recent_deal_created_date, salesforcecontactid",,,,"1623178028, 565556096, 478015139, 478017128, 431530163, 429460006","Lead/Contact Status to Bounced, Playground signups --> status = new, Lead converted to contact - Opp or Customer, ^Lead converted to contact - Status = New, copy lead status to company, Status - attempting to reach",Multiple workflows (6) write to the same properties: leadstatus; consolidate to a single canonical workflow to avoid conflicts and simplify maintenance.,431530163.0,copy lead status to company,Selected as base because it has the highest historical enrollment among workflows writing the same properties.,"Updates the contact’s status to ""Converted"" 20 minutes after a lead inbound after June 30, 2023 is linked to recent deals in specific pipelines or is a new customer.",1,6
585858214,Lead Notes --> Call Notes,False,False,True,Delete,44.0,44.0,0.0,CONTACT,Filter criteria,2025-09-17 11:36:00,True,2,lead_notes__c,1,"call_notes__c, lead_notes__c",call_notes__c,,,"event, lead_notes__c",2,"event, lead_notes__c",,,,,,,"Inactive Workflow, Low Total Enrollment",,,,,2,2
478181939,Lead Nurturing - Companies in motion,True,True,True,Keep as-is,21844.0,21875.0,0.0,COMPANY,Filter criteria,2023-10-02 10:40:00,False,0,,0,companies_in_motion,companies_in_motion,,,,0,"lead_nurturing_first_email_date, notes_last_updated","lead_nurturing_first_email_date, notes_last_updated",,,,,,,,,,"Sets the ""Companies in Motion"" property to ""Yes"" for leads with a last activity date after their first lead nurturing email date.",1,2
504851234,Lead Nurturing - Email - Private Equity path,False,False,True,Delete,18117.0,18117.0,0.0,CONTACT,Filter criteria,2025-09-17 11:36:00,False,0,,0,"lead_nurturing_enroll_date, lead_nurturing_first_email_date, lead_nurturing_status","lead_nurturing_enroll_date, lead_nurturing_first_email_date, lead_nurturing_status",,,,0,"lead_nurturing_status, nurture_path","lead_nurturing_status, nurture_path",,,,,,Inactive Workflow,,,,,3,2
487947660,Lead Nurturing - NAHB/Construction - Top,False,False,True,Delete,70960.0,70960.0,0.0,CONTACT,Filter criteria,2025-09-17 11:36:00,False,0,,0,"construction__nahb_journey_finish_date, lead_nurturing_enroll_date, lead_nurturing_status","construction__nahb_journey_finish_date, lead_nurturing_enroll_date, lead_nurturing_status",,,,0,"lead_nurturing_status, nurture_path","lead_nurturing_status, nurture_path",,,,,,Inactive Workflow,,,,,3,2
478192479,Lead Nurturing - stamp first activity date after nurturing,True,True,True,Keep as-is,18563.0,18595.0,0.0,COMPANY,Filter criteria,2023-10-02 10:40:00,False,0,,0,"first_activity_after_nurturing_date, first_activity_date_after_nurturing, first_sales_touch_after_nurturing_activity, in_motion_activity","first_activity_after_nurturing_date, first_activity_date_after_nurturing, first_sales_touch_after_nurturing_activity, in_motion_activity",,,,0,"hs_call_direction, hs_email_direction, lead_nurturing_first_email_date, notes_last_updated","lead_nurturing_first_email_date, notes_last_updated",,"hs_call_direction, hs_email_direction",,,,,,,,Updates lead records with the type and timestamp of their first inbound or outbound email or call after the lead nurturing first email date.,4,4
472412313,Lead Nurturing and Influenced Deal signup- Slack notification,True,True,True,Keep as-is,527.0,527.0,0.0,COMPANY,Filter criteria,2023-12-13 14:35:00,True,2,,0,,,,,"opportunity_created_date, pipeline",2,"influenced_deal_, lead_nurturing_signup, opportunity_created_date, pipeline","influenced_deal_, lead_nurturing_signup",,,,,,,,,,"Sends Slack notifications for new influenced deals or lead nurturing signups after specific delays, filtering by deal influence, opportunity dates, and pipelines.",0,4
504730640,Lead nurturing finished --> Stamp LN end date,True,True,True,Keep as-is,168373.0,168394.0,0.0,CONTACT,Filter criteria,2025-04-25 00:20:00,False,0,,0,lead_nurturing_end_date,lead_nurturing_end_date,,,,0,"lead_nurturing_end_date, lead_nurturing_status","lead_nurturing_end_date, lead_nurturing_status",,,,,,,,,,"Sets the ""LN end date"" property to the current time when the lead nurturing status is marked as Finished, the end date is not set, and the status was updated within the last day.",1,2
551889471,Lead Nurturing Master exclusion List --> LN Finished,True,True,True,Keep but Consolidate into Canonical Workflow,13827.0,13844.0,0.0,CONTACT,Filter criteria,2025-04-25 00:21:00,False,0,,0,lead_nurturing_status,lead_nurturing_status,,,,0,lead_nurturing_status,lead_nurturing_status,,,,"551889471, 509387141","Lead Nurturing Master exclusion List --> LN Finished, Stamp Lead nurturing finished - Other than List filters",Multiple workflows (2) write to the same properties: lead_nurturing_status; consolidate to a single canonical workflow to avoid conflicts and simplify maintenance.,509387141.0,Stamp Lead nurturing finished - Other than List filters,Selected as base because it has the highest historical enrollment among workflows writing the same properties.,"Updates the lead status to ""Finished"" 20 minutes after enrollment for contacts with status ""Enrolled"" or ""In Progress"" who are on a specific list.",1,1
508453013,Lead Nurturing Path - Company --> Deal,True,True,True,Keep as-is,1908.0,1939.0,0.0,COMPANY,Filter criteria,2025-04-25 00:20:00,True,1,,0,lead_nurturing_path,lead_nurturing_path,,,pipeline,1,"lead_nurturing_path, pipeline",lead_nurturing_path,,,,,,,,,,"Updates the ""Lead Nurturing Path"" property on companies associated with deals in specified sales pipelines when the property is known.",1,2
508455801,Lead Nurturing Path - Contact --> Company,True,True,True,Keep as-is,213022.0,213023.0,0.0,CONTACT,Filter criteria,2025-04-25 00:21:00,False,0,,0,"lead_nurturing_path, nurture_path","lead_nurturing_path, nurture_path",,,,0,nurture_path,nurture_path,,,,,,,,,,"Sets the ""LN Path"" property on contacts that have a known value for this property.",2,1
469995015,Lead Nurturing signup - company,True,True,True,Keep as-is,536.0,536.0,0.0,COMPANY,Filter criteria,2024-02-15 13:27:00,True,1,,0,"lead_nurturing_signup, nurturing_after_placeholder_meeting, nurturing_after_placeholder_meeting_","lead_nurturing_signup, nurturing_after_placeholder_meeting, nurturing_after_placeholder_meeting_",,,date_account_came_inbound,1,"date_account_came_inbound, last_came_inbound, lead_nurturing_first_email_date, placeholder_meeting_date","last_came_inbound, lead_nurturing_first_email_date, placeholder_meeting_date",,,,,,,,,,"Updates lead properties to indicate nurturing status after signup and placeholder meeting, triggered for leads with recent first email dates before their inbound date.",3,4
466727434,Lead Nurturing Signup - contact,True,True,True,Keep as-is,539.0,541.0,0.0,CONTACT,Filter criteria,2023-12-12 08:50:00,True,1,,0,lead_nurturing_signup,lead_nurturing_signup,,,date_account_came_inbound,1,"date_account_came_inbound, lead_nurturing_first_email_date",lead_nurturing_first_email_date,,,,,,,,,,"Delays for 5 minutes, then sets a contact property to ""Yes"" when the lead's inbound date is after their first email date.",1,2
568986656,Lead Routed to Owner,True,True,True,Keep as-is,17601.0,17830.0,0.0,CONTACT,Filter criteria,2025-04-25 00:21:00,True,4,"original_owner, original_ownership",2,"deal_owner, lead_routed_to, original_owner, original_ownership","deal_owner, lead_routed_to",,,"date_account_came_inbound, inbound_priority_type__cloned_, original_owner, original_ownership",4,"date_account_came_inbound, deal_owner, hubspot_owner_assigneddate, inbound_priority_type__cloned_, original_owner, original_ownership","deal_owner, hubspot_owner_assigneddate",,,,,,,,,,"Sets the ""Lead Routed To"" property based on whether the lead has an Original Owner, Original Ownership, or Deal Owner, excluding certain automated or pool owners.",4,6
1623178028,Lead/Contact Status to Bounced,True,True,True,Keep but Consolidate into Canonical Workflow,9290.0,9295.0,0.0,CONTACT,Events,2025-04-25 00:21:00,True,1,leadstatus,1,leadstatus,,,,,0,,,,,,"1623178028, 565556096, 478015139, 478017128, 431530163, 429460006","Lead/Contact Status to Bounced, Playground signups --> status = new, Lead converted to contact - Opp or Customer, ^Lead converted to contact - Status = New, copy lead status to company, Status - attempting to reach",Multiple workflows (6) write to the same properties: leadstatus; consolidate to a single canonical workflow to avoid conflicts and simplify maintenance.,431530163.0,copy lead status to company,Selected as base because it has the highest historical enrollment among workflows writing the same properties.,"Updates the ""Status"" to ""Bounced"" when an email subscription is unsubscribed or an email bounces.",1,0
441316175,Lifecycle Stage = MQL,True,True,True,Keep as Canonical Workflow,103922.0,103974.0,0.0,CONTACT,Filter criteria,2023-12-13 18:13:00,False,0,,0,lifecyclestage,lifecyclestage,,,,0,"lifecyclestage, qualified_lead_","lifecyclestage, qualified_lead_",,,,"585837121, 555253790, 441316175","Set lifecycle stage as partner, Lifecycle stage = SAL, Lifecycle Stage = MQL",Multiple workflows (3) write to the same properties: lifecyclestage; consolidate to a single canonical workflow to avoid conflicts and simplify maintenance.,441316175.0,Lifecycle Stage = MQL,Selected as base because it has the highest historical enrollment among workflows writing the same properties.,Updates the lifecycle stage to Marketing Qualified Lead for contacts marked as Qualified Lead and currently in the Inbound Lead stage.,1,2
555253790,Lifecycle stage = SAL,True,True,True,Keep but Consolidate into Canonical Workflow,13176.0,13390.0,0.0,CONTACT,Filter criteria,2025-04-25 00:21:00,True,3,,0,lifecyclestage,lifecyclestage,,,"dealstage, pipeline, sal_date__c",3,"dealstage, lifecyclestage, pipeline, sal_date__c",lifecyclestage,,,,"585837121, 555253790, 441316175","Set lifecycle stage as partner, Lifecycle stage = SAL, Lifecycle Stage = MQL",Multiple workflows (3) write to the same properties: lifecyclestage; consolidate to a single canonical workflow to avoid conflicts and simplify maintenance.,441316175.0,Lifecycle Stage = MQL,Selected as base because it has the highest historical enrollment among workflows writing the same properties.,"Updates the lifecycle stage of contacts based on their associated deal stages and pipeline, progressing leads through Opportunity and Sales Accepted Lead to Customer when criteria are met.",1,4
477214025,Linkedin Ad Signup - Stamp properties,False,False,True,Delete,485.0,485.0,0.0,CONTACT,Filter criteria,2025-09-17 11:36:00,True,5,"date_account_came_inbound, inbound_priority_type__cloned_, leadsource, primary_lead_channel, signup_conversion_page",5,"date_account_came_inbound, inbound_priority_type__cloned_, leadsource, lifecyclestage, primary_lead_channel, salesforce_inclusion, signup_conversion_page","lifecyclestage, salesforce_inclusion",,,,0,,,,,,,,"Inactive Workflow, Low Total Enrollment",,,,,7,0
491121588,LN status = finished --> set as non marketing contact,True,True,True,Keep as-is,206443.0,206736.0,0.0,CONTACT,Filter criteria,2024-06-27 10:19:00,False,0,,0,,,,,,0,"hs_marketable_status, lifecyclestage","hs_marketable_status, lifecyclestage",,,,,,,,,,"Updates contacts who are marketing contacts and in the ""Other"" or ""Customer"" lifecycle stage to non-marketing contacts after a 10-minute delay.",0,2
440424074,Mark as gmail,False,False,True,Delete,2267980.0,2267980.0,0.0,CONTACT,Filter criteria,2025-09-30 14:41:00,True,1,,0,gmail_email,gmail_email,,,email,1,email,,,,,,,Inactive Workflow,,,,"Updates the ""Gmail email?"" property to ""Yes"" if the email contains common email domains; otherwise, sets it to ""No"" for contacts with a known email.",1,1
427220396,Mark As Other--> Unqualified = yes,True,True,True,Keep as-is,35167.0,35189.0,0.0,CONTACT,Filter criteria,2024-04-11 12:22:00,True,4,unqualified_,1,"lifecyclestage, unqualified_",lifecyclestage,,,"company, first_conversion_event_name, recent_conversion_event_name",3,"associatedcompanyid, company, first_conversion_event_name, hs_email_domain, recent_conversion_event_name",hs_email_domain,,associatedcompanyid,,,,,,,,"Updates contacts with specific company IDs, email domains, or conversion properties by setting their lifecycle stage to ""Other"" and marking them as unqualified.",2,5
554101105,Marketing Client Approved or Activations - slack notification,False,False,True,Delete,1347.0,1347.0,0.0,DEAL,Filter criteria,2025-09-17 11:36:00,True,4,,0,,,,,"opportunity_source, pipeline, timestamp__account_created, timestamp_account_activated__c",4,"opportunity_source, pipeline, timestamp__account_created, timestamp_account_activated__c",,,,,,,Inactive Workflow,,,,,0,4
495403153,Marketing Lead Gen - Downloads --> Lifecycle stage = Marketing Lead,True,True,True,Keep as-is,3016.0,3016.0,0.0,CONTACT,Filter criteria,2024-06-02 19:02:00,True,3,leadsource,1,"inbound_action, leadsource, lifecyclestage","inbound_action, lifecyclestage",,,"date_account_came_inbound, leadsource, recent_conversion_event_name",3,"date_account_came_inbound, leadsource, lifecyclestage, recent_conversion_event_name",lifecyclestage,,,,,,,,,,"Updates contact properties and sets lifecycle stage to Marketing Lead when they download specified e-books or fill related forms, adding lead source if missing.",3,4
505432158,Marketing Lead Gen - Navattic --> Stamp Properties,False,False,True,Delete,27.0,27.0,0.0,CONTACT,Filter criteria,2025-09-17 11:36:00,True,3,leadsource,1,"inbound_action, lead_gen_source, leadsource, lifecyclestage","inbound_action, lead_gen_source, lifecyclestage",,,"date_account_came_inbound, hs_analytics_source_data_2",2,"date_account_came_inbound, hs_analytics_source_data_2, hs_latest_source_data_2, lifecyclestage","hs_latest_source_data_2, lifecyclestage",,,,,,"Inactive Workflow, Low Total Enrollment",,,,,4,4
558383127,Marketing Lead Source --> Marketing Lead_Source,True,True,True,Keep as-is,39167.0,39167.0,0.0,CONTACT,Filter criteria,2025-04-25 00:21:00,True,1,marketing_lead_source,1,"lead_gen_source, marketing_lead_source",lead_gen_source,,,,0,lead_gen_source,lead_gen_source,,,,,,,,,,"Copies the value from the ""Marketing Lead Source"" property to the ""Marketing Lead_Source"" property for contacts with a known ""Marketing Lead Source"".",2,1
502419584,Marketing Leads --> Stamp Path --> LN status = enrolled,True,True,True,Keep as-is,1937.0,1937.0,2.0,CONTACT,Filter criteria,2025-04-25 00:20:00,True,1,,0,"lead_nurturing_status, nurture_path","lead_nurturing_status, nurture_path",,,icp_category,1,"icp_category, lead_gen_source, lead_nurturing_status, lifecyclestage, nurture_path","lead_gen_source, lead_nurturing_status, lifecyclestage, nurture_path",,,,,,,,,,Updates the LN Path property based on lead source and company category for marketing leads with unknown LN status after a delay.,2,5
483470432,Marketing or Partner SQLs - slack notification,False,False,True,Delete,3500.0,3500.0,0.0,DEAL,Filter criteria,2025-09-17 11:36:00,True,3,,0,,,,,"opportunity_source, pipeline, sql_date",3,"opportunity_source, pipeline, sql_date",,,,,,,Inactive Workflow,,,,,0,3
483941660,Meeting Set --> Contact Made = Yes,True,True,True,Keep but Consolidate into Canonical Workflow,25066.0,25241.0,0.0,CONTACT,Filter criteria,2023-10-15 15:11:00,True,2,,0,contact_made_,contact_made_,,,"leadstatus, outreach_stage__c",2,"leadstatus, outreach_stage__c",,,,,"566213962, 483941660, 481584498","Contact made = yes, Meeting Set --> Contact Made = Yes, contact made - contact --> company",Multiple workflows (3) write to the same properties: contact_made_; consolidate to a single canonical workflow to avoid conflicts and simplify maintenance.,481584498.0,contact made - contact --> company,Selected as base because it has the highest historical enrollment among workflows writing the same properties.,"Updates the ""Contact Made?"" property to ""Yes"" for contacts with a status of ""Meeting Set,"" or who have had that status or ""Contact Made,"" or have replied by email.",1,2
537218482,Meeting Set --> SQL = Yes,True,True,True,Keep but Consolidate into Canonical Workflow,1484.0,1509.0,0.0,CONTACT,Filter criteria,2025-04-25 00:21:00,True,2,,0,sql_,sql_,,,"date_account_came_inbound, leadstatus",2,"date_account_came_inbound, leadstatus, lifecyclestage, sdr_meeting_booked_, sql_","lifecyclestage, sdr_meeting_booked_, sql_",,,,"554228842, 570882591, 537218482","Deal - SQL = Yes, Contact - SQL? = yes, Meeting Set --> SQL = Yes",Multiple workflows (3) write to the same properties: sql_; consolidate to a single canonical workflow to avoid conflicts and simplify maintenance.,570882591.0,Contact - SQL? = yes,Selected as base because it has the highest historical enrollment among workflows writing the same properties.,"Sets the ""SQL?"" property to ""Yes"" for contacts with recent inbound dates who have a meeting set or status ""Meeting Set"" and are not already marked as SQL.",1,5
531539364,Middle - warm,True,True,True,Keep as-is,19732.0,19732.0,0.0,CONTACT,Filter criteria,2025-04-25 00:21:00,True,1,,0,middle___warm_,middle___warm_,,,hubspotscore,1,hubspotscore,,,,,,,,,,,"Sets the ""Middle - Warm?"" property to ""Yes"" for contacts with a HubSpot Score between 21 and 39.",1,1
555039033,Navan referral - external notification,True,True,True,Delete,225.0,225.0,0.0,CONTACT,Filter criteria,2025-04-25 00:21:00,False,0,,0,,,,,,0,,,,,,,,Low Total Enrollment,,,,Sends an internal notification email to a Slack channel when the Navan rep referral form is submitted.,0,0
482590519,non-mql --> MQL - signup bucket,True,True,True,Keep but Consolidate into Canonical Workflow,9942.0,10173.0,0.0,CONTACT,Filter criteria,2023-10-24 09:09:00,True,2,,0,self_serve_bucket,self_serve_bucket,,,"disqualified_, unqualified_",2,"application_completed, disqualified_, qualified_lead_, self_serve_bucket, unqualified_","application_completed, qualified_lead_, self_serve_bucket",,,,"482590519, 482504852","non-mql --> MQL - signup bucket, Signup Buckets - Self-Serve",Multiple workflows (2) write to the same properties: self_serve_bucket; consolidate to a single canonical workflow to avoid conflicts and simplify maintenance.,482504852.0,Signup Buckets - Self-Serve,Selected as base because it has the highest historical enrollment among workflows writing the same properties.,"Updates the ""Signup Bucket"" property to categorize contacts as MQLs based on completed or abandoned applications when they qualify as leads and are not disqualified.",1,5
573638972,NY RBNYC - Company --> Contact + Deal,True,True,True,Keep but Consolidate into Canonical Workflow,11620.0,11656.0,0.0,COMPANY,Filter criteria,2025-04-25 00:21:00,True,1,,0,ny_rbnyc,ny_rbnyc,,,state,1,"clearbit_state, hs_name, hs_value, ny_rbnyc, rho_banks_nyc, state","clearbit_state, ny_rbnyc, rho_banks_nyc",,"hs_name, hs_value",,"573638972, 573652335","NY RBNYC - Company --> Contact + Deal, NY RBNYC - contact --> Company and Deal",Multiple workflows (2) write to the same properties: ny_rbnyc; consolidate to a single canonical workflow to avoid conflicts and simplify maintenance.,573652335.0,NY RBNYC - contact --> Company and Deal,Selected as base because it has the highest historical enrollment among workflows writing the same properties.,"Sets the ""NY RBNYC"" property to ""Yes"" on companies, contacts, and deals when located in New York and marked as ""Rho Banks NYC"" equals ""Yes"".",1,6
573652335,NY RBNYC - contact --> Company and Deal,True,True,True,Keep as Canonical Workflow,5709.0,5717.0,0.0,CONTACT,Filter criteria,2025-04-25 00:21:00,True,1,,0,ny_rbnyc,ny_rbnyc,,,state,1,"hubspot_state, ip_state, rho_banks_nyc, state","hubspot_state, ip_state, rho_banks_nyc",,,,"573638972, 573652335","NY RBNYC - Company --> Contact + Deal, NY RBNYC - contact --> Company and Deal",Multiple workflows (2) write to the same properties: ny_rbnyc; consolidate to a single canonical workflow to avoid conflicts and simplify maintenance.,573652335.0,NY RBNYC - contact --> Company and Deal,Selected as base because it has the highest historical enrollment among workflows writing the same properties.,"Sets a property and associations to ""Yes"" on contacts in New York with ""Rho Banks NYC"" marked as Yes.",1,4
436887078,Opp or customer --> Qualified = yes,True,True,True,Keep but Consolidate into Canonical Workflow,36578.0,37011.0,0.0,CONTACT,Filter criteria,2024-01-23 14:34:00,False,0,,0,qualified_lead_,qualified_lead_,,,,0,lifecyclestage,lifecyclestage,,,,"536059943, 481567321, 430705693, 429638327, 436887078, 429469325","Unqualified = Yes --> DQ status, SQL? = Qualified lead, Qualified Lead Trigger - Sign Up Flow Revenue + Employees, Qualified Lead Trigger - Clearbit/HubSpot - Revenue, Opp or customer --> Qualified = yes, Qualified Lead = Yes - lifecycle opp or customer",Multiple workflows (6) write to the same properties: qualified_lead_; consolidate to a single canonical workflow to avoid conflicts and simplify maintenance.,429469325.0,Qualified Lead = Yes - lifecycle opp or customer,Selected as base because it has the highest historical enrollment among workflows writing the same properties.,"Sets the ""Qualified Lead?"" property to ""Yes"" for contacts who are either Sales Accepted Leads or Customers.",1,1
597730484,Opportunity source - Deal --> Contact,True,True,True,Keep as-is,52706.0,53614.0,0.0,DEAL,Filter criteria,2025-04-25 00:21:00,True,1,opportunity_source,1,opportunity_source,,,,opportunity_source,1,"hs_name, hs_value, opportunity_source",,,"hs_name, hs_value",,,,,,,,"Copies the ""Opportunity Source"" property from associated deals to contacts when the ""Opportunity Source"" is known on the deal.",1,3
429534243,Other - Clear Date Lead Came Inbound,True,True,True,Keep as-is,2305.0,2327.0,0.0,CONTACT,Filter criteria,2023-12-01 09:05:00,True,4,"date_account_came_inbound, disqualified_reason__c, leadsource, leadstatus",4,"date_account_came_inbound, disqualified_reason__c, leadsource, leadstatus",,,,,0,lifecyclestage,lifecyclestage,,,,,,,,,,"Clears lead source and inbound lead date, then disqualifies contacts with the lifecycle stage ""Other"" and updates their marketing status.",4,1
585830297,Out of Home --> Event = Tech week,True,True,True,Delete,39.0,39.0,0.0,CONTACT,Filter criteria,2025-04-25 00:21:00,True,2,event,1,event,,,,primary_lead_channel,1,primary_lead_channel,,,,,,,Low Total Enrollment,,,,"Sets the Event property to ""NY Tech Week 2024"" for contacts whose primary inbound channel is Out of Home.",1,1
553202285,Overall Application Status - Deal --> Company + Contact,True,True,True,Keep as-is,44239.0,45238.0,0.0,DEAL,Filter criteria,2025-04-25 00:21:00,True,1,overall_application_status,1,overall_application_status,,,,overall_application_status,1,"hs_name, hs_value, overall_application_status",,,"hs_name, hs_value",,,,,,,,Copies the Overall Application Status property from deals to associated companies and contacts when the status is known.,1,3
565487704,Owner - Reed or Justin --> Marketing pool,True,True,True,Keep as Canonical Workflow,817.0,817.0,0.0,CONTACT,Filter criteria,2025-04-25 00:21:00,True,2,hubspot_owner_id,1,hubspot_owner_id,,,,"apollo_tag, hubspot_owner_id",2,"apollo_tag, hubspot_owner_id",,,,,"1623672664, 1622962244, 565487704","*Influencer | MyTechCEO - Assignation, Super Connector - Owner ssignation based on location, Owner - Reed or Justin --> Marketing pool",Multiple workflows (3) write to the same properties: hubspot_owner_id; consolidate to a single canonical workflow to avoid conflicts and simplify maintenance.,565487704.0,Owner - Reed or Justin --> Marketing pool,Selected as base because it has the highest historical enrollment among workflows writing the same properties.,"Updates the Company owner property to ""Marketing Pool"" for contacts owned by Justin or Reed who do not have a Tag set.",1,2
536119865,Part of Playground = Yes,True,True,True,Keep as-is,7283.0,7283.0,0.0,CONTACT,Filter criteria,2025-04-25 00:21:00,False,0,,0,playground_,playground_,,,,0,pre_qualification_started,pre_qualification_started,,,,,,,,,,"Sets the ""Playground?"" property to ""Yes"" for contacts who have started pre-qualification.",1,1
446002076,Partner key --> Lead Source = Partner,False,False,True,Delete,117.0,117.0,0.0,CONTACT,Filter criteria,2025-08-06 16:30:00,True,5,leadsource,1,leadsource,,,,"event__c, form_submission_date__c, leadsource, partnerstack_lead_key__c, partnerstack_partner_key__c",5,"event__c, form_submission_date__c, leadsource, partnerstack_lead_key__c, partnerstack_partner_key__c, referrer__c",referrer__c,,,,,,"Inactive Workflow, Low Total Enrollment",,,,"Sets the Lead Source property to ""Partner Inbound"" for leads created after May 31, 2023, with known partner keys and specific initial Lead Source values.",1,6
467996015,partner page utms,True,True,True,Delete,141.0,147.0,0.0,CONTACT,Filter criteria,2024-03-19 09:27:00,True,3,"leadsource, primary_lead_channel",2,"leadsource, primary_lead_channel, referrer__c",referrer__c,,,utm_source,1,utm_source,,,,,,,Low Total Enrollment,,,,"Sets lead source and inbound channel properties based on the utm_source value when it matches specific partner sources like nahb, gusto, iec, and others.",3,1
600145329,Partnerships - Inbound Operations,True,True,True,Delete,227.0,233.0,0.0,CONTACT,Filter criteria,2025-04-25 00:21:00,True,2,"leadsource, referrer___a",2,"leadsource, referrer___a",,,,,0,partnership,partnership,,,,,,Low Total Enrollment,,,,Currently includes Fondo & Clerky attribution. ,2,1
478213203,Placeholder Meeting Date,True,True,True,Delete,246.0,246.0,0.0,COMPANY,Filter criteria,2023-10-02 10:40:00,True,1,,0,placeholder_meeting_date,placeholder_meeting_date,,,hubspot_owner_id,1,"hs_task_subject, hubspot_owner_id",,,hs_task_subject,,,,Low Total Enrollment,,,,"Sets the ""Placeholder Meeting Date"" property to the current time for records linked to tasks containing ""meeting set"" and excluding certain company owners.",1,2
478213209,Placeholder Meeting Date Company --> Deal,True,True,True,Keep as Canonical Workflow,180.0,180.0,0.0,COMPANY,Filter criteria,2023-10-02 10:40:00,False,0,,0,placeholder_meeting_date,placeholder_meeting_date,,,,0,placeholder_meeting_date,placeholder_meeting_date,,,,"478213209, 478213203","Placeholder Meeting Date Company --> Deal, Placeholder Meeting Date",Multiple workflows (2) write to the same properties: placeholder_meeting_date; consolidate to a single canonical workflow to avoid conflicts and simplify maintenance.,478213209.0,Placeholder Meeting Date Company --> Deal,Selected as base because enrollment data is unavailable; using the first-created workflow as canonical.,"Copies the ""Placeholder Meeting Date"" from associated companies to deals when the deal has this date known but the company does not.",1,1
565556096,Playground signups --> status = new,True,True,True,Keep but Consolidate into Canonical Workflow,3911.0,3911.0,0.0,CONTACT,Filter criteria,2025-04-25 00:21:00,True,4,leadstatus,1,leadstatus,,,,"date_account_came_inbound, dealstage, leadstatus, pre_qualification_outcome",4,"date_account_came_inbound, dealstage, leadstatus, lifecyclestage, playground_, pre_qualification_outcome, salesforcecontactid, sdr_meeting_booked_","lifecyclestage, playground_, salesforcecontactid, sdr_meeting_booked_",,,,"1623178028, 565556096, 478015139, 478017128, 431530163, 429460006","Lead/Contact Status to Bounced, Playground signups --> status = new, Lead converted to contact - Opp or Customer, ^Lead converted to contact - Status = New, copy lead status to company, Status - attempting to reach",Multiple workflows (6) write to the same properties: leadstatus; consolidate to a single canonical workflow to avoid conflicts and simplify maintenance.,431530163.0,copy lead status to company,Selected as base because it has the highest historical enrollment among workflows writing the same properties.,"Sets the status to ""New"" for contacts associated with deals in ""Unverified Platform Access"" stage and meeting multiple recent lead, lifecycle, and qualification criteria.",1,8
551846981,Post Intro Call Booked - set as marketing contact,True,True,True,Delete,443.0,443.0,0.0,CONTACT,Filter criteria,2025-04-25 00:21:00,True,2,,0,,,,,"pipeline, upcoming_call_date__c",2,"pipeline, upcoming_call_date__c",,,,,,,Low Total Enrollment,,,,"Updates contacts to marketing status and then waits 5 minutes when they have an upcoming call after January 5, 2024, and are associated with deals in the Sales Pipeline.",0,2
571239315,Pre qual = Unqualified --> Status = Disqualified,True,True,True,Keep as-is,2161.0,2183.0,0.0,CONTACT,Filter criteria,2025-04-25 00:21:00,True,5,"disqualified_, disqualified_reason__c, leadstatus",3,"disqualified_, disqualified_reason__c, leadstatus",,,,"pre_qualification_outcome, unqualified_",2,"pre_qualification_outcome, unqualified_",,,,,,,,,,,Updates contact status to Disqualified with reason Compliance when pre-qualification outcome is Unqualified or marked as Unqualified.,3,2
551493468,Pre qual outcome - Contact --> Deal,True,True,True,Keep as-is,18155.0,18496.0,0.0,CONTACT,Filter criteria,2025-04-25 00:21:00,True,1,pre_qualification_outcome,1,pre_qualification_outcome,,,,pre_qualification_outcome,1,pre_qualification_outcome,,,,,,,,,,,"Copies the ""Pre-qualification Outcome"" property from associated deals to contacts when the contact's own property is unknown.",1,1
460380164,Primary Inbound Channel - Company --> Deal,True,True,True,Keep but Consolidate into Canonical Workflow,54698.0,54709.0,0.0,COMPANY,Filter criteria,2024-11-01 20:14:00,True,2,primary_inbound_channel,1,primary_inbound_channel,,,,"pipeline, primary_inbound_channel",2,"hs_name, hs_value, num_associated_deals, pipeline, primary_inbound_channel, sync_to_objects","num_associated_deals, sync_to_objects",,"hs_name, hs_value",,"585409209, 565518086, 460380164","Deal - Fix Primary Inbound - Naming, Deal PIC - startup nyc --> rho banks, Primary Inbound Channel - Company --> Deal",Multiple workflows (3) write to the same properties: primary_inbound_channel; consolidate to a single canonical workflow to avoid conflicts and simplify maintenance.,585409209.0,Deal - Fix Primary Inbound - Naming,Selected as base because enrollment data is unavailable; using the first-created workflow as canonical.,"Updates the ""Primary Inbound Channel (Legacy)"" property on associated deals based on whether it contains ""Direct"" or copies it from the company after a 2-minute delay.",1,6
460380750,Primary Inbound Channel - Contact --> Company,True,True,True,Keep as-is,497342.0,498094.0,0.0,CONTACT,Filter criteria,2024-11-01 20:13:00,True,3,"primary_inbound_channel, primary_lead_channel",2,"primary_inbound_channel, primary_lead_channel",,,,"date_account_came_inbound, primary_inbound_channel, primary_lead_channel",3,"date_account_came_inbound, primary_inbound_channel, primary_lead_channel, sync_to_objects",sync_to_objects,,,,,,,,,,Updates the company’s Primary Inbound Channel property based on the contact’s legacy channel within 2 minutes of enrollment if syncing is enabled and recent inbound data exists.,2,4
456967082,Proxy DAI --> DAI,True,True,True,Keep but Consolidate into Canonical Workflow,21520.0,21522.0,0.0,CONTACT,Filter criteria,2023-09-25 11:40:00,True,2,date_account_came_inbound,1,"date_account_came_inbound, dli___proxy",dli___proxy,,,"date_account_came_inbound, lead_after_deal",2,"date_account_came_inbound, dli___proxy, lead_after_deal, lifecyclestage","dli___proxy, lifecyclestage",,,,"456967082, 456140686","Proxy DAI --> DAI, DLI - PROXY","Multiple workflows (2) write to the same properties: date_account_came_inbound, dli___proxy; consolidate to a single canonical workflow to avoid conflicts and simplify maintenance.",456140686.0,DLI - PROXY,Selected as base because it has the highest historical enrollment among workflows writing the same properties.,"Sets the ""Date Lead Came Inbound"" property to the value of ""DLI - Proxy"" for contacts with a known ""DLI - Proxy"" and specific lead stage and deal status conditions.",2,4
447856390,Qualified Company = yes,True,True,True,Keep as-is,40706.0,41080.0,0.0,CONTACT,Filter criteria,2023-09-25 11:40:00,True,1,,0,qualified_company_,qualified_company_,,,date_account_came_inbound,1,"date_account_came_inbound, qualified_lead_",qualified_lead_,,,,,,,,,,"Sets the ""Qualified Company?"" property to ""Yes"" for contacts marked as qualified leads after June 25, 2023.",1,2
429469325,Qualified Lead = Yes - lifecycle opp or customer,True,True,True,Keep as Canonical Workflow,287786.0,288217.0,0.0,CONTACT,Filter criteria,2024-01-23 14:33:00,False,0,,0,qualified_lead_,qualified_lead_,,,,0,lifecyclestage,lifecyclestage,,,,"536059943, 481567321, 430705693, 429638327, 436887078, 429469325","Unqualified = Yes --> DQ status, SQL? = Qualified lead, Qualified Lead Trigger - Sign Up Flow Revenue + Employees, Qualified Lead Trigger - Clearbit/HubSpot - Revenue, Opp or customer --> Qualified = yes, Qualified Lead = Yes - lifecycle opp or customer",Multiple workflows (6) write to the same properties: qualified_lead_; consolidate to a single canonical workflow to avoid conflicts and simplify maintenance.,429469325.0,Qualified Lead = Yes - lifecycle opp or customer,Selected as base because it has the highest historical enrollment among workflows writing the same properties.,"Sets the ""Qualified Lead?"" property to ""Yes"" for contacts in the Sales Accepted Lead or Customer lifecycle stages.",1,1
429638327,Qualified Lead Trigger - Clearbit/HubSpot - Revenue,True,True,True,Keep but Consolidate into Canonical Workflow,33451.0,33596.0,0.0,CONTACT,Filter criteria,2023-12-13 08:34:00,True,7,,0,qualified_lead_,qualified_lead_,,,"company_size, date_account_came_inbound, hubspot_revenue, inbound_priority_type__cloned_, lead_after_deal, seamless_revenue__c, sign_up_flow_estimated_annual_revenue__c",7,"company_size, date_account_came_inbound, gmail_email, hubspot_revenue, inbound_priority_type__cloned_, ip_country, lead_after_deal, lead_nurturing_enroll_date, lifecyclestage, seamless_revenue__c, sign_up_flow_estimated_annual_revenue__c","gmail_email, ip_country, lead_nurturing_enroll_date, lifecyclestage",,,,"536059943, 481567321, 430705693, 429638327, 436887078, 429469325","Unqualified = Yes --> DQ status, SQL? = Qualified lead, Qualified Lead Trigger - Sign Up Flow Revenue + Employees, Qualified Lead Trigger - Clearbit/HubSpot - Revenue, Opp or customer --> Qualified = yes, Qualified Lead = Yes - lifecycle opp or customer",Multiple workflows (6) write to the same properties: qualified_lead_; consolidate to a single canonical workflow to avoid conflicts and simplify maintenance.,429469325.0,Qualified Lead = Yes - lifecycle opp or customer,Selected as base because it has the highest historical enrollment among workflows writing the same properties.,"Updates lead qualification status based on known Clearbit or HubSpot revenue, company size, and recent inbound lead activity, setting leads as qualified or not.",1,11
430705693,Qualified Lead Trigger - Sign Up Flow Revenue + Employees,True,True,True,Keep but Consolidate into Canonical Workflow,31254.0,31698.0,3.0,CONTACT,Filter criteria,2024-04-01 17:05:00,True,5,,0,qualified_lead_,qualified_lead_,,,"date_account_came_inbound, firstname, numberofemployees, sign_up_flow_employees__c, sign_up_flow_estimated_annual_revenue__c",5,"company_employee_bucket, date_account_came_inbound, firstname, ip_country, lifecyclestage, numberofemployees, qualified_lead_, sign_up_flow_employees__c, sign_up_flow_estimated_annual_revenue__c","company_employee_bucket, ip_country, lifecyclestage, qualified_lead_",,,,"536059943, 481567321, 430705693, 429638327, 436887078, 429469325","Unqualified = Yes --> DQ status, SQL? = Qualified lead, Qualified Lead Trigger - Sign Up Flow Revenue + Employees, Qualified Lead Trigger - Clearbit/HubSpot - Revenue, Opp or customer --> Qualified = yes, Qualified Lead = Yes - lifecycle opp or customer",Multiple workflows (6) write to the same properties: qualified_lead_; consolidate to a single canonical workflow to avoid conflicts and simplify maintenance.,429469325.0,Qualified Lead = Yes - lifecycle opp or customer,Selected as base because it has the highest historical enrollment among workflows writing the same properties.,"Updates the ""Qualified Lead?"" status to Yes for contacts with known revenue and employee data who are not yet qualified, after a 10-minute delay and filtering by revenue and employee size.",1,9
581828486,RB2B - stamp properties,False,False,True,Delete,1999.0,1999.0,0.0,CONTACT,Filter criteria,2025-11-21 15:59:00,True,2,"account_tag__c, apollo_tag",2,"account_tag__c, apollo_tag, lifecyclestage, salesforce_inclusion, seamless_lists__c","lifecyclestage, salesforce_inclusion, seamless_lists__c",,,,0,,,,,,,,Inactive Workflow,,,,,5,0
589842757,Referrer Account --> Deal Lead source - Partner Inbound,True,True,True,Keep but Consolidate into Canonical Workflow,1613.0,1686.0,0.0,DEAL,Filter criteria,2025-04-25 00:21:00,True,2,lead_source,1,lead_source,,,,"lead_source, referrer___account",2,"lead_source, referrer___account",,,,,"597765536, 589842757","Bucket = Partner --> Lead Source = Partner, Referrer Account --> Deal Lead source - Partner Inbound",Multiple workflows (2) write to the same properties: lead_source; consolidate to a single canonical workflow to avoid conflicts and simplify maintenance.,597765536.0,Bucket = Partner --> Lead Source = Partner,Selected as base because enrollment data is unavailable; using the first-created workflow as canonical.,"Updates the Lead Source to ""Partner Inbound"" when the Referrer Account is known and Lead Source is one of several marketing-related values.",1,2
574974994,Restamp Inbound Type - verification pending,True,True,True,Keep as-is,944.0,966.0,0.0,DEAL,Filter criteria,2025-04-25 00:21:00,True,3,inbound_priority_type__cloned_,1,inbound_priority_type__cloned_,,,,"date_account_came_inbound, dealstage, inbound_priority_type__cloned_",3,"date_account_came_inbound, dealstage, inbound_priority_type__cloned_, lifecyclestage",lifecyclestage,,,,,,,,,,"Updates the ""Inbound Type"" to ""Self-Serve Signup"" for associated contacts in specific lifecycle stages with unknown or excluded inbound types and recent lead dates when the deal stage is in verification or activation phases.",1,4
436111686,Revenue Bucket,True,True,True,Keep as-is,211651.0,212083.0,0.0,CONTACT,Filter criteria,2023-12-22 14:22:00,True,3,"revenueforecastrange, seamless_revenue__c, sign_up_flow_estimated_annual_revenue__c",3,"rev_bucket, revenueforecastrange, seamless_revenue__c, sign_up_flow_estimated_annual_revenue__c",rev_bucket,,,"revenueforecastrange, seamless_revenue__c, sign_up_flow_estimated_annual_revenue__c",3,"revenue_bucket, revenueforecastrange, seamless_revenue__c, sign_up_flow_estimated_annual_revenue__c",revenue_bucket,,,,,,,,,,Updates the Revenue Bucket property based on known revenue data from Sign Up Flow or Clearbit when any estimated or Clearbit revenue is available.,4,4
564753271,Rho banks nyc - change lead source to marketing,True,True,True,Delete,479.0,496.0,0.0,CONTACT,Filter criteria,2025-04-25 00:21:00,True,3,leadsource,1,leadsource,,,,"event, leadsource, primary_lead_channel",3,"event, leadsource, primary_lead_channel",,,,,,,Low Total Enrollment,,,,"Updates the lead source to ""Marketing - General"" for contacts with ""Rho Banks NYC"" as their inbound channel or event, excluding those already set to this lead source.",1,3
573498148,Rho Banks NYC - Contact --> Deal,True,True,True,Keep as Canonical Workflow,21116.0,21264.0,0.0,CONTACT,Filter criteria,2025-04-25 00:21:00,False,0,,0,rho_banks_nyc_,rho_banks_nyc_,,,,0,rho_banks_nyc,rho_banks_nyc,,,,"573497884, 573498148","rho banks nyc - deal, Rho Banks NYC - Contact --> Deal",Multiple workflows (2) write to the same properties: rho_banks_nyc_; consolidate to a single canonical workflow to avoid conflicts and simplify maintenance.,573498148.0,Rho Banks NYC - Contact --> Deal,Selected as base because it has the highest historical enrollment among workflows writing the same properties.,"Sets the ""Rho Banks NYC"" property to ""Yes"" on contacts that have this property already set to ""Yes"".",1,1
573497884,rho banks nyc - deal,True,True,True,Keep but Consolidate into Canonical Workflow,6900.0,7037.0,0.0,DEAL,Filter criteria,2025-04-25 00:21:00,True,5,,0,rho_banks_nyc_,rho_banks_nyc_,,,"event__c, inbound_channel_bucket, industry, primary_inbound_channel, source_of_funds",5,"event__c, inbound_channel_bucket, industry, primary_inbound_channel, source_of_funds",,,,,"573497884, 573498148","rho banks nyc - deal, Rho Banks NYC - Contact --> Deal",Multiple workflows (2) write to the same properties: rho_banks_nyc_; consolidate to a single canonical workflow to avoid conflicts and simplify maintenance.,573498148.0,Rho Banks NYC - Contact --> Deal,Selected as base because it has the highest historical enrollment among workflows writing the same properties.,"Sets the ""Rho Banks NYC"" property to ""Yes"" for contacts matching event, channel, industry, funding source, or startup location criteria.",1,5
573503127,Rho banks nyc - deal --> company,True,True,True,Keep as-is,7526.0,7670.0,0.0,DEAL,Filter criteria,2025-04-25 00:21:00,False,0,,0,rho_banks_nyc,rho_banks_nyc,,,,0,rho_banks_nyc_,rho_banks_nyc_,,,,,,,,,,"Sets the ""Rho Banks NYC"" property to ""Yes"" on companies when the property is already ""Yes"" on deals.",1,1
573508636,Rho Banks NYC/Hubspot-VC- contact,True,True,True,Keep as-is,6675.0,6824.0,13.0,CONTACT,Filter criteria,2025-04-25 00:21:00,True,10,hubspot_vc,1,"hubspot_vc, rho_banks_nyc",rho_banks_nyc,,,"date_account_came_inbound, demand_gen_bucket, event__c, hs_analytics_first_url, inbound_channel_bucket, industry_app, primary_inbound_channel, primary_lead_channel, source_of_funds",9,"date_account_came_inbound, demand_gen_bucket, event__c, hs_analytics_first_url, inbound_channel_bucket, industry_app, primary_inbound_channel, primary_lead_channel, rho_banks_nyc_, source_of_funds",rho_banks_nyc_,,,,,,,,,,"Updates multiple contact properties to ""Yes"" after a specific property change, for leads meeting various inbound source and date criteria after 2023.",2,10
565494277,Router Status,True,True,True,Keep as-is,16622.0,16919.0,17.0,DEAL,Filter criteria,2025-04-25 00:21:00,True,2,,0,router_status,router_status,,,"dealstage, opportunity_created_date",2,"dealstage, opportunity_created_date",,,,,,,,,,,"Updates the ""Router Status"" to ""In Progress"" for deals created after March 11, 2024, in the ""Unverified Platform Access"" stage, then waits for specific property changes before setting status to ""Finished"".",1,2
585430616,Routing Channel from Opp to Contact,True,True,True,Keep as-is,15324.0,15635.0,0.0,DEAL,Filter criteria,2025-04-25 00:21:00,True,1,routing_channel,1,routing_channel,,,,routing_channel,1,routing_channel,,,,,,,,,,,"Copies the ""Routing Channel"" property from associated opportunities to contacts when the contact’s ""Routing Channel"" is unknown and the opportunity’s is known.",1,1
557730488,SAL Date - Company --> Contact,True,True,True,Keep as-is,28103.0,28550.0,0.0,COMPANY,Filter criteria,2025-04-25 00:21:00,False,0,,0,"sal_, sal_date","sal_, sal_date",,,,0,"num_associated_contacts, sal_date","num_associated_contacts, sal_date",,,,,,,,,,"Copies the ""SAL Date"" from associated companies to contacts and sets the ""SAL?"" property to ""Yes"" when the SAL Date is known or updated recently.",2,2
570909262,SAL Date - Deal --> Company,True,True,True,Keep as-is,21951.0,22291.0,0.0,DEAL,Filter criteria,2025-04-25 00:21:00,True,1,sal_date__c,1,"sal_, sal_date, sal_date__c","sal_, sal_date",,,sal_date__c,1,"sal_date, sal_date__c",sal_date,,,,,,,,,,"Copies the SAL Date and sets the SAL? property to ""Yes"" on associated deals and companies when the SAL Date is known on the deal but unknown on the company.",3,2
536145711,Sales Outreach Status - Deal --> Company + Contact,False,False,True,Delete,3727.0,3727.0,0.0,DEAL,Filter criteria,2025-09-17 11:36:00,False,0,,0,sales_outreach_status,sales_outreach_status,,,,0,"hs_name, hs_value, sales_outreach_status",sales_outreach_status,,"hs_name, hs_value",,,,Inactive Workflow,,,,,1,3
580011143,Salesforce - Hubspot-VC --> Yes,True,True,True,Keep as-is,5711.0,5834.0,9.0,CONTACT,Filter criteria,2025-04-25 00:21:00,True,3,hubspot_vc,1,hubspot_vc,,,,"industry_app, source_of_funds",2,"industry_app, source_of_funds, vc_backed_sfdc",vc_backed_sfdc,,,,,,,,,,"Sets the ""Hubspot-VC"" property to ""Yes"" for contacts in certain industries or funding sources who are not already VC-backed, with delays and event-based checks.",1,3
416075673,Salesforce Lead = yes,True,True,True,Keep as-is,150414.0,151871.0,0.0,CONTACT,Filter criteria,2023-08-10 15:50:00,False,0,,0,sfdc_lead_,sfdc_lead_,,,,0,salesforceleadid,salesforceleadid,,,,,,,,,,"Updates contacts with a known Salesforce Lead ID to set their ""SFDC Lead?"" property to ""Yes.""",1,1
483565090,Sector - Company --> Deal,True,True,True,Keep but Consolidate into Canonical Workflow,17225.0,17683.0,0.0,COMPANY,Filter criteria,2023-10-15 15:11:00,True,1,sector__c,1,"sector, sector__c",sector,,,sector__c,1,"hs_name, hs_value, sector, sector__c",sector,,"hs_name, hs_value",,"436197894, 483565090","Copy company sector to contact, Sector - Company --> Deal","Multiple workflows (2) write to the same properties: sector, sector__c; consolidate to a single canonical workflow to avoid conflicts and simplify maintenance.",436197894.0,Copy company sector to contact,Selected as base because enrollment data is unavailable; using the first-created workflow as canonical.,"Copies the ""Sector"" property from associated companies to deals when the company has a known sector and the deal's sector is unknown.",2,4
554344979,segment - Company --> Deal,True,True,True,Keep but Consolidate into Canonical Workflow,41058.0,41375.0,0.0,COMPANY,Filter criteria,2025-04-25 00:21:00,True,1,,0,segment,segment,,,dealname,1,"dealname, segment",segment,,,,"554344979, 554336819, 554997119, 554111385, 554980516","segment - Company --> Deal, Segment - Contact --> Company, Stamp Segment - Marketing Leads, Stamp Segment - Middle Market or SMB, Stamp Segment - Sales Prospects",Multiple workflows (5) write to the same properties: segment; consolidate to a single canonical workflow to avoid conflicts and simplify maintenance.,554980516.0,Stamp Segment - Sales Prospects,Selected as base because it has the highest historical enrollment among workflows writing the same properties.,Updates the Segment property on deals linked to companies with a known Segment and a known Deal Name.,1,2
554336819,Segment - Contact --> Company,True,True,True,Keep but Consolidate into Canonical Workflow,539279.0,539805.0,0.0,CONTACT,Filter criteria,2025-04-25 00:21:00,False,0,,0,segment,segment,,,,0,segment,segment,,,,"554344979, 554336819, 554997119, 554111385, 554980516","segment - Company --> Deal, Segment - Contact --> Company, Stamp Segment - Marketing Leads, Stamp Segment - Middle Market or SMB, Stamp Segment - Sales Prospects",Multiple workflows (5) write to the same properties: segment; consolidate to a single canonical workflow to avoid conflicts and simplify maintenance.,554980516.0,Stamp Segment - Sales Prospects,Selected as base because it has the highest historical enrollment among workflows writing the same properties.,"Copies the ""Segment"" property from contacts to their associated companies when the contact's Segment property is known.",1,1
417112488,Self serve - Inbound Signup Path,True,True,True,Keep as-is,92563.0,93246.0,1.0,CONTACT,Filter criteria,2024-04-03 11:24:00,True,3,inbound_signup_type,1,inbound_signup_type,,,,"date_account_came_inbound, inbound_priority_type__cloned_, inbound_signup_type",3,"date_account_came_inbound, inbound_priority_type__cloned_, inbound_signup_type",,,,,,,,,,,"Sets the Inbound Signup Path property to ""Self-Serve"" for contacts who submitted specific signup forms and are not associated with sales inquiries.",1,3
590721422,SelfServe/CS = Yes,True,True,True,Keep as-is,72690.0,73503.0,0.0,CONTACT,Filter criteria,2025-04-25 00:21:00,True,4,,0,self_serve_cs_pipeline_,self_serve_cs_pipeline_,,,"application_submitted_date, date_account_came_inbound, inbound_priority_type__cloned_, pipeline",4,"application_submitted_date, date_account_came_inbound, inbound_priority_type__cloned_, pipeline",,,,,,,,,,,"Sets the ""Self-Serve/CS Pipeline?"" property to ""Yes"" for contacts with a known lead date, not hand raisers, linked to a self-serve signup pipeline, and with a submitted application date.",1,4
462986773,Sent to compliance date,True,True,True,Keep as-is,1685.0,1685.0,0.0,CONTACT,Filter criteria,2023-09-25 11:40:00,True,1,,0,sent_to_compliance_,sent_to_compliance_,,,sent_to_compliance_date,1,sent_to_compliance_date,,,,,,,,,,,"Updates the ""Sent to compliance?"" property to ""Yes"" for contacts with a known ""Sent to compliance date"" value.",1,1
581804653,"Set Account Manager Name, Email",False,False,True,Delete,1111.0,1111.0,0.0,CONTACT,Filter criteria,2025-09-17 11:36:00,True,1,,0,"account_manager, account_manager_email, account_manager_name","account_manager, account_manager_email, account_manager_name",,,accounts_manager,1,accounts_manager,,,,,,,Inactive Workflow,,,,,3,1
429490260,set as non marketing - Bounced,True,True,True,Keep as-is,27985.0,27991.0,0.0,CONTACT,Filter criteria,2024-02-13 17:09:00,False,0,,0,,,,,,0,"hs_email_bounce, hs_email_hard_bounce_reason_enum","hs_email_bounce, hs_email_hard_bounce_reason_enum",,,,,,,,,,Updates contacts to non-marketing status when their email hard bounces or marketing emails have bounced more than zero times.,0,2
582860062,Set contact deal stage = unqualified,True,True,True,Keep as Canonical Workflow,945.0,945.0,0.0,CONTACT,Filter criteria,2025-04-25 00:21:00,True,2,deal_stage,1,deal_stage,,,,"deal_stage, pre_qualification_outcome",2,"deal_stage, pre_qualification_outcome",,,,,"557946446, 582860062, 581069693","Deal Stage -Deal --> Contact, Set contact deal stage = unqualified, Bestmoney - New Lead",Multiple workflows (3) write to the same properties: deal_stage; consolidate to a single canonical workflow to avoid conflicts and simplify maintenance.,582860062.0,Set contact deal stage = unqualified,Selected as base because it has the highest historical enrollment among workflows writing the same properties.,"Sets the deal stage to ""unqualified"" for contacts whose pre-qualification outcome is ""unqualified"" and whose deal stage is not yet set.",1,2
460386352,Set Funnel Stage,True,True,True,Keep as-is,3537415.0,3537415.0,0.0,CONTACT,Filter criteria,2024-05-01 10:22:00,True,1,,0,funnel_stage,funnel_stage,,,hubspotscore,1,"funnel_stage, hubspotscore",funnel_stage,,,,,,,,,,"Updates the ""Funnel Stage"" property based on the contact's HubSpot Score, setting it to Top, Middle, or Bottom funnel stages accordingly.",1,2
535321510,Set Inbound Type - Bottom Funnel Warm,True,True,True,Delete,451.0,451.0,0.0,CONTACT,Filter criteria,2025-04-25 00:21:00,True,3,leadsource,1,"bf_warm, leadsource",bf_warm,,,"event, inbound_priority_type__cloned_, leadsource",3,"event, funnel_stage, inbound_priority_type__cloned_, lead_nurturing_status, leadsource, lifecyclestage, not_bottom_funnel, nurture_path","funnel_stage, lead_nurturing_status, lifecyclestage, not_bottom_funnel, nurture_path",,,,,,Low Total Enrollment,,,,"Sets the inbound type to ""Marketing - General"" or marks as ""BF-Warm"" after a 5-minute delay for contacts in bottom or middle funnel stages meeting specific lifecycle and event criteria.",2,8
499504417,Set Inbound Type - Self Serve + Contact Sales,True,True,True,Keep as-is,27267.0,27868.0,5.0,CONTACT,Filter criteria,2025-11-21 15:58:00,True,6,inbound_priority_type__cloned_,1,"inbound_priority_type__cloned_, salesforce_inclusion",salesforce_inclusion,,,"date_account_came_inbound, firstname, inbound_priority_type__cloned_, inbound_signup_type, lead_after_deal, pre_qualification_outcome",6,"date_account_came_inbound, firstname, hs_email_domain, inbound_priority_type__cloned_, inbound_signup_type, lead_after_deal, lifecyclestage, playground_, pre_qualification_outcome","hs_email_domain, lifecyclestage, playground_",,,,,,,,,,"Sets the inbound type to ""Contact Sales"" or ""Self-Serve Signup"" based on the signup path and updates related properties for qualifying inbound leads.",2,9
431122261,Set lead source as inbound,True,True,True,Keep as Canonical Workflow,27242.0,27660.0,1.0,CONTACT,Filter criteria,2024-06-02 18:56:00,True,4,leadsource,1,leadsource,,,,"date_account_came_inbound, lead_after_deal, leadsource, utm_source",4,"date_account_came_inbound, lead_after_deal, leadsource, utm_source",,,,,"564753271, 457130540, 446002076, 431122261","Rho banks nyc - change lead source to marketing, Converted Leads - Stamp properties again, Partner key --> Lead Source = Partner, Set lead source as inbound",Multiple workflows (4) write to the same properties: leadsource; consolidate to a single canonical workflow to avoid conflicts and simplify maintenance.,431122261.0,Set lead source as inbound,Selected as base because it has the highest historical enrollment among workflows writing the same properties.,"Sets the lead source to ""Marketing - General"" five minutes after a contact has a known inbound date, no lead source, is not marked ""Lead After Deal,"" and utm_source is not ""BD"".",1,4
585837121,Set lifecycle stage as partner,True,True,True,Keep but Consolidate into Canonical Workflow,4280.0,4288.0,0.0,COMPANY,Filter criteria,2025-04-25 00:21:00,True,1,,0,lifecyclestage,lifecyclestage,,,type,1,type,,,,,"585837121, 555253790, 441316175","Set lifecycle stage as partner, Lifecycle stage = SAL, Lifecycle Stage = MQL",Multiple workflows (3) write to the same properties: lifecyclestage; consolidate to a single canonical workflow to avoid conflicts and simplify maintenance.,441316175.0,Lifecycle Stage = MQL,Selected as base because it has the highest historical enrollment among workflows writing the same properties.,"Sets the lifecycle stage to ""Partner"" for contacts whose type is ""Partner.""",1,1
461337259,Set to Disqualified = yes,True,True,True,Keep as-is,33735.0,33964.0,0.0,CONTACT,Filter criteria,2024-02-06 13:15:00,True,5,disqualified_,1,"disqualified_, qualified_lead_",qualified_lead_,,,"date_account_came_inbound, dealstage, disqualified_, leadstatus, nurture_reason__c",5,"date_account_came_inbound, dealstage, disqualified_, leadstatus, nurture_reason__c",,,,,,,,,,,"Updates contacts who are disqualified or have a credit disqualification by setting ""Disqualified?"" to yes and ""Qualified Lead?"" to no.",2,5
465039797,sign up flow employees application --> sign up flow employees,True,True,True,Keep as-is,25545.0,26018.0,0.0,CONTACT,Filter criteria,2023-09-25 11:40:00,True,2,"employeescountrange, sign_up_flow_employees__c",2,"employeescountrange, sign_up_flow_employees__c",,,,"employeescountrange, sign_up_flow_employees__c",2,"employeescountrange, sign_up_flow_employees__c",,,,,,,,,,,"Sets the ""Sign Up Flow Employees"" property based on the ""Sign Up Flow Employees - Application"" property for contacts who have the application property known but the employee property unknown.",2,2
464982286,sign up flow revenue application --> sign up flow revenue,True,True,True,Keep as-is,23531.0,23923.0,0.0,CONTACT,Filter criteria,2023-09-25 11:40:00,True,2,"revenueforecastrange, sign_up_flow_estimated_annual_revenue__c",2,"revenueforecastrange, sign_up_flow_estimated_annual_revenue__c",,,,"revenueforecastrange, sign_up_flow_estimated_annual_revenue__c",2,"revenueforecastrange, sign_up_flow_estimated_annual_revenue__c",,,,,,,,,,,Copies the estimated annual revenue from the application property to the main revenue property for contacts with a known application revenue but unknown main revenue.,2,2
482504852,Signup Buckets - Self-Serve,True,True,True,Keep as Canonical Workflow,31718.0,32352.0,5.0,CONTACT,Filter criteria,2023-11-09 16:33:00,True,3,,0,self_serve_bucket,self_serve_bucket,,,"date_account_came_inbound, inbound_priority_type__cloned_, inbound_signup_type",3,"application_completed, date_account_came_inbound, inbound_priority_type__cloned_, inbound_signup_type, lifecyclestage, qualified_lead_, self_serve_bucket","application_completed, lifecyclestage, qualified_lead_, self_serve_bucket",,,,"482590519, 482504852","non-mql --> MQL - signup bucket, Signup Buckets - Self-Serve",Multiple workflows (2) write to the same properties: self_serve_bucket; consolidate to a single canonical workflow to avoid conflicts and simplify maintenance.,482504852.0,Signup Buckets - Self-Serve,Selected as base because it has the highest historical enrollment among workflows writing the same properties.,Assigns contacts to signup buckets based on application completion and lead qualification 30 minutes after self-serve signup if they meet lead and date criteria.,1,7
503443093,Signup Conversion Date - Company --> Deal,True,True,True,Keep but Consolidate into Canonical Workflow,3366.0,3481.0,0.0,COMPANY,Filter criteria,2025-04-25 00:20:00,True,3,signup_conversion_page,1,signup_conversion_page,,,,"opportunity_created_date, pipeline, signup_conversion_page",3,"opportunity_created_date, pipeline, signup_conversion_page",,,,,"503443093, 567751822, 514549792","Signup Conversion Date - Company --> Deal, Signup Conversion Page - OTHER, Signup Conversion Page - New",Multiple workflows (3) write to the same properties: signup_conversion_page; consolidate to a single canonical workflow to avoid conflicts and simplify maintenance.,514549792.0,Signup Conversion Page - New,Selected as base because it has the highest historical enrollment among workflows writing the same properties.,"Copies the signup conversion page property from associated companies to deals when deals are in specific pipelines, created after June 30, 2023, and the property is not yet set.",1,3
503483801,Signup Conversion page - Contact --> Company,True,True,True,Keep as-is,31861.0,32389.0,0.0,CONTACT,Filter criteria,2025-04-25 00:20:00,True,1,signup_conversion_page,1,"leadsource__c, signup_conversion_page",leadsource__c,,,signup_conversion_page,1,signup_conversion_page,,,,,,,,,,,"Copies the ""Conversion Page"" value from associated companies to the ""Signup Conversion Page"" property on contacts when the contact’s property is unknown.",2,1
514549792,Signup Conversion Page - New,True,True,True,Keep as Canonical Workflow,31870.0,32608.0,1.0,CONTACT,Filter criteria,2025-04-25 00:21:00,True,5,signup_conversion_page,1,signup_conversion_page,,,,"date_account_came_inbound, first_conversion_event_name, hs_analytics_first_url, primary_lead_channel, signup_conversion_page",5,"date_account_came_inbound, first_conversion_event_name, hs_analytics_first_url, primary_lead_channel, referrer, signup_conversion_page",referrer,,,,"503443093, 567751822, 514549792","Signup Conversion Date - Company --> Deal, Signup Conversion Page - OTHER, Signup Conversion Page - New",Multiple workflows (3) write to the same properties: signup_conversion_page; consolidate to a single canonical workflow to avoid conflicts and simplify maintenance.,514549792.0,Signup Conversion Page - New,Selected as base because it has the highest historical enrollment among workflows writing the same properties.,"Sets the ""Signup Conversion Page"" property based on where a user first converted or which page they first saw, after a 6-minute delay following conversion.",1,6
567751822,Signup Conversion Page - OTHER,True,True,True,Keep but Consolidate into Canonical Workflow,17945.0,18445.0,0.0,CONTACT,Filter criteria,2025-04-25 00:21:00,True,6,signup_conversion_page,1,signup_conversion_page,,,,"date_account_came_inbound, first_conversion_event_name, hs_analytics_first_url, hs_analytics_source, primary_lead_channel, signup_conversion_page",6,"date_account_came_inbound, first_conversion_event_name, hs_analytics_first_url, hs_analytics_source, primary_lead_channel, referrer, signup_conversion_page",referrer,,,,"503443093, 567751822, 514549792","Signup Conversion Date - Company --> Deal, Signup Conversion Page - OTHER, Signup Conversion Page - New",Multiple workflows (3) write to the same properties: signup_conversion_page; consolidate to a single canonical workflow to avoid conflicts and simplify maintenance.,514549792.0,Signup Conversion Page - New,Selected as base because it has the highest historical enrollment among workflows writing the same properties.,"Sets the ""Signup Conversion Page"" property based on users' first conversion, page seen, or referrer matching various campaigns or sources.",1,7
440422327,Signup Lead Score - Lead Score text,True,True,True,Keep as-is,21826.0,21826.0,0.0,CONTACT,Filter criteria,2023-08-10 15:51:00,True,1,signup_lead_score,1,"signup_lead_score, signup_lead_score___text",signup_lead_score___text,,,signup_lead_score,1,signup_lead_score,,,,,,,,,,,"Updates the ""Signup Lead Score - Text"" property with the value from ""Signup Lead Score"" for contacts who have a known Signup Lead Score.",2,1
465942405,Signup product intent,True,True,True,Keep as-is,40731.0,41503.0,0.0,CONTACT,Filter criteria,2023-09-25 11:40:00,True,5,,0,signup_product_intent,signup_product_intent,,,"date_account_came_inbound, sign_up_flow_estimated_annual_revenue__c, signup_conversion_page, utm_campaign, utm_content",5,"date_account_came_inbound, sign_up_flow_estimated_annual_revenue__c, signup_conversion_page, utm_campaign, utm_content",,,,,,,,,,,"Sets the signup product intent based on the signup page and campaign details for contacts who signed up after June 30, 2023.",1,5
504941228,Signup Re-engagement PUSH to Nurturing flow,True,True,True,Delete,458.0,459.0,0.0,CONTACT,Filter criteria,2025-04-25 00:20:00,True,6,,0,"enter_into_nurturing, lead_nurturing_status, nurture_path","enter_into_nurturing, lead_nurturing_status, nurture_path",,,"date_account_came_inbound, hubspot_owner_id, lead_after_deal, leadstatus, outreach_actively_being_sequenced__c, primary_lead_channel",6,"date_account_came_inbound, hubspot_owner_id, lead_after_deal, lead_nurturing_status, leadstatus, lifecyclestage, outreach_actively_being_sequenced__c, primary_lead_channel","lead_nurturing_status, lifecyclestage",,,,,,Low Total Enrollment,,,,"Delays 1 day, then updates contacts to enter nurturing with specific status and path if they meet lead stage and ownership criteria.",3,8
582998708,SIGNUP SURVEY - Direct traffic -->,True,True,True,Keep but Consolidate into Canonical Workflow,11044.0,11293.0,0.0,CONTACT,Filter criteria,2025-04-25 00:21:00,True,2,primary_lead_channel,1,primary_lead_channel,,,,"how_did_you_first_hear_about_rho, primary_lead_channel",2,"how_did_you_first_hear_about_rho, please_specify, primary_lead_channel",please_specify,,,,"574119447, 582998708, 565273730, 561347686, 567765537","Stamp Primary Inbound - CONTENT DOWNLOAD, SIGNUP SURVEY - Direct traffic --> , Contact PIC - startup nyc --> Rho banks nyc, Stamp Primary Inbound Channel - Specific Affiliates, Stamp primary Inbound Channel - LATEST",Multiple workflows (5) write to the same properties: primary_lead_channel; consolidate to a single canonical workflow to avoid conflicts and simplify maintenance.,567765537.0,Stamp primary Inbound Channel - LATEST,Selected as base because it has the highest historical enrollment among workflows writing the same properties.,"Updates the ""Primary Inbound Channel"" property based on how contacts first heard about the company, triggered for direct traffic or known search channels.",1,3
1700712047,SMS | Workflow Draft/Test,True,True,True,Delete,1.0,1.0,0.0,CONTACT, --,2025-10-02 15:27:00,False,0,,0,"last_received_sms, total_sent_sms","last_received_sms, total_sent_sms",,,,0,,,,,,,,Low Total Enrollment,,,,"Sends a text message to contacts manually enrolled, then updates the last received SMS date and increments the total SMS sent count.",2,0
558064694,SQL Date - Company --> Contact,True,True,True,Keep as-is,31111.0,31633.0,0.0,COMPANY,Filter criteria,2025-04-25 00:21:00,True,1,sql_date,1,sql_date,,,,sql_date,1,"num_associated_contacts, sql_date",num_associated_contacts,,,,,,,,,,"Updates the contact's ""SQL Date"" property with the associated company's ""SQL Date"" when the company meets specific date and contact association criteria.",1,2
558064691,SQL Date - Deal --> Company,True,True,True,Keep but Consolidate into Canonical Workflow,25124.0,25503.0,0.0,DEAL,Filter criteria,2025-04-25 00:21:00,True,1,sql_date,1,"sql_, sql_date",sql_,,,sql_date,1,sql_date,,,,,"558064691, 554527846","SQL Date - Deal --> Company, Deal --> Contact - SQL","Multiple workflows (2) write to the same properties: sql_, sql_date; consolidate to a single canonical workflow to avoid conflicts and simplify maintenance.",554527846.0,Deal --> Contact - SQL,Selected as base because it has the highest historical enrollment among workflows writing the same properties.,"Updates the associated company’s ""SQL Date"" and sets ""SQL?"" to ""Yes"" when the deal has a known SQL Date and the company’s SQL Date is unknown.",2,1
481567321,SQL? = Qualified lead,True,True,True,Keep but Consolidate into Canonical Workflow,27768.0,28323.0,0.0,CONTACT,Filter criteria,2023-10-15 15:11:00,False,0,,0,qualified_lead_,qualified_lead_,,,,0,"qualified_lead_, sql_","qualified_lead_, sql_",,,,"536059943, 481567321, 430705693, 429638327, 436887078, 429469325","Unqualified = Yes --> DQ status, SQL? = Qualified lead, Qualified Lead Trigger - Sign Up Flow Revenue + Employees, Qualified Lead Trigger - Clearbit/HubSpot - Revenue, Opp or customer --> Qualified = yes, Qualified Lead = Yes - lifecycle opp or customer",Multiple workflows (6) write to the same properties: qualified_lead_; consolidate to a single canonical workflow to avoid conflicts and simplify maintenance.,429469325.0,Qualified Lead = Yes - lifecycle opp or customer,Selected as base because it has the highest historical enrollment among workflows writing the same properties.,"Updates contacts marked as SQL but not yet qualified by setting their ""Qualified Lead?"" status to Yes.",1,2
502413429,Stamp Ad Group Name - Facebook,True,True,True,Keep as-is,1639.0,1641.0,0.0,CONTACT,Filter criteria,2025-04-25 00:20:00,False,0,,0,ad_group_name,ad_group_name,,,,0,"ad_group_name, recent_conversion_date","ad_group_name, recent_conversion_date",,,,,,,,,,"Sets the Facebook Ad Group Name based on existing name keywords when the Ad Group name is unknown and a recent conversion occurred after August 31, 2023.",1,2
457033617,Stamp Affiliate Subchannel,True,True,True,Keep as-is,22417.0,22605.0,0.0,CONTACT,Filter criteria,2024-04-06 14:31:00,True,5,"hs_analytics_source_data_1, leadsource",2,"hs_analytics_source_data_1, hs_latest_source_data_1, inbound_subchannel, leadsource","hs_latest_source_data_1, inbound_subchannel",,,"hs_analytics_source, hs_analytics_source_data_1, primary_lead_channel, utm_source",4,"hs_analytics_first_referrer, hs_analytics_source, hs_analytics_source_data_1, hs_latest_source, hs_latest_source_data_1, inbound_subchannel, primary_lead_channel, referrer__c, utm_source","hs_analytics_first_referrer, hs_latest_source, hs_latest_source_data_1, inbound_subchannel, referrer__c",,,,,,,,,,Sets the Affiliate Subchannel based on traffic source details or static values when the primary inbound channel is known and Affiliate Subchannel is empty.,4,9
471499380,Stamp bottom funnel date,True,True,True,Keep as-is,908.0,908.0,0.0,CONTACT,Filter criteria,2025-11-21 15:58:00,True,2,lead_nurturing_bottom_enroll_date,1,"lead_nurturing_bottom_enroll_date, salesforce_inclusion",salesforce_inclusion,,,"inbound_priority_type__cloned_, lead_nurturing_bottom_enroll_date",2,"funnel_stage, inbound_priority_type__cloned_, lead_nurturing_bottom_enroll_date, lead_nurturing_status","funnel_stage, lead_nurturing_status",,,,,,,,,,Updates the bottom funnel date and marks Salesforce inclusion for contacts entering the bottom funnel stage without a date or matching specific inbound types.,2,4
502723856,Stamp Company Property - Contact is a Marketing Lead,True,True,True,Keep as-is,41980.0,42007.0,0.0,COMPANY,Filter criteria,2025-04-25 00:20:00,False,0,,0,contact_marketing_lead_,contact_marketing_lead_,,,,0,lifecyclestage,lifecyclestage,,,,,,,,,,"Sets the contact's ""Marketing Lead?"" property to ""Yes"" when the contact is associated with a company and has a Lifecycle Stage of Marketing Lead.",1,1
416407630,Stamp Date Lead Came Inbound,True,True,True,Keep as Canonical Workflow,60307.0,61069.0,0.0,CONTACT,Filter criteria,2025-01-16 14:04:00,True,5,date_account_came_inbound,1,date_account_came_inbound,,,,"date_account_came_inbound, recent_conversion_event_name, utm_campaign, utm_medium, utm_source",5,"date_account_came_inbound, lifecyclestage, recent_conversion_date, recent_conversion_event_name, utm_campaign, utm_medium, utm_source","lifecyclestage, recent_conversion_date",,,,"471678846, 416407630, 422529928","Date Lead Came Inbound - Company --> Deal, Stamp Date Lead Came Inbound, Date lead came inbound - Contact --> Company",Multiple workflows (3) write to the same properties: date_account_came_inbound; consolidate to a single canonical workflow to avoid conflicts and simplify maintenance.,416407630.0,Stamp Date Lead Came Inbound,Selected as base because it has the highest historical enrollment among workflows writing the same properties.,"Sets the ""Date Lead Came Inbound"" property for contacts without this date who meet specific lifecycle stages and recent conversion criteria across various form submissions and campaigns.",1,7
530125645,Stamp first activity date,True,True,True,Keep as-is,22292.0,22293.0,0.0,CONTACT,Filter criteria,2025-04-25 00:21:00,True,1,,0,first_activity_date,first_activity_date,,,sdr_assignment_time,1,"first_activity_date, notes_last_updated, sdr_assignment_time","first_activity_date, notes_last_updated",,,,,,,,,,"Sets the first activity date to the current time for contacts with a known last activity date and owner change date, but no first activity date recorded.",1,3
478303625,Stamp funnel stage at sign up,True,True,True,Keep as-is,37526.0,38297.0,0.0,CONTACT,Filter criteria,2023-10-02 10:40:00,True,1,,0,"funnel_stage, funnel_stage_at_signup","funnel_stage, funnel_stage_at_signup",,,date_account_came_inbound,1,date_account_came_inbound,,,,,,,,,,,"Sets the ""Funnel Stage at signup"" property to the current ""Funnel Stage"" for contacts with a known inbound lead date.",2,1
432905602,Stamp Lead created date for contact,True,True,True,Keep as-is,38581.0,39338.0,1.0,CONTACT,Filter criteria,2023-08-15 17:32:00,True,2,"date_account_came_inbound, form_submission_date__c",2,"date_account_came_inbound, form_submission_date__c",,,,"date_account_came_inbound, form_submission_date__c",2,"date_account_came_inbound, form_submission_date__c",,,,,,,,,,,"Delays 5 minutes, then sets the ""Lead Created Date"" property from the known ""Date Lead Came Inbound"" for contacts missing this value.",2,2
509387141,Stamp Lead nurturing finished - Other than List filters,True,True,True,Keep as Canonical Workflow,36925.0,36925.0,0.0,CONTACT,Filter criteria,2025-04-25 00:21:00,True,3,,0,lead_nurturing_status,lead_nurturing_status,,,"disqualified_, leadstatus, outreach_stage__c",3,"disqualified_, hs_email_sends_since_last_engagement, lead_nurturing_status, leadstatus, outreach_stage__c","hs_email_sends_since_last_engagement, lead_nurturing_status",,,,"551889471, 509387141","Lead Nurturing Master exclusion List --> LN Finished, Stamp Lead nurturing finished - Other than List filters",Multiple workflows (2) write to the same properties: lead_nurturing_status; consolidate to a single canonical workflow to avoid conflicts and simplify maintenance.,509387141.0,Stamp Lead nurturing finished - Other than List filters,Selected as base because it has the highest historical enrollment among workflows writing the same properties.,"Updates the lead nurturing status to ""Finished"" for contacts with active nurturing who are disqualified, marked bad contact, or have many sends since last engagement.",1,5
461440423,Stamp Lead Nurturing Signup + finished,True,True,True,Keep as-is,54803.0,54824.0,0.0,CONTACT,Filter criteria,2024-01-05 15:36:00,True,1,,0,"lead_nurturing_end_date, lead_nurturing_signup, lead_nurturing_status","lead_nurturing_end_date, lead_nurturing_signup, lead_nurturing_status",,,date_account_came_inbound,1,"date_account_came_inbound, lead_nurturing_end_date, lead_nurturing_first_email_date, lead_nurturing_status, nurture_path","lead_nurturing_end_date, lead_nurturing_first_email_date, lead_nurturing_status, nurture_path",,,,,,,,,,"Updates lead nurturing status to ""Finished"" and sets signup and end date properties for contacts in specific lists with active or recent lead nurturing paths.",3,5
570915180,Stamp Lifecycle Stage Text,True,True,True,Keep as-is,747135.0,751786.0,0.0,CONTACT,Filter criteria,2025-11-24 11:59:00,True,3,"lifecycle_stage_text, marketing_consent__c",2,"bot_check__boolean___dataops, bot_check__score___dataops, lifecycle_stage_text, marketing_consent__c, salesforce_inclusion, salesforce_inclusion_string","bot_check__boolean___dataops, bot_check__score___dataops, salesforce_inclusion, salesforce_inclusion_string",,,first_conversion_event_name,1,"bot_check__boolean___dataops, bot_check__score___dataops, first_conversion_event_name, ip_city, ip_state_code, lifecyclestage","bot_check__boolean___dataops, bot_check__score___dataops, ip_city, ip_state_code, lifecyclestage",,,,,,,,,,"Updates the ""lifecycle stage text"" property based on the contact's current Lifecycle Stage when it is known and updated within the last day, with bot detection and marketing consent checks.",6,6
534585231,Stamp Marketing Lead Channel,True,True,True,Keep as-is,2617.0,2617.0,0.0,CONTACT,Filter criteria,2025-04-25 00:21:00,True,5,marketing_lead_channel,1,marketing_lead_channel,,,,"hs_analytics_source, hs_analytics_source_data_1, marketing_lead_channel, utm_medium, utm_source",5,"hs_analytics_source, hs_analytics_source_data_1, hs_latest_source, hs_latest_source_data_1, lead_gen_source, marketing_lead_channel, utm_medium, utm_source","hs_latest_source, hs_latest_source_data_1, lead_gen_source",,,,,,,,,,"Updates the Marketing Lead Channel property based on the lead's traffic source or marketing lead source, assigning values like CFO Dive, Facebook Ads, LinkedIn Organic, Email, and others.",1,8
536896140,stamp marketing lead signup = yes,True,True,True,Keep as-is,102967.0,102967.0,0.0,CONTACT,Filter criteria,2025-04-25 00:21:00,True,1,,0,marketing_lead_signup_,marketing_lead_signup_,,,date_account_came_inbound,1,"date_account_came_inbound, hs_v2_date_entered_lead, lead_gen_source","hs_v2_date_entered_lead, lead_gen_source",,,,,,,,,,"Sets the ""Marketing Lead signup?"" property to ""Yes"" for contacts who entered the marketing lead pipeline after December 14, 2023, and after their lead source was updated.",1,3
502379927,Stamp Marketing Lead Source - Ebooks,True,True,True,Keep as-is,2042.0,2042.0,0.0,CONTACT,Filter criteria,2025-04-25 00:20:00,True,1,,0,lead_gen_source,lead_gen_source,,,recent_conversion_event_name,1,"inbound_action, lead_gen_source, recent_conversion_event_name","inbound_action, lead_gen_source",,,,,,,,,,"Sets the Marketing Lead Source based on recent ebook downloads or form submissions, assigning values like Job Costing Guide, Receipt Management Guide, or PE Whitepaper.",1,3
568555528,Stamp meeting set date - contact,True,True,True,Keep as-is,8066.0,8244.0,0.0,CONTACT,Filter criteria,2025-04-25 00:21:00,False,0,,0,meeting_set_date,meeting_set_date,,,,0,sdr_meeting_booked_,sdr_meeting_booked_,,,,,,,,,,"Sets the ""Meeting Set Date"" to the current time for contacts with the ""Meeting set?"" property marked as ""Yes"".",1,1
478213299,Stamp Outreach stage at lead nurturing start,True,True,True,Keep as-is,174045.0,174045.0,0.0,CONTACT,Filter criteria,2023-10-02 10:40:00,True,1,outreach_stage__c,1,"lead_nurturing_in_progress___outreach_stage, outreach_stage__c",lead_nurturing_in_progress___outreach_stage,,,,0,"lead_nurturing_first_email_date, lead_nurturing_status","lead_nurturing_first_email_date, lead_nurturing_status",,,,,,,,,,Sets the Outreach Stage property to match when lead nurturing is in progress and the first email date is known.,2,2
574119447,Stamp Primary Inbound - CONTENT DOWNLOAD,True,True,True,Delete,65.0,65.0,0.0,CONTACT,Filter criteria,2025-04-25 00:21:00,True,3,primary_lead_channel,1,primary_lead_channel,,,,"date_account_came_inbound, first_conversion_event_name, primary_lead_channel",3,"date_account_came_inbound, first_conversion_event_name, primary_lead_channel",,,,,,,Low Total Enrollment,,,,"Updates the Primary Inbound Channel property based on lead conversion containing compensation or other terms after a specific date, with a 10-minute delay before setting the value.",1,3
567765537,Stamp primary Inbound Channel - LATEST,True,True,True,Keep as Canonical Workflow,14572.0,15010.0,0.0,CONTACT,Filter criteria,2025-04-25 00:21:00,True,10,primary_lead_channel,1,primary_lead_channel,,,,"date_account_came_inbound, first_conversion_event_name, hs_analytics_first_url, hs_analytics_source, hs_analytics_source_data_1, hs_analytics_source_data_2, opportunity_source, primary_lead_channel, utm_campaign, utm_source",10,"date_account_came_inbound, first_conversion_event_name, hs_analytics_first_referrer, hs_analytics_first_url, hs_analytics_last_referrer, hs_analytics_source, hs_analytics_source_data_1, hs_analytics_source_data_2, hs_latest_source, hs_latest_source_data_1, hs_latest_source_data_2, opportunity_source, primary_lead_channel, utm_campaign, utm_source","hs_analytics_first_referrer, hs_analytics_last_referrer, hs_latest_source, hs_latest_source_data_1, hs_latest_source_data_2",,,,"574119447, 582998708, 565273730, 561347686, 567765537","Stamp Primary Inbound - CONTENT DOWNLOAD, SIGNUP SURVEY - Direct traffic --> , Contact PIC - startup nyc --> Rho banks nyc, Stamp Primary Inbound Channel - Specific Affiliates, Stamp primary Inbound Channel - LATEST",Multiple workflows (5) write to the same properties: primary_lead_channel; consolidate to a single canonical workflow to avoid conflicts and simplify maintenance.,567765537.0,Stamp primary Inbound Channel - LATEST,Selected as base because it has the highest historical enrollment among workflows writing the same properties.,"Sets the primary inbound channel property based on various traffic source filters like ads, organic social, affiliates, direct mail, and offline sources.",1,15
455977533,Stamp primary Inbound Channel - ORIGINAL,True,True,True,Keep as-is,57474.0,58236.0,1.0,CONTACT,Filter criteria,2025-05-05 18:07:00,True,16,"event, hubspot_owner_id, leadsource, primary_lead_channel, referrer___a, referrer___account",6,"event, hubspot_owner_id, leadsource, primary_lead_channel, referrer___a, referrer___account, rho_banks_nyc",rho_banks_nyc,,,"date_account_came_inbound, first_conversion_event_name, hs_analytics_first_url, hs_analytics_source, hs_analytics_source_data_1, hs_analytics_source_data_2, leadsource, primary_lead_channel, recent_conversion_event_name, utm_campaign, utm_medium, utm_source",12,"date_account_came_inbound, first_conversion_event_name, hs_analytics_first_referrer, hs_analytics_first_url, hs_analytics_last_referrer, hs_analytics_source, hs_analytics_source_data_1, hs_analytics_source_data_2, leadsource, leadsource__c, primary_lead_channel, promo_code, recent_conversion_event_name, referrer, referrer__c, utm_campaign, utm_medium, utm_source","hs_analytics_first_referrer, hs_analytics_last_referrer, leadsource__c, promo_code, referrer, referrer__c",,,,,,,,,,"Sets the primary inbound channel and referrer account based on various referral source filters like NerdWallet, Gusto, Navan, and others after a 2-minute delay.",7,18
561347686,Stamp Primary Inbound Channel - Specific Affiliates,True,True,True,Keep but Consolidate into Canonical Workflow,1559.0,1587.0,0.0,CONTACT,Filter criteria,2025-04-25 00:21:00,True,1,primary_lead_channel,1,primary_lead_channel,,,,primary_lead_channel,1,"hs_analytics_first_referrer, inbound_subchannel, primary_lead_channel, referrer","hs_analytics_first_referrer, inbound_subchannel, referrer",,,,"574119447, 582998708, 565273730, 561347686, 567765537","Stamp Primary Inbound - CONTENT DOWNLOAD, SIGNUP SURVEY - Direct traffic --> , Contact PIC - startup nyc --> Rho banks nyc, Stamp Primary Inbound Channel - Specific Affiliates, Stamp primary Inbound Channel - LATEST",Multiple workflows (5) write to the same properties: primary_lead_channel; consolidate to a single canonical workflow to avoid conflicts and simplify maintenance.,567765537.0,Stamp primary Inbound Channel - LATEST,Selected as base because it has the highest historical enrollment among workflows writing the same properties.,"Updates the ""Primary Inbound Channel (Legacy)"" property based on the Affiliate Subchannel for contacts with specific inbound channels or affiliate subchannels.",1,4
525709130,Stamp primary inbound channel lead nurturing,True,True,True,Keep as-is,517.0,517.0,0.0,CONTACT,Filter criteria,2025-04-25 00:21:00,True,2,primary_lead_channel,1,"lead_nurturing_signup, primary_lead_channel",lead_nurturing_signup,,,"date_account_came_inbound, primary_lead_channel",2,"date_account_came_inbound, lead_nurturing_signup, lifecyclestage, primary_lead_channel","lead_nurturing_signup, lifecyclestage",,,,,,,,,,"Sets a property to ""Yes,"" waits 20 minutes, then updates the primary inbound channel to ""Email Campaigns"" for leads from specific inbound channels after June 30, 2023.",2,4
473023613,Stamp recent deal created date - company,True,True,True,Keep as Canonical Workflow,27601.0,28107.0,0.0,DEAL,Filter criteria,2023-09-25 11:41:00,True,2,,0,recent_deal_created_date,recent_deal_created_date,,,"createdate, pipeline",2,"createdate, hs_name, hs_value, pipeline",,,"hs_name, hs_value",,"473023613, 477253553","Stamp recent deal created date - company, Stamp recent deal created date - company (cloned)",Multiple workflows (2) write to the same properties: recent_deal_created_date; consolidate to a single canonical workflow to avoid conflicts and simplify maintenance.,473023613.0,Stamp recent deal created date - company,Selected as base because enrollment data is unavailable; using the first-created workflow as canonical.,Sets the recent deal created date on companies when their deal create date is known and the deal is in the Sales Pipeline.,1,4
477253553,Stamp recent deal created date - company (cloned),True,True,True,Keep but Consolidate into Canonical Workflow,4437.0,4562.0,0.0,DEAL,Filter criteria,2023-10-02 10:40:00,True,2,,0,recent_deal_created_date,recent_deal_created_date,,,"createdate, pipeline",2,"createdate, hs_name, hs_value, num_associated_deals, pipeline, recent_deal_created_date","num_associated_deals, recent_deal_created_date",,"hs_name, hs_value",,"473023613, 477253553","Stamp recent deal created date - company, Stamp recent deal created date - company (cloned)",Multiple workflows (2) write to the same properties: recent_deal_created_date; consolidate to a single canonical workflow to avoid conflicts and simplify maintenance.,473023613.0,Stamp recent deal created date - company,Selected as base because enrollment data is unavailable; using the first-created workflow as canonical.,Sets the company's Recent Deal Created Date when it has one associated deal in the Sales Pipeline and this date is not yet recorded.,1,6
554997119,Stamp Segment - Marketing Leads,True,True,True,Keep but Consolidate into Canonical Workflow,211549.0,211553.0,0.0,CONTACT,Filter criteria,2025-04-25 00:21:00,False,0,,0,segment,segment,,,,0,"lead_nurturing_status, lifecyclestage","lead_nurturing_status, lifecyclestage",,,,"554344979, 554336819, 554997119, 554111385, 554980516","segment - Company --> Deal, Segment - Contact --> Company, Stamp Segment - Marketing Leads, Stamp Segment - Middle Market or SMB, Stamp Segment - Sales Prospects",Multiple workflows (5) write to the same properties: segment; consolidate to a single canonical workflow to avoid conflicts and simplify maintenance.,554980516.0,Stamp Segment - Sales Prospects,Selected as base because it has the highest historical enrollment among workflows writing the same properties.,Updates the Segment property based on contact list membership for Marketing Leads with specific lifecycle and LN status.,1,2
554111385,Stamp Segment - Middle Market or SMB,True,True,True,Keep but Consolidate into Canonical Workflow,74526.0,75296.0,3.0,CONTACT,Filter criteria,2025-04-25 00:21:00,True,1,,0,segment,segment,,,date_account_came_inbound,1,date_account_came_inbound,,,,,"554344979, 554336819, 554997119, 554111385, 554980516","segment - Company --> Deal, Segment - Contact --> Company, Stamp Segment - Marketing Leads, Stamp Segment - Middle Market or SMB, Stamp Segment - Sales Prospects",Multiple workflows (5) write to the same properties: segment; consolidate to a single canonical workflow to avoid conflicts and simplify maintenance.,554980516.0,Stamp Segment - Sales Prospects,Selected as base because it has the highest historical enrollment among workflows writing the same properties.,"Updates the Segment property to either ""Low MM (51-250)"" or ""SMB (6-50)"" for contacts who have a known inbound lead date after a 10-minute delay.",1,1
554980516,Stamp Segment - Sales Prospects,True,True,True,Keep as Canonical Workflow,566579.0,568107.0,0.0,CONTACT,Filter criteria,2025-04-25 00:21:00,False,0,,0,segment,segment,,,,0,"lifecyclestage, segment","lifecyclestage, segment",,,,"554344979, 554336819, 554997119, 554111385, 554980516","segment - Company --> Deal, Segment - Contact --> Company, Stamp Segment - Marketing Leads, Stamp Segment - Middle Market or SMB, Stamp Segment - Sales Prospects",Multiple workflows (5) write to the same properties: segment; consolidate to a single canonical workflow to avoid conflicts and simplify maintenance.,554980516.0,Stamp Segment - Sales Prospects,Selected as base because it has the highest historical enrollment among workflows writing the same properties.,Segments contacts as SMB or Low MM based on their list membership when they are Sales Prospects or leads without a segment assigned.,1,2
429460006,Status - attempting to reach,True,True,True,Keep but Consolidate into Canonical Workflow,114410.0,114626.0,0.0,CONTACT,Filter criteria,2024-04-10 08:39:00,True,3,leadstatus,1,leadstatus,,,,"leadstatus, outreach_stage__c, pipeline",3,"call_attempts, email_attempts, hs_engagement_type, hs_task_subject, leadstatus, outreach_stage__c, pipeline, sdr_meeting_booked_","call_attempts, email_attempts, sdr_meeting_booked_",,"hs_engagement_type, hs_task_subject",,"1623178028, 565556096, 478015139, 478017128, 431530163, 429460006","Lead/Contact Status to Bounced, Playground signups --> status = new, Lead converted to contact - Opp or Customer, ^Lead converted to contact - Status = New, copy lead status to company, Status - attempting to reach",Multiple workflows (6) write to the same properties: leadstatus; consolidate to a single canonical workflow to avoid conflicts and simplify maintenance.,431530163.0,copy lead status to company,Selected as base because it has the highest historical enrollment among workflows writing the same properties.,"Updates the contact status to ""Attempting to reach"" when recent outreach activities or tasks indicate initial engagement but the contact is not yet converted or meeting set.",1,8
481585940,status - contact made,True,True,True,Keep as-is,9188.0,9319.0,0.0,CONTACT,Filter criteria,2024-03-27 17:54:00,True,4,"leadstatus, timestamp_attempting_to_reach",2,"contact_made_, leadstatus, timestamp_attempting_to_reach",contact_made_,,,"date_account_came_inbound, leadstatus, pipeline",3,"date_account_came_inbound, hs_task_subject, latest_disposition, leadstatus, pipeline",latest_disposition,,hs_task_subject,,,,,,,,"Updates contact properties to mark when contact is made, based on lead status and interactions after June 30, 2023, handling statuses like New, MQL, Attempting to reach, and Converted.",3,5
565692466,Status --> Lead Status,True,True,True,Keep as-is,474287.0,477637.0,0.0,CONTACT,Filter criteria,2025-04-25 00:21:00,True,2,"lead_status, leadstatus",2,"lead_status, leadstatus",,,,leadstatus,1,leadstatus,,,,,,,,,,,Copies the value of the Status property to update the Lead-Status property whenever Status is known.,2,1
416527221,Status = Meeting Set,True,True,True,Keep as-is,12357.0,12535.0,0.0,CONTACT,Filter criteria,2024-03-27 09:57:00,True,6,"leadstatus, timestamp_attempting_to_reach, timestamp_contact_made",3,"leadstatus, sdr_meeting_booked_, timestamp_attempting_to_reach, timestamp_contact_made",sdr_meeting_booked_,,,"deal_stage, dealstage, leadstatus, meeting_type_cp, timestamp_attempting_to_reach, timestamp_contact_made",6,"deal_stage, dealstage, hs_task_subject, latest_disposition, leadstatus, meeting_type_cp, timestamp_attempting_to_reach, timestamp_contact_made",latest_disposition,,hs_task_subject,,,,,,,,"Updates contact properties to mark a meeting as set when certain deal stages, tasks, and statuses indicate a first meeting has been scheduled.",4,8
1666163048,Summer of Rho: Referral Program MVP | Viral Loops,False,False,True,Delete,395.0,395.0,46.0,CONTACT,Filter criteria,2025-08-27 17:18:00,True,7,"utm_campaign, utm_source, utm_term",3,"referral_code, referralcode_vhkffvovvegkyvphp1nymdukkpq, referralcount_vhkffvovvegkyvphp1nymdukkpq, sor_contest___referrer___email, sor_contest___referrer___last_name, sor_contest___referrer__create_date, sor_contest___referrer__referral_count, sor_contest__new_referrer, sor_contest__referrer__first_name, sor_contest__referrer__link, utm_campaign, utm_source, utm_term, ycombinator_referral_program___applicant, ycombinator_referral_program___client","referral_code, referralcode_vhkffvovvegkyvphp1nymdukkpq, referralcount_vhkffvovvegkyvphp1nymdukkpq, sor_contest___referrer___email, sor_contest___referrer___last_name, sor_contest___referrer__create_date, sor_contest___referrer__referral_count, sor_contest__new_referrer, sor_contest__referrer__first_name, sor_contest__referrer__link, ycombinator_referral_program___applicant, ycombinator_referral_program___client",,,"email, hs_analytics_first_url, hs_analytics_last_url, hs_analytics_source_data_2, utm_campaign, utm_source",6,"email, hs_analytics_first_url, hs_analytics_last_url, hs_analytics_source_data_2, referral_code, referralcode_vhkffvovvegkyvphp1nymdukkpq, referrerreferralcode_vhkffvovvegkyvphp1nymdukkpq, referrerreferralcode_xd6szyxd0efuzwzuamh1gxy8kia, sor_contest__new_referrer, utm_campaign, utm_source","referral_code, referralcode_vhkffvovvegkyvphp1nymdukkpq, referrerreferralcode_vhkffvovvegkyvphp1nymdukkpq, referrerreferralcode_xd6szyxd0efuzwzuamh1gxy8kia, sor_contest__new_referrer",,,,,,"Inactive Workflow, Low Total Enrollment",,,,"Processes contacts from specific referral sources who submit forms by extracting referral codes, updating referral data, registering participants via API, and tracking conversions on deal changes.",15,11
1622962244,Super Connector - Owner ssignation based on location,True,True,True,Delete,102.0,102.0,0.0,CONTACT,Filter criteria,2025-04-25 00:21:00,True,1,hubspot_owner_id,1,hubspot_owner_id,,,,,0,,,,,,,,Low Total Enrollment,,,,"Updates the contact owner based on location when the ""Influencer | Super Connector"" form is submitted, assigning specific owners for ""SF"" and other locations.",1,0
556308635,Timestamp: Decisioned,True,True,True,Keep as-is,3597.0,3677.0,0.0,DEAL,Filter criteria,2025-04-25 00:21:00,True,1,,0,timestamp__decisioned,timestamp__decisioned,,,dealstage,1,dealstage,,,,,,,,,,,Sets a timestamp when a deal stage changes to Disqualified or Client Approved.,1,1
567081136,Today's Date - company,True,True,True,Keep but Consolidate into Canonical Workflow,570105.0,571643.0,0.0,COMPANY,Filter criteria,2025-04-25 00:21:00,False,0,,0,today_s_date,today_s_date,,,,0,"hs_name, hs_value, today_s_date",today_s_date,,"hs_name, hs_value",,"567081136, 567068675, 567068696","Today's Date - company, Today's Date - Deal, Today's Date - contact",Multiple workflows (3) write to the same properties: today_s_date; consolidate to a single canonical workflow to avoid conflicts and simplify maintenance.,567068696.0,Today's Date - contact,Selected as base because it has the highest historical enrollment among workflows writing the same properties.,"Updates the ""Today's Date"" property to the current date for records when this property is either known or unknown, with a delay to set the value at 7 AM.",1,3
567068696,Today's Date - contact,True,True,True,Keep as Canonical Workflow,654115.0,656083.0,0.0,CONTACT,Filter criteria,2025-04-25 00:21:00,False,0,,0,today_s_date,today_s_date,,,,0,today_s_date,today_s_date,,,,"567081136, 567068675, 567068696","Today's Date - company, Today's Date - Deal, Today's Date - contact",Multiple workflows (3) write to the same properties: today_s_date; consolidate to a single canonical workflow to avoid conflicts and simplify maintenance.,567068696.0,Today's Date - contact,Selected as base because it has the highest historical enrollment among workflows writing the same properties.,"Updates the ""Today's Date"" property for contacts when this property is known or unknown, then waits until 7:00 AM before updating it again.",1,1
567068675,Today's Date - Deal,True,True,True,Keep but Consolidate into Canonical Workflow,62183.0,62989.0,0.0,DEAL,Filter criteria,2025-04-25 00:21:00,False,0,,0,today_s_date,today_s_date,,,,0,"hs_name, hs_value, today_s_date",today_s_date,,"hs_name, hs_value",,"567081136, 567068675, 567068696","Today's Date - company, Today's Date - Deal, Today's Date - contact",Multiple workflows (3) write to the same properties: today_s_date; consolidate to a single canonical workflow to avoid conflicts and simplify maintenance.,567068696.0,Today's Date - contact,Selected as base because it has the highest historical enrollment among workflows writing the same properties.,"Updates the ""Today's Date"" property when it is known or unknown, setting it immediately or after a 7 AM delay depending on its current status.",1,3
570165628,Total Spend Last Month - Company --> Deal,True,True,True,Keep as-is,57986.0,58421.0,0.0,COMPANY,Filter criteria,2025-04-25 00:21:00,True,1,total_spend___last_month,1,"total_spend___last_month, total_spend_last_month",total_spend_last_month,,,total_spend___last_month,1,"hs_name, hs_value, total_spend___last_month",,,"hs_name, hs_value",,,,,,,,"Copies the ""Total Spend - Last Month"" value from the associated company to the deal when this property is known or updated within the last day.",2,3
571508535,Total Spend MTD - Company --> Deal,True,True,True,Keep as-is,27330.0,27764.0,0.0,COMPANY,Filter criteria,2025-04-25 00:21:00,True,1,total_spend___mtd,1,"total_spend___mtd, total_spend___this_month",total_spend___this_month,,,total_spend___mtd,1,total_spend___mtd,,,,,,,,,,,"Copies the ""Total Spend - MTD"" value from the associated company to the deal when the deal's ""Total Spend - MTD"" is known or updated within the last day.",2,1
1692937003,Treasury Yield | Field Update (Cloned on 9/10/2025),False,False,True,Delete,0.0,,,CONTACT,Filter criteria,2025-09-10 17:22:00,True,3,,0,current_treasury_rate,current_treasury_rate,,,"createdate, email, salesforcelastsynctime",3,"createdate, email, hs_email_domain, salesforcelastsynctime",hs_email_domain,,,,,,"Inactive Workflow, 0 Total Enrollment",,,,,1,4
536059943,Unqualified = Yes --> DQ status,True,True,True,Keep but Consolidate into Canonical Workflow,2158.0,2180.0,0.0,CONTACT,Filter criteria,2025-04-25 00:21:00,True,1,,0,qualified_lead_,qualified_lead_,,,unqualified_,1,unqualified_,,,,,"536059943, 481567321, 430705693, 429638327, 436887078, 429469325","Unqualified = Yes --> DQ status, SQL? = Qualified lead, Qualified Lead Trigger - Sign Up Flow Revenue + Employees, Qualified Lead Trigger - Clearbit/HubSpot - Revenue, Opp or customer --> Qualified = yes, Qualified Lead = Yes - lifecycle opp or customer",Multiple workflows (6) write to the same properties: qualified_lead_; consolidate to a single canonical workflow to avoid conflicts and simplify maintenance.,429469325.0,Qualified Lead = Yes - lifecycle opp or customer,Selected as base because it has the highest historical enrollment among workflows writing the same properties.,"Sets the ""Qualified Lead?"" property to ""No"" for contacts marked as ""Unqualified"" with a value of ""Yes"".",1,1
429565998,Unsubscribed from all email,True,True,True,Keep as-is,20786.0,20815.0,0.0,CONTACT,Filter criteria,2023-08-10 15:51:00,False,0,,0,,,,,,0,hs_email_optout,hs_email_optout,,,,,,,,,,"Updates contacts who have unsubscribed from all emails to a non-marketing status, preventing them from receiving marketing communications.",0,1
551845166,Upcoming Call - Warm-up Sequence,True,True,True,Delete,362.0,362.0,0.0,DEAL,Filter criteria,2025-04-25 00:21:00,True,4,,0,,,,,"date_account_came_inbound, inbound_type, pipeline, upcoming_call_date__c",4,"date_account_came_inbound, inbound_type, pipeline, upcoming_call_date__c",,,,,,,Low Total Enrollment,,,,"Sends a series of emails and delays before upcoming calls for contacts in the sales pipeline with call dates within 15 days, excluding certain inbound types and lists.",0,4
537915458,Upcoming Call Date - Deal --> Contact,True,True,True,Keep as-is,6694.0,6694.0,0.0,DEAL,Filter criteria,2025-04-25 00:21:00,True,2,upcoming_call_date__c,1,"upcoming_call_date, upcoming_call_date__c",upcoming_call_date,,,"pipeline, upcoming_call_date__c",2,"hs_name, hs_value, pipeline, upcoming_call_date__c",,,"hs_name, hs_value",,,,,,,,"Copies the ""Upcoming Call Date"" from deals to associated contacts when the deal has this date set and is in the Sales Pipeline or Self-serve Signup.",2,4
464871489,Utm_campaign/Drilldown 1,True,True,True,Keep as-is,10579.0,10756.0,0.0,CONTACT,Filter criteria,2023-10-23 09:53:00,True,5,"hs_analytics_source_data_1, utm_campaign",2,"hs_analytics_source_data_1, hs_latest_source_data_1, utm_campaign, utm_campaign_drilldown_1","hs_latest_source_data_1, utm_campaign_drilldown_1",,,"hs_analytics_source, hs_analytics_source_data_1, primary_lead_channel, utm_campaign, utm_source",5,"hs_analytics_source, hs_analytics_source_data_1, hs_latest_source, hs_latest_source_data_1, primary_lead_channel, utm_campaign, utm_source","hs_latest_source, hs_latest_source_data_1",,,,,,,,,,"Updates a campaign drilldown property based on known utm_campaign with google or bing sources, or sets it from original or latest traffic source details for paid search contacts.",4,7
465679980,UTM_Source = Capital --> Primary Inbound Channel,True,True,True,Keep as Canonical Workflow,11702.0,12091.0,0.0,CONTACT,Filter criteria,2024-06-02 19:01:00,True,3,"leadsource, primary_lead_channel",2,"leadsource, primary_lead_channel",,,,utm_source,1,utm_source,,,,,"1623367486, 465679980","Become a partner form - Owner assignation, UTM_Source = Capital --> Primary Inbound Channel","Multiple workflows (2) write to the same properties: leadsource, primary_lead_channel; consolidate to a single canonical workflow to avoid conflicts and simplify maintenance.",465679980.0,UTM_Source = Capital --> Primary Inbound Channel,Selected as base because it has the highest historical enrollment among workflows writing the same properties.,"Updates contacts with known UTM source containing ""capital"" after signup by setting Lead Source to ""Marketing - General"" and Primary Inbound Channel to ""Capital XYZ"".",2,1
464869955,Utm_Term/Drilldown 2,True,True,True,Keep as-is,10579.0,10756.0,1.0,CONTACT,Filter criteria,2023-10-23 09:54:00,True,5,"hs_analytics_source_data_2, utm_term",2,"hs_analytics_source_data_2, hs_latest_source_data_2, term_drilldown_2, utm_term","hs_latest_source_data_2, term_drilldown_2",,,"hs_analytics_source, hs_analytics_source_data_2, primary_lead_channel, utm_source, utm_term",5,"hs_analytics_source, hs_analytics_source_data_2, hs_latest_source, hs_latest_source_data_2, primary_lead_channel, utm_campaign_drilldown_1, utm_source, utm_term","hs_latest_source, hs_latest_source_data_2, utm_campaign_drilldown_1",,,,,,,,,,Updates a specific property based on known utm_term and utm_source values or traffic source details for contacts from Google Ads or Bing Ads.,4,8
610125402,UTM's | From Contact to Deal,True,True,True,Keep as-is,2430.0,2485.0,0.0,CONTACT,Filter criteria,2025-04-25 00:21:00,True,11,"utm_ad__c, utm_campaign, utm_campaign__c, utm_content, utm_content__c, utm_medium, utm_medium__c, utm_source, utm_source__c, utm_term, utm_term__c",11,"utm_ad__c, utm_campaign, utm_campaign__c, utm_content, utm_content__c, utm_medium, utm_medium__c, utm_source, utm_source__c, utm_term, utm_term__c",,,,"utm_ad__c, utm_campaign, utm_campaign__c, utm_content, utm_content__c, utm_medium, utm_medium__c, utm_source, utm_source__c, utm_term, utm_term__c",11,"utm_ad__c, utm_campaign, utm_campaign__c, utm_content, utm_content__c, utm_medium, utm_medium__c, utm_source, utm_source__c, utm_term, utm_term__c",,,,,,,,,,,Updates UTM properties on deals associated with contacts who have new UTM values set within the last day.,11,11
589593955,UVPA - Deal --> Contact,False,False,True,Delete,618.0,618.0,0.0,DEAL,Filter criteria,2025-09-17 11:36:00,True,1,timestamp__unverified_platform_access,1,"timestamp__unverified_platform_access, timestamp__uvpa",timestamp__uvpa,,,timestamp__unverified_platform_access,1,timestamp__unverified_platform_access,,,,,,,Inactive Workflow,,,,,2,1
576498778,VC Company --> Stamp deals and contacts,False,False,True,Delete,5734.0,5734.0,0.0,COMPANY,Filter criteria,2025-09-17 11:36:00,False,0,,0,vc_company,vc_company,,,,0,vc_company,vc_company,,,,,,Inactive Workflow,,,,,1,1
590986139,Verified Contact - Deal --> Contact,True,True,True,Keep as-is,33077.0,33707.0,0.0,DEAL,Filter criteria,2025-04-25 00:21:00,True,1,verified_contact,1,verified_contact,,,,verified_contact,1,verified_contact,,,,,,,,,,,"Sets the ""Verified Contact"" property to ""Yes"" on associated contacts when the deal's ""Verified Contact"" property is already ""Yes"".",1,1
