FlowId,Name,ARCHIVAL_Can_Archive,ARCHIVAL_Risk_Level,ARCHIVAL_Blocker,Is_Old_Workflow,Created_Date,Last_Updated,Days_Since_Update,Created_Year,Is_Enabled,Recommended_Action,Is_Delete_Recommended,Is_Consolidate_Target,Is_Canonical,Enrolled_Total,Enrolled_Last_7_Days,Currently_Enrolled,Has_Recent_Activity,Uses_SF_Connected_Props,Key_Fields_Count,Writes_Props_Count,Reads_Props_Count,Total_Props_Touched,Writes_Properties,Reads_Properties,Key_Fields_Detailed
446002076,Partner key --> Lead Source = Partner,True,MEDIUM - SF Connected,None,True,2023-08-15,2025-08-06,110,2023,False,Delete,True,False,False,117.0,0.0,0.0,False,True,5,1,6,7,leadsource,"event__c, form_submission_date__c, leadsource, partnerstack_lead_key__c, partnerstack_partner_key__c, referrer__c",Lead Source > leadsource > SF:leadsource
543410706,Apollo Revenue - Company --> Contact,True,LOW - Delete Recommended,None,True,2023-12-22,2025-09-17,69,2023,False,Delete,True,False,False,236703.0,0.0,0.0,False,False,0,3,5,8,"apollo_employees, apollo_industry, apollo_revenue","apollo_employees, apollo_industry, apollo_revenue, hs_name, hs_value",
463053454,App completed date - contact --> company,True,LOW - Delete Recommended,None,True,2023-09-08,2025-09-17,69,2023,False,Delete,True,False,False,6960.0,0.0,0.0,False,False,0,1,1,2,application_completed_date,application_completed_date,
581069717,Bestmoney - Client Approved,True,MEDIUM - SF Connected,None,True,2024-05-20,2025-09-17,69,2024,False,Delete,True,False,False,17.0,0.0,0.0,False,True,3,1,3,4,bm_ca_date,"deal_stage, primary_lead_channel, utm_source",
565942095,Chili Meeting Direct Booking - Notification,True,MEDIUM - SF Connected,None,True,2024-03-14,2025-09-17,69,2024,False,Delete,True,False,False,14.0,0.0,0.0,False,True,1,1,1,2,nan,meeting_type_cp,
564087636,Client Approved - SMS sequence,True,MEDIUM - SF Connected,None,True,2024-03-05,2025-09-17,69,2024,False,Delete,True,False,False,334.0,0.0,0.0,False,True,3,1,3,4,nan,"dealstage, firstname, hubspot_owner_id",
450196350,Company --> Contact - Partner Type,True,LOW - Delete Recommended,None,True,2023-08-21,2025-09-17,69,2023,False,Delete,True,False,False,2982.0,0.0,0.0,False,False,0,2,1,3,"partner_type, type_partner__c",type_partner__c,
462148453,Company --> Deal - Segment,True,LOW - Delete Recommended,None,True,2023-09-07,2025-09-17,69,2023,False,Delete,True,False,False,337483.0,0.0,0.0,False,False,0,2,1,3,"segment_revenue, segment_revenue__c",segment_revenue__c,
589792928,Contact Company Owner --> Company Owner,True,MEDIUM - SF Connected,None,True,2024-06-27,2025-09-17,69,2024,False,Delete,True,False,False,80.0,0.0,0.0,False,True,1,2,2,4,"company_owner, hubspot_owner_id","company_owner, hubspot_owner_id",Contact owner > hubspot_owner_id > SF:ownerid
565273730,Contact PIC - startup nyc --> Rho banks nyc,True,MEDIUM - SF Connected,None,True,2024-03-11,2025-09-17,69,2024,False,Delete,True,False,False,134.0,0.0,0.0,False,True,1,1,1,2,primary_lead_channel,primary_lead_channel,Primary Inbound Channel (Legacy) > primary_lead_channel > SF:primary_inbound_channel__c; primary_lead_channel__c
588156599,Copy which best describes you --> Job title,True,MEDIUM - SF Connected,None,True,2024-06-20,2025-09-17,69,2024,False,Delete,True,False,False,47.0,0.0,0.0,False,True,1,2,2,4,"jobtitle, which_of_the_following_describes_you____startups","jobtitle, which_of_the_following_describes_you____startups",Job Title > jobtitle > SF:title
529520486,Deal - Unknown Properties --> Stamp properties,True,MEDIUM - SF Connected,None,True,2023-12-04,2025-09-17,69,2023,False,Delete,True,False,False,4882.0,0.0,0.0,False,True,5,3,5,8,"date_account_came_inbound, inbound_type, primary_inbound_channel","date_account_came_inbound, inbound_priority_type__cloned_, inbound_type, opportunity_source, primary_inbound_channel",Date Lead Came Inbound > date_account_came_inbound > SF:date_account_came_inbound__c; Inbound Type > inbound_type > SF:inbound_type__c; Primary_Inbound_Channel > primary_inbound_channel > SF:primary_inbound_channel__c
586154145,Engage - company name,True,MEDIUM - SF Connected,None,True,2024-06-12,2025-09-17,69,2024,False,Delete,True,False,False,1144.0,0.0,0.0,False,True,2,1,2,3,company,"company, event",Company Name > company > SF:company
569169579,ICP Category --> Company to deal or contact,True,MEDIUM - SF Connected,None,True,2024-03-29,2025-09-17,69,2024,False,Delete,True,False,False,56142.0,0.0,0.0,False,True,3,1,4,5,icp_category,"createdate, icp_category, lead_nurturing_enroll_date, opportunity_created_date",ICP Category [Contact] > icp_category > SF:icp_category__c
551253587,Inbound type - Company --> Deal - >1,True,MEDIUM - SF Connected,None,True,2024-01-02,2025-09-17,69,2024,False,Delete,True,False,False,891.0,0.0,0.0,False,True,2,1,5,6,inbound_type,"hs_name, hs_value, inbound_type, num_associated_deals, pipeline",Inbound Type > inbound_type > SF:inbound_type__c
585858214,Lead Notes --> Call Notes,True,MEDIUM - SF Connected,None,True,2024-06-11,2025-09-17,69,2024,False,Delete,True,False,False,44.0,0.0,0.0,False,True,2,2,2,4,"call_notes__c, lead_notes__c","event, lead_notes__c",Lead Notes > lead_notes__c > SF:lead_notes__c
504851234,Lead Nurturing - Email - Private Equity path,True,LOW - Delete Recommended,None,True,2023-11-02,2025-09-17,69,2023,False,Delete,True,False,False,18117.0,0.0,0.0,False,False,0,3,2,5,"lead_nurturing_enroll_date, lead_nurturing_first_email_date, lead_nurturing_status","lead_nurturing_status, nurture_path",
487947660,Lead Nurturing - NAHB/Construction - Top,True,LOW - Delete Recommended,None,True,2023-10-12,2025-09-17,69,2023,False,Delete,True,False,False,70960.0,0.0,0.0,False,False,0,3,2,5,"construction__nahb_journey_finish_date, lead_nurturing_enroll_date, lead_nurturing_status","lead_nurturing_status, nurture_path",
477214025,Linkedin Ad Signup - Stamp properties,True,MEDIUM - SF Connected,None,True,2023-09-28,2025-09-17,69,2023,False,Delete,True,False,False,485.0,0.0,0.0,False,True,5,7,1,8,"date_account_came_inbound, inbound_priority_type__cloned_, leadsource, lifecyclestage, primary_lead_channel, salesforce_inclusion, signup_conversion_page",nan,Date Lead Came Inbound > date_account_came_inbound > SF:date_account_came_inbound__c; Inbound Type > inbound_priority_type__cloned_ > SF:inbound_type__c; Lead Source > leadsource > SF:leadsource; Primary Inbound Channel (Legacy) > primary_lead_channel > SF:primary_inbound_channel__c; primary_lead_channel__c; Signup Conversion Page > signup_conversion_page > SF:signup_conversion_page__c
554101105,Marketing Client Approved or Activations - slack notification,True,MEDIUM - SF Connected,None,True,2024-01-17,2025-09-17,69,2024,False,Delete,True,False,False,1347.0,0.0,0.0,False,True,4,1,4,5,nan,"opportunity_source, pipeline, timestamp__account_created, timestamp_account_activated__c",
505432158,Marketing Lead Gen - Navattic --> Stamp Properties,True,MEDIUM - SF Connected,None,True,2023-11-03,2025-09-17,69,2023,False,Delete,True,False,False,27.0,0.0,0.0,False,True,3,4,4,8,"inbound_action, lead_gen_source, leadsource, lifecyclestage","date_account_came_inbound, hs_analytics_source_data_2, hs_latest_source_data_2, lifecyclestage",Lead Source > leadsource > SF:leadsource
483470432,Marketing or Partner SQLs - slack notification,True,MEDIUM - SF Connected,None,True,2023-10-06,2025-09-17,69,2023,False,Delete,True,False,False,3500.0,0.0,0.0,False,True,3,1,3,4,nan,"opportunity_source, pipeline, sql_date",
536145711,Sales Outreach Status - Deal --> Company + Contact,True,LOW - Delete Recommended,None,True,2023-12-13,2025-09-17,69,2023,False,Delete,True,False,False,3727.0,0.0,0.0,False,False,0,1,3,4,sales_outreach_status,"hs_name, hs_value, sales_outreach_status",
581804653,"Set Account Manager Name, Email",True,MEDIUM - SF Connected,None,True,2024-05-23,2025-09-17,69,2024,False,Delete,True,False,False,1111.0,0.0,0.0,False,True,1,3,1,4,"account_manager, account_manager_email, account_manager_name",accounts_manager,
589593955,UVPA - Deal --> Contact,True,MEDIUM - SF Connected,None,True,2024-06-26,2025-09-17,69,2024,False,Delete,True,False,False,618.0,0.0,0.0,False,True,1,2,1,3,"timestamp__unverified_platform_access, timestamp__uvpa",timestamp__unverified_platform_access,Timestamp: Unverified Platform Access > timestamp__unverified_platform_access > SF:timestamp_unverified_platform_access__c
576498778,VC Company --> Stamp deals and contacts,True,LOW - Delete Recommended,None,True,2024-04-30,2025-09-17,69,2024,False,Delete,True,False,False,5734.0,0.0,0.0,False,False,0,1,1,2,vc_company,vc_company,
440424074,Mark as gmail,True,MEDIUM - SF Connected,None,True,2023-08-08,2025-09-30,56,2023,False,Delete,True,False,False,2267980.0,0.0,0.0,False,True,1,1,1,2,gmail_email,email,
492655402,Facebook Form Signups --> Properties,True,HIGH - Heavy SF Integration,None,True,2023-10-18,2025-11-21,3,2023,False,Delete,True,False,False,593.0,0.0,0.0,False,True,10,8,5,13,"date_account_came_inbound, icp_category, inbound_priority_type__cloned_, leadsource, lifecyclestage, primary_lead_channel, salesforce_inclusion, signup_conversion_page","company_size, gmail_email, jobtitle, seamless_revenue__c, utm_content",Date Lead Came Inbound > date_account_came_inbound > SF:date_account_came_inbound__c; ICP Category [Contact] > icp_category > SF:icp_category__c; Inbound Type > inbound_priority_type__cloned_ > SF:inbound_type__c; Lead Source > leadsource > SF:leadsource; Primary Inbound Channel (Legacy) > primary_lead_channel > SF:primary_inbound_channel__c; primary_lead_channel__c; Signup Conversion Page > signup_conversion_page > SF:signup_conversion_page__c
581828486,RB2B - stamp properties,True,MEDIUM - SF Connected,None,True,2024-05-23,2025-11-21,3,2024,False,Delete,True,False,False,1999.0,0.0,0.0,False,True,2,5,1,6,"account_tag__c, apollo_tag, lifecyclestage, salesforce_inclusion, seamless_lists__c",nan,Account Tag > account_tag__c > SF:account_tag__c; Tag > apollo_tag > SF:seamless_lists__c; tag__c
1654169864,{Draft} DS – ABM: Early Stage (Targeted Comms) | Funnel Optimization,True,MEDIUM - SF Connected,None,False,2025-05-13,2025-05-22,186,2025,False,Delete,True,False,False,0.0,0.0,0.0,False,True,5,2,7,9,"campaign_enrollment_log__journey_tracking, experiment_log","crunchbase__latest_round_date__c, crunchbase__latest_round_funding_type__c, crunchbase__latest_round_money_raised_in_usd__c, email, hs_is_closed_lost, hs_is_closed_won, jobtitle",
1645671171,0.1.0 Primary Inbound Channel | Level 1-3 Mapping,True,HIGH - Heavy SF Integration,None,False,2025-04-11,2025-09-11,75,2025,False,Delete,True,False,False,0.0,0.0,0.0,False,True,9,6,12,18,"pic_l3__source_contact_data_string, pic_l3_source_deal_data_string, primary_inbound_channel__l1____contact___proxy, primary_inbound_channel__l1____deal___proxy, primary_inbound_channel__l2__medium____contact___proxy__cloned_, primary_inbound_channel_l2_medium_deal_proxy","dealstage, hs_analytics_source, hs_analytics_source_data_1, hs_name, hs_value, lead_source, leadsource, primary_inbound_channel__l1____deal___proxy, primary_inbound_channel__l3__source____contact___proxy, sql_date, utm_campaign, utm_medium","PIC [L3, 0.2: Source] | Deal - (Data String) > pic_l3_source_deal_data_string > SF:hubspot_l3__c"
1659624055,0.1.2 Segmentation Tagging | Database Management,True,MEDIUM - SF Connected,None,False,2025-06-03,2025-09-11,75,2025,False,Delete,True,False,False,0.0,0.0,0.0,False,True,3,2,6,8,"firstname, lastname","createdate, firstname, full_name, full_name__daops, lastname, pipeline_stage",First Name > firstname > SF:firstname; Last Name > lastname > SF:lastname
1692937003,Treasury Yield | Field Update (Cloned on 9/10/2025),True,MEDIUM - SF Connected,None,False,2025-09-10,2025-09-10,75,2025,False,Delete,True,False,False,0.0,0.0,0.0,False,True,3,1,4,5,current_treasury_rate,"createdate, email, hs_email_domain, salesforcelastsynctime",
431378284,Clear DQ Reason,False,MEDIUM - SF Connected,Enabled,True,2023-07-27,2023-08-10,837,2023,True,Delete,True,False,False,420.0,0.0,0.0,False,True,2,1,2,3,disqualified_reason__c,"disqualified_reason__c, leadstatus",Disqualified Reason > disqualified_reason__c > SF:disqualified_reason__c
432914038,Company - Activity Date --> Company Activity Date,False,HIGH - Active,Active enrollment,True,2023-07-29,2023-08-10,837,2023,True,Keep as-is,False,False,False,33502.0,567.0,0.0,True,False,0,2,2,4,"company_last_activity_date, notes_last_updated","company_last_activity_date, notes_last_updated",
432447543,Company --> Contact - close date,False,MEDIUM - SF Connected,Active enrollment,True,2023-07-28,2023-08-10,837,2023,True,Keep as Canonical Workflow,False,False,True,47927.0,826.0,0.0,True,True,1,2,1,3,"closedate, deal_close_date",deal_close_date,Close Date > closedate > SF:closedate
432893048,Company --> Contact - company type,False,MEDIUM - SF Connected,Active enrollment,True,2023-07-29,2023-08-10,837,2023,True,Keep as-is,False,False,False,416045.0,1435.0,0.0,True,True,1,2,1,3,"company_type, type",type,Type > type > SF:type
436349455,Company --> Contact - Deal Name,False,HIGH - Active,Active enrollment,True,2023-08-03,2023-08-10,837,2023,True,Keep as-is,False,False,False,46842.0,790.0,0.0,True,False,0,1,1,2,deal_name,deal_name,
432438160,Company --> Contact - Last activity date,False,HIGH - Active,Active enrollment,True,2023-07-28,2023-08-10,837,2023,True,Keep as-is,False,False,False,169905.0,567.0,0.0,True,False,0,1,3,4,company_last_activity_date,"company_last_activity_date, hs_name, hs_value",
434127189,company --> Contact - Money Raised (cloned),False,HIGH - Active,Active enrollment,True,2023-07-31,2023-08-10,837,2023,True,Keep as-is,False,False,False,28230.0,183.0,0.0,True,False,0,1,1,2,total_money_raised,total_money_raised,
435488265,Company --> Contact - Pipeline,False,HIGH - Active,Active enrollment,True,2023-08-02,2023-08-10,837,2023,True,Keep as-is,False,False,False,53023.0,842.0,0.0,True,False,0,1,3,4,last_deal_pipeline,"hs_name, hs_value, last_deal_pipeline",
419558668,converted = yes,False,MEDIUM - SF Connected,Active enrollment,True,2023-07-11,2023-08-10,837,2023,True,Keep as-is,False,False,False,85261.0,1716.0,0.0,True,True,1,2,1,3,"converted_, converted_date",leadstatus,
431449402,copy account engagement to company,False,MEDIUM - Enabled,Enabled,True,2023-07-27,2023-08-10,837,2023,True,Keep as-is,False,False,False,291523.0,0.0,0.0,False,False,0,4,2,6,"account_engagement_campaign, account_engagement_conversion_date, campaign, conversion_date","campaign, conversion_date",
430169948,copy account source to contact,False,MEDIUM - SF Connected,Active enrollment,True,2023-07-25,2023-08-10,837,2023,True,Keep as-is,False,False,False,775215.0,1909.0,0.0,True,True,2,4,3,7,"account_source, account_source___from_lead, account_source_from_lead, accountsource","accountsource, hs_name, hs_value",account source > account_source > SF:account_source__c; account source > accountsource > SF:accountsource
432441750,Copy company industry to contact,False,MEDIUM - SF Connected,Active enrollment,True,2023-07-28,2023-08-10,837,2023,True,Keep as-is,False,False,False,286196.0,335.0,0.0,True,True,1,1,1,2,industry,industry,Industry - Hubspot > industry > SF:industry; industry_signup__c
436197894,Copy company sector to contact,False,MEDIUM - SF Connected,Active enrollment,True,2023-08-03,2023-08-10,837,2023,True,Keep as Canonical Workflow,False,False,True,270714.0,404.0,0.0,True,True,1,2,2,4,"sector, sector__c","sector, sector__c",Sector > sector__c > SF:sector__c
432354611,Copy company status to contact,False,MEDIUM - SF Connected,Active enrollment,True,2023-07-28,2023-08-10,837,2023,True,Keep as-is,False,False,False,553973.0,3270.0,0.0,True,True,1,2,3,5,"company_status, status__c","hs_name, hs_value, status__c",Status > status__c > SF:status__c
431530163,copy lead status to company,False,MEDIUM - SF Connected,Active enrollment,True,2023-07-27,2023-08-10,837,2023,True,Keep as Canonical Workflow,False,False,True,368477.0,1988.0,0.0,True,True,1,1,1,2,leadstatus,leadstatus,Status > leadstatus > SF:status
431077556,copy revenue to contact,False,MEDIUM - SF Connected,Active enrollment,True,2023-07-26,2023-08-10,837,2023,True,Keep as-is,False,False,False,199025.0,19.0,0.0,True,True,2,2,1,3,"annualrevenue, hubspot_revenue",annualrevenue,Annual Revenue > annualrevenue > SF:annualrevenue; HubSpot Revenue > hubspot_revenue > SF:hubspot_revenue__c
432462168,Deal --> Company - Close Date (cloned),False,MEDIUM - SF Connected,Active enrollment,True,2023-07-28,2023-08-10,837,2023,True,Keep but Consolidate into Canonical Workflow,False,True,True,53529.0,909.0,0.0,True,True,1,2,1,3,"closedate, deal_close_date",closedate,Close Date > closedate > SF:closedate
436334991,Deal --> Company - deal name,False,MEDIUM - SF Connected,Active enrollment,True,2023-08-03,2023-08-10,837,2023,True,Keep as-is,False,False,False,52372.0,872.0,0.0,True,True,1,2,1,3,"deal_name, dealname",dealname,Deal Name > dealname > SF:name
435488180,Deal --> Company - Pipeline,False,MEDIUM - SF Connected,Active enrollment,True,2023-08-02,2023-08-10,837,2023,True,Keep as-is,False,False,False,60189.0,910.0,0.0,True,True,1,2,3,5,"last_deal_pipeline, pipeline","hs_name, hs_value, pipeline",Pipeline > pipeline > SF:recordtypeid
432430489,Deal -> Contact and Companies - owner,False,MEDIUM - SF Connected,Active enrollment,True,2023-07-28,2023-08-10,837,2023,True,Keep but Consolidate into Canonical Workflow,False,True,True,91265.0,1400.0,0.0,True,True,1,2,3,5,"deal_owner, hubspot_owner_id","hs_name, hs_value, hubspot_owner_id",Contact owner > hubspot_owner_id > SF:ownerid
416075673,Salesforce Lead = yes,False,HIGH - Active,Active enrollment,True,2023-07-05,2023-08-10,837,2023,True,Keep as-is,False,False,False,151871.0,1719.0,0.0,True,False,0,1,1,2,sfdc_lead_,salesforceleadid,
440422327,Signup Lead Score - Lead Score text,False,MEDIUM - SF Connected,Enabled,True,2023-08-08,2023-08-10,837,2023,True,Keep as-is,False,False,False,21826.0,0.0,0.0,False,True,1,2,1,3,"signup_lead_score, signup_lead_score___text",signup_lead_score,Signup Lead Score > signup_lead_score > SF:signup_lead_score__c
429565998,Unsubscribed from all email,False,HIGH - Active,Active enrollment,True,2023-07-24,2023-08-10,837,2023,True,Keep as-is,False,False,False,20815.0,32.0,0.0,True,False,0,1,1,2,nan,hs_email_optout,
436151889,Account source from lead,False,MEDIUM - SF Connected,Active enrollment,True,2023-08-03,2023-08-15,832,2023,True,Keep as-is,False,False,False,64047.0,814.0,0.0,True,True,3,3,3,6,"account_source___from_lead, account_source_from_lead, leadsource","account_source, date_account_came_inbound, leadsource",Lead Source > leadsource > SF:leadsource
432905602,Stamp Lead created date for contact,False,MEDIUM - SF Connected,Active enrollment,True,2023-07-29,2023-08-15,832,2023,True,Keep as-is,False,False,False,39338.0,826.0,1.0,True,True,2,2,2,4,"date_account_came_inbound, form_submission_date__c","date_account_came_inbound, form_submission_date__c",Date Lead Came Inbound > date_account_came_inbound > SF:date_account_came_inbound__c; Lead Created Date > form_submission_date__c > SF:form_submission_date__c
432439113,Company --> Contact - First deal date,False,HIGH - Canonical Workflow,Active enrollment,True,2023-07-28,2023-08-22,826,2023,True,Keep as Canonical Workflow,False,False,True,50876.0,769.0,0.0,True,False,0,2,4,6,"first_company_deal_created_date, first_deal_created_date","first_company_deal_created_date, first_deal_created_date, hs_name, hs_value",
432917090,Company - Create Date --> Company Create Date,False,MEDIUM - SF Connected,Active enrollment,True,2023-07-29,2023-08-28,819,2023,True,Keep as-is,False,False,False,230736.0,1705.0,0.0,True,True,1,2,2,4,"company_create_date, createdate","company_create_date, createdate",Create Date > createdate > SF:createddate
432420986,Copy company create date to contact,False,MEDIUM - SF Connected,Active enrollment,True,2023-07-28,2023-08-29,818,2023,True,Keep as-is,False,False,False,638210.0,1351.0,0.0,True,True,1,2,4,6,"company_create_date, created_at_date__c","company_create_date, created_at_date__c, hs_name, hs_value",Created at Date > created_at_date__c > SF:created_at_date__c
463006129,App completed after signup = yes,False,MEDIUM - SF Connected,Enabled,True,2023-09-08,2023-09-25,792,2023,True,Keep as-is,False,False,False,640.0,0.0,0.0,False,True,1,1,2,3,app_completed_after_signup,"application_completed_date, date_account_came_inbound",
463000887,Application Completed Date - Company --> Deal,False,MEDIUM - SF Connected,Active enrollment,True,2023-09-08,2023-09-25,792,2023,True,Keep as-is,False,False,False,11734.0,20.0,0.0,True,True,1,3,4,7,"application_completed_date, credit_application_date, credit_application_date__c","application_completed_date, credit_application_date__c, hs_name, hs_value",Credit Application Date > credit_application_date__c > SF:credit_application_date__c
450190208,Company --> Contact - Account Record Type,False,MEDIUM - SF Connected,Active enrollment,True,2023-08-21,2023-09-25,792,2023,True,Keep as-is,False,False,False,440757.0,1622.0,0.0,True,True,1,1,3,4,account_record_type,"account_record_type_id, hs_name, hs_value",
466724614,Company --> Contact - associated company deals,False,HIGH - Active,Active enrollment,True,2023-09-13,2023-09-25,792,2023,True,Keep as-is,False,False,False,60377.0,1006.0,0.0,True,False,0,2,3,5,"num_associated_deals, of_associated_company_deals","hs_name, hs_value, num_associated_deals",
466502483,Company --> Contact - associated contacts,False,HIGH - Active,Active enrollment,True,2023-09-13,2023-09-25,792,2023,True,Keep as-is,False,False,False,625304.0,3453.0,0.0,True,False,0,2,3,5,"num_associated_contacts, of_associated_contacts","hs_name, hs_value, num_associated_contacts",
455633981,Company --> Contact - Company First Came Inbound,False,MEDIUM - SF Connected,Active enrollment,True,2023-08-29,2023-09-25,792,2023,True,Keep as-is,False,False,False,61744.0,662.0,0.0,True,True,1,2,1,3,"company_first_came_inbound, date_account_came_inbound",date_account_came_inbound,Date Lead Came Inbound > date_account_came_inbound > SF:date_account_came_inbound__c
455668789,Company --> Contact - Company Last Came Inbound,False,HIGH - Active,Active enrollment,True,2023-08-29,2023-09-25,792,2023,True,Keep as-is,False,False,False,49318.0,608.0,0.0,True,False,0,2,1,3,"company_last_came_inbound, last_came_inbound",last_came_inbound,
450672987,Company --> Contact - First deal date - NEW Contact,False,HIGH - Canonical Workflow,Active enrollment,True,2023-08-22,2023-09-25,792,2023,True,Keep but Consolidate into Canonical Workflow,False,True,True,51259.0,1090.0,0.0,True,False,0,2,5,7,"first_company_deal_created_date, first_deal_created_date","first_company_deal_created_date, first_deal_created_date, hs_name, hs_value, num_associated_contacts",
472961185,company --> Contact - recent deal created date,False,HIGH - Active,Active enrollment,True,2023-09-22,2023-09-25,792,2023,True,Keep as-is,False,False,False,25789.0,516.0,0.0,True,False,0,2,5,7,"company_recent_deal_created_date, recent_deal_created_date","company_recent_deal_created_date, hs_name, hs_value, last_deal_pipeline, recent_deal_created_date",
472378901,Company --> Deal - sign up flow revenue and employees,False,HIGH - Active,Active enrollment,True,2023-09-21,2023-09-25,792,2023,True,Keep as-is,False,False,False,28639.0,540.0,0.0,True,False,0,2,4,6,"sign_up_flow_employees, sign_up_flow_estimated_annual_revenue","hs_name, hs_value, sign_up_flow_employees, sign_up_flow_estimated_annual_revenue",
471389595,company --> deals - campaign/term,False,HIGH - Active,Active enrollment,True,2023-09-20,2023-09-25,792,2023,True,Keep as-is,False,False,False,11646.0,194.0,0.0,True,False,0,2,4,6,"campaign_drilldown_1, term_drilldown_2","campaign_drilldown_1, hs_name, hs_value, term_drilldown_2",
471368502,Contact --> Company - campaign/term generic,False,HIGH - Active,Active enrollment,True,2023-09-20,2023-09-25,792,2023,True,Keep as-is,False,False,False,14569.0,281.0,0.0,True,False,0,3,2,5,"campaign_drilldown_1, term_drilldown_2, utm_campaign_drilldown_1","term_drilldown_2, utm_campaign_drilldown_1",
466502472,Contact --> Company cleanup,False,MEDIUM - SF Connected,Active enrollment,True,2023-09-13,2023-09-25,792,2023,True,Keep as-is,False,False,False,8727.0,13.0,0.0,True,True,1,1,3,4,company_first_came_inbound,"company_first_came_inbound, date_account_came_inbound, num_associated_contacts",
455633975,Copy DAI from contact to Company - Last came inbound,False,MEDIUM - SF Connected,Active enrollment,True,2023-08-29,2023-09-25,792,2023,True,Keep as-is,False,False,False,53939.0,666.0,0.0,True,True,1,2,1,3,"date_account_came_inbound, last_came_inbound",date_account_came_inbound,Date Lead Came Inbound > date_account_came_inbound > SF:date_account_came_inbound__c
470088077,copy lead nurturing properties - contact --> company,False,HIGH - Canonical Workflow,Active enrollment,True,2023-09-18,2023-09-25,792,2023,True,Keep as Canonical Workflow,False,False,True,915630.0,27.0,0.0,True,False,0,3,4,7,"lead_nurturing_enroll_date, lead_nurturing_first_email_date, lead_nurturing_status","lead_nurturing_enroll_date, lead_nurturing_first_email_date, lead_nurturing_signup, lead_nurturing_status",
451354369,Customer Exclusion List to Google Sheets,False,HIGH - Active,Active enrollment,True,2023-08-23,2023-09-25,792,2023,True,Keep as-is,False,False,False,62759.0,462.0,0.0,True,False,0,1,1,2,nan,nan,
472293733,Deal --> Company - rho use case,False,MEDIUM - SF Connected,Active enrollment,True,2023-09-21,2023-09-25,792,2023,True,Keep but Consolidate into Canonical Workflow,False,True,True,33179.0,510.0,0.0,True,True,1,1,1,2,rho_use_case,rho_use_case__c,
456140686,DLI - PROXY,False,MEDIUM - SF Connected,Active enrollment,True,2023-08-30,2023-09-25,792,2023,True,Keep as Canonical Workflow,False,False,True,94613.0,842.0,0.0,True,True,1,2,1,3,"date_account_came_inbound, dli___proxy",date_account_came_inbound,Date Lead Came Inbound > date_account_came_inbound > SF:date_account_came_inbound__c
457760939,Emails Clicked - Contact --> Company,False,HIGH - Active,Active enrollment,True,2023-09-01,2023-09-25,792,2023,True,Keep as-is,False,False,False,7305.0,60.0,0.0,True,False,0,1,1,2,marketing_emails_clicked,hs_email_campaign_group_id,
457838008,Emails Opened - Contact --> Company,False,HIGH - Active,Active enrollment,True,2023-09-01,2023-09-25,792,2023,True,Keep as-is,False,False,False,241748.0,546.0,0.0,True,False,0,1,1,2,marketing_emails_opened,hs_email_campaign_group_id,
457838087,Emails Sent - Contact --> Company,False,HIGH - Active,Active enrollment,True,2023-09-01,2023-09-25,792,2023,True,Keep as-is,False,False,False,1813227.0,960.0,0.0,True,False,0,1,1,2,marketing_emails_sent,hs_email_campaign_group_id,
473020495,First Deal --> Recent Deal - Contact,False,HIGH - Active,Active enrollment,True,2023-09-22,2023-09-25,792,2023,True,Keep as-is,False,False,False,95063.0,1535.0,0.0,True,False,0,2,2,4,"company_recent_deal_created_date, first_company_deal_created_date","company_recent_deal_created_date, first_company_deal_created_date",
472230188,Hubspot Score Text,False,MEDIUM - SF Connected,Enabled,True,2023-09-21,2023-09-25,792,2023,True,Keep as-is,False,False,False,2990301.0,0.0,0.0,False,True,1,2,1,3,"hubspot_score___text, hubspotscore",hubspotscore,HubSpot Score > hubspotscore > SF:hubspotscore__c
465996291,Inbound Signup Path - Company --> Deal,False,MEDIUM - SF Connected,Active enrollment,True,2023-09-12,2023-09-25,792,2023,True,Keep as-is,False,False,False,58847.0,542.0,0.0,True,True,1,1,3,4,inbound_signup_path,"hs_name, hs_value, inbound_signup_path",Inbound Signup Path > inbound_signup_path > SF:inbound_signup_path__c
466056792,Inbound Signup Path - Contact --> Company,False,MEDIUM - SF Connected,Active enrollment,True,2023-09-12,2023-09-25,792,2023,True,Keep as-is,False,False,False,87123.0,609.0,0.0,True,True,2,2,2,4,"inbound_signup_path, inbound_signup_type","inbound_signup_path, inbound_signup_type",Inbound Signup Path > inbound_signup_path > SF:inbound_signup_path__c; Inbound Signup Path > inbound_signup_type > SF:inbound_signup_type__c
472228948,Influenced Email Channel,False,MEDIUM - SF Connected,Active enrollment,True,2023-09-21,2023-09-25,792,2023,True,Keep as-is,False,False,False,920.0,11.0,0.0,True,True,2,1,2,3,influenced_inbound_channel,"date_account_came_inbound, primary_inbound_channel",
456245321,Lead After Deal - Company --> Deal,False,MEDIUM - SF Connected,Active enrollment,True,2023-08-30,2023-09-25,792,2023,True,Keep but Consolidate into Canonical Workflow,False,True,True,4143.0,69.0,0.0,True,True,2,1,2,3,lead_after_deal,"lead_after_deal, utm_source__c",Lead After Deal > lead_after_deal > SF:lead_after_deal__c
456245319,Lead After Deal - Contact --> Company,False,MEDIUM - SF Connected,Active enrollment,True,2023-08-30,2023-09-25,792,2023,True,Keep as Canonical Workflow,False,False,True,4824.0,59.0,0.0,True,True,1,1,1,2,lead_after_deal,lead_after_deal,Lead After Deal > lead_after_deal > SF:lead_after_deal__c
465191018,Lead after Deal - opp/cust = yes,False,MEDIUM - SF Connected,Active enrollment,True,2023-09-11,2023-09-25,792,2023,True,Keep but Consolidate into Canonical Workflow,False,True,True,3083.0,62.0,0.0,True,True,3,1,6,7,lead_after_deal,"date_account_came_inbound, first_company_deal_created_date, hs_v2_date_entered_customer, hs_v2_date_entered_opportunity, lead_after_deal, leadsource",Lead After Deal > lead_after_deal > SF:lead_after_deal__c
456967082,Proxy DAI --> DAI,False,MEDIUM - SF Connected,Active enrollment,True,2023-08-31,2023-09-25,792,2023,True,Keep but Consolidate into Canonical Workflow,False,True,True,21522.0,2.0,0.0,True,True,2,2,4,6,"date_account_came_inbound, dli___proxy","date_account_came_inbound, dli___proxy, lead_after_deal, lifecyclestage",Date Lead Came Inbound > date_account_came_inbound > SF:date_account_came_inbound__c
447856390,Qualified Company = yes,False,MEDIUM - SF Connected,Active enrollment,True,2023-08-17,2023-09-25,792,2023,True,Keep as-is,False,False,False,41080.0,436.0,0.0,True,True,1,1,2,3,qualified_company_,"date_account_came_inbound, qualified_lead_",
462986773,Sent to compliance date,False,MEDIUM - SF Connected,Enabled,True,2023-09-08,2023-09-25,792,2023,True,Keep as-is,False,False,False,1685.0,0.0,0.0,False,True,1,1,1,2,sent_to_compliance_,sent_to_compliance_date,
465039797,sign up flow employees application --> sign up flow employees,False,MEDIUM - SF Connected,Active enrollment,True,2023-09-11,2023-09-25,792,2023,True,Keep as-is,False,False,False,26018.0,537.0,0.0,True,True,2,2,2,4,"employeescountrange, sign_up_flow_employees__c","employeescountrange, sign_up_flow_employees__c",~Sign Up Flow Employees - Application > employeescountrange > SF:employees_signup__c; Sign Up Flow Employees > sign_up_flow_employees__c > SF:sign_up_flow_employees__c
464982286,sign up flow revenue application --> sign up flow revenue,False,MEDIUM - SF Connected,Active enrollment,True,2023-09-11,2023-09-25,792,2023,True,Keep as-is,False,False,False,23923.0,455.0,0.0,True,True,2,2,2,4,"revenueforecastrange, sign_up_flow_estimated_annual_revenue__c","revenueforecastrange, sign_up_flow_estimated_annual_revenue__c",~Sign Up Flow Estimated Annual Revenue - Application > revenueforecastrange > SF:estimated_annual_revenues_signup__c; Sign Up Flow Estimated Annual Revenue > sign_up_flow_estimated_annual_revenue__c > SF:sign_up_flow_estimated_annual_revenue__c
465942405,Signup product intent,False,MEDIUM - SF Connected,Active enrollment,True,2023-09-12,2023-09-25,792,2023,True,Keep as-is,False,False,False,41503.0,845.0,0.0,True,True,5,1,5,6,signup_product_intent,"date_account_came_inbound, sign_up_flow_estimated_annual_revenue__c, signup_conversion_page, utm_campaign, utm_content",
473023613,Stamp recent deal created date - company,False,MEDIUM - SF Connected,Active enrollment,True,2023-09-22,2023-09-25,792,2023,True,Keep as Canonical Workflow,False,False,True,28107.0,556.0,0.0,True,True,2,1,4,5,recent_deal_created_date,"createdate, hs_name, hs_value, pipeline",
477347423,Annual Rev - Company --> Contact,False,MEDIUM - SF Connected,Active enrollment,True,2023-09-28,2023-10-02,785,2023,True,Keep as-is,False,False,False,186810.0,20.0,0.0,True,True,1,1,1,2,annualrevenue,annualrevenue,Annual Revenue > annualrevenue > SF:annualrevenue
476787096,Company Marketing contact,False,MEDIUM - SF Connected,Enabled,True,2023-09-27,2023-10-02,785,2023,True,Keep as-is,False,False,False,262930.0,0.0,0.0,False,True,1,2,1,3,"lastname, marketing_email_contact",lead_nurturing_first_email_date,Last Name > lastname > SF:lastname
478181930,Deal - Recent Deal Date - For influenced deals,False,MEDIUM - SF Connected,Active enrollment,True,2023-09-29,2023-10-02,785,2023,True,Delete,True,False,False,333.0,3.0,0.0,True,True,3,2,2,4,"createdate, recent_deal_date___prospect_pipeline","pipeline, primary_inbound_channel",Create Date > createdate > SF:createddate
476798874,First email date - Company --> Deal,False,MEDIUM - SF Connected,Active enrollment,True,2023-09-27,2023-10-02,785,2023,True,Keep as-is,False,False,False,2149.0,34.0,0.0,True,True,2,1,3,4,lead_nurturing_first_email_date,"createdate, lead_nurturing_first_email_date, pipeline",
478192569,Funnel stage at influenced deal,False,HIGH - Active,Active enrollment,True,2023-09-29,2023-10-02,785,2023,True,Delete,True,False,False,474.0,1.0,0.0,True,False,0,2,1,3,"funnel_stage, funnel_stage_at_influenced_deal",influenced_deal_,
478221649,Heard about you known?,False,MEDIUM - Enabled,Enabled,True,2023-09-29,2023-10-02,785,2023,True,Keep as-is,False,False,False,546.0,0.0,0.0,False,False,0,1,1,2,heard_about_you_known_,nan,
478225294,Last activity date at nurturing start - company and deals,False,HIGH - Active,Active enrollment,True,2023-09-29,2023-10-02,785,2023,True,Keep as-is,False,False,False,118326.0,20.0,0.0,True,False,0,2,2,4,"last_activity_date_at_nurturing_start, notes_last_updated","lead_nurturing_first_email_date, lead_nurturing_status",
478181939,Lead Nurturing - Companies in motion,False,HIGH - Active,Active enrollment,True,2023-09-29,2023-10-02,785,2023,True,Keep as-is,False,False,False,21875.0,31.0,0.0,True,False,0,1,2,3,companies_in_motion,"lead_nurturing_first_email_date, notes_last_updated",
478192479,Lead Nurturing - stamp first activity date after nurturing,False,HIGH - Active,Active enrollment,True,2023-09-29,2023-10-02,785,2023,True,Keep as-is,False,False,False,18595.0,32.0,0.0,True,False,0,4,4,8,"first_activity_after_nurturing_date, first_activity_date_after_nurturing, first_sales_touch_after_nurturing_activity, in_motion_activity","hs_call_direction, hs_email_direction, lead_nurturing_first_email_date, notes_last_updated",
478213203,Placeholder Meeting Date,False,MEDIUM - SF Connected,Enabled,True,2023-09-29,2023-10-02,785,2023,True,Delete,True,False,False,246.0,0.0,0.0,False,True,1,1,2,3,placeholder_meeting_date,"hs_task_subject, hubspot_owner_id",
478213209,Placeholder Meeting Date Company --> Deal,False,HIGH - Canonical Workflow,Enabled,True,2023-09-29,2023-10-02,785,2023,True,Keep as Canonical Workflow,False,False,True,180.0,0.0,0.0,False,False,0,1,1,2,placeholder_meeting_date,placeholder_meeting_date,
478303625,Stamp funnel stage at sign up,False,MEDIUM - SF Connected,Active enrollment,True,2023-09-29,2023-10-02,785,2023,True,Keep as-is,False,False,False,38297.0,844.0,0.0,True,True,1,2,1,3,"funnel_stage, funnel_stage_at_signup",date_account_came_inbound,
478213299,Stamp Outreach stage at lead nurturing start,False,MEDIUM - SF Connected,Enabled,True,2023-09-29,2023-10-02,785,2023,True,Keep as-is,False,False,False,174045.0,0.0,0.0,False,True,1,2,2,4,"lead_nurturing_in_progress___outreach_stage, outreach_stage__c","lead_nurturing_first_email_date, lead_nurturing_status",Outreach Stage > outreach_stage__c > SF:outreach_stage__c
477253553,Stamp recent deal created date - company (cloned),False,MEDIUM - SF Connected,Active enrollment,True,2023-09-28,2023-10-02,785,2023,True,Keep but Consolidate into Canonical Workflow,False,True,True,4562.0,122.0,0.0,True,True,2,1,6,7,recent_deal_created_date,"createdate, hs_name, hs_value, num_associated_deals, pipeline, recent_deal_created_date",
481584498,contact made - contact --> company,False,HIGH - Canonical Workflow,Active enrollment,True,2023-10-04,2023-10-15,771,2023,True,Keep as Canonical Workflow,False,False,True,27882.0,276.0,1.0,True,False,0,1,1,2,contact_made_,contact_made_,
481414524,Copy website url,False,MEDIUM - SF Connected,Active enrollment,True,2023-10-04,2023-10-15,771,2023,True,Keep as-is,False,False,False,326914.0,924.0,0.0,True,True,1,1,1,2,website,website,Website URL > website > SF:website
489805907,Email Logged = Yes,False,MEDIUM - SF Connected,Active enrollment,True,2023-10-14,2023-10-15,771,2023,True,Keep as-is,False,False,False,15461.0,1.0,0.0,True,True,1,1,2,3,logged_email,"date_account_came_inbound, hs_email_subject",
483941660,Meeting Set --> Contact Made = Yes,False,MEDIUM - SF Connected,Active enrollment,True,2023-10-07,2023-10-15,771,2023,True,Keep but Consolidate into Canonical Workflow,False,True,True,25241.0,210.0,0.0,True,True,2,1,2,3,contact_made_,"leadstatus, outreach_stage__c",
483565090,Sector - Company --> Deal,False,MEDIUM - SF Connected,Active enrollment,True,2023-10-06,2023-10-15,771,2023,True,Keep but Consolidate into Canonical Workflow,False,True,True,17683.0,461.0,0.0,True,True,1,2,4,6,"sector, sector__c","hs_name, hs_value, sector, sector__c",Sector > sector__c > SF:sector__c
481567321,SQL? = Qualified lead,False,HIGH - Canonical Workflow,Active enrollment,True,2023-10-04,2023-10-15,771,2023,True,Keep but Consolidate into Canonical Workflow,False,True,True,28323.0,656.0,0.0,True,False,0,1,2,3,qualified_lead_,"qualified_lead_, sql_",
464871489,Utm_campaign/Drilldown 1,False,MEDIUM - SF Connected,Active enrollment,True,2023-09-11,2023-10-23,764,2023,True,Keep as-is,False,False,False,10756.0,199.0,0.0,True,True,5,4,7,11,"hs_analytics_source_data_1, hs_latest_source_data_1, utm_campaign, utm_campaign_drilldown_1","hs_analytics_source, hs_analytics_source_data_1, hs_latest_source, hs_latest_source_data_1, primary_lead_channel, utm_campaign, utm_source",Original Traffic Source Drill-Down 1 > hs_analytics_source_data_1 > SF:original_source_drill_down_1__c; utm_campaign (sfdc) > utm_campaign > SF:utm_campaign__c
464869955,Utm_Term/Drilldown 2,False,MEDIUM - SF Connected,Active enrollment,True,2023-09-11,2023-10-23,764,2023,True,Keep as-is,False,False,False,10756.0,199.0,1.0,True,True,5,4,8,12,"hs_analytics_source_data_2, hs_latest_source_data_2, term_drilldown_2, utm_term","hs_analytics_source, hs_analytics_source_data_2, hs_latest_source, hs_latest_source_data_2, primary_lead_channel, utm_campaign_drilldown_1, utm_source, utm_term",Original Traffic Source Drill-Down 2 > hs_analytics_source_data_2 > SF:original_source_drill_down_2__c; utm_term (sfdc) > utm_term > SF:utm_term__c
482590519,non-mql --> MQL - signup bucket,False,MEDIUM - SF Connected,Active enrollment,True,2023-10-05,2023-10-24,763,2023,True,Keep but Consolidate into Canonical Workflow,False,True,True,10173.0,260.0,0.0,True,True,2,1,5,6,self_serve_bucket,"application_completed, disqualified_, qualified_lead_, self_serve_bucket, unqualified_",
497904006,Deal Contact Job Title,False,MEDIUM - SF Connected,Active enrollment,True,2023-10-24,2023-10-29,758,2023,True,Keep as-is,False,False,False,16840.0,256.0,0.0,True,True,3,1,3,4,deal_contact_job_title,"jobtitle, opportunity_created_date, pipeline",
495339563,Deals - campaign/term drilldowns reconcile,False,HIGH - Heavy SF Integration,Active enrollment,True,2023-10-21,2023-10-29,758,2023,True,Keep as-is,False,False,False,2077.0,59.0,0.0,True,True,8,8,10,18,"campaign_drilldown_1, hs_analytics_latest_source_data_1, hs_analytics_latest_source_data_2, hs_analytics_source_data_1, hs_analytics_source_data_2, term_drilldown_2, utm_campaign__c, utm_term__c","campaign_drilldown_1, hs_analytics_latest_source, hs_analytics_latest_source_data_1, hs_analytics_source, hs_analytics_source_data_1, pipeline, primary_inbound_channel, term_drilldown_2, utm_campaign__c, utm_source__c",Original Traffic Source Drill-Down 1 > hs_analytics_source_data_1 > SF:original_source_drill_down_1__c; Original Traffic Source Drill-Down 2 > hs_analytics_source_data_2 > SF:original_source_drill_down_2__c; utm_campaign - [archive] > utm_campaign__c > SF:utm_campaign__c; utm_term - sfdc > utm_term__c > SF:utm_term__c
482504852,Signup Buckets - Self-Serve,False,MEDIUM - SF Connected,Active enrollment,True,2023-10-05,2023-11-09,746,2023,True,Keep as Canonical Workflow,False,False,True,32352.0,688.0,5.0,True,True,3,1,7,8,self_serve_bucket,"application_completed, date_account_came_inbound, inbound_priority_type__cloned_, inbound_signup_type, lifecyclestage, qualified_lead_, self_serve_bucket",
472224082,Inbound Contact Name to Company,False,MEDIUM - SF Connected,Active enrollment,True,2023-09-21,2023-11-29,727,2023,True,Keep as-is,False,False,False,37064.0,666.0,1.0,True,True,4,6,1,7,"email, firstname, inbound_contact_email, inbound_contact_first_name, inbound_contact_last_name, lastname",date_account_came_inbound,Email > email > SF:email; First Name > firstname > SF:firstname; Last Name > lastname > SF:lastname
429534243,Other - Clear Date Lead Came Inbound,False,MEDIUM - SF Connected,Active enrollment,True,2023-07-24,2023-12-01,725,2023,True,Keep as-is,False,False,False,2327.0,24.0,0.0,True,True,4,4,1,5,"date_account_came_inbound, disqualified_reason__c, leadsource, leadstatus",lifecyclestage,Date Lead Came Inbound > date_account_came_inbound > SF:date_account_came_inbound__c; Disqualified Reason > disqualified_reason__c > SF:disqualified_reason__c; Lead Source > leadsource > SF:leadsource; Status > leadstatus > SF:status
466727434,Lead Nurturing Signup - contact,False,MEDIUM - SF Connected,Active enrollment,True,2023-09-13,2023-12-12,714,2023,True,Keep as-is,False,False,False,541.0,3.0,0.0,True,True,1,1,2,3,lead_nurturing_signup,"date_account_came_inbound, lead_nurturing_first_email_date",
472412313,Lead Nurturing and Influenced Deal signup- Slack notification,False,MEDIUM - SF Connected,Enabled,True,2023-09-21,2023-12-13,713,2023,True,Keep as-is,False,False,False,527.0,0.0,0.0,False,True,2,1,4,5,nan,"influenced_deal_, lead_nurturing_signup, opportunity_created_date, pipeline",
429638327,Qualified Lead Trigger - Clearbit/HubSpot - Revenue,False,HIGH - Heavy SF Integration,Active enrollment,True,2023-07-24,2023-12-13,713,2023,True,Keep but Consolidate into Canonical Workflow,False,True,True,33596.0,164.0,0.0,True,True,7,1,11,12,qualified_lead_,"company_size, date_account_came_inbound, gmail_email, hubspot_revenue, inbound_priority_type__cloned_, ip_country, lead_after_deal, lead_nurturing_enroll_date, lifecyclestage, seamless_revenue__c, sign_up_flow_estimated_annual_revenue__c",
441316175,Lifecycle Stage = MQL,False,HIGH - Canonical Workflow,Active enrollment,True,2023-08-09,2023-12-13,712,2023,True,Keep as Canonical Workflow,False,False,True,103974.0,62.0,0.0,True,False,0,1,2,3,lifecyclestage,"lifecyclestage, qualified_lead_",
436111686,Revenue Bucket,False,MEDIUM - SF Connected,Active enrollment,True,2023-08-03,2023-12-22,704,2023,True,Keep as-is,False,False,False,212083.0,501.0,0.0,True,True,3,4,4,8,"rev_bucket, revenueforecastrange, seamless_revenue__c, sign_up_flow_estimated_annual_revenue__c","revenue_bucket, revenueforecastrange, seamless_revenue__c, sign_up_flow_estimated_annual_revenue__c",~Sign Up Flow Estimated Annual Revenue - Application > revenueforecastrange > SF:estimated_annual_revenues_signup__c; Clearbit Revenue > seamless_revenue__c > SF:seamless_revenue__c; Sign Up Flow Estimated Annual Revenue > sign_up_flow_estimated_annual_revenue__c > SF:sign_up_flow_estimated_annual_revenue__c
478015139,Lead converted to contact - Opp or Customer,False,MEDIUM - SF Connected,Active enrollment,True,2023-09-29,2023-12-27,699,2023,True,Keep but Consolidate into Canonical Workflow,False,True,True,2825.0,47.0,1.0,True,True,2,1,6,7,leadstatus,"date_account_came_inbound, last_deal_pipeline, leadstatus, lifecyclestage, recent_deal_created_date, salesforcecontactid",Status > leadstatus > SF:status
461440423,Stamp Lead Nurturing Signup + finished,False,MEDIUM - SF Connected,Active enrollment,True,2023-09-06,2024-01-05,689,2023,True,Keep as-is,False,False,False,54824.0,24.0,0.0,True,True,1,3,5,8,"lead_nurturing_end_date, lead_nurturing_signup, lead_nurturing_status","date_account_came_inbound, lead_nurturing_end_date, lead_nurturing_first_email_date, lead_nurturing_status, nurture_path",
436887078,Opp or customer --> Qualified = yes,False,HIGH - Canonical Workflow,Active enrollment,True,2023-08-04,2024-01-23,672,2023,True,Keep but Consolidate into Canonical Workflow,False,True,True,37011.0,489.0,0.0,True,False,0,1,1,2,qualified_lead_,lifecyclestage,
429469325,Qualified Lead = Yes - lifecycle opp or customer,False,HIGH - Canonical Workflow,Active enrollment,True,2023-07-24,2024-01-23,672,2023,True,Keep as Canonical Workflow,False,False,True,288217.0,487.0,0.0,True,False,0,1,1,2,qualified_lead_,lifecyclestage,
501117296,Industry to Hubspot industry,False,MEDIUM - SF Connected,Active enrollment,True,2023-10-28,2024-01-28,667,2023,True,Keep as-is,False,False,False,122399.0,934.0,0.0,True,True,2,2,2,4,"industry, industry__c","industry, industry__c",Industry - Hubspot > industry > SF:industry; industry_signup__c; Industry > industry__c > SF:industry__c
419533689,Closed won = yes,False,MEDIUM - SF Connected,Active enrollment,True,2023-07-11,2024-02-06,658,2023,True,Keep as-is,False,False,False,18741.0,175.0,0.0,True,True,1,1,1,2,won_,deal_stage,
461337259,Set to Disqualified = yes,False,MEDIUM - SF Connected,Active enrollment,True,2023-09-06,2024-02-06,658,2023,True,Keep as-is,False,False,False,33964.0,263.0,0.0,True,True,5,2,5,7,"disqualified_, qualified_lead_","date_account_came_inbound, dealstage, disqualified_, leadstatus, nurture_reason__c",Disqualified? > disqualified_ > SF:disqualified__c
432461715,Lead After Deal - yes,False,MEDIUM - SF Connected,Active enrollment,True,2023-07-28,2024-02-13,650,2023,True,Keep but Consolidate into Canonical Workflow,False,True,True,4545.0,47.0,0.0,True,True,4,1,4,5,lead_after_deal,"date_account_came_inbound, first_company_deal_created_date, form_submission_date__c, utm_source",Lead After Deal > lead_after_deal > SF:lead_after_deal__c
429490260,set as non marketing - Bounced,False,HIGH - Active,Active enrollment,True,2023-07-24,2024-02-13,650,2023,True,Keep as-is,False,False,False,27991.0,8.0,0.0,True,False,0,1,2,3,nan,"hs_email_bounce, hs_email_hard_bounce_reason_enum",
469995015,Lead Nurturing signup - company,False,MEDIUM - SF Connected,Enabled,True,2023-09-18,2024-02-15,649,2023,True,Keep as-is,False,False,False,536.0,0.0,0.0,False,True,1,3,4,7,"lead_nurturing_signup, nurturing_after_placeholder_meeting, nurturing_after_placeholder_meeting_","date_account_came_inbound, last_came_inbound, lead_nurturing_first_email_date, placeholder_meeting_date",
476532634,Closed Won = No,False,MEDIUM - SF Connected,Active enrollment,True,2023-09-27,2024-02-23,641,2023,True,Keep as Canonical Workflow,False,False,True,39040.0,709.0,0.0,True,True,1,1,1,2,closed_won_,dealstage,
476369192,Closed Won = Yes,False,MEDIUM - SF Connected,Active enrollment,True,2023-09-27,2024-02-23,641,2023,True,Keep but Consolidate into Canonical Workflow,False,True,True,7131.0,137.0,0.0,True,True,1,1,1,2,closed_won_,dealstage,
472337558,Contact --> Company - Rev and employees signup,False,MEDIUM - SF Connected,Active enrollment,True,2023-09-21,2024-03-17,618,2023,True,Keep as-is,False,False,False,29971.0,524.0,0.0,True,True,2,4,4,8,"employeescountrange, revenueforecastrange, sign_up_flow_employees, sign_up_flow_estimated_annual_revenue","employeescountrange, revenueforecastrange, sign_up_flow_employees, sign_up_flow_estimated_annual_revenue",~Sign Up Flow Employees - Application > employeescountrange > SF:employees_signup__c; ~Sign Up Flow Estimated Annual Revenue - Application > revenueforecastrange > SF:estimated_annual_revenues_signup__c
467996015,partner page utms,False,MEDIUM - SF Connected,Active enrollment,True,2023-09-15,2024-03-19,616,2023,True,Delete,True,False,False,147.0,6.0,0.0,True,True,3,3,1,4,"leadsource, primary_lead_channel, referrer__c",utm_source,Lead Source > leadsource > SF:leadsource; Primary Inbound Channel (Legacy) > primary_lead_channel > SF:primary_inbound_channel__c; primary_lead_channel__c
487728784,Has been meeting set --> Status back to = Meeting Set,False,MEDIUM - SF Connected,Active enrollment,True,2023-10-12,2024-03-27,608,2023,True,Delete,True,False,False,91.0,2.0,0.0,True,True,3,2,3,5,"leadstatus, timestamp_attempting_to_reach","date_account_came_inbound, leadstatus, timestamp_attempting_to_reach",Status > leadstatus > SF:status; Timestamp: Attempting to Reach > timestamp_attempting_to_reach > SF:timestamp_attempting_to_reach__c
416527221,Status = Meeting Set,False,HIGH - Heavy SF Integration,Active enrollment,True,2023-07-06,2024-03-27,608,2023,True,Keep as-is,False,False,False,12535.0,209.0,0.0,True,True,6,4,8,12,"leadstatus, sdr_meeting_booked_, timestamp_attempting_to_reach, timestamp_contact_made","deal_stage, dealstage, hs_task_subject, latest_disposition, leadstatus, meeting_type_cp, timestamp_attempting_to_reach, timestamp_contact_made",Status > leadstatus > SF:status; Timestamp: Attempting to Reach > timestamp_attempting_to_reach > SF:timestamp_attempting_to_reach__c; Timestamp: Contact Made > timestamp_contact_made > SF:timestamp_contact_made__c
481585940,status - contact made,False,MEDIUM - SF Connected,Active enrollment,True,2023-10-04,2024-03-27,607,2023,True,Keep as-is,False,False,False,9319.0,166.0,0.0,True,True,4,3,5,8,"contact_made_, leadstatus, timestamp_attempting_to_reach","date_account_came_inbound, hs_task_subject, latest_disposition, leadstatus, pipeline",Status > leadstatus > SF:status; Timestamp: Attempting to Reach > timestamp_attempting_to_reach > SF:timestamp_attempting_to_reach__c
477310646,Bottom Funnel Warm Leads - Slack Notification,False,MEDIUM - SF Connected,Enabled,True,2023-09-28,2024-03-29,606,2023,True,Keep as-is,False,False,False,707.0,0.0,0.0,False,True,2,1,2,3,nan,"inbound_priority_type__cloned_, lead_nurturing_bottom_enroll_date",
430705693,Qualified Lead Trigger - Sign Up Flow Revenue + Employees,False,MEDIUM - SF Connected,Active enrollment,True,2023-07-26,2024-04-01,602,2023,True,Keep but Consolidate into Canonical Workflow,False,True,True,31698.0,509.0,3.0,True,True,5,1,9,10,qualified_lead_,"company_employee_bucket, date_account_came_inbound, firstname, ip_country, lifecyclestage, numberofemployees, qualified_lead_, sign_up_flow_employees__c, sign_up_flow_estimated_annual_revenue__c",
417112488,Self serve - Inbound Signup Path,False,MEDIUM - SF Connected,Active enrollment,True,2023-07-07,2024-04-03,601,2023,True,Keep as-is,False,False,False,93246.0,748.0,1.0,True,True,3,1,3,4,inbound_signup_type,"date_account_came_inbound, inbound_priority_type__cloned_, inbound_signup_type",Inbound Signup Path > inbound_signup_type > SF:inbound_signup_type__c
457033617,Stamp Affiliate Subchannel,False,MEDIUM - SF Connected,Active enrollment,True,2023-08-31,2024-04-06,598,2023,True,Keep as-is,False,False,False,22605.0,195.0,0.0,True,True,5,4,9,13,"hs_analytics_source_data_1, hs_latest_source_data_1, inbound_subchannel, leadsource","hs_analytics_first_referrer, hs_analytics_source, hs_analytics_source_data_1, hs_latest_source, hs_latest_source_data_1, inbound_subchannel, primary_lead_channel, referrer__c, utm_source",Original Traffic Source Drill-Down 1 > hs_analytics_source_data_1 > SF:original_source_drill_down_1__c; Lead Source > leadsource > SF:leadsource
415719269,Deal Stage --> Deal --> Company,False,MEDIUM - SF Connected,Active enrollment,True,2023-07-05,2024-04-10,594,2023,True,Keep as-is,False,False,False,74697.0,906.0,0.0,True,True,3,1,3,4,opportunity_stage,"dealstage, opportunity_created_date, pipeline",
429460006,Status - attempting to reach,False,MEDIUM - SF Connected,Active enrollment,True,2023-07-24,2024-04-10,594,2023,True,Keep but Consolidate into Canonical Workflow,False,True,True,114626.0,277.0,0.0,True,True,3,1,8,9,leadstatus,"call_attempts, email_attempts, hs_engagement_type, hs_task_subject, leadstatus, outreach_stage__c, pipeline, sdr_meeting_booked_",Status > leadstatus > SF:status
427220396,Mark As Other--> Unqualified = yes,False,MEDIUM - SF Connected,Active enrollment,True,2023-07-20,2024-04-11,593,2023,True,Keep as-is,False,False,False,35189.0,24.0,0.0,True,True,4,2,5,7,"lifecyclestage, unqualified_","associatedcompanyid, company, first_conversion_event_name, hs_email_domain, recent_conversion_event_name",Unqualified? > unqualified_ > SF:unqualified__c
460386352,Set Funnel Stage,False,MEDIUM - SF Connected,Enabled,True,2023-09-05,2024-05-01,573,2023,True,Keep as-is,False,False,False,3537415.0,0.0,0.0,False,True,1,1,2,3,funnel_stage,"funnel_stage, hubspotscore",
466042914,Capital = qualified,False,MEDIUM - SF Connected,Enabled,True,2023-09-12,2024-06-02,540,2023,True,Delete,True,False,False,247.0,0.0,0.0,False,True,5,3,4,7,"leadsource, leadstatus, qualified_lead_","disqualified_reason__c, leadstatus, nurture_reason__c, primary_lead_channel",Lead Source > leadsource > SF:leadsource; Status > leadstatus > SF:status
457130540,Converted Leads - Stamp properties again,False,MEDIUM - SF Connected,Active enrollment,True,2023-08-31,2024-06-02,540,2023,True,Keep but Consolidate into Canonical Workflow,False,True,True,749.0,1.0,0.0,True,True,4,1,5,6,leadsource,"date_account_came_inbound, lead_after_deal, leadsource, leadstatus, lifecyclestage",Lead Source > leadsource > SF:leadsource
495403153,Marketing Lead Gen - Downloads --> Lifecycle stage = Marketing Lead,False,MEDIUM - SF Connected,Enabled,True,2023-10-21,2024-06-02,540,2023,True,Keep as-is,False,False,False,3016.0,0.0,0.0,False,True,3,3,4,7,"inbound_action, leadsource, lifecyclestage","date_account_came_inbound, leadsource, lifecyclestage, recent_conversion_event_name",Lead Source > leadsource > SF:leadsource
431122261,Set lead source as inbound,False,MEDIUM - SF Connected,Active enrollment,True,2023-07-26,2024-06-02,540,2023,True,Keep as Canonical Workflow,False,False,True,27660.0,446.0,1.0,True,True,4,1,4,5,leadsource,"date_account_came_inbound, lead_after_deal, leadsource, utm_source",Lead Source > leadsource > SF:leadsource
465679980,UTM_Source = Capital --> Primary Inbound Channel,False,MEDIUM - SF Connected,Active enrollment,True,2023-09-12,2024-06-02,540,2023,True,Keep as Canonical Workflow,False,False,True,12091.0,425.0,0.0,True,True,3,2,1,3,"leadsource, primary_lead_channel",utm_source,Lead Source > leadsource > SF:leadsource; Primary Inbound Channel (Legacy) > primary_lead_channel > SF:primary_inbound_channel__c; primary_lead_channel__c
422529928,Date lead came inbound - Contact --> Company,False,MEDIUM - SF Connected,Active enrollment,True,2023-07-14,2024-06-06,536,2023,True,Keep but Consolidate into Canonical Workflow,False,True,True,92106.0,523.0,0.0,True,True,1,1,2,3,date_account_came_inbound,"date_account_came_inbound, sync_to_objects",Date Lead Came Inbound > date_account_came_inbound > SF:date_account_came_inbound__c
471678846,Date Lead Came Inbound - Company --> Deal,False,MEDIUM - SF Connected,Active enrollment,True,2023-09-20,2024-06-09,534,2023,True,Keep but Consolidate into Canonical Workflow,False,True,True,27957.0,601.0,0.0,True,True,1,1,5,6,date_account_came_inbound,"date_account_came_inbound, hs_name, hs_value, num_associated_deals, sync_to_objects",Date Lead Came Inbound > date_account_came_inbound > SF:date_account_came_inbound__c
483564947,Deal - Event - PIC is Unknown --> Deal PIC,False,MEDIUM - SF Connected,Active enrollment,True,2023-10-06,2024-06-09,534,2023,True,Keep as-is,False,False,False,19851.0,380.0,1.0,True,True,3,2,3,5,"event__c, primary_inbound_channel","event__c, primary_inbound_channel, primary_lead_channel",Event > event__c > SF:event__c; Primary_Inbound_Channel > primary_inbound_channel > SF:primary_inbound_channel__c
432441995,Company --> Contact - Deal Owner,False,HIGH - Active,Active enrollment,True,2023-07-28,2024-06-10,533,2023,True,Keep as-is,False,False,False,48003.0,826.0,0.0,True,False,0,1,1,2,deal_owner,deal_owner,
491121588,LN status = finished --> set as non marketing contact,False,HIGH - Active,Active enrollment,True,2023-10-16,2024-06-27,516,2023,True,Keep as-is,False,False,False,206736.0,323.0,0.0,True,False,0,1,2,3,nan,"hs_marketable_status, lifecyclestage",
483575842,Inbound Signups - slack notification,False,HIGH - Heavy SF Integration,Active enrollment,True,2023-10-06,2024-07-01,512,2023,True,Keep as-is,False,False,False,19930.0,406.0,0.0,True,True,6,1,6,7,nan,"date_account_came_inbound, disqualified_, inbound_priority_type__cloned_, lead_after_deal, pre_qualification_outcome, primary_lead_channel",
460380164,Primary Inbound Channel - Company --> Deal,False,MEDIUM - SF Connected,Active enrollment,True,2023-09-05,2024-11-01,388,2023,True,Keep but Consolidate into Canonical Workflow,False,True,True,54709.0,16.0,0.0,True,True,2,1,6,7,primary_inbound_channel,"hs_name, hs_value, num_associated_deals, pipeline, primary_inbound_channel, sync_to_objects",Primary_Inbound_Channel > primary_inbound_channel > SF:primary_inbound_channel__c
460380750,Primary Inbound Channel - Contact --> Company,False,MEDIUM - SF Connected,Active enrollment,True,2023-09-05,2024-11-01,388,2023,True,Keep as-is,False,False,False,498094.0,816.0,0.0,True,True,3,2,4,6,"primary_inbound_channel, primary_lead_channel","date_account_came_inbound, primary_inbound_channel, primary_lead_channel, sync_to_objects",Primary_Inbound_Channel > primary_inbound_channel > SF:primary_inbound_channel__c; Primary Inbound Channel (Legacy) > primary_lead_channel > SF:primary_inbound_channel__c; primary_lead_channel__c
416407630,Stamp Date Lead Came Inbound,False,MEDIUM - SF Connected,Active enrollment,True,2023-07-06,2025-01-16,313,2023,True,Keep as Canonical Workflow,False,False,True,61069.0,831.0,0.0,True,True,5,1,7,8,date_account_came_inbound,"date_account_came_inbound, lifecyclestage, recent_conversion_date, recent_conversion_event_name, utm_campaign, utm_medium, utm_source",Date Lead Came Inbound > date_account_came_inbound > SF:date_account_came_inbound__c
435464576,IP + Other Reasons --> Unqualified = yes,False,HIGH - Heavy SF Integration,Active enrollment,True,2023-08-02,2025-01-29,300,2023,True,Keep as-is,False,False,False,56014.0,21.0,0.0,True,True,6,1,7,8,unqualified_,"date_account_came_inbound, disqualified_reason__c, hs_analytics_first_referrer, leadsource, leadstatus, lifecyclestage, primary_lead_channel",Unqualified? > unqualified_ > SF:unqualified__c
478017128,^Lead converted to contact - Status = New,False,MEDIUM - SF Connected,Active enrollment,True,2023-09-29,2025-03-10,260,2023,True,Keep but Consolidate into Canonical Workflow,False,True,True,27878.0,467.0,0.0,True,True,2,1,5,6,leadstatus,"date_account_came_inbound, last_deal_pipeline, leadstatus, lifecyclestage, salesforcecontactid",Status > leadstatus > SF:status
568330583,# of Employee properties - Company to Deal,False,MEDIUM - SF Connected,Active enrollment,True,2024-03-25,2025-04-25,214,2024,True,Keep as-is,False,False,False,379881.0,1009.0,0.0,True,True,1,4,5,9,"apollo_employees, clearbit_employees, hubspot_employees, numberofemployees","apollo_employees, clearbit_employees, hs_name, hs_value, numberofemployees",Employees > numberofemployees > SF:numberofemployees
561689637,~ Source of funds - contact --> Company,False,MEDIUM - SF Connected,Active enrollment,True,2024-02-23,2025-04-25,214,2024,True,Keep as-is,False,False,False,22120.0,474.0,0.0,True,True,2,3,2,5,"industry_, industry_app, source_of_funds","industry_app, source_of_funds",~Industry - Application > industry_app > SF:industry_signup__c; ~ Source of Funds > source_of_funds > SF:source_of_funds_signup__c
557685650,Account Activated - Deal --> Company,False,MEDIUM - SF Connected,Active enrollment,True,2024-02-05,2025-04-25,214,2024,True,Keep as-is,False,False,False,9278.0,137.0,0.0,True,True,1,3,2,5,"account_activated_, timestamp__account_activated, timestamp_account_activated__c","timestamp__account_activated, timestamp_account_activated__c",Activated Date [S4] > timestamp_account_activated__c > SF:activated_date__c
557728034,Account Created Date - Deal --> Company,False,MEDIUM - SF Connected,Active enrollment,True,2024-02-05,2025-04-25,214,2024,True,Keep as Canonical Workflow,False,False,True,6610.0,187.0,0.0,True,True,1,1,1,2,timestamp__account_created,timestamp__account_created,Client Approved Date > timestamp__account_created > SF:application_approved_date__c
589837437,Account Tag - company --> Contact,False,MEDIUM - SF Connected,Active enrollment,True,2024-06-27,2025-04-25,214,2024,True,Keep as-is,False,False,False,45735.0,155.0,0.0,True,True,1,2,1,3,"account_tag, account_tag__c",account_tag__c,Account Tag > account_tag__c > SF:account_tag__c
557685654,Activated Date - Company --> Contact,False,HIGH - Active,Active enrollment,True,2024-02-05,2025-04-25,214,2024,True,Keep as-is,False,False,False,14873.0,282.0,0.0,True,False,0,2,2,4,"account_activated_, timestamp__account_activated","num_associated_contacts, timestamp__account_activated",
559233027,Affiliate Subchannel - Company --> Deal,False,HIGH - Active,Active enrollment,True,2024-02-12,2025-04-25,214,2024,True,Keep as-is,False,False,False,1586.0,41.0,0.0,True,False,0,1,1,2,affiliate_subchannel,affiliate_subchannel,
559222836,Affiliate Subchannel - Contact --> Company,False,HIGH - Active,Active enrollment,True,2024-02-12,2025-04-25,214,2024,True,Keep as-is,False,False,False,17297.0,39.0,0.0,True,False,0,2,2,4,"affiliate_subchannel, inbound_subchannel","affiliate_subchannel, inbound_subchannel",
536063834,Application Status - Deal - Deal --> Company + Contact,False,MEDIUM - SF Connected,Active enrollment,True,2023-12-13,2025-04-25,214,2023,True,Keep as-is,False,False,False,36441.0,914.0,0.0,True,True,1,1,3,4,application_status___deal,"application_status___deal, hs_name, hs_value",Application Status - Deal > application_status___deal > SF:application_status_signup__c
509948556,Automated Marketing Lead Email,False,MEDIUM - Enabled,Enabled,True,2023-11-09,2025-04-25,214,2023,True,Keep as-is,False,False,False,2781.0,0.0,0.0,False,False,0,1,2,3,nan,"lead_gen_source, lifecyclestage",
574991497,Average Monthly Bank Balance - Company --> Deal,False,MEDIUM - SF Connected,Active enrollment,True,2024-04-23,2025-04-25,214,2024,True,Keep as-is,False,False,False,413091.0,1435.0,0.0,True,True,1,1,3,4,average_monthly_balance,"average_monthly_balance, hs_name, hs_value",Average Monthly Balance > average_monthly_balance > SF:average_monthly_balance__c
575598511,Bank Balance - 2 months ago - Company --> Deal,False,MEDIUM - SF Connected,Active enrollment,True,2024-04-26,2025-04-25,214,2024,True,Keep as-is,False,False,False,56819.0,506.0,0.0,True,True,1,1,3,4,checking_deposit_balance___2_months_ago,"checking_deposit_balance___2_months_ago, hs_name, hs_value",Checking Deposit Balance - 2 Months ago > checking_deposit_balance___2_months_ago > SF:checking_deposit_balance_2_months_ago__c
575598505,Bank Balance - last month - Company --> Deal,False,MEDIUM - SF Connected,Active enrollment,True,2024-04-26,2025-04-25,214,2024,True,Keep as-is,False,False,False,59548.0,506.0,0.0,True,True,1,1,3,4,checking_deposit_balance___last_month,"checking_deposit_balance___last_month, hs_name, hs_value",Checking Deposit Balance - Last Month > checking_deposit_balance___last_month > SF:checking_deposit_balance_last_month__c
581545485,Bestmoney - Closed Lost,False,HIGH - Heavy SF Integration,Enabled,True,2024-05-22,2025-04-25,214,2024,True,Delete,True,False,False,220.0,0.0,0.0,False,True,6,2,6,8,"bm_cl_date, deal_stage","compliance_denial_reason, deal_stage, disqualified_reason___application, pre_qualification_outcome, primary_lead_channel, utm_source",Deal Stage > deal_stage > SF:deal_stage__c
581069693,Bestmoney - New Lead,False,MEDIUM - SF Connected,Enabled,True,2024-05-20,2025-04-25,214,2024,True,Delete,True,False,False,261.0,0.0,0.0,False,True,3,1,3,4,deal_stage,"deal_stage, primary_lead_channel, utm_source",Deal Stage > deal_stage > SF:deal_stage__c
581069706,Bestmoney - Unverified Platform Access,False,MEDIUM - SF Connected,Enabled,True,2024-05-20,2025-04-25,214,2024,True,Delete,True,False,False,170.0,0.0,0.0,False,True,3,1,3,4,bm_upa_date,"deal_stage, primary_lead_channel, utm_source",
581069714,Bestmoney - Verification pending,False,MEDIUM - SF Connected,Enabled,True,2024-05-20,2025-04-25,214,2024,True,Delete,True,False,False,127.0,0.0,0.0,False,True,3,1,3,4,bm_vp_date,"deal_stage, primary_lead_channel, utm_source",
535329056,Bottom Funnel - Seller Notification,False,MEDIUM - SF Connected,Enabled,True,2023-12-12,2025-04-25,214,2023,True,Keep as-is,False,False,False,667.0,0.0,0.0,False,True,2,1,3,4,nan,"hubspot_owner_id, inbound_priority_type__cloned_, salesforcecontactid",
597765536,Bucket = Partner --> Lead Source = Partner,False,MEDIUM - SF Connected,Active enrollment,True,2024-07-30,2025-04-25,214,2024,True,Keep as Canonical Workflow,False,False,True,281.0,7.0,0.0,True,True,2,1,2,3,lead_source,"inbound_channel_bucket, lead_source",Lead Source [Deprecated] > lead_source > SF:leadsource
566838305,CA > 7 Days - deal,False,MEDIUM - SF Connected,Active enrollment,True,2024-03-18,2025-04-25,214,2024,True,Keep as-is,False,False,False,6469.0,177.0,0.0,True,True,1,1,1,2,ca___7_days,timestamp__account_created,
525613921,Call Made = Yes,False,MEDIUM - SF Connected,Active enrollment,True,2023-11-29,2025-04-25,214,2023,True,Keep as-is,False,False,False,17446.0,1.0,0.0,True,True,1,1,3,4,inbound_call_made_,"call_attempts, date_account_came_inbound, hs_engagement_type",
558374700,Clearbit Revenue - Contact --> Deal,False,MEDIUM - SF Connected,Active enrollment,True,2024-02-07,2025-04-25,214,2024,True,Keep as-is,False,False,False,22788.0,451.0,0.0,True,True,1,2,2,4,"clearbit_revenue, seamless_revenue__c","clearbit_revenue, seamless_revenue__c",Clearbit Revenue > seamless_revenue__c > SF:seamless_revenue__c
558309953,Client Approved - Company --> Contacts,False,HIGH - Canonical Workflow,Active enrollment,True,2024-02-07,2025-04-25,214,2024,True,Keep but Consolidate into Canonical Workflow,False,True,True,12211.0,396.0,0.0,True,False,0,1,2,3,client_approved_,"client_approved_, num_associated_contacts",
558307627,Client Approved - Deal --> Company,False,HIGH - Canonical Workflow,Active enrollment,True,2024-02-07,2025-04-25,214,2024,True,Keep as Canonical Workflow,False,False,True,6674.0,187.0,0.0,True,False,0,1,1,2,client_approved_,client_approved_,
557715612,Client Approved Date - Company --> Contact,False,MEDIUM - SF Connected,Active enrollment,True,2024-02-05,2025-04-25,214,2024,True,Keep but Consolidate into Canonical Workflow,False,True,True,11942.0,379.0,0.0,True,True,1,1,2,3,timestamp__account_created,"num_associated_contacts, timestamp__account_created",Client Approved Date > timestamp__account_created > SF:application_approved_date__c
558311214,Client Approved? - deal,False,MEDIUM - SF Connected,Active enrollment,True,2024-02-07,2025-04-25,214,2024,True,Keep but Consolidate into Canonical Workflow,False,True,True,6674.0,187.0,0.0,True,True,1,1,1,2,client_approved_,timestamp__account_created,
556542829,Company --> Contact - First deal date - custom list,False,HIGH - Canonical Workflow,Active enrollment,True,2024-01-30,2025-04-25,214,2024,True,Keep but Consolidate into Canonical Workflow,False,True,True,35413.0,583.0,0.0,True,False,0,2,1,3,"first_company_deal_created_date, first_deal_created_date",nan,
553171267,Company --> Contact - Rho Use case,False,HIGH - Canonical Workflow,Active enrollment,True,2024-01-12,2025-04-25,214,2024,True,Keep as Canonical Workflow,False,False,True,1867.0,30.0,0.0,True,False,0,1,3,4,rho_use_case,"hs_name, hs_value, rho_use_case",
568310826,Company Size - Contact --> Deal,False,MEDIUM - SF Connected,Active enrollment,True,2024-03-25,2025-04-25,214,2024,True,Keep as-is,False,False,False,19992.0,180.0,0.0,True,True,1,1,1,2,company_size,company_size,Company size - LN/FB > company_size > SF:company_size_linkedin__c
573508638,Compliance Denial Reason - Deal --> Contact,False,MEDIUM - SF Connected,Active enrollment,True,2024-04-16,2025-04-25,214,2024,True,Keep as-is,False,False,False,9371.0,192.0,0.0,True,True,1,1,1,2,compliance_denial_reason,compliance_denial_reason,Compliance Denial Reason > compliance_denial_reason > SF:compliance_denial_reason__c
590939718,Compliance DRI - Deal --> Contact,False,MEDIUM - SF Connected,Active enrollment,True,2024-07-02,2025-04-25,214,2024,True,Keep as-is,False,False,False,46270.0,909.0,0.0,True,True,1,1,3,4,compliance_dri,"compliance_dri, hs_name, hs_value",Compliance DRI > compliance_dri > SF:compliance_dri__c
585236254,Contact - Deal Event is updated - Update on Contact,False,MEDIUM - SF Connected,Active enrollment,True,2024-06-09,2025-04-25,214,2024,True,Keep as-is,False,False,False,4441.0,61.0,0.0,True,True,1,2,1,3,"deal___event, event",deal___event,Event > event > SF:event__c
570882591,Contact - SQL? = yes,False,MEDIUM - SF Connected,Active enrollment,True,2024-04-06,2025-04-25,214,2024,True,Keep as Canonical Workflow,False,False,True,33491.0,773.0,0.0,True,True,1,1,2,3,sql_,"sql_, sql_date",
567291832,Contact --> Deal - Sign up flow employees,False,MEDIUM - SF Connected,Active enrollment,True,2024-03-20,2025-04-25,214,2024,True,Keep as-is,False,False,False,5558.0,191.0,0.0,True,True,2,2,2,4,"employeescountrange, signup_flow_employees","employeescountrange, signup_flow_employees",~Sign Up Flow Employees - Application > employeescountrange > SF:employees_signup__c; ~ Sign up Flow Employees > signup_flow_employees > SF:employees_signup__c
566213962,Contact made = yes,False,MEDIUM - SF Connected,Active enrollment,True,2024-03-15,2025-04-25,214,2024,True,Keep but Consolidate into Canonical Workflow,False,True,True,6149.0,166.0,0.0,True,True,2,1,5,6,contact_made_,"contact_made_, date_account_came_inbound, hs_task_subject, leadstatus, sdr_meeting_booked_",
1605257488,Copy ''Inbound Notes'' from Contact to Deal (Influencers),False,MEDIUM - SF Connected,Enabled,True,2024-11-05,2025-04-25,214,2024,True,Delete,True,False,False,79.0,0.0,0.0,False,True,3,1,2,3,sales_notes__c,"createdate, inbound_notes",Sales Notes > sales_notes__c > SF:sales_notes__c
540077349,Copy Bottom Funnel Warm date to Deal,False,MEDIUM - SF Connected,Enabled,True,2023-12-18,2025-04-25,214,2023,True,Keep as-is,False,False,False,952.0,0.0,0.0,False,True,1,2,1,3,"bottom_funnel_warm_date, lead_nurturing_bottom_enroll_date",lead_nurturing_bottom_enroll_date,LN Bottom Funnel date > lead_nurturing_bottom_enroll_date > SF:bottom_funnel_date__c
573652293,copy city and state from company to contact (cloned),False,MEDIUM - SF Connected,Active enrollment,True,2024-04-17,2025-04-25,214,2024,True,Keep as-is,False,False,False,347868.0,822.0,0.0,True,True,2,5,4,9,"city, city__c, hubspot_city, hubspot_state, state","city, hs_name, hs_value, state",City > city > SF:city; mailingcity; State/Region > state > SF:mailingstate
585622274,Copy deal owner to contact owner,False,MEDIUM - SF Connected,Active enrollment,True,2024-06-10,2025-04-25,214,2024,True,Keep as Canonical Workflow,False,False,True,41370.0,662.0,0.0,True,True,1,2,2,4,"deal_owner, hubspot_owner_id","deal_owner, hubspot_owner_id",Contact owner > hubspot_owner_id > SF:ownerid
509312823,Copy industry app --> Industry,False,MEDIUM - SF Connected,Active enrollment,True,2023-11-08,2025-04-25,214,2023,True,Keep as-is,False,False,False,22127.0,474.0,0.0,True,True,2,2,1,3,"industry, industry_app",industry_app,Industry - Hubspot > industry > SF:industry; industry_signup__c; ~Industry - Application > industry_app > SF:industry_signup__c
575011141,Credit App Status - Company --> contact,False,MEDIUM - SF Connected,Active enrollment,True,2024-04-23,2025-04-25,214,2024,True,Keep but Consolidate into Canonical Workflow,False,True,True,5551.0,86.0,0.0,True,True,1,2,3,5,"credit_app_status, credit_application_status__c","credit_application_status__c, hs_name, hs_value",Credit Application Status > credit_application_status__c > SF:credit_application_status__c
573904764,Credit App Status - Company --> Deal,False,MEDIUM - SF Connected,Active enrollment,True,2024-04-18,2025-04-25,214,2024,True,Keep as Canonical Workflow,False,False,True,5566.0,86.0,0.0,True,True,1,2,3,5,"credit_app_status, credit_application_status__c","credit_application_status__c, hs_name, hs_value",Credit Application Status > credit_application_status__c > SF:credit_application_status__c
571511826,Current Bank Balance - Company --> Deal,False,MEDIUM - SF Connected,Active enrollment,True,2024-04-09,2025-04-25,214,2024,True,Keep as-is,False,False,False,494024.0,10986.0,0.0,True,True,1,1,3,4,bank_balance___current,"bank_balance___current, hs_name, hs_value",Checking Deposit Balance - Current > bank_balance___current > SF:checking_deposit_balance_current__c
585380901,Deal - Contact Event was updated - Update on Deal,False,MEDIUM - SF Connected,Active enrollment,True,2024-06-09,2025-04-25,214,2024,True,Keep as-is,False,False,False,11825.0,198.0,0.0,True,True,1,2,3,5,"event___contact, event__c","event___contact, hs_name, hs_value",Event > event__c > SF:event__c
585380896,Deal - Contact PIC was updated - Update on Deal,False,MEDIUM - SF Connected,Active enrollment,True,2024-06-09,2025-04-25,214,2024,True,Keep as-is,False,False,False,27439.0,646.0,0.0,True,True,1,2,3,5,"pic___contact, primary_inbound_channel","hs_name, hs_value, pic___contact",Primary_Inbound_Channel > primary_inbound_channel > SF:primary_inbound_channel__c
585409209,Deal - Fix Primary Inbound - Naming,False,MEDIUM - SF Connected,Active enrollment,True,2024-06-09,2025-04-25,214,2024,True,Keep as Canonical Workflow,False,False,True,49689.0,1185.0,0.0,True,True,1,1,3,4,primary_inbound_channel,"hs_name, hs_value, primary_inbound_channel",Primary_Inbound_Channel > primary_inbound_channel > SF:primary_inbound_channel__c
554266371,Deal - SAL = yes,False,MEDIUM - SF Connected,Active enrollment,True,2024-01-18,2025-04-25,214,2024,True,Keep as-is,False,False,False,24187.0,410.0,0.0,True,True,1,1,1,2,sal_,sal_date__c,
554148731,Deal - Set to disqualifed = yes,False,MEDIUM - SF Connected,Active enrollment,True,2024-01-17,2025-04-25,214,2024,True,Keep but Consolidate into Canonical Workflow,False,True,True,15345.0,259.0,0.0,True,True,2,1,3,4,disqualified_,"dealstage, hs_name, hs_value",Disqualified? > disqualified_ > SF:disqualified__c
554228842,Deal - SQL = Yes,False,MEDIUM - SF Connected,Active enrollment,True,2024-01-18,2025-04-25,214,2024,True,Keep but Consolidate into Canonical Workflow,False,True,True,26648.0,475.0,0.0,True,True,1,1,1,2,sql_,sql_date,
554527846,Deal --> Contact - SQL,False,MEDIUM - SF Connected,Active enrollment,True,2024-01-19,2025-04-25,214,2024,True,Keep as Canonical Workflow,False,False,True,9605.0,120.0,0.0,True,True,1,2,1,3,"sql_, sql_date",sql_date,SQL Date > sql_date > SF:sql_date__c
565518086,Deal PIC - startup nyc --> rho banks,False,MEDIUM - SF Connected,Active enrollment,True,2024-03-12,2025-04-25,214,2024,True,Keep but Consolidate into Canonical Workflow,False,True,True,848.0,49.0,0.0,True,True,1,1,1,2,primary_inbound_channel,primary_inbound_channel,Primary_Inbound_Channel > primary_inbound_channel > SF:primary_inbound_channel__c
555253071,Deal Stage - Company --> Contact,False,MEDIUM - SF Connected,Active enrollment,True,2024-01-23,2025-04-25,214,2024,True,Keep as-is,False,False,False,51977.0,860.0,0.0,True,True,1,2,4,6,"deal_stage, opportunity_stage","hs_name, hs_value, num_associated_contacts, opportunity_stage",Deal Stage > deal_stage > SF:deal_stage__c
578880015,Deal stage --> 'Contact Deal Stage',False,MEDIUM - SF Connected,Active enrollment,True,2024-05-10,2025-04-25,214,2024,True,Keep as-is,False,False,False,112716.0,2309.0,0.0,True,True,1,2,3,5,"contact_deal_stage, dealstage","dealstage, hs_name, hs_value",Deal Stage > dealstage > SF:stagename
557946446,Deal Stage -Deal --> Contact,False,MEDIUM - SF Connected,Active enrollment,True,2024-02-05,2025-04-25,214,2024,True,Keep but Consolidate into Canonical Workflow,False,True,True,126183.0,2308.0,0.0,True,True,2,1,3,4,deal_stage,"dealstage, hs_name, hs_value",Deal Stage > deal_stage > SF:deal_stage__c
558111086,disqualified - Company --> Contact,False,MEDIUM - SF Connected,Active enrollment,True,2024-02-06,2025-04-25,214,2024,True,Keep but Consolidate into Canonical Workflow,False,True,True,27428.0,286.0,0.0,True,True,1,1,2,3,disqualified_,"disqualified_, num_associated_contacts",Disqualified? > disqualified_ > SF:disqualified__c
558120779,Disqualified - Contact --> Company,False,MEDIUM - SF Connected,Active enrollment,True,2024-02-06,2025-04-25,214,2024,True,Keep as Canonical Workflow,False,False,True,46868.0,305.0,0.0,True,True,1,1,1,2,disqualified_,disqualified_,Disqualified? > disqualified_ > SF:disqualified__c
558120196,Disqualified - Deal --> Company,False,MEDIUM - SF Connected,Active enrollment,True,2024-02-06,2025-04-25,214,2024,True,Keep but Consolidate into Canonical Workflow,False,True,True,14958.0,258.0,0.0,True,True,1,1,1,2,disqualified_,disqualified_,Disqualified? > disqualified_ > SF:disqualified__c
561685164,Estimated 12 mo GP (mtd) - Company --> Deal/Contact,False,MEDIUM - SF Connected,Active enrollment,True,2024-02-23,2025-04-25,214,2024,True,Keep as-is,False,False,False,48327.0,820.0,0.0,True,True,1,2,1,3,"estimated_12_mo__gp__mtd_, n12_mo__estimated_revenue__mtd_",gross_profit___mtd,
561193822,estimated 365 days rev - mtd - company --> Deal,False,HIGH - Active,Active enrollment,True,2024-02-21,2025-04-25,214,2024,True,Keep as-is,False,False,False,1139436.0,11403.0,0.0,True,False,0,2,4,6,"n365_est__rev__mtd____2, n365_est_rev__mtd_","hs_name, hs_value, n365_est__rev__mtd____2, today_s_date",
585586772,Event = Tech week --> Set as rho banks nyc and nyrbnyc -,False,MEDIUM - SF Connected,Active enrollment,True,2024-06-10,2025-04-25,214,2024,True,Keep as-is,False,False,False,7276.0,1.0,0.0,True,True,1,2,1,3,"ny_rbnyc, rho_banks_nyc",event,
578684426,Exclusion List = no,False,HIGH - Canonical Workflow,Active enrollment,True,2024-05-09,2025-04-25,214,2024,True,Keep but Consolidate into Canonical Workflow,False,True,True,533.0,1.0,0.0,True,False,0,1,1,2,exclusion_list_,exclusion_list_,
578681952,Exclusion List = yes,False,HIGH - Canonical Workflow,Active enrollment,True,2024-05-09,2025-04-25,214,2024,True,Keep as Canonical Workflow,False,False,True,374649.0,1524.0,0.0,True,False,0,1,1,2,exclusion_list_,exclusion_list_,
531538003,First Page Seen - Company --> Deal,False,HIGH - Active,Active enrollment,True,2023-12-07,2025-04-25,214,2023,True,Keep as-is,False,False,False,22376.0,456.0,0.0,True,False,0,1,3,4,first_page_seen,"first_page_seen, hs_name, hs_value",
531613697,First Page Seen - Contact to Company,False,MEDIUM - SF Connected,Active enrollment,True,2023-12-07,2025-04-25,214,2023,True,Keep as-is,False,False,False,55588.0,577.0,0.0,True,True,1,2,2,4,"first_page_seen, hs_analytics_first_url","first_page_seen, hs_analytics_first_url",First Page Seen > hs_analytics_first_url > SF:first_page_seen__c
588150144,Fraud = Yes,False,MEDIUM - SF Connected,Active enrollment,True,2024-06-20,2025-04-25,214,2024,True,Keep as-is,False,False,False,4682.0,147.0,0.0,True,True,1,1,1,2,fraud___yes,compliance_denial_reason,
573093957,Gross Profit - 2 months ago - Company --> Deal,False,MEDIUM - SF Connected,Active enrollment,True,2024-04-15,2025-04-25,214,2024,True,Keep as-is,False,False,False,315178.0,14149.0,0.0,True,True,1,1,3,4,gross_profit___2_months_ago,"gross_profit___2_months_ago, hs_name, hs_value",Gross Profit - 2 months ago > gross_profit___2_months_ago > SF:gross_profit_2_months_ago__c
575593337,Gross Profit - 3 months ago - Company --> Deal,False,MEDIUM - SF Connected,Active enrollment,True,2024-04-26,2025-04-25,214,2024,True,Keep as-is,False,False,False,283198.0,15530.0,0.0,True,True,1,1,3,4,gross_profit___3_months_ago,"gross_profit___3_months_ago, hs_name, hs_value",Gross Profit - 3 months ago > gross_profit___3_months_ago > SF:gross_profit_3_months_ago__c
573203537,Gross Profit - Last Month - Company --> Deal,False,MEDIUM - SF Connected,Active enrollment,True,2024-04-15,2025-04-25,214,2024,True,Keep as-is,False,False,False,487405.0,22068.0,0.0,True,True,1,1,3,4,gross_profit___last_month,"gross_profit___last_month, hs_name, hs_value",Gross Profit - Last Month  > gross_profit___last_month > SF:gross_profit_last_month__c
575597968,Gross Profit - MTD - Company --> Deal,False,MEDIUM - SF Connected,Active enrollment,True,2024-04-26,2025-04-25,214,2024,True,Keep as-is,False,False,False,2557269.0,63759.0,0.0,True,True,1,1,3,4,gross_profit___mtd,"gross_profit___mtd, hs_name, hs_value",Gross Profit - MTD > gross_profit___mtd > SF:gross_profit_month_to_date__c
564155229,Gross Profit All time - Company --> Deal,False,MEDIUM - SF Connected,Active enrollment,True,2024-03-05,2025-04-25,214,2024,True,Keep as-is,False,False,False,2888667.0,69371.0,0.0,True,True,1,1,3,4,gross_profit___all_time,"gross_profit___all_time, hs_name, hs_value",Gross Profit - All Time > gross_profit___all_time > SF:gross_profit_all_time__c
585889384,How did you hear about us - dropdown --> How did you hear about us,False,MEDIUM - SF Connected,Active enrollment,True,2024-06-11,2025-04-25,214,2024,True,Keep as-is,False,False,False,2145.0,89.0,0.0,True,True,2,2,1,3,"dropdown___how_did_you_first_hear_about_rho_, how_did_you_first_hear_about_rho",dropdown___how_did_you_first_hear_about_rho_,Dropdown - How did you first hear about Rho? > dropdown___how_did_you_first_hear_about_rho_ > SF:how_did_you_hear_about_us__c; How did you first hear about Rho? > how_did_you_first_hear_about_rho > SF:hdyhau_other__c
568330310,ICP category - Deal --> Contact,False,MEDIUM - SF Connected,Active enrollment,True,2024-03-25,2025-04-25,214,2024,True,Keep as-is,False,False,False,17060.0,415.0,0.0,True,True,2,1,2,3,icp_category,"icp_category, opportunity_created_date",ICP Category [Contact] > icp_category > SF:icp_category__c
583256482,Inbound Channel Bucket - Contacts,False,MEDIUM - SF Connected,Active enrollment,True,2024-05-30,2025-04-25,214,2024,True,Keep as-is,False,False,False,76263.0,893.0,0.0,True,True,4,1,4,5,demand_gen_bucket,"event, marketing_lead_channel, primary_lead_channel, sync_to_objects",Inbound Channel Bucket > demand_gen_bucket > SF:inbound_channel_bucket__c
583258402,Inbound Channel Bucket - Deal,False,MEDIUM - SF Connected,Active enrollment,True,2024-05-30,2025-04-25,214,2024,True,Keep as-is,False,False,False,67711.0,1239.0,0.0,True,True,4,2,7,9,"contact___bucket, inbound_channel_bucket","contact___bucket, event__c, hs_name, hs_value, marketing_lead_channel, pic___contact, primary_inbound_channel",Inbound Channel Bucket > inbound_channel_bucket > SF:inbound_channel_bucket__c
516066563,Inbound type - Company --> Deal,False,MEDIUM - SF Connected,Active enrollment,True,2023-11-17,2025-04-25,214,2023,True,Keep but Consolidate into Canonical Workflow,False,True,True,22623.0,534.0,0.0,True,True,2,1,4,5,inbound_type,"inbound_type, num_associated_deals, pipeline, sync_to_objects",Inbound Type > inbound_type > SF:inbound_type__c
516064056,Inbound type - Contact --> Company,False,MEDIUM - SF Connected,Active enrollment,True,2023-11-17,2025-04-25,214,2023,True,Keep as Canonical Workflow,False,False,True,32262.0,560.0,0.0,True,True,2,1,3,4,inbound_type,"inbound_priority_type__cloned_, inbound_type, sync_to_objects",Inbound Type > inbound_type > SF:inbound_type__c
551271228,Inbound type - Contact --> Company - has a deal,False,MEDIUM - SF Connected,Active enrollment,True,2024-01-02,2025-04-25,214,2024,True,Keep but Consolidate into Canonical Workflow,False,True,True,6072.0,145.0,0.0,True,True,2,1,3,4,inbound_type,"inbound_priority_type__cloned_, inbound_type, of_associated_company_deals",Inbound Type > inbound_type > SF:inbound_type__c
509829934,Last Marketing Email Name/Date - Contact --> Company,False,MEDIUM - SF Connected,Active enrollment,True,2023-11-09,2025-04-25,214,2023,True,Keep as-is,False,False,False,1331320.0,972.0,1.0,True,True,2,4,1,5,"hs_email_last_email_name, hs_email_last_send_date, last_marketing_email_name, last_marketing_email_send_date",nan,Last marketing email name > hs_email_last_email_name > SF:last_marketing_email_name__c; Last marketing email send date > hs_email_last_send_date > SF:last_marketing_email_date__c
573911659,Latest Disposition - Contact --> Deal,False,MEDIUM - SF Connected,Enabled,True,2024-04-18,2025-04-25,214,2024,True,Keep as-is,False,False,False,1517.0,0.0,0.0,False,True,1,1,2,3,latest_disposition,"createdate, latest_disposition",
566224724,Lead > 14 days old,False,MEDIUM - SF Connected,Active enrollment,True,2024-03-15,2025-04-25,214,2024,True,Keep as-is,False,False,False,73080.0,980.0,0.0,True,True,1,1,1,2,inbound__14_days_old,date_account_came_inbound,
566207021,Lead > 7 days old,False,MEDIUM - SF Connected,Active enrollment,True,2024-03-15,2025-04-25,214,2024,True,Keep as-is,False,False,False,73976.0,901.0,0.0,True,True,1,1,1,2,inbound__7_days_old,date_account_came_inbound,
504730640,Lead nurturing finished --> Stamp LN end date,False,HIGH - Active,Active enrollment,True,2023-11-02,2025-04-25,214,2023,True,Keep as-is,False,False,False,168394.0,24.0,0.0,True,False,0,1,2,3,lead_nurturing_end_date,"lead_nurturing_end_date, lead_nurturing_status",
551889471,Lead Nurturing Master exclusion List --> LN Finished,False,HIGH - Canonical Workflow,Active enrollment,True,2024-01-05,2025-04-25,214,2024,True,Keep but Consolidate into Canonical Workflow,False,True,True,13844.0,18.0,0.0,True,False,0,1,1,2,lead_nurturing_status,lead_nurturing_status,
508453013,Lead Nurturing Path - Company --> Deal,False,MEDIUM - SF Connected,Active enrollment,True,2023-11-07,2025-04-25,214,2023,True,Keep as-is,False,False,False,1939.0,32.0,0.0,True,True,1,1,2,3,lead_nurturing_path,"lead_nurturing_path, pipeline",
508455801,Lead Nurturing Path - Contact --> Company,False,MEDIUM - Enabled,Enabled,True,2023-11-07,2025-04-25,214,2023,True,Keep as-is,False,False,False,213023.0,0.0,0.0,False,False,0,2,1,3,"lead_nurturing_path, nurture_path",nurture_path,
568986656,Lead Routed to Owner,False,MEDIUM - SF Connected,Active enrollment,True,2024-03-28,2025-04-25,214,2024,True,Keep as-is,False,False,False,17830.0,289.0,0.0,True,True,4,4,6,10,"deal_owner, lead_routed_to, original_owner, original_ownership","date_account_came_inbound, deal_owner, hubspot_owner_assigneddate, inbound_priority_type__cloned_, original_owner, original_ownership",Original Owner > original_owner > SF:original_owner__c; Original ownership > original_ownership > SF:original_owner_lead__c
555253790,Lifecycle stage = SAL,False,MEDIUM - SF Connected,Active enrollment,True,2024-01-23,2025-04-25,214,2024,True,Keep but Consolidate into Canonical Workflow,False,True,True,13390.0,247.0,0.0,True,True,3,1,4,5,lifecyclestage,"dealstage, lifecyclestage, pipeline, sal_date__c",
558383127,Marketing Lead Source --> Marketing Lead_Source,False,MEDIUM - SF Connected,Enabled,True,2024-02-07,2025-04-25,214,2024,True,Keep as-is,False,False,False,39167.0,0.0,0.0,False,True,1,2,1,3,"lead_gen_source, marketing_lead_source",lead_gen_source,Marketing Lead_Source > marketing_lead_source > SF:marketing_lead_source__c
502419584,Marketing Leads --> Stamp Path --> LN status = enrolled,False,MEDIUM - SF Connected,Active enrollment,True,2023-10-30,2025-04-25,214,2023,True,Keep as-is,False,False,False,1937.0,0.0,2.0,True,True,1,2,5,7,"lead_nurturing_status, nurture_path","icp_category, lead_gen_source, lead_nurturing_status, lifecyclestage, nurture_path",
537218482,Meeting Set --> SQL = Yes,False,MEDIUM - SF Connected,Active enrollment,True,2023-12-14,2025-04-25,214,2023,True,Keep but Consolidate into Canonical Workflow,False,True,True,1509.0,25.0,0.0,True,True,2,1,5,6,sql_,"date_account_came_inbound, leadstatus, lifecyclestage, sdr_meeting_booked_, sql_",
531539364,Middle - warm,False,MEDIUM - SF Connected,Enabled,True,2023-12-07,2025-04-25,214,2023,True,Keep as-is,False,False,False,19732.0,0.0,0.0,False,True,1,1,1,2,middle___warm_,hubspotscore,
555039033,Navan referral - external notification,False,MEDIUM - Enabled,Enabled,True,2024-01-22,2025-04-25,214,2024,True,Delete,True,False,False,225.0,0.0,0.0,False,False,0,1,1,2,nan,nan,
573638972,NY RBNYC - Company --> Contact + Deal,False,MEDIUM - SF Connected,Active enrollment,True,2024-04-17,2025-04-25,214,2024,True,Keep but Consolidate into Canonical Workflow,False,True,True,11656.0,35.0,0.0,True,True,1,1,6,7,ny_rbnyc,"clearbit_state, hs_name, hs_value, ny_rbnyc, rho_banks_nyc, state",
573652335,NY RBNYC - contact --> Company and Deal,False,MEDIUM - SF Connected,Active enrollment,True,2024-04-17,2025-04-25,214,2024,True,Keep as Canonical Workflow,False,False,True,5717.0,8.0,0.0,True,True,1,1,4,5,ny_rbnyc,"hubspot_state, ip_state, rho_banks_nyc, state",
597730484,Opportunity source - Deal --> Contact,False,MEDIUM - SF Connected,Active enrollment,True,2024-07-30,2025-04-25,214,2024,True,Keep as-is,False,False,False,53614.0,1012.0,0.0,True,True,1,1,3,4,opportunity_source,"hs_name, hs_value, opportunity_source",Opportunity Source > opportunity_source > SF:opportunity_source__c
585830297,Out of Home --> Event = Tech week,False,MEDIUM - SF Connected,Enabled,True,2024-06-11,2025-04-25,214,2024,True,Delete,True,False,False,39.0,0.0,0.0,False,True,2,1,1,2,event,primary_lead_channel,Event > event > SF:event__c
553202285,Overall Application Status - Deal --> Company + Contact,False,MEDIUM - SF Connected,Active enrollment,True,2024-01-12,2025-04-25,214,2024,True,Keep as-is,False,False,False,45238.0,1130.0,0.0,True,True,1,1,3,4,overall_application_status,"hs_name, hs_value, overall_application_status",Overall Application Status > overall_application_status > SF:overall_application_status__c
565487704,Owner - Reed or Justin --> Marketing pool,False,MEDIUM - SF Connected,Enabled,True,2024-03-12,2025-04-25,214,2024,True,Keep as Canonical Workflow,False,False,True,817.0,0.0,0.0,False,True,2,1,2,3,hubspot_owner_id,"apollo_tag, hubspot_owner_id",Contact owner > hubspot_owner_id > SF:ownerid
536119865,Part of Playground = Yes,False,MEDIUM - Enabled,Enabled,True,2023-12-13,2025-04-25,214,2023,True,Keep as-is,False,False,False,7283.0,0.0,0.0,False,False,0,1,1,2,playground_,pre_qualification_started,
600145329,Partnerships - Inbound Operations,False,MEDIUM - SF Connected,Active enrollment,True,2024-08-08,2025-04-25,214,2024,True,Delete,True,False,False,233.0,5.0,0.0,True,True,2,2,1,3,"leadsource, referrer___a",partnership,Lead Source > leadsource > SF:leadsource; Partner Referrer - Account > referrer___a > SF:referrer_account__c; referrer_lookup__c
565556096,Playground signups --> status = new,False,MEDIUM - SF Connected,Enabled,True,2024-03-12,2025-04-25,214,2024,True,Keep but Consolidate into Canonical Workflow,False,True,True,3911.0,0.0,0.0,False,True,4,1,8,9,leadstatus,"date_account_came_inbound, dealstage, leadstatus, lifecyclestage, playground_, pre_qualification_outcome, salesforcecontactid, sdr_meeting_booked_",Status > leadstatus > SF:status
551846981,Post Intro Call Booked - set as marketing contact,False,MEDIUM - SF Connected,Enabled,True,2024-01-05,2025-04-25,214,2024,True,Delete,True,False,False,443.0,0.0,0.0,False,True,2,1,2,3,nan,"pipeline, upcoming_call_date__c",
571239315,Pre qual = Unqualified --> Status = Disqualified,False,MEDIUM - SF Connected,Active enrollment,True,2024-04-08,2025-04-25,214,2024,True,Keep as-is,False,False,False,2183.0,24.0,0.0,True,True,5,3,2,5,"disqualified_, disqualified_reason__c, leadstatus","pre_qualification_outcome, unqualified_",Disqualified? > disqualified_ > SF:disqualified__c; Disqualified Reason > disqualified_reason__c > SF:disqualified_reason__c; Status > leadstatus > SF:status
551493468,Pre qual outcome - Contact --> Deal,False,MEDIUM - SF Connected,Active enrollment,True,2024-01-03,2025-04-25,214,2024,True,Keep as-is,False,False,False,18496.0,395.0,0.0,True,True,1,1,1,2,pre_qualification_outcome,pre_qualification_outcome,Pre-qualification Outcome > pre_qualification_outcome > SF:pre_qualification_outcome_signup__c; pre_qualification_outcome__c
589842757,Referrer Account --> Deal Lead source - Partner Inbound,False,MEDIUM - SF Connected,Active enrollment,True,2024-06-27,2025-04-25,214,2024,True,Keep but Consolidate into Canonical Workflow,False,True,True,1686.0,79.0,0.0,True,True,2,1,2,3,lead_source,"lead_source, referrer___account",Lead Source [Deprecated] > lead_source > SF:leadsource
574974994,Restamp Inbound Type - verification pending,False,MEDIUM - SF Connected,Active enrollment,True,2024-04-23,2025-04-25,214,2024,True,Keep as-is,False,False,False,966.0,24.0,0.0,True,True,3,1,4,5,inbound_priority_type__cloned_,"date_account_came_inbound, dealstage, inbound_priority_type__cloned_, lifecyclestage",Inbound Type > inbound_priority_type__cloned_ > SF:inbound_type__c
564753271,Rho banks nyc - change lead source to marketing,False,MEDIUM - SF Connected,Active enrollment,True,2024-03-08,2025-04-25,214,2024,True,Delete,True,False,False,496.0,17.0,0.0,True,True,3,1,3,4,leadsource,"event, leadsource, primary_lead_channel",Lead Source > leadsource > SF:leadsource
573498148,Rho Banks NYC - Contact --> Deal,False,HIGH - Canonical Workflow,Active enrollment,True,2024-04-16,2025-04-25,214,2024,True,Keep as Canonical Workflow,False,False,True,21264.0,174.0,0.0,True,False,0,1,1,2,rho_banks_nyc_,rho_banks_nyc,
573497884,rho banks nyc - deal,False,MEDIUM - SF Connected,Active enrollment,True,2024-04-16,2025-04-25,214,2024,True,Keep but Consolidate into Canonical Workflow,False,True,True,7037.0,157.0,0.0,True,True,5,1,5,6,rho_banks_nyc_,"event__c, inbound_channel_bucket, industry, primary_inbound_channel, source_of_funds",
573503127,Rho banks nyc - deal --> company,False,HIGH - Active,Active enrollment,True,2024-04-16,2025-04-25,214,2024,True,Keep as-is,False,False,False,7670.0,170.0,0.0,True,False,0,1,1,2,rho_banks_nyc,rho_banks_nyc_,
573508636,Rho Banks NYC/Hubspot-VC- contact,False,HIGH - Heavy SF Integration,Active enrollment,True,2024-04-16,2025-04-25,214,2024,True,Keep as-is,False,False,False,6824.0,176.0,13.0,True,True,10,2,10,12,"hubspot_vc, rho_banks_nyc","date_account_came_inbound, demand_gen_bucket, event__c, hs_analytics_first_url, inbound_channel_bucket, industry_app, primary_inbound_channel, primary_lead_channel, rho_banks_nyc_, source_of_funds",Hubspot-VC > hubspot_vc > SF:hubspot_vc__c
565494277,Router Status,False,MEDIUM - SF Connected,Active enrollment,True,2024-03-12,2025-04-25,214,2024,True,Keep as-is,False,False,False,16919.0,351.0,17.0,True,True,2,1,2,3,router_status,"dealstage, opportunity_created_date",
585430616,Routing Channel from Opp to Contact,False,MEDIUM - SF Connected,Active enrollment,True,2024-06-09,2025-04-25,214,2024,True,Keep as-is,False,False,False,15635.0,374.0,0.0,True,True,1,1,1,2,routing_channel,routing_channel,Routing Channel > routing_channel > SF:routing_channel__c
557730488,SAL Date - Company --> Contact,False,HIGH - Active,Active enrollment,True,2024-02-05,2025-04-25,214,2024,True,Keep as-is,False,False,False,28550.0,514.0,0.0,True,False,0,2,2,4,"sal_, sal_date","num_associated_contacts, sal_date",
570909262,SAL Date - Deal --> Company,False,MEDIUM - SF Connected,Active enrollment,True,2024-04-06,2025-04-25,214,2024,True,Keep as-is,False,False,False,22291.0,397.0,0.0,True,True,1,3,2,5,"sal_, sal_date, sal_date__c","sal_date, sal_date__c",SAL Date > sal_date__c > SF:sal_date__c
580011143,Salesforce - Hubspot-VC --> Yes,False,MEDIUM - SF Connected,Active enrollment,True,2024-05-15,2025-04-25,214,2024,True,Keep as-is,False,False,False,5834.0,143.0,9.0,True,True,3,1,3,4,hubspot_vc,"industry_app, source_of_funds, vc_backed_sfdc",Hubspot-VC > hubspot_vc > SF:hubspot_vc__c
554344979,segment - Company --> Deal,False,MEDIUM - SF Connected,Active enrollment,True,2024-01-18,2025-04-25,214,2024,True,Keep but Consolidate into Canonical Workflow,False,True,True,41375.0,362.0,0.0,True,True,1,1,2,3,segment,"dealname, segment",
554336819,Segment - Contact --> Company,False,HIGH - Canonical Workflow,Active enrollment,True,2024-01-18,2025-04-25,214,2024,True,Keep but Consolidate into Canonical Workflow,False,True,True,539805.0,615.0,0.0,True,False,0,1,1,2,segment,segment,
590721422,SelfServe/CS = Yes,False,MEDIUM - SF Connected,Active enrollment,True,2024-07-01,2025-04-25,214,2024,True,Keep as-is,False,False,False,73503.0,887.0,0.0,True,True,4,1,4,5,self_serve_cs_pipeline_,"application_submitted_date, date_account_came_inbound, inbound_priority_type__cloned_, pipeline",
582860062,Set contact deal stage = unqualified,False,MEDIUM - SF Connected,Enabled,True,2024-05-28,2025-04-25,214,2024,True,Keep as Canonical Workflow,False,False,True,945.0,0.0,0.0,False,True,2,1,2,3,deal_stage,"deal_stage, pre_qualification_outcome",Deal Stage > deal_stage > SF:deal_stage__c
535321510,Set Inbound Type - Bottom Funnel Warm,False,MEDIUM - SF Connected,Enabled,True,2023-12-12,2025-04-25,214,2023,True,Delete,True,False,False,451.0,0.0,0.0,False,True,3,2,8,10,"bf_warm, leadsource","event, funnel_stage, inbound_priority_type__cloned_, lead_nurturing_status, leadsource, lifecyclestage, not_bottom_funnel, nurture_path",Lead Source > leadsource > SF:leadsource
585837121,Set lifecycle stage as partner,False,MEDIUM - SF Connected,Active enrollment,True,2024-06-11,2025-04-25,214,2024,True,Keep but Consolidate into Canonical Workflow,False,True,True,4288.0,13.0,0.0,True,True,1,1,1,2,lifecyclestage,type,
503443093,Signup Conversion Date - Company --> Deal,False,MEDIUM - SF Connected,Active enrollment,True,2023-10-31,2025-04-25,214,2023,True,Keep but Consolidate into Canonical Workflow,False,True,True,3481.0,127.0,0.0,True,True,3,1,3,4,signup_conversion_page,"opportunity_created_date, pipeline, signup_conversion_page",Signup Conversion Page > signup_conversion_page > SF:signup_conversion_page__c
503483801,Signup Conversion page - Contact --> Company,False,MEDIUM - SF Connected,Active enrollment,True,2023-10-31,2025-04-25,214,2023,True,Keep as-is,False,False,False,32389.0,589.0,0.0,True,True,1,2,1,3,"leadsource__c, signup_conversion_page",signup_conversion_page,Signup Conversion Page > signup_conversion_page > SF:signup_conversion_page__c
514549792,Signup Conversion Page - New,False,MEDIUM - SF Connected,Active enrollment,True,2023-11-15,2025-04-25,214,2023,True,Keep as Canonical Workflow,False,False,True,32608.0,811.0,1.0,True,True,5,1,6,7,signup_conversion_page,"date_account_came_inbound, first_conversion_event_name, hs_analytics_first_url, primary_lead_channel, referrer, signup_conversion_page",Signup Conversion Page > signup_conversion_page > SF:signup_conversion_page__c
567751822,Signup Conversion Page - OTHER,False,HIGH - Heavy SF Integration,Active enrollment,True,2024-03-22,2025-04-25,214,2024,True,Keep but Consolidate into Canonical Workflow,False,True,True,18445.0,552.0,0.0,True,True,6,1,7,8,signup_conversion_page,"date_account_came_inbound, first_conversion_event_name, hs_analytics_first_url, hs_analytics_source, primary_lead_channel, referrer, signup_conversion_page",Signup Conversion Page > signup_conversion_page > SF:signup_conversion_page__c
504941228,Signup Re-engagement PUSH to Nurturing flow,False,HIGH - Heavy SF Integration,Active enrollment,True,2023-11-02,2025-04-25,214,2023,True,Delete,True,False,False,459.0,1.0,0.0,True,True,6,3,8,11,"enter_into_nurturing, lead_nurturing_status, nurture_path","date_account_came_inbound, hubspot_owner_id, lead_after_deal, lead_nurturing_status, leadstatus, lifecyclestage, outreach_actively_being_sequenced__c, primary_lead_channel",
582998708,SIGNUP SURVEY - Direct traffic -->,False,MEDIUM - SF Connected,Active enrollment,True,2024-05-29,2025-04-25,214,2024,True,Keep but Consolidate into Canonical Workflow,False,True,True,11293.0,282.0,0.0,True,True,2,1,3,4,primary_lead_channel,"how_did_you_first_hear_about_rho, please_specify, primary_lead_channel",Primary Inbound Channel (Legacy) > primary_lead_channel > SF:primary_inbound_channel__c; primary_lead_channel__c
558064694,SQL Date - Company --> Contact,False,MEDIUM - SF Connected,Active enrollment,True,2024-02-06,2025-04-25,214,2024,True,Keep as-is,False,False,False,31633.0,613.0,0.0,True,True,1,1,2,3,sql_date,"num_associated_contacts, sql_date",SQL Date > sql_date > SF:sql_date__c
558064691,SQL Date - Deal --> Company,False,MEDIUM - SF Connected,Active enrollment,True,2024-02-06,2025-04-25,214,2024,True,Keep but Consolidate into Canonical Workflow,False,True,True,25503.0,457.0,0.0,True,True,1,2,1,3,"sql_, sql_date",sql_date,SQL Date > sql_date > SF:sql_date__c
502413429,Stamp Ad Group Name - Facebook,False,HIGH - Active,Active enrollment,True,2023-10-30,2025-04-25,214,2023,True,Keep as-is,False,False,False,1641.0,2.0,0.0,True,False,0,1,2,3,ad_group_name,"ad_group_name, recent_conversion_date",
502723856,Stamp Company Property - Contact is a Marketing Lead,False,HIGH - Active,Active enrollment,True,2023-10-30,2025-04-25,214,2023,True,Keep as-is,False,False,False,42007.0,28.0,0.0,True,False,0,1,1,2,contact_marketing_lead_,lifecyclestage,
530125645,Stamp first activity date,False,MEDIUM - SF Connected,Active enrollment,True,2023-12-05,2025-04-25,214,2023,True,Keep as-is,False,False,False,22293.0,1.0,0.0,True,True,1,1,3,4,first_activity_date,"first_activity_date, notes_last_updated, sdr_assignment_time",
509387141,Stamp Lead nurturing finished - Other than List filters,False,MEDIUM - SF Connected,Enabled,True,2023-11-08,2025-04-25,214,2023,True,Keep as Canonical Workflow,False,False,True,36925.0,0.0,0.0,False,True,3,1,5,6,lead_nurturing_status,"disqualified_, hs_email_sends_since_last_engagement, lead_nurturing_status, leadstatus, outreach_stage__c",
534585231,Stamp Marketing Lead Channel,False,MEDIUM - SF Connected,Enabled,True,2023-12-11,2025-04-25,214,2023,True,Keep as-is,False,False,False,2617.0,0.0,0.0,False,True,5,1,8,9,marketing_lead_channel,"hs_analytics_source, hs_analytics_source_data_1, hs_latest_source, hs_latest_source_data_1, lead_gen_source, marketing_lead_channel, utm_medium, utm_source",Marketing Lead Channel > marketing_lead_channel > SF:marketing_lead_channel__c
536896140,stamp marketing lead signup = yes,False,MEDIUM - SF Connected,Enabled,True,2023-12-14,2025-04-25,214,2023,True,Keep as-is,False,False,False,102967.0,0.0,0.0,False,True,1,1,3,4,marketing_lead_signup_,"date_account_came_inbound, hs_v2_date_entered_lead, lead_gen_source",
502379927,Stamp Marketing Lead Source - Ebooks,False,MEDIUM - SF Connected,Enabled,True,2023-10-30,2025-04-25,214,2023,True,Keep as-is,False,False,False,2042.0,0.0,0.0,False,True,1,1,3,4,lead_gen_source,"inbound_action, lead_gen_source, recent_conversion_event_name",
568555528,Stamp meeting set date - contact,False,HIGH - Active,Active enrollment,True,2024-03-26,2025-04-25,214,2024,True,Keep as-is,False,False,False,8244.0,209.0,0.0,True,False,0,1,1,2,meeting_set_date,sdr_meeting_booked_,
574119447,Stamp Primary Inbound - CONTENT DOWNLOAD,False,MEDIUM - SF Connected,Enabled,True,2024-04-19,2025-04-25,214,2024,True,Delete,True,False,False,65.0,0.0,0.0,False,True,3,1,3,4,primary_lead_channel,"date_account_came_inbound, first_conversion_event_name, primary_lead_channel",Primary Inbound Channel (Legacy) > primary_lead_channel > SF:primary_inbound_channel__c; primary_lead_channel__c
567765537,Stamp primary Inbound Channel - LATEST,False,HIGH - Heavy SF Integration,Active enrollment,True,2024-03-22,2025-04-25,214,2024,True,Keep as Canonical Workflow,False,False,True,15010.0,479.0,0.0,True,True,10,1,15,16,primary_lead_channel,"date_account_came_inbound, first_conversion_event_name, hs_analytics_first_referrer, hs_analytics_first_url, hs_analytics_last_referrer, hs_analytics_source, hs_analytics_source_data_1, hs_analytics_source_data_2, hs_latest_source, hs_latest_source_data_1, hs_latest_source_data_2, opportunity_source, primary_lead_channel, utm_campaign, utm_source",Primary Inbound Channel (Legacy) > primary_lead_channel > SF:primary_inbound_channel__c; primary_lead_channel__c
561347686,Stamp Primary Inbound Channel - Specific Affiliates,False,MEDIUM - SF Connected,Active enrollment,True,2024-02-22,2025-04-25,214,2024,True,Keep but Consolidate into Canonical Workflow,False,True,True,1587.0,30.0,0.0,True,True,1,1,4,5,primary_lead_channel,"hs_analytics_first_referrer, inbound_subchannel, primary_lead_channel, referrer",Primary Inbound Channel (Legacy) > primary_lead_channel > SF:primary_inbound_channel__c; primary_lead_channel__c
525709130,Stamp primary inbound channel lead nurturing,False,MEDIUM - SF Connected,Enabled,True,2023-11-29,2025-04-25,214,2023,True,Keep as-is,False,False,False,517.0,0.0,0.0,False,True,2,2,4,6,"lead_nurturing_signup, primary_lead_channel","date_account_came_inbound, lead_nurturing_signup, lifecyclestage, primary_lead_channel",Primary Inbound Channel (Legacy) > primary_lead_channel > SF:primary_inbound_channel__c; primary_lead_channel__c
554997119,Stamp Segment - Marketing Leads,False,HIGH - Canonical Workflow,Active enrollment,True,2024-01-22,2025-04-25,214,2024,True,Keep but Consolidate into Canonical Workflow,False,True,True,211553.0,5.0,0.0,True,False,0,1,2,3,segment,"lead_nurturing_status, lifecyclestage",
554111385,Stamp Segment - Middle Market or SMB,False,MEDIUM - SF Connected,Active enrollment,True,2024-01-17,2025-04-25,214,2024,True,Keep but Consolidate into Canonical Workflow,False,True,True,75296.0,843.0,3.0,True,True,1,1,1,2,segment,date_account_came_inbound,
554980516,Stamp Segment - Sales Prospects,False,HIGH - Canonical Workflow,Active enrollment,True,2024-01-22,2025-04-25,214,2024,True,Keep as Canonical Workflow,False,False,True,568107.0,1704.0,0.0,True,False,0,1,2,3,segment,"lifecyclestage, segment",
565692466,Status --> Lead Status,False,MEDIUM - SF Connected,Active enrollment,True,2024-03-13,2025-04-25,214,2024,True,Keep as-is,False,False,False,477637.0,3989.0,0.0,True,True,2,2,1,3,"lead_status, leadstatus",leadstatus,Lead-Status > lead_status > SF:status__c; Status > leadstatus > SF:status
556308635,Timestamp: Decisioned,False,MEDIUM - SF Connected,Active enrollment,True,2024-01-29,2025-04-25,214,2024,True,Keep as-is,False,False,False,3677.0,91.0,0.0,True,True,1,1,1,2,timestamp__decisioned,dealstage,
567081136,Today's Date - company,False,HIGH - Canonical Workflow,Active enrollment,True,2024-03-19,2025-04-25,214,2024,True,Keep but Consolidate into Canonical Workflow,False,True,True,571643.0,1705.0,0.0,True,False,0,1,3,4,today_s_date,"hs_name, hs_value, today_s_date",
567068696,Today's Date - contact,False,HIGH - Canonical Workflow,Active enrollment,True,2024-03-19,2025-04-25,214,2024,True,Keep as Canonical Workflow,False,False,True,656083.0,2202.0,0.0,True,False,0,1,1,2,today_s_date,today_s_date,
567068675,Today's Date - Deal,False,HIGH - Canonical Workflow,Active enrollment,True,2024-03-19,2025-04-25,214,2024,True,Keep but Consolidate into Canonical Workflow,False,True,True,62989.0,909.0,0.0,True,False,0,1,3,4,today_s_date,"hs_name, hs_value, today_s_date",
570165628,Total Spend Last Month - Company --> Deal,False,MEDIUM - SF Connected,Active enrollment,True,2024-04-03,2025-04-25,214,2024,True,Keep as-is,False,False,False,58421.0,503.0,0.0,True,True,1,2,3,5,"total_spend___last_month, total_spend_last_month","hs_name, hs_value, total_spend___last_month",Total Spend - Last Month > total_spend___last_month > SF:total_spend_last_month__c
571508535,Total Spend MTD - Company --> Deal,False,MEDIUM - SF Connected,Active enrollment,True,2024-04-09,2025-04-25,214,2024,True,Keep as-is,False,False,False,27764.0,503.0,0.0,True,True,1,2,1,3,"total_spend___mtd, total_spend___this_month",total_spend___mtd,Total Spend - MTD > total_spend___mtd > SF:total_spend_month_to_date__c
536059943,Unqualified = Yes --> DQ status,False,MEDIUM - SF Connected,Active enrollment,True,2023-12-13,2025-04-25,214,2023,True,Keep but Consolidate into Canonical Workflow,False,True,True,2180.0,24.0,0.0,True,True,1,1,1,2,qualified_lead_,unqualified_,
551845166,Upcoming Call - Warm-up Sequence,False,MEDIUM - SF Connected,Enabled,True,2024-01-05,2025-04-25,214,2024,True,Delete,True,False,False,362.0,0.0,0.0,False,True,4,1,4,5,nan,"date_account_came_inbound, inbound_type, pipeline, upcoming_call_date__c",
537915458,Upcoming Call Date - Deal --> Contact,False,MEDIUM - SF Connected,Enabled,True,2023-12-15,2025-04-25,214,2023,True,Keep as-is,False,False,False,6694.0,0.0,0.0,False,True,2,2,4,6,"upcoming_call_date, upcoming_call_date__c","hs_name, hs_value, pipeline, upcoming_call_date__c",Upcoming Call Date > upcoming_call_date__c > SF:upcoming_call_date__c
610125402,UTM's | From Contact to Deal,False,HIGH - Heavy SF Integration,Active enrollment,True,2024-09-12,2025-04-25,214,2024,True,Keep as-is,False,False,False,2485.0,59.0,0.0,True,True,11,11,11,22,"utm_ad__c, utm_campaign, utm_campaign__c, utm_content, utm_content__c, utm_medium, utm_medium__c, utm_source, utm_source__c, utm_term, utm_term__c","utm_ad__c, utm_campaign, utm_campaign__c, utm_content, utm_content__c, utm_medium, utm_medium__c, utm_source, utm_source__c, utm_term, utm_term__c",utm_ad > utm_ad__c > SF:utm_ad__c; utm_campaign (sfdc) > utm_campaign > SF:utm_campaign__c; utm_campaign - [archive] > utm_campaign__c > SF:utm_campaign__c; utm_content (sfdc) > utm_content > SF:utm_content__c; utm_content [archive] > utm_content__c > SF:utm_content__c; utm_medium (sfdc) > utm_medium > SF:utm_medium__c; utm_medium [archive] > utm_medium__c > SF:utm_medium__c; utm_source (sfdc) > utm_source > SF:utm_source__c; utm_source [archive] > utm_source__c > SF:utm_source__c; utm_term (sfdc) > utm_term > SF:utm_term__c; utm_term - sfdc > utm_term__c > SF:utm_term__c
590986139,Verified Contact - Deal --> Contact,False,MEDIUM - SF Connected,Active enrollment,True,2024-07-02,2025-04-25,214,2024,True,Keep as-is,False,False,False,33707.0,714.0,0.0,True,True,1,1,1,2,verified_contact,verified_contact,Verified Contact > verified_contact > SF:verified_contact__c
455977533,Stamp primary Inbound Channel - ORIGINAL,False,HIGH - Heavy SF Integration,Active enrollment,True,2023-08-30,2025-05-05,203,2023,True,Keep as-is,False,False,False,58236.0,829.0,1.0,True,True,16,7,18,25,"event, hubspot_owner_id, leadsource, primary_lead_channel, referrer___a, referrer___account, rho_banks_nyc","date_account_came_inbound, first_conversion_event_name, hs_analytics_first_referrer, hs_analytics_first_url, hs_analytics_last_referrer, hs_analytics_source, hs_analytics_source_data_1, hs_analytics_source_data_2, leadsource, leadsource__c, primary_lead_channel, promo_code, recent_conversion_event_name, referrer, referrer__c, utm_campaign, utm_medium, utm_source",Event > event > SF:event__c; Contact owner > hubspot_owner_id > SF:ownerid; Lead Source > leadsource > SF:leadsource; Primary Inbound Channel (Legacy) > primary_lead_channel > SF:primary_inbound_channel__c; primary_lead_channel__c; Partner Referrer - Account > referrer___a > SF:referrer_account__c; referrer_lookup__c; Old - ref > referrer___account > SF:referrer_new__c
558337092,CFO Sequence - 2024 (TBU),False,MEDIUM - Enabled,Enabled,True,2024-02-07,2025-06-18,160,2024,True,Keep as-is,False,False,False,94296.0,0.0,0.0,False,False,0,4,2,6,"lead_nurturing_enroll_date, lead_nurturing_first_email_date, lead_nurturing_status, nurture_path","lead_nurturing_status, nurture_path",
431054521,First Conversion Mapping [Reed],False,MEDIUM - SF Connected,Active enrollment,True,2023-07-26,2025-09-09,76,2023,True,Keep as-is,False,False,False,76037.0,963.0,4.0,True,True,1,3,2,5,"conversion_page, first_conversion_event_name, leadsource__c","first_conversion_event_name, leadsource__c",First Conversion > first_conversion_event_name > SF:first_conversion_page__c
502383418,[Master] Saleforce Inclusion Trigger,False,HIGH - Heavy SF Integration,Active enrollment,True,2023-10-30,2025-11-21,3,2023,True,Keep as-is,False,False,False,635753.0,2278.0,0.0,True,True,7,3,10,13,"hubspot_owner_id, salesforce_inclusion, salesforce_inclusion_string","company, email, firstname, google_ad_lead__growth_forms, lastname, partner_gid, reddit_lead__growth_forms, salesforce_inclusion, salesforce_inclusion_string, salesforcelastsynctime",Contact owner > hubspot_owner_id > SF:ownerid
588156696,Inbound Type = Warm --> Set properties to route,False,MEDIUM - SF Connected,Enabled,True,2024-06-20,2025-11-21,3,2024,True,Delete,True,False,False,304.0,0.0,0.0,False,True,3,5,4,9,"convert_to_contact, hubspot_vc, inbound_priority_type__cloned_, lifecyclestage, salesforce_inclusion","bf_warm, funnel_stage, nurture_path, salesforcecontactid",Convert to contact > convert_to_contact > SF:convert_to_contact__c; Hubspot-VC > hubspot_vc > SF:hubspot_vc__c; Inbound Type > inbound_priority_type__cloned_ > SF:inbound_type__c
499504417,Set Inbound Type - Self Serve + Contact Sales,False,HIGH - Heavy SF Integration,Active enrollment,True,2023-10-26,2025-11-21,3,2023,True,Keep as-is,False,False,False,27868.0,683.0,5.0,True,True,6,2,9,11,"inbound_priority_type__cloned_, salesforce_inclusion","date_account_came_inbound, firstname, hs_email_domain, inbound_priority_type__cloned_, inbound_signup_type, lead_after_deal, lifecyclestage, playground_, pre_qualification_outcome",Inbound Type > inbound_priority_type__cloned_ > SF:inbound_type__c
471499380,Stamp bottom funnel date,False,MEDIUM - SF Connected,Enabled,True,2023-09-20,2025-11-21,3,2023,True,Keep as-is,False,False,False,908.0,0.0,0.0,False,True,2,2,4,6,"lead_nurturing_bottom_enroll_date, salesforce_inclusion","funnel_stage, inbound_priority_type__cloned_, lead_nurturing_bottom_enroll_date, lead_nurturing_status",LN Bottom Funnel date > lead_nurturing_bottom_enroll_date > SF:bottom_funnel_date__c
570915180,Stamp Lifecycle Stage Text,False,MEDIUM - SF Connected,Active enrollment,True,2024-04-06,2025-11-24,1,2024,True,Keep as-is,False,False,False,751786.0,3947.0,0.0,True,True,3,6,6,12,"bot_check__boolean___dataops, bot_check__score___dataops, lifecycle_stage_text, marketing_consent__c, salesforce_inclusion, salesforce_inclusion_string","bot_check__boolean___dataops, bot_check__score___dataops, first_conversion_event_name, ip_city, ip_state_code, lifecyclestage",lifecycle stage text > lifecycle_stage_text > SF:hs_lifecycle_stage__c; marketing_consent > marketing_consent__c > SF:marketing_consent__c
1623672664,*Influencer | MyTechCEO - Assignation,False,MEDIUM - SF Connected,Enabled,False,2025-01-16,2025-04-25,214,2025,True,Delete,True,False,False,3.0,0.0,0.0,False,True,1,1,1,2,hubspot_owner_id,nan,Contact owner > hubspot_owner_id > SF:ownerid
1634220879,0.00 [Batch Update] Quarantine // Churned Marketable Contacts,False,MEDIUM - SF Connected,Active enrollment,False,2025-02-26,2025-04-25,214,2025,True,Keep as-is,False,False,False,2892683.0,211.0,0.0,True,True,2,2,6,8,"pipeline_stage, pipeline_stage__marketing_eligible","createdate, deal_stage, hs_analytics_last_visit_timestamp, hs_marketable_status, pipeline_stage, pipeline_stage__marketing_eligible",
1637786224,0.02 [MOPs / Global] Experiment Tagging | Initial Groupings,False,HIGH - Active,Active enrollment,False,2025-03-13,2025-04-25,214,2025,True,Keep as-is,False,False,False,912.0,21.0,0.0,True,False,0,1,1,2,nan,nan,
1634440478,1.2 DS – Pipeline Stage | State Change Tracking [DRAFT],False,MEDIUM - SF Connected,Active enrollment,False,2025-02-27,2025-04-25,214,2025,True,Keep as-is,False,False,False,380528.0,4992.0,0.0,True,True,1,5,3,8,"pipeline_stage, pipeline_stage__change_count, pipeline_stage__change_date, pipeline_stage__change_log, pipeline_stage__prior_stage","deal_stage, pipeline_stage, pipeline_stage__change_count",
1626335133,DS - Contact Sales Request | Email Response,False,HIGH - Active,Active enrollment,False,2025-01-28,2025-04-25,214,2025,True,Keep as-is,False,False,False,1589.0,89.0,0.0,True,False,0,1,1,2,nan,nan,
1623178028,Lead/Contact Status to Bounced,False,MEDIUM - SF Connected,Active enrollment,False,2025-01-14,2025-04-25,214,2025,True,Keep but Consolidate into Canonical Workflow,False,True,True,9295.0,6.0,0.0,True,True,1,1,1,2,leadstatus,nan,Status > leadstatus > SF:status
1622962244,Super Connector - Owner ssignation based on location,False,MEDIUM - SF Connected,Enabled,False,2025-01-13,2025-04-25,214,2025,True,Delete,True,False,False,102.0,0.0,0.0,False,True,1,1,1,2,hubspot_owner_id,nan,Contact owner > hubspot_owner_id > SF:ownerid
1647349648,DS – Application: Abandonment Reengagement | Funnel Optimization,False,MEDIUM - SF Connected,Active enrollment,False,2025-04-17,2025-04-25,213,2025,True,Keep as Canonical Workflow,False,False,True,2514.0,124.0,63.0,True,True,3,2,3,5,"campaign_enrollment_log__journey_tracking, experiment_log","company, email, sql_date",
1635901254,1.1 DS – Pipeline Stage | State Tagging,False,MEDIUM - SF Connected,Active enrollment,False,2025-03-05,2025-04-29,209,2025,True,Keep as-is,False,False,False,377152.0,4992.0,1.0,True,True,4,5,7,12,"consent_communications__c, pipeline_stage, pipeline_stage__change_count, pipeline_stage__change_log, pipeline_stage__initial_date","deal_stage, dealstage, num_conversion_events, pipeline_stage, pipeline_stage__change_count, pipeline_stage__change_log, uuid",Consent to marketing communications > consent_communications__c > SF:consent_communications__c
1623367486,Become a partner form - Owner assignation,False,MEDIUM - SF Connected,Active enrollment,False,2025-01-15,2025-05-14,195,2025,True,Delete,True,False,False,175.0,1.0,0.0,True,True,3,2,2,4,"leadsource, primary_lead_channel","partner_affiliate, utm_campaign",Lead Source > leadsource > SF:leadsource; Primary Inbound Channel (Legacy) > primary_lead_channel > SF:primary_inbound_channel__c; primary_lead_channel__c
1634483287,0.01 [Batch Update] Remarketing // Active Non-Marketing Accounts (cloned),False,HIGH - Canonical Workflow,Active enrollment,False,2025-02-27,2025-05-15,194,2025,True,Keep but Consolidate into Canonical Workflow,False,True,True,114394.0,1893.0,0.0,True,False,0,1,3,4,pipeline_stage__marketing_eligible,"hs_marketable_status, pipeline_stage, pipeline_stage__marketing_eligible",
1655787627,DS - Leads: Growth Tools (Safe/Invoice) | Funnel Optimization,False,MEDIUM - SF Connected,Active enrollment,False,2025-05-20,2025-06-04,173,2025,True,Delete,True,False,False,294.0,18.0,1.0,True,True,5,6,8,14,"entity_signatory_title___safe_note_generator, firstname, invoice_generator___referrer, lastname, safe_note_generator___submission_date, safe_note_generator___submission_log","address, createdate, dealstage, entity_signatory_title___safe_note_generator, firstname, full_name__daops, lastname, total_associated_deals",First Name > firstname > SF:firstname; Last Name > lastname > SF:lastname
1634483557,1.0 DS – Pipeline Stage | Marketable Tagging,False,MEDIUM - SF Connected,Active enrollment,False,2025-02-27,2025-07-10,137,2025,True,Keep as Canonical Workflow,False,False,True,518414.0,4367.0,0.0,True,True,1,1,2,3,pipeline_stage__marketing_eligible,"createdate, pipeline_stage",
1637317728,DS – Customer Onboarding: Founders | Lifecycle Engagement,False,MEDIUM - SF Connected,Active enrollment,False,2025-03-11,2025-08-28,89,2025,True,Keep but Consolidate into Canonical Workflow,False,True,True,1739.0,84.0,221.0,True,True,5,2,6,8,"campaign_enrollment_log__journey_tracking, experiment_log","account_activated___initial_transaction_type, email, icp_category, pipeline_stage, referrer___a, timestamp_account_activated__c",
1666163048,Summer of Rho: Referral Program MVP | Viral Loops,False,HIGH - Heavy SF Integration,Active enrollment,False,2025-06-26,2025-08-27,89,2025,False,Delete,True,False,False,395.0,0.0,46.0,True,True,7,15,11,26,"referral_code, referralcode_vhkffvovvegkyvphp1nymdukkpq, referralcount_vhkffvovvegkyvphp1nymdukkpq, sor_contest___referrer___email, sor_contest___referrer___last_name, sor_contest___referrer__create_date, sor_contest___referrer__referral_count, sor_contest__new_referrer, sor_contest__referrer__first_name, sor_contest__referrer__link, utm_campaign, utm_source, utm_term, ycombinator_referral_program___applicant, ycombinator_referral_program___client","email, hs_analytics_first_url, hs_analytics_last_url, hs_analytics_source_data_2, referral_code, referralcode_vhkffvovvegkyvphp1nymdukkpq, referrerreferralcode_vhkffvovvegkyvphp1nymdukkpq, referrerreferralcode_xd6szyxd0efuzwzuamh1gxy8kia, sor_contest__new_referrer, utm_campaign, utm_source",utm_campaign (sfdc) > utm_campaign > SF:utm_campaign__c; utm_source (sfdc) > utm_source > SF:utm_source__c; utm_term (sfdc) > utm_term > SF:utm_term__c
1643168061,0.03 Primary Inbound Channel | Initial Proxy Association,False,HIGH - Heavy SF Integration,Active enrollment,False,2025-04-02,2025-09-04,82,2025,True,Keep as-is,False,False,False,993211.0,1174.0,0.0,True,True,22,19,25,44,"first_page_seen, pic_l3__source_contact_data_string, pic_l3_source_deal_data_string, primary_inbound_channel__l1____contact___proxy, primary_inbound_channel__l1____deal___proxy, primary_inbound_channel__l2__medium____contact___proxy__cloned_, primary_inbound_channel_l2_medium_deal_proxy, utm_campaign, utm_campaign__c, utm_content, utm_content__c, utm_funnel, utm_medium, utm_medium__c, utm_ref, utm_source, utm_source__c, utm_term, utm_term__c","createdate, dealstage, how_did_you_first_hear_about_rho, how_did_you_first_hear_about_rho_, hs_analytics_first_url, hs_analytics_source, hs_analytics_source_data_1, hs_analytics_source_data_2, hs_name, hs_object_id, hs_value, lead_source, leadsource, primary_inbound_channel__l1____deal___proxy, primary_inbound_channel__l3__source____contact___proxy, primary_inbound_channel__l3__source____deal___proxy__sync_, sql_date, utm_campaign, utm_content, utm_funnel, utm_medium, utm_ref, utm_source, utm_source__c, utm_term","PIC [L3, 0.2: Source] | Deal - (Data String) > pic_l3_source_deal_data_string > SF:hubspot_l3__c; utm_campaign (sfdc) > utm_campaign > SF:utm_campaign__c; utm_campaign - [archive] > utm_campaign__c > SF:utm_campaign__c; utm_content (sfdc) > utm_content > SF:utm_content__c; utm_content [archive] > utm_content__c > SF:utm_content__c; utm_medium (sfdc) > utm_medium > SF:utm_medium__c; utm_medium [archive] > utm_medium__c > SF:utm_medium__c; utm_source (sfdc) > utm_source > SF:utm_source__c; utm_source [archive] > utm_source__c > SF:utm_source__c; utm_term (sfdc) > utm_term > SF:utm_term__c; utm_term - sfdc > utm_term__c > SF:utm_term__c"
1634722648,2.1 PM – Parter Pipeline Stage | State Tagging [DRAFT],False,MEDIUM - SF Connected,Active enrollment,False,2025-02-28,2025-09-04,82,2025,True,Keep as-is,False,False,False,33481.0,13.0,0.0,True,True,1,1,2,3,pipeline_stage___partner,"partner_status, pipeline_stage___partner",
1686474560,0.07 Strategic Initiatives | Deal Assignment (All Associations),False,MEDIUM - SF Connected,Active enrollment,False,2025-08-21,2025-09-10,75,2025,True,Keep as-is,False,False,False,3629.0,298.0,0.0,True,True,5,4,14,18,"strategic_gtm_initiatives__c, strategic_gtm_initiatives__date, strategic_gtm_initiatives__helper__dropdown_, strategic_gtm_initiatives__helper_string","dealstage, first_conversion_event_name, first_page_seen, hs_name, hs_salesforceopportunityid, hs_value, last_page_seen__deal_string, pic__l3__reenrollment_cc_deal__boolean, referrer___account, salesforcelastsynctime, strategic_gtm_initiatives__c, strategic_gtm_initiatives__helper_string, submission_page, utm_check__deal_sync_c",Strategic GTM Initiatives > strategic_gtm_initiatives__c > SF:strategic_gtm_initiatives__c
1700712047,SMS | Workflow Draft/Test,False,MEDIUM - Enabled,Enabled,False,2025-10-02,2025-10-02,53,2025,True,Delete,True,False,False,1.0,0.0,0.0,False,False,0,2,1,3,"last_received_sms, total_sent_sms",nan,
1680997978,0.05 Ad/Emails Touchpoint Influence,False,HIGH - Heavy SF Integration,Active enrollment,False,2025-08-07,2025-11-05,19,2025,True,Keep as-is,False,False,False,15240.0,1017.0,0.0,True,True,27,30,39,69,"createdate, facebook_clid__contact, facebook_clid__deal, google__experiment_grouping_c, google__experiment_grouping_d, initial_qualification_date__s0, last_page_seen__deal_string, pic__l3__last_ad_details__marketing_inbound__deal_string, pic_l3__la_marketing_inbound__deal_string, pic_l3__s0_marketing_inbound__deal_string, pic_l3__s1_marketing_inbound__deal_string, pic_l3__s2_marketing_inbound__deal_string, pic_l3__s3_marketing_inbound__deal_string, pic_l3__s4_marketing_inbound__deal_string, pic_l3__smia_marketing_inbound__deal_string, pic_l3__sx_marketing_inbound__deal_string, pic_l3_marketing_inbound_reoccurrence__deal_string, utm_asset_group, utm_campaign, utm_campaign__c, utm_content, utm_content__c, utm_funnel, utm_medium, utm_medium__c, utm_ref, utm_source, utm_source__c, utm_term, utm_term__c","application_submitted_date, company, createdate, dealstage, first_conversion_event_name, first_page_seen, hs_analytics_first_url, hs_analytics_last_url, hs_analytics_latest_source, hs_analytics_source, hs_analytics_source_data_1, hs_email_last_click_date, hs_facebook_click_id, hs_latest_source_data_1, hs_name, hs_value, last_page_url___deal, marketing_interactions___email_clicks___total__deal_, pic__l3__marketing_inbound__deal_string_, pic__l3__reenrollment_cc_deal__boolean, pic_l3__marketing_inbound, pic_l3__s0_marketing_inbound__deal_string, pic_l3__s1_marketing_inbound__deal_string, pic_l3__s2_marketing_inbound__deal_string, pic_l3__s3_marketing_inbound__deal_string, pic_l3__smia_marketing_inbound__deal_calc, pic_l3_marketing_inbound_reoccurrence__deal_string, sql_date, timestamp__account_created, timestamp_account_activated__c, utm_campaign, utm_check__deal_sync_c, utm_content, utm_funnel, utm_medium, utm_ref, utm_source, utm_source__c, utm_term",Create Date > createdate > SF:createddate; PIC [L3: S0.TOF - Marketing Inbound] | Deal (String) > pic_l3__s0_marketing_inbound__deal_string > SF:marketing_touch_tof__c; PIC [L3: S1.SQL - Marketing Inbound] | Deal (String) > pic_l3__s1_marketing_inbound__deal_string > SF:marketing_touch_sql__c; PIC [L3: S2.MOF - Marketing Inbound] | Deal (String) > pic_l3__s2_marketing_inbound__deal_string > SF:marketing_touch_app_submitted__c; PIC [L3: S3.BOF - Marketing Inbound] | Deal (String) > pic_l3__s3_marketing_inbound__deal_string > SF:marketing_touch_app_approved__c; PIC [L3: S4.CW - Marketing Inbound] | Deal (String) > pic_l3__s4_marketing_inbound__deal_string > SF:marketing_touch_account_activated__c; utm_campaign (sfdc) > utm_campaign > SF:utm_campaign__c; utm_campaign - [archive] > utm_campaign__c > SF:utm_campaign__c; utm_content (sfdc) > utm_content > SF:utm_content__c; utm_content [archive] > utm_content__c > SF:utm_content__c; utm_medium (sfdc) > utm_medium > SF:utm_medium__c; utm_medium [archive] > utm_medium__c > SF:utm_medium__c; utm_source (sfdc) > utm_source > SF:utm_source__c; utm_source [archive] > utm_source__c > SF:utm_source__c; utm_term (sfdc) > utm_term > SF:utm_term__c; utm_term - sfdc > utm_term__c > SF:utm_term__c
1646770076,[Events | DS] Luma - Events Management | SFDC Campaign Assignment,False,HIGH - Heavy SF Integration,Active enrollment,False,2025-04-15,2025-11-11,13,2025,True,Keep as-is,False,False,False,7498.0,0.0,345.0,True,True,9,7,10,17,"consent_communications__c, create_opportunity_, event_sync_luma_log, hubspot_owner_id, leadsource, pipeline_stage__marketing_eligible, salesforce_inclusion","campaign_id, company, createdate, deal_stage, email, event_sync_luma, google_ad_lead__growth_forms, hubspot_owner_id, luma_event, salesforcecampaignids",Consent to marketing communications > consent_communications__c > SF:consent_communications__c; Create Opportunity? > create_opportunity_ > SF:create_opportunity__c; Contact owner > hubspot_owner_id > SF:ownerid; Lead Source > leadsource > SF:leadsource
1680343919,0.04 L3 / Marketing Attribution | Initial Proxy Association (Phase 1),False,HIGH - Heavy SF Integration,Active enrollment,False,2025-08-05,2025-11-17,8,2025,True,Keep as-is,False,False,False,30395.0,1851.0,0.0,True,True,20,21,38,59,"first_page_seen, pic__l3__ai_touchpoint____deal__boolean_, pic__l3__marketing_inbound__deal_string_, pic_l3_channel_source__deal_long, pic_l3_engagement_log__deal_long, pic_l3_engagement_log__prior_state__deal_long, pic_l3_first_touch__deal_string, pic_l3_last_touch__deal__string, pic_l3_source_deal_data_string, utm_campaign, utm_campaign__c, utm_content, utm_content__c, utm_funnel, utm_medium, utm_medium__c, utm_ref, utm_source, utm_source__c, utm_term, utm_term__c","createdate, dealname, dealstage, first_conversion_event_name, first_page_seen, first_page_url__deal, first_visit_contact__utm_mapping, global_business_id__deal_sync__contact_, how_did_you_first_hear_about_rho_, hs_analytics_num_page_views, hs_analytics_source, hs_analytics_source_data_1, hs_latest_source_timestamp, hs_name, hs_object_source_label, hs_value, last_page_seen__deal_string, last_page_url___deal, lead_source, num_associated_contacts, opportunity_source, pic__l3__marketing_inbound__deal_string_, pic__l3__reenrollment_cc_deal__boolean, pic_l3_first_touch__deal_string, pic_l3_last_touch__deal__string, pic_l3_marketing_inbound__deal_picklist, recent_conversion_date, utm_campaign, utm_campaign__c, utm_check__deal_sync_c, utm_content, utm_funnel, utm_medium, utm_medium__c, utm_ref, utm_source, utm_source__c, utm_term","PIC [L3, 0.2: Source] | Deal - (Data String) > pic_l3_source_deal_data_string > SF:hubspot_l3__c; utm_campaign (sfdc) > utm_campaign > SF:utm_campaign__c; utm_campaign - [archive] > utm_campaign__c > SF:utm_campaign__c; utm_content (sfdc) > utm_content > SF:utm_content__c; utm_content [archive] > utm_content__c > SF:utm_content__c; utm_medium (sfdc) > utm_medium > SF:utm_medium__c; utm_medium [archive] > utm_medium__c > SF:utm_medium__c; utm_source (sfdc) > utm_source > SF:utm_source__c; utm_source [archive] > utm_source__c > SF:utm_source__c; utm_term (sfdc) > utm_term > SF:utm_term__c; utm_term - sfdc > utm_term__c > SF:utm_term__c"
1652383656,0.06 Partner Assignment | Form Attribution,False,HIGH - Heavy SF Integration,Active enrollment,False,2025-05-06,2025-11-18,6,2025,True,Keep as-is,False,False,False,3165.0,206.0,0.0,True,True,7,5,10,15,"leadsource, partner_referrer__account_score, referrer___a, referrer___account_id, referrer__c","email, hs_analytics_source, leadsource__c, partner_referrer__account_score, referrer___a, referrer___account_id, submission_page, utm_campaign, utm_source, utm_term",Lead Source > leadsource > SF:leadsource; Partner Referrer - Account > referrer___a > SF:referrer_account__c; referrer_lookup__c
1649020849,0.1.1 Submission/Approval Track,False,HIGH - Heavy SF Integration,Active enrollment,False,2025-04-23,2025-11-24,1,2025,True,Keep as-is,False,False,False,85096.0,7008.0,2.0,True,True,6,11,11,22,"application_submission_state, bot_check__boolean___dataops, bot_check__score___dataops, marketing_consent__c, salesforce_inclusion, salesforce_inclusion_string, user_flow__forms___acquisition_path__states_c, user_flow__forms__last_app_submission__c, user_flow__forms__last_marketing_submission_c, user_flow_forms__acquisition_path_c, user_flow_forms__acquisition_path_log_c","bot_check__boolean___dataops, bot_check__score___dataops, createdate, deal_stage, dealstage, first_conversion_event_name, ip_city, ip_state_code, recent_conversion_event_name, user_flow__forms__last_app_submission__c, user_flow__forms__last_marketing_submission_c",marketing_consent > marketing_consent__c > SF:marketing_consent__c
