Internal_Name,HS_Friendly_Name,Classification,ARCHIVAL_Can_Archive,ARCHIVAL_Criticality,ARCHIVAL_Blocker,Is_Key_Field,SF_Field_Name,SF_Sync_Rule,Total_Workflow_References,Workflows_Writing_Count,Workflows_Reading_Count,Total_Workflows_Using,Enabled_Workflows_Count,Disabled_Workflows_Count,Delete_Recommended_Workflows_Count,Active_Workflows_Count,Old_Workflows_Count,All_Workflows_Disabled,All_Delete_Recommended,No_Active_Usage,HS_Type,HS_Group_Name,HS_Fill_Rate,HS_Last_Updated_Time,HS_HubSpot_Defined,Enabled_Workflows,Active_Workflows,Old_Workflows_Only
lead_notes__c,Lead Notes,KEY FIELD (HS + SF),True,"MEDIUM - Key Field, No Active Workflows",None - Can Archive,True,lead_notes__c,Two way,2,1,1,1,0,1,1,0,1,True,True,True,string,salesforceinformation,0.41%,6/24/25 1:06 PM EDT,False,,,Lead Notes --> Call Notes
timestamp__unverified_platform_access,Timestamp: Unverified Platform Access,KEY FIELD (HS + SF),True,"MEDIUM - Key Field, No Active Workflows",None - Can Archive,True,timestamp_unverified_platform_access__c,Always use Salesforce,2,1,1,1,0,1,1,0,1,True,True,True,date,salesforceinformation,1.18%,,False,,,UVPA - Deal --> Contact
apollo_industry,Apollo Industry,HubSpot Only,True,LOW - Only Disabled Workflows,None - Can Archive,False,,,2,1,1,1,0,1,1,0,1,True,True,True,string,contactinformation,0%,9/13/24 12:56 PM EDT,False,,,Apollo Revenue - Company --> Contact
apollo_revenue,Apollo Revenue,HubSpot Only,True,LOW - Only Disabled Workflows,None - Can Archive,False,,,2,1,1,1,0,1,1,0,1,True,True,True,string,contactinformation,52.51%,10/30/24 10:57 PM EDT,False,,,Apollo Revenue - Company --> Contact
company_owner,Company owner,HubSpot Only,True,LOW - Only Disabled Workflows,None - Can Archive,False,,,2,1,1,1,0,1,1,0,1,True,True,True,enumeration,contactinformation,68.76%,9/18/25 2:20 PM EDT,False,,,Contact Company Owner --> Company Owner
sales_outreach_status,Sales Outreach Status,HubSpot Only,True,LOW - Only Disabled Workflows,None - Can Archive,False,,,2,1,1,1,0,1,1,0,1,True,True,True,string,contactinformation,0.32%,,False,,,Sales Outreach Status - Deal --> Company + Contact
segment_revenue__c,Segment_Revenue,HubSpot Only,True,LOW - Only Disabled Workflows,None - Can Archive,False,,,2,1,1,1,0,1,1,0,1,True,True,True,string,salesforceinformation,73.86%,9/20/24 3:43 AM EDT,False,,,Company --> Deal - Segment
type_partner__c,Partner Type,HubSpot Only,True,LOW - Only Disabled Workflows,None - Can Archive,False,,,2,1,1,1,0,1,1,0,1,True,True,True,enumeration,salesforceinformation,0.65%,9/4/24 7:42 AM EDT,False,,,Company --> Contact - Partner Type
vc_company,VC Company?,HubSpot Only,True,LOW - Only Disabled Workflows,None - Can Archive,False,,,2,1,1,1,0,1,1,0,1,True,True,True,enumeration,contactinformation,0.9%,,False,,,VC Company --> Stamp deals and contacts
which_of_the_following_describes_you____startups,Which of the following describes you? - Startups,HubSpot Only,True,LOW - Only Disabled Workflows,None - Can Archive,False,,,2,1,1,1,0,1,1,0,1,True,True,True,enumeration,contactinformation,0.09%,,False,,,Copy which best describes you --> Job title
date_account_came_inbound,Date Lead Came Inbound,KEY FIELD (HS + SF),False,"CRITICAL - Key Field, Multiple Active Workflows","Active workflows: DLI - PROXY, Converted Leads - Stamp properties again, Copy DAI from contact to Company - Last came inbound...",True,date_account_came_inbound__c,Two way,72,12,60,26,22,4,4,21,25,False,False,False,date,salesforceinformation,11.26%,11/23/25 6:11 PM EST,False,DLI - PROXY; Converted Leads - Stamp properties again; Copy DAI from contact to Company - Last came inbound; Stamp Date Lead Came Inbound; Stamp Lead created date for contact; Email Logged = Yes; Contact made = yes; IP + Other Reasons --> Unqualified = yes; Date lead came inbound - Contact --> Company; Influenced Email Channel...,DLI - PROXY; Converted Leads - Stamp properties again; Copy DAI from contact to Company - Last came inbound; Stamp Date Lead Came Inbound; Stamp Lead created date for contact; Email Logged = Yes; Contact made = yes; IP + Other Reasons --> Unqualified = yes; Date lead came inbound - Contact --> Company; Influenced Email Channel...,DLI - PROXY; Converted Leads - Stamp properties again; Copy DAI from contact to Company - Last came inbound; Stamp Date Lead Came Inbound; Stamp Lead created date for contact; Email Logged = Yes; Contact made = yes; IP + Other Reasons --> Unqualified = yes; Date lead came inbound - Contact --> Company; Deal - Unknown Properties --> Stamp properties...
primary_lead_channel,Primary Inbound Channel (Legacy),KEY FIELD (HS + SF),False,"CRITICAL - Key Field, Multiple Active Workflows","Active workflows: Become a partner form - Owner assignation, Stamp primary Inbound Channel - ORIGINAL, Stamp Primary Inbound Channel - Specific Affiliates...",True,primary_inbound_channel__c; primary_lead_channel__c,Two way,40,13,27,30,25,5,15,17,28,False,False,False,enumeration,salesforceinformation,7.39%,11/23/25 6:14 PM EST,False,Bestmoney - Unverified Platform Access; Become a partner form - Owner assignation; Stamp primary Inbound Channel - ORIGINAL; Bestmoney - Closed Lost; Stamp Primary Inbound Channel - Specific Affiliates; Capital = qualified; SIGNUP SURVEY - Direct traffic -->; partner page utms; IP + Other Reasons --> Unqualified = yes; Out of Home --> Event = Tech week...,Become a partner form - Owner assignation; Stamp primary Inbound Channel - ORIGINAL; Stamp Primary Inbound Channel - Specific Affiliates; SIGNUP SURVEY - Direct traffic -->; partner page utms; IP + Other Reasons --> Unqualified = yes; Rho banks nyc - change lead source to marketing; UTM_Source = Capital --> Primary Inbound Channel; Signup Re-engagement PUSH to Nurturing flow; Stamp primary Inbound Channel - LATEST...,Bestmoney - Unverified Platform Access; Stamp primary Inbound Channel - ORIGINAL; Bestmoney - Closed Lost; Stamp Primary Inbound Channel - Specific Affiliates; Capital = qualified; SIGNUP SURVEY - Direct traffic -->; partner page utms; IP + Other Reasons --> Unqualified = yes; Out of Home --> Event = Tech week; Contact PIC - startup nyc --> Rho banks nyc...
leadstatus,Status,KEY FIELD (HS + SF),False,"CRITICAL - Key Field, Multiple Active Workflows","Active workflows: Converted Leads - Stamp properties again, Pre qual = Unqualified --> Status = Disqualified, status - contact made...",True,status,Two way,33,13,20,23,23,0,4,19,22,False,False,False,enumeration,salesforceinformation,55.87%,11/23/25 6:28 PM EST,False,Converted Leads - Stamp properties again; Pre qual = Unqualified --> Status = Disqualified; status - contact made; Lead/Contact Status to Bounced; Stamp Lead nurturing finished - Other than List filters; Capital = qualified; Status = Meeting Set; Lead converted to contact - Opp or Customer; Clear DQ Reason; Status - attempting to reach...,Converted Leads - Stamp properties again; Pre qual = Unqualified --> Status = Disqualified; status - contact made; Lead/Contact Status to Bounced; Status = Meeting Set; Lead converted to contact - Opp or Customer; Status - attempting to reach; Contact made = yes; IP + Other Reasons --> Unqualified = yes; Meeting Set --> Contact Made = Yes...,Converted Leads - Stamp properties again; Pre qual = Unqualified --> Status = Disqualified; status - contact made; Stamp Lead nurturing finished - Other than List filters; Capital = qualified; Status = Meeting Set; Lead converted to contact - Opp or Customer; Clear DQ Reason; Status - attempting to reach; Contact made = yes...
leadsource,Lead Source,KEY FIELD (HS + SF),False,"CRITICAL - Key Field, Multiple Active Workflows","Active workflows: Converted Leads - Stamp properties again, Partnerships - Inbound Operations, Become a partner form - Owner assignation...",True,leadsource,Two way,32,20,12,24,19,5,11,16,19,False,False,False,enumeration,salesforceinformation,93.69%,11/23/25 6:12 PM EST,False,Converted Leads - Stamp properties again; Partnerships - Inbound Operations; Become a partner form - Owner assignation; Stamp primary Inbound Channel - ORIGINAL; 0.06 Partner Assignment | Form Attribution; Capital = qualified; partner page utms; IP + Other Reasons --> Unqualified = yes; Rho banks nyc - change lead source to marketing; 0.03 Primary Inbound Channel | Initial Proxy Association...,Converted Leads - Stamp properties again; Partnerships - Inbound Operations; Become a partner form - Owner assignation; Stamp primary Inbound Channel - ORIGINAL; 0.06 Partner Assignment | Form Attribution; partner page utms; IP + Other Reasons --> Unqualified = yes; Rho banks nyc - change lead source to marketing; 0.03 Primary Inbound Channel | Initial Proxy Association; Stamp Affiliate Subchannel...,Converted Leads - Stamp properties again; Partnerships - Inbound Operations; Stamp primary Inbound Channel - ORIGINAL; Capital = qualified; partner page utms; IP + Other Reasons --> Unqualified = yes; Rho banks nyc - change lead source to marketing; Stamp Affiliate Subchannel; Linkedin Ad Signup - Stamp properties; UTM_Source = Capital --> Primary Inbound Channel...
utm_source,utm_source (sfdc),KEY FIELD (HS + SF),False,"CRITICAL - Key Field, Multiple Active Workflows","Active workflows: Stamp Date Lead Came Inbound, Stamp primary Inbound Channel - ORIGINAL, 0.06 Partner Assignment | Form Attribution...",True,utm_source__c,Two way,27,5,22,21,18,3,7,14,15,False,False,False,string,lead_ads,5.39%,11/23/25 6:09 PM EST,False,Stamp Date Lead Came Inbound; Bestmoney - Unverified Platform Access; Bestmoney - Closed Lost; Stamp primary Inbound Channel - ORIGINAL; 0.06 Partner Assignment | Form Attribution; UTM's | From Contact to Deal; partner page utms; Lead After Deal - yes; Stamp Marketing Lead Channel; 0.03 Primary Inbound Channel | Initial Proxy Association...,Stamp Date Lead Came Inbound; Stamp primary Inbound Channel - ORIGINAL; 0.06 Partner Assignment | Form Attribution; UTM's | From Contact to Deal; partner page utms; Lead After Deal - yes; 0.03 Primary Inbound Channel | Initial Proxy Association; Stamp Affiliate Subchannel; 0.04 L3 / Marketing Attribution | Initial Proxy Association (Phase 1); 0.05 Ad/Emails Touchpoint Influence...,Stamp Date Lead Came Inbound; Bestmoney - Unverified Platform Access; Bestmoney - Closed Lost; Stamp primary Inbound Channel - ORIGINAL; UTM's | From Contact to Deal; partner page utms; Lead After Deal - yes; Bestmoney - Client Approved; Stamp Marketing Lead Channel; Stamp Affiliate Subchannel...
pipeline,Pipeline,KEY FIELD (HS + SF),False,"CRITICAL - Key Field, Multiple Active Workflows","Active workflows: Stamp recent deal created date - company, Lead Nurturing Path - Company --> Deal, Primary Inbound Channel - Company --> Deal...",True,recordtypeid,Always use Salesforce,24,1,23,20,16,4,5,14,19,False,False,False,enumeration,deal_activity,100%,11/23/25 6:28 PM EST,True,Stamp recent deal created date - company; Lead Nurturing Path - Company --> Deal; Primary Inbound Channel - Company --> Deal; Stamp recent deal created date - company (cloned); Post Intro Call Booked - set as marketing contact; First email date - Company --> Deal; Lead Nurturing and Influenced Deal signup- Slack notification; Deal --> Company - Pipeline; Lifecycle stage = SAL; Signup Conversion Date - Company --> Deal...,Stamp recent deal created date - company; Lead Nurturing Path - Company --> Deal; Primary Inbound Channel - Company --> Deal; Stamp recent deal created date - company (cloned); First email date - Company --> Deal; Deal --> Company - Pipeline; Lifecycle stage = SAL; Signup Conversion Date - Company --> Deal; SelfServe/CS = Yes; Deals - campaign/term drilldowns reconcile...,Stamp recent deal created date - company; Lead Nurturing Path - Company --> Deal; Primary Inbound Channel - Company --> Deal; Stamp recent deal created date - company (cloned); Post Intro Call Booked - set as marketing contact; First email date - Company --> Deal; Lead Nurturing and Influenced Deal signup- Slack notification; Deal --> Company - Pipeline; Lifecycle stage = SAL; Signup Conversion Date - Company --> Deal...
dealstage,Deal Stage,KEY FIELD (HS + SF),False,"CRITICAL - Key Field, Multiple Active Workflows","Active workflows: Closed Won = No, 0.07 Strategic Initiatives | Deal Assignment (All Associations), DS - Leads: Growth Tools (Safe/Invoice) | Funnel Optimization...",True,stagename,Always use Salesforce,23,1,22,20,17,3,3,16,11,False,False,False,enumeration,deal_activity,100%,11/23/25 6:44 PM EST,True,Closed Won = No; 0.07 Strategic Initiatives | Deal Assignment (All Associations); DS - Leads: Growth Tools (Safe/Invoice) | Funnel Optimization; 0.1.1 Submission/Approval Track; Deal - Set to disqualifed = yes; Router Status; Lifecycle stage = SAL; 0.03 Primary Inbound Channel | Initial Proxy Association; 0.04 L3 / Marketing Attribution | Initial Proxy Association (Phase 1); Closed Won = Yes...,Closed Won = No; 0.07 Strategic Initiatives | Deal Assignment (All Associations); DS - Leads: Growth Tools (Safe/Invoice) | Funnel Optimization; 0.1.1 Submission/Approval Track; Deal - Set to disqualifed = yes; Router Status; Lifecycle stage = SAL; 0.03 Primary Inbound Channel | Initial Proxy Association; 0.04 L3 / Marketing Attribution | Initial Proxy Association (Phase 1); Closed Won = Yes...,Closed Won = No; Deal - Set to disqualifed = yes; Router Status; Lifecycle stage = SAL; Closed Won = Yes; Playground signups --> status = new; Client Approved - SMS sequence; Deal Stage --> Deal --> Company; Restamp Inbound Type - verification pending; Deal Stage -Deal --> Contact...
createdate,Create Date,KEY FIELD (HS + SF),False,"CRITICAL - Key Field, Multiple Active Workflows","Active workflows: 0.04 L3 / Marketing Attribution | Initial Proxy Association (Phase 1), Stamp recent deal created date - company, 1.0 DS – Pipeline Stage | Marketable Tagging...",True,createddate,Always use Salesforce,20,3,17,18,15,3,6,13,8,False,False,False,datetime,contactinformation,100%,11/23/25 6:37 PM EST,True,0.04 L3 / Marketing Attribution | Initial Proxy Association (Phase 1); Stamp recent deal created date - company; 1.0 DS – Pipeline Stage | Marketable Tagging; 0.00 [Batch Update] Quarantine // Churned Marketable Contacts; Company - Create Date --> Company Create Date; Deal - Recent Deal Date - For influenced deals; [Events | DS] Luma - Events Management | SFDC Campaign Assignment; 0.1.1 Submission/Approval Track; 0.05 Ad/Emails Touchpoint Influence; DS - Leads: Growth Tools (Safe/Invoice) | Funnel Optimization...,0.04 L3 / Marketing Attribution | Initial Proxy Association (Phase 1); Stamp recent deal created date - company; 1.0 DS – Pipeline Stage | Marketable Tagging; 0.00 [Batch Update] Quarantine // Churned Marketable Contacts; Company - Create Date --> Company Create Date; Deal - Recent Deal Date - For influenced deals; [Events | DS] Luma - Events Management | SFDC Campaign Assignment; 0.1.1 Submission/Approval Track; 0.05 Ad/Emails Touchpoint Influence; DS - Leads: Growth Tools (Safe/Invoice) | Funnel Optimization...,Stamp recent deal created date - company; ICP Category --> Company to deal or contact; Company - Create Date --> Company Create Date; Deal - Recent Deal Date - For influenced deals; Latest Disposition - Contact --> Deal; Stamp recent deal created date - company (cloned); First email date - Company --> Deal; Copy ''Inbound Notes'' from Contact to Deal (Influencers)
inbound_priority_type__cloned_,Inbound Type,KEY FIELD (HS + SF),False,"CRITICAL - Key Field, Multiple Active Workflows","Active workflows: Qualified Lead Trigger - Clearbit/HubSpot - Revenue, Restamp Inbound Type - verification pending, Self serve - Inbound Signup Path...",True,inbound_type__c,Two way,20,5,15,18,15,3,5,10,18,False,False,False,enumeration,contactinformation,4.86%,11/23/25 6:11 PM EST,False,Qualified Lead Trigger - Clearbit/HubSpot - Revenue; Restamp Inbound Type - verification pending; Self serve - Inbound Signup Path; Bottom Funnel - Seller Notification; Inbound type - Contact --> Company - has a deal; Inbound Type = Warm --> Set properties to route; Set Inbound Type - Bottom Funnel Warm; Signup Buckets - Self-Serve; Stamp bottom funnel date; Lead Routed to Owner...,Qualified Lead Trigger - Clearbit/HubSpot - Revenue; Restamp Inbound Type - verification pending; Self serve - Inbound Signup Path; Inbound type - Contact --> Company - has a deal; Signup Buckets - Self-Serve; Lead Routed to Owner; Set Inbound Type - Self Serve + Contact Sales; SelfServe/CS = Yes; Inbound Signups - slack notification; Inbound type - Contact --> Company,Qualified Lead Trigger - Clearbit/HubSpot - Revenue; Restamp Inbound Type - verification pending; Self serve - Inbound Signup Path; Bottom Funnel - Seller Notification; Inbound type - Contact --> Company - has a deal; Inbound Type = Warm --> Set properties to route; Set Inbound Type - Bottom Funnel Warm; Signup Buckets - Self-Serve; Stamp bottom funnel date; Facebook Form Signups --> Properties...
primary_inbound_channel,Primary_Inbound_Channel,KEY FIELD (HS + SF),False,"CRITICAL - Key Field, Multiple Active Workflows","Active workflows: Deal PIC - startup nyc --> rho banks, Rho Banks NYC/Hubspot-VC- contact, Primary Inbound Channel - Company --> Deal...",True,primary_inbound_channel__c,Don't sync,19,7,12,13,12,1,2,12,13,False,False,False,string,lead_ads,0.21%,4/29/25 3:06 AM EDT,False,Deal PIC - startup nyc --> rho banks; Rho Banks NYC/Hubspot-VC- contact; Primary Inbound Channel - Company --> Deal; Deal - Contact PIC was updated - Update on Deal; rho banks nyc - deal; Primary Inbound Channel - Contact --> Company; Deal - Recent Deal Date - For influenced deals; Deal - Fix Primary Inbound - Naming; Deal - Event - PIC is Unknown --> Deal PIC; Deals - campaign/term drilldowns reconcile...,Deal PIC - startup nyc --> rho banks; Rho Banks NYC/Hubspot-VC- contact; Primary Inbound Channel - Company --> Deal; Deal - Contact PIC was updated - Update on Deal; rho banks nyc - deal; Primary Inbound Channel - Contact --> Company; Deal - Recent Deal Date - For influenced deals; Deal - Fix Primary Inbound - Naming; Deal - Event - PIC is Unknown --> Deal PIC; Deals - campaign/term drilldowns reconcile...,Deal PIC - startup nyc --> rho banks; Rho Banks NYC/Hubspot-VC- contact; Primary Inbound Channel - Company --> Deal; Deal - Contact PIC was updated - Update on Deal; rho banks nyc - deal; Primary Inbound Channel - Contact --> Company; Deal - Recent Deal Date - For influenced deals; Deal - Fix Primary Inbound - Naming; Deal - Event - PIC is Unknown --> Deal PIC; Deal - Unknown Properties --> Stamp properties...
utm_campaign,utm_campaign (sfdc),KEY FIELD (HS + SF),False,"CRITICAL - Key Field, Multiple Active Workflows","Active workflows: 0.04 L3 / Marketing Attribution | Initial Proxy Association (Phase 1), Stamp Date Lead Came Inbound, 0.05 Ad/Emails Touchpoint Influence...",True,utm_campaign__c,Two way,19,6,13,13,11,2,3,12,6,False,False,False,string,lead_ads,5.18%,11/23/25 6:09 PM EST,False,0.04 L3 / Marketing Attribution | Initial Proxy Association (Phase 1); Stamp Date Lead Came Inbound; 0.05 Ad/Emails Touchpoint Influence; Become a partner form - Owner assignation; Utm_campaign/Drilldown 1; Stamp primary Inbound Channel - LATEST; 0.06 Partner Assignment | Form Attribution; Stamp primary Inbound Channel - ORIGINAL; 0.03 Primary Inbound Channel | Initial Proxy Association; Signup product intent...,0.04 L3 / Marketing Attribution | Initial Proxy Association (Phase 1); Stamp Date Lead Came Inbound; 0.05 Ad/Emails Touchpoint Influence; Become a partner form - Owner assignation; Summer of Rho: Referral Program MVP | Viral Loops; Utm_campaign/Drilldown 1; Stamp primary Inbound Channel - LATEST; 0.06 Partner Assignment | Form Attribution; Stamp primary Inbound Channel - ORIGINAL; 0.03 Primary Inbound Channel | Initial Proxy Association...,Stamp Date Lead Came Inbound; Utm_campaign/Drilldown 1; Stamp primary Inbound Channel - LATEST; Stamp primary Inbound Channel - ORIGINAL; Signup product intent; UTM's | From Contact to Deal
deal_stage,Deal Stage,KEY FIELD (HS + SF),False,"CRITICAL - Key Field, Multiple Active Workflows","Active workflows: Deal Stage - Company --> Contact, Status = Meeting Set, 1.2 DS – Pipeline Stage | State Change Tracking [DRAFT]...",True,deal_stage__c,Two way,18,5,13,15,14,1,5,9,10,False,False,False,string,contactinformation,13.59%,11/23/25 6:44 PM EST,False,Deal Stage - Company --> Contact; Status = Meeting Set; 1.2 DS – Pipeline Stage | State Change Tracking [DRAFT]; 0.00 [Batch Update] Quarantine // Churned Marketable Contacts; Deal Stage -Deal --> Contact; Bestmoney - Unverified Platform Access; [Events | DS] Luma - Events Management | SFDC Campaign Assignment; 0.1.1 Submission/Approval Track; Bestmoney - Closed Lost; Set contact deal stage = unqualified...,Deal Stage - Company --> Contact; Status = Meeting Set; 1.2 DS – Pipeline Stage | State Change Tracking [DRAFT]; 0.00 [Batch Update] Quarantine // Churned Marketable Contacts; Deal Stage -Deal --> Contact; [Events | DS] Luma - Events Management | SFDC Campaign Assignment; 0.1.1 Submission/Approval Track; 1.1 DS – Pipeline Stage | State Tagging; Closed won = yes,Deal Stage - Company --> Contact; Status = Meeting Set; Deal Stage -Deal --> Contact; Bestmoney - Unverified Platform Access; Bestmoney - Closed Lost; Bestmoney - Client Approved; Set contact deal stage = unqualified; Closed won = yes; Bestmoney - New Lead; Bestmoney - Verification pending
hubspot_owner_id,Contact owner,KEY FIELD (HS + SF),False,"CRITICAL - Key Field, Multiple Active Workflows","Active workflows: [Master] Saleforce Inclusion Trigger, [Events | DS] Luma - Events Management | SFDC Campaign Assignment, Signup Re-engagement PUSH to Nurturing flow...",True,ownerid,Two way,18,9,9,13,11,2,6,6,10,False,False,False,enumeration,sales_properties,97.45%,11/23/25 6:54 PM EST,True,Bottom Funnel - Seller Notification; *Influencer | MyTechCEO - Assignation; Super Connector - Owner ssignation based on location; [Master] Saleforce Inclusion Trigger; [Events | DS] Luma - Events Management | SFDC Campaign Assignment; Signup Re-engagement PUSH to Nurturing flow; Stamp primary Inbound Channel - ORIGINAL; Placeholder Meeting Date; Deal -> Contact and Companies - owner; Copy deal owner to contact owner...,[Master] Saleforce Inclusion Trigger; [Events | DS] Luma - Events Management | SFDC Campaign Assignment; Signup Re-engagement PUSH to Nurturing flow; Stamp primary Inbound Channel - ORIGINAL; Deal -> Contact and Companies - owner; Copy deal owner to contact owner,Contact Company Owner --> Company Owner; Bottom Funnel - Seller Notification; [Master] Saleforce Inclusion Trigger; Signup Re-engagement PUSH to Nurturing flow; Stamp primary Inbound Channel - ORIGINAL; Client Approved - SMS sequence; Placeholder Meeting Date; Deal -> Contact and Companies - owner; Copy deal owner to contact owner; Owner - Reed or Justin --> Marketing pool
lead_after_deal,Lead After Deal,KEY FIELD (HS + SF),False,"CRITICAL - Key Field, Multiple Active Workflows","Active workflows: Qualified Lead Trigger - Clearbit/HubSpot - Revenue, Converted Leads - Stamp properties again, Proxy DAI --> DAI...",True,lead_after_deal__c,Two way,14,4,10,11,11,0,1,11,11,False,False,False,enumeration,contactinformation,96.69%,11/23/25 6:11 PM EST,False,Qualified Lead Trigger - Clearbit/HubSpot - Revenue; Converted Leads - Stamp properties again; Proxy DAI --> DAI; Set Inbound Type - Self Serve + Contact Sales; Lead After Deal - Contact --> Company; Lead After Deal - yes; Signup Re-engagement PUSH to Nurturing flow; Lead After Deal - Company --> Deal; Set lead source as inbound; Lead after Deal - opp/cust = yes...,Qualified Lead Trigger - Clearbit/HubSpot - Revenue; Converted Leads - Stamp properties again; Proxy DAI --> DAI; Set Inbound Type - Self Serve + Contact Sales; Lead After Deal - Contact --> Company; Lead After Deal - yes; Signup Re-engagement PUSH to Nurturing flow; Lead After Deal - Company --> Deal; Set lead source as inbound; Lead after Deal - opp/cust = yes...,Qualified Lead Trigger - Clearbit/HubSpot - Revenue; Converted Leads - Stamp properties again; Proxy DAI --> DAI; Set Inbound Type - Self Serve + Contact Sales; Lead After Deal - Contact --> Company; Lead After Deal - yes; Signup Re-engagement PUSH to Nurturing flow; Lead After Deal - Company --> Deal; Set lead source as inbound; Lead after Deal - opp/cust = yes...
disqualified_,Disqualified?,KEY FIELD (HS + SF),False,"CRITICAL - Key Field, Multiple Active Workflows","Active workflows: Disqualified - Deal --> Company, Pre qual = Unqualified --> Status = Disqualified, Disqualified - Contact --> Company...",True,disqualified__c,Don't sync,13,6,7,9,9,0,0,8,9,False,False,False,enumeration,contactinformation,20.1%,11/23/25 6:45 PM EST,False,Disqualified - Deal --> Company; Pre qual = Unqualified --> Status = Disqualified; Disqualified - Contact --> Company; disqualified - Company --> Contact; Stamp Lead nurturing finished - Other than List filters; non-mql --> MQL - signup bucket; Deal - Set to disqualifed = yes; Inbound Signups - slack notification; Set to Disqualified = yes,Disqualified - Deal --> Company; Pre qual = Unqualified --> Status = Disqualified; Disqualified - Contact --> Company; disqualified - Company --> Contact; non-mql --> MQL - signup bucket; Deal - Set to disqualifed = yes; Inbound Signups - slack notification; Set to Disqualified = yes,Disqualified - Deal --> Company; Pre qual = Unqualified --> Status = Disqualified; Disqualified - Contact --> Company; disqualified - Company --> Contact; Stamp Lead nurturing finished - Other than List filters; non-mql --> MQL - signup bucket; Deal - Set to disqualifed = yes; Inbound Signups - slack notification; Set to Disqualified = yes
first_conversion_event_name,First Conversion,KEY FIELD (HS + SF),False,"CRITICAL - Key Field, Multiple Active Workflows","Active workflows: 0.04 L3 / Marketing Attribution | Initial Proxy Association (Phase 1), 0.07 Strategic Initiatives | Deal Assignment (All Associations), Mark As Other--> Unqualified = yes...",True,first_conversion_page__c,Two way,13,1,12,12,12,0,1,11,8,False,False,False,string,contact_activity,7.32%,11/23/25 6:11 PM EST,True,0.04 L3 / Marketing Attribution | Initial Proxy Association (Phase 1); 0.07 Strategic Initiatives | Deal Assignment (All Associations); Mark As Other--> Unqualified = yes; 0.1.1 Submission/Approval Track; 0.05 Ad/Emails Touchpoint Influence; Stamp Lifecycle Stage Text; Stamp primary Inbound Channel - LATEST; Stamp primary Inbound Channel - ORIGINAL; First Conversion Mapping [Reed]; Signup Conversion Page - New...,0.04 L3 / Marketing Attribution | Initial Proxy Association (Phase 1); 0.07 Strategic Initiatives | Deal Assignment (All Associations); Mark As Other--> Unqualified = yes; 0.1.1 Submission/Approval Track; 0.05 Ad/Emails Touchpoint Influence; Stamp Lifecycle Stage Text; Stamp primary Inbound Channel - LATEST; Stamp primary Inbound Channel - ORIGINAL; First Conversion Mapping [Reed]; Signup Conversion Page - New...,Mark As Other--> Unqualified = yes; Stamp Lifecycle Stage Text; Stamp primary Inbound Channel - LATEST; Stamp primary Inbound Channel - ORIGINAL; First Conversion Mapping [Reed]; Signup Conversion Page - New; Signup Conversion Page - OTHER; Stamp Primary Inbound - CONTENT DOWNLOAD
hs_analytics_source,Original Traffic Source,KEY FIELD (HS + SF),False,"CRITICAL - Key Field, Multiple Active Workflows","Active workflows: 0.04 L3 / Marketing Attribution | Initial Proxy Association (Phase 1), 0.05 Ad/Emails Touchpoint Influence, Stamp primary Inbound Channel - LATEST...",True,original_source__c,Two way,13,0,13,14,12,2,1,11,8,False,False,False,enumeration,analyticsinformation,100%,11/23/25 6:37 PM EST,True,0.04 L3 / Marketing Attribution | Initial Proxy Association (Phase 1); 0.05 Ad/Emails Touchpoint Influence; Stamp primary Inbound Channel - LATEST; Stamp primary Inbound Channel - ORIGINAL; Stamp Marketing Lead Channel; Utm_campaign/Drilldown 1; 0.06 Partner Assignment | Form Attribution; Signup Conversion Page - OTHER; 0.03 Primary Inbound Channel | Initial Proxy Association; Stamp Affiliate Subchannel...,0.04 L3 / Marketing Attribution | Initial Proxy Association (Phase 1); 0.05 Ad/Emails Touchpoint Influence; Stamp primary Inbound Channel - LATEST; Stamp primary Inbound Channel - ORIGINAL; Utm_campaign/Drilldown 1; 0.06 Partner Assignment | Form Attribution; Signup Conversion Page - OTHER; 0.03 Primary Inbound Channel | Initial Proxy Association; Stamp Affiliate Subchannel; Deals - campaign/term drilldowns reconcile...,Stamp primary Inbound Channel - LATEST; Stamp primary Inbound Channel - ORIGINAL; Stamp Marketing Lead Channel; Utm_campaign/Drilldown 1; Signup Conversion Page - OTHER; Stamp Affiliate Subchannel; Deals - campaign/term drilldowns reconcile; Utm_Term/Drilldown 2
hs_analytics_source_data_1,Original Traffic Source Drill-Down 1,KEY FIELD (HS + SF),False,"CRITICAL - Key Field, Multiple Active Workflows","Active workflows: 0.04 L3 / Marketing Attribution | Initial Proxy Association (Phase 1), 0.05 Ad/Emails Touchpoint Influence, Stamp primary Inbound Channel - LATEST...",True,original_source_drill_down_1__c,Two way,13,3,10,10,9,1,1,8,6,False,False,False,string,analyticsinformation,99.98%,11/23/25 6:37 PM EST,True,0.04 L3 / Marketing Attribution | Initial Proxy Association (Phase 1); 0.05 Ad/Emails Touchpoint Influence; Stamp primary Inbound Channel - LATEST; Utm_campaign/Drilldown 1; Stamp Marketing Lead Channel; Stamp primary Inbound Channel - ORIGINAL; 0.03 Primary Inbound Channel | Initial Proxy Association; Stamp Affiliate Subchannel; Deals - campaign/term drilldowns reconcile,0.04 L3 / Marketing Attribution | Initial Proxy Association (Phase 1); 0.05 Ad/Emails Touchpoint Influence; Stamp primary Inbound Channel - LATEST; Utm_campaign/Drilldown 1; Stamp primary Inbound Channel - ORIGINAL; 0.03 Primary Inbound Channel | Initial Proxy Association; Stamp Affiliate Subchannel; Deals - campaign/term drilldowns reconcile,Stamp primary Inbound Channel - LATEST; Utm_campaign/Drilldown 1; Stamp Marketing Lead Channel; Stamp primary Inbound Channel - ORIGINAL; Stamp Affiliate Subchannel; Deals - campaign/term drilldowns reconcile
sql_date,SQL Date,KEY FIELD (HS + SF),False,"CRITICAL - Key Field, Multiple Active Workflows","Active workflows: Deal --> Contact - SQL, SQL Date - Deal --> Company, DS – Application: Abandonment Reengagement | Funnel Optimization...",True,sql_date__c,Two way,13,3,10,10,8,2,2,8,6,False,False,False,date,deal_information,8.69%,11/23/25 6:44 PM EST,False,Deal --> Contact - SQL; SQL Date - Deal --> Company; DS – Application: Abandonment Reengagement | Funnel Optimization; Deal - SQL = Yes; 0.05 Ad/Emails Touchpoint Influence; Contact - SQL? = yes; 0.03 Primary Inbound Channel | Initial Proxy Association; SQL Date - Company --> Contact,Deal --> Contact - SQL; SQL Date - Deal --> Company; DS – Application: Abandonment Reengagement | Funnel Optimization; Deal - SQL = Yes; 0.05 Ad/Emails Touchpoint Influence; Contact - SQL? = yes; 0.03 Primary Inbound Channel | Initial Proxy Association; SQL Date - Company --> Contact,Deal --> Contact - SQL; SQL Date - Deal --> Company; Marketing or Partner SQLs - slack notification; Deal - SQL = Yes; Contact - SQL? = yes; SQL Date - Company --> Contact
utm_medium,utm_medium (sfdc),KEY FIELD (HS + SF),False,"CRITICAL - Key Field, Multiple Active Workflows","Active workflows: 0.04 L3 / Marketing Attribution | Initial Proxy Association (Phase 1), Stamp Date Lead Came Inbound, 0.05 Ad/Emails Touchpoint Influence...",True,utm_medium__c,Two way,12,4,8,8,7,1,1,6,4,False,False,False,string,lead_ads,5.07%,11/23/25 6:09 PM EST,False,0.04 L3 / Marketing Attribution | Initial Proxy Association (Phase 1); Stamp Date Lead Came Inbound; 0.05 Ad/Emails Touchpoint Influence; Stamp primary Inbound Channel - ORIGINAL; Stamp Marketing Lead Channel; 0.03 Primary Inbound Channel | Initial Proxy Association; UTM's | From Contact to Deal,0.04 L3 / Marketing Attribution | Initial Proxy Association (Phase 1); Stamp Date Lead Came Inbound; 0.05 Ad/Emails Touchpoint Influence; Stamp primary Inbound Channel - ORIGINAL; 0.03 Primary Inbound Channel | Initial Proxy Association; UTM's | From Contact to Deal,Stamp Date Lead Came Inbound; Stamp primary Inbound Channel - ORIGINAL; Stamp Marketing Lead Channel; UTM's | From Contact to Deal
utm_term,utm_term (sfdc),KEY FIELD (HS + SF),False,"CRITICAL - Key Field, Multiple Active Workflows","Active workflows: 0.04 L3 / Marketing Attribution | Initial Proxy Association (Phase 1), 0.05 Ad/Emails Touchpoint Influence, Summer of Rho: Referral Program MVP | Viral Loops...",True,utm_term__c,Two way,12,6,6,7,6,1,1,7,2,False,False,False,string,lead_ads,3.5%,11/23/25 2:12 PM EST,False,0.04 L3 / Marketing Attribution | Initial Proxy Association (Phase 1); 0.05 Ad/Emails Touchpoint Influence; 0.06 Partner Assignment | Form Attribution; 0.03 Primary Inbound Channel | Initial Proxy Association; UTM's | From Contact to Deal; Utm_Term/Drilldown 2,0.04 L3 / Marketing Attribution | Initial Proxy Association (Phase 1); 0.05 Ad/Emails Touchpoint Influence; Summer of Rho: Referral Program MVP | Viral Loops; 0.06 Partner Assignment | Form Attribution; 0.03 Primary Inbound Channel | Initial Proxy Association; UTM's | From Contact to Deal; Utm_Term/Drilldown 2,UTM's | From Contact to Deal; Utm_Term/Drilldown 2
inbound_type,Inbound Type,KEY FIELD (HS + SF),False,"CRITICAL - Key Field, Multiple Active Workflows","Active workflows: Inbound type - Contact --> Company - has a deal, Inbound type - Company --> Deal, Inbound type - Contact --> Company",True,inbound_type__c,Two way,11,5,6,6,4,2,3,3,6,False,False,False,enumeration,conversioninformation,6.77%,11/23/25 6:29 PM EST,False,Upcoming Call - Warm-up Sequence; Inbound type - Contact --> Company - has a deal; Inbound type - Company --> Deal; Inbound type - Contact --> Company,Inbound type - Contact --> Company - has a deal; Inbound type - Company --> Deal; Inbound type - Contact --> Company,Upcoming Call - Warm-up Sequence; Inbound type - Contact --> Company - has a deal; Inbound type - Company --> Deal - >1; Deal - Unknown Properties --> Stamp properties; Inbound type - Company --> Deal; Inbound type - Contact --> Company
signup_conversion_page,Signup Conversion Page,KEY FIELD (HS + SF),False,"CRITICAL - Key Field, Multiple Active Workflows","Active workflows: Signup product intent, Signup Conversion Page - OTHER, Signup Conversion Page - New...",True,signup_conversion_page__c,Two way,11,6,5,7,5,2,2,5,7,False,False,False,enumeration,contactinformation,4.8%,11/23/25 6:35 PM EST,False,Signup product intent; Signup Conversion Page - OTHER; Signup Conversion Page - New; Signup Conversion Date - Company --> Deal; Signup Conversion page - Contact --> Company,Signup product intent; Signup Conversion Page - OTHER; Signup Conversion Page - New; Signup Conversion Date - Company --> Deal; Signup Conversion page - Contact --> Company,Signup product intent; Facebook Form Signups --> Properties; Signup Conversion Page - OTHER; Signup Conversion Page - New; Signup Conversion Date - Company --> Deal; Signup Conversion page - Contact --> Company; Linkedin Ad Signup - Stamp properties
email,Email,KEY FIELD (HS + SF),False,"CRITICAL - Key Field, Multiple Active Workflows","Active workflows: DS – Application: Abandonment Reengagement | Funnel Optimization, DS – Customer Onboarding: Founders | Lifecycle Engagement, [Master] Saleforce Inclusion Trigger...",True,email,Two way,10,1,9,10,6,4,4,7,3,False,False,False,string,contactinformation,99.47%,11/23/25 6:37 PM EST,True,DS – Application: Abandonment Reengagement | Funnel Optimization; DS – Customer Onboarding: Founders | Lifecycle Engagement; [Master] Saleforce Inclusion Trigger; [Events | DS] Luma - Events Management | SFDC Campaign Assignment; 0.06 Partner Assignment | Form Attribution; Inbound Contact Name to Company,DS – Application: Abandonment Reengagement | Funnel Optimization; DS – Customer Onboarding: Founders | Lifecycle Engagement; [Master] Saleforce Inclusion Trigger; [Events | DS] Luma - Events Management | SFDC Campaign Assignment; Summer of Rho: Referral Program MVP | Viral Loops; 0.06 Partner Assignment | Form Attribution; Inbound Contact Name to Company,Mark as gmail; [Master] Saleforce Inclusion Trigger; Inbound Contact Name to Company
hs_analytics_first_url,First Page Seen,KEY FIELD (HS + SF),False,"CRITICAL - Key Field, Multiple Active Workflows","Active workflows: Rho Banks NYC/Hubspot-VC- contact, 0.05 Ad/Emails Touchpoint Influence, Stamp primary Inbound Channel - LATEST...",True,first_page_seen__c,Two way,10,1,9,9,8,1,1,9,6,False,False,False,string,analyticsinformation,6.32%,11/23/25 6:11 PM EST,True,Rho Banks NYC/Hubspot-VC- contact; 0.05 Ad/Emails Touchpoint Influence; Stamp primary Inbound Channel - LATEST; Stamp primary Inbound Channel - ORIGINAL; Signup Conversion Page - OTHER; 0.03 Primary Inbound Channel | Initial Proxy Association; Signup Conversion Page - New; First Page Seen - Contact to Company,Rho Banks NYC/Hubspot-VC- contact; 0.05 Ad/Emails Touchpoint Influence; Stamp primary Inbound Channel - LATEST; Stamp primary Inbound Channel - ORIGINAL; Summer of Rho: Referral Program MVP | Viral Loops; Signup Conversion Page - OTHER; 0.03 Primary Inbound Channel | Initial Proxy Association; Signup Conversion Page - New; First Page Seen - Contact to Company,Rho Banks NYC/Hubspot-VC- contact; Stamp primary Inbound Channel - LATEST; Stamp primary Inbound Channel - ORIGINAL; Signup Conversion Page - OTHER; Signup Conversion Page - New; First Page Seen - Contact to Company
utm_content,utm_content (sfdc),KEY FIELD (HS + SF),False,"CRITICAL - Key Field, Multiple Active Workflows","Active workflows: 0.04 L3 / Marketing Attribution | Initial Proxy Association (Phase 1), 0.05 Ad/Emails Touchpoint Influence, 0.03 Primary Inbound Channel | Initial Proxy Association...",True,utm_content__c,Two way,10,4,6,6,5,1,1,5,3,False,False,False,string,lead_ads,3.8%,11/23/25 2:12 PM EST,False,0.04 L3 / Marketing Attribution | Initial Proxy Association (Phase 1); 0.05 Ad/Emails Touchpoint Influence; 0.03 Primary Inbound Channel | Initial Proxy Association; Signup product intent; UTM's | From Contact to Deal,0.04 L3 / Marketing Attribution | Initial Proxy Association (Phase 1); 0.05 Ad/Emails Touchpoint Influence; 0.03 Primary Inbound Channel | Initial Proxy Association; Signup product intent; UTM's | From Contact to Deal,Facebook Form Signups --> Properties; Signup product intent; UTM's | From Contact to Deal
utm_source__c,utm_source [archive],KEY FIELD (HS + SF),False,"CRITICAL - Key Field, Multiple Active Workflows","Active workflows: 0.04 L3 / Marketing Attribution | Initial Proxy Association (Phase 1), 0.05 Ad/Emails Touchpoint Influence, Lead After Deal - Company --> Deal...",True,utm_source__c,Prefer Salesforce unless blank,10,4,6,6,6,0,0,6,3,False,False,False,string,salesforceinformation,3.12%,,False,0.04 L3 / Marketing Attribution | Initial Proxy Association (Phase 1); 0.05 Ad/Emails Touchpoint Influence; Lead After Deal - Company --> Deal; 0.03 Primary Inbound Channel | Initial Proxy Association; Deals - campaign/term drilldowns reconcile; UTM's | From Contact to Deal,0.04 L3 / Marketing Attribution | Initial Proxy Association (Phase 1); 0.05 Ad/Emails Touchpoint Influence; Lead After Deal - Company --> Deal; 0.03 Primary Inbound Channel | Initial Proxy Association; Deals - campaign/term drilldowns reconcile; UTM's | From Contact to Deal,Lead After Deal - Company --> Deal; Deals - campaign/term drilldowns reconcile; UTM's | From Contact to Deal
event,Event,KEY FIELD (HS + SF),False,"CRITICAL - Key Field, Multiple Active Workflows","Active workflows: Contact - Deal Event is updated - Update on Contact, Rho banks nyc - change lead source to marketing, Stamp primary Inbound Channel - ORIGINAL...",True,event__c,Two way,9,3,6,9,7,2,5,5,9,False,False,False,enumeration,salesforceinformation,7.05%,11/22/25 3:54 PM EST,False,Contact - Deal Event is updated - Update on Contact; Set Inbound Type - Bottom Funnel Warm; Out of Home --> Event = Tech week; Rho banks nyc - change lead source to marketing; Stamp primary Inbound Channel - ORIGINAL; Event = Tech week --> Set as rho banks nyc and nyrbnyc -; Inbound Channel Bucket - Contacts,Contact - Deal Event is updated - Update on Contact; Rho banks nyc - change lead source to marketing; Stamp primary Inbound Channel - ORIGINAL; Event = Tech week --> Set as rho banks nyc and nyrbnyc -; Inbound Channel Bucket - Contacts,Contact - Deal Event is updated - Update on Contact; Engage - company name; Set Inbound Type - Bottom Funnel Warm; Out of Home --> Event = Tech week; Rho banks nyc - change lead source to marketing; Stamp primary Inbound Channel - ORIGINAL; Lead Notes --> Call Notes; Event = Tech week --> Set as rho banks nyc and nyrbnyc -; Inbound Channel Bucket - Contacts
firstname,First Name,KEY FIELD (HS + SF),False,"CRITICAL - Key Field, Multiple Active Workflows","Active workflows: [Master] Saleforce Inclusion Trigger, DS - Leads: Growth Tools (Safe/Invoice) | Funnel Optimization, Qualified Lead Trigger - Sign Up Flow Revenue + Employees...",True,firstname,Prefer Salesforce unless blank,9,3,6,7,5,2,3,5,5,False,False,False,string,contactinformation,97.68%,11/23/25 6:50 PM EST,True,[Master] Saleforce Inclusion Trigger; DS - Leads: Growth Tools (Safe/Invoice) | Funnel Optimization; Qualified Lead Trigger - Sign Up Flow Revenue + Employees; Set Inbound Type - Self Serve + Contact Sales; Inbound Contact Name to Company,[Master] Saleforce Inclusion Trigger; DS - Leads: Growth Tools (Safe/Invoice) | Funnel Optimization; Qualified Lead Trigger - Sign Up Flow Revenue + Employees; Set Inbound Type - Self Serve + Contact Sales; Inbound Contact Name to Company,[Master] Saleforce Inclusion Trigger; Qualified Lead Trigger - Sign Up Flow Revenue + Employees; Client Approved - SMS sequence; Set Inbound Type - Self Serve + Contact Sales; Inbound Contact Name to Company
hs_analytics_source_data_2,Original Traffic Source Drill-Down 2,KEY FIELD (HS + SF),False,"CRITICAL - Key Field, Multiple Active Workflows","Active workflows: Stamp primary Inbound Channel - LATEST, Stamp primary Inbound Channel - ORIGINAL, Summer of Rho: Referral Program MVP | Viral Loops...",True,original_source_drill_down_2__c,Two way,8,2,6,7,5,2,2,6,5,False,False,False,string,analyticsinformation,97.01%,11/23/25 6:37 PM EST,True,Stamp primary Inbound Channel - LATEST; Stamp primary Inbound Channel - ORIGINAL; 0.03 Primary Inbound Channel | Initial Proxy Association; Deals - campaign/term drilldowns reconcile; Utm_Term/Drilldown 2,Stamp primary Inbound Channel - LATEST; Stamp primary Inbound Channel - ORIGINAL; Summer of Rho: Referral Program MVP | Viral Loops; 0.03 Primary Inbound Channel | Initial Proxy Association; Deals - campaign/term drilldowns reconcile; Utm_Term/Drilldown 2,Stamp primary Inbound Channel - LATEST; Stamp primary Inbound Channel - ORIGINAL; Marketing Lead Gen - Navattic --> Stamp Properties; Deals - campaign/term drilldowns reconcile; Utm_Term/Drilldown 2
pre_qualification_outcome,Pre-qualification Outcome,KEY FIELD (HS + SF),False,"CRITICAL - Key Field, Multiple Active Workflows","Active workflows: Set Inbound Type - Self Serve + Contact Sales, Pre qual = Unqualified --> Status = Disqualified, Pre qual outcome - Contact --> Deal...",True,pre_qualification_outcome_signup__c; pre_qualification_outcome__c,Two way,8,1,7,7,7,0,1,4,7,False,False,False,string,conversioninformation,3.02%,11/23/25 5:04 PM EST,False,Set Inbound Type - Self Serve + Contact Sales; Pre qual = Unqualified --> Status = Disqualified; Bestmoney - Closed Lost; Playground signups --> status = new; Set contact deal stage = unqualified; Pre qual outcome - Contact --> Deal; Inbound Signups - slack notification,Set Inbound Type - Self Serve + Contact Sales; Pre qual = Unqualified --> Status = Disqualified; Pre qual outcome - Contact --> Deal; Inbound Signups - slack notification,Set Inbound Type - Self Serve + Contact Sales; Pre qual = Unqualified --> Status = Disqualified; Bestmoney - Closed Lost; Playground signups --> status = new; Set contact deal stage = unqualified; Pre qual outcome - Contact --> Deal; Inbound Signups - slack notification
timestamp__account_created,Client Approved Date,KEY FIELD (HS + SF),False,"CRITICAL - Key Field, Multiple Active Workflows","Active workflows: Account Created Date - Deal --> Company, CA > 7 Days - deal, 0.05 Ad/Emails Touchpoint Influence...",True,application_approved_date__c,Always use Salesforce,8,2,6,6,5,1,1,5,5,False,False,False,date,deal_information,2.18%,11/23/25 6:44 PM EST,False,Account Created Date - Deal --> Company; CA > 7 Days - deal; 0.05 Ad/Emails Touchpoint Influence; Client Approved? - deal; Client Approved Date - Company --> Contact,Account Created Date - Deal --> Company; CA > 7 Days - deal; 0.05 Ad/Emails Touchpoint Influence; Client Approved? - deal; Client Approved Date - Company --> Contact,Marketing Client Approved or Activations - slack notification; Account Created Date - Deal --> Company; CA > 7 Days - deal; Client Approved? - deal; Client Approved Date - Company --> Contact
utm_campaign__c,utm_campaign - [archive],KEY FIELD (HS + SF),False,"CRITICAL - Key Field, Multiple Active Workflows","Active workflows: 0.04 L3 / Marketing Attribution | Initial Proxy Association (Phase 1), 0.05 Ad/Emails Touchpoint Influence, 0.03 Primary Inbound Channel | Initial Proxy Association...",True,utm_campaign__c,Prefer Salesforce unless blank,8,5,3,5,5,0,0,5,2,False,False,False,string,salesforceinformation,2.99%,,False,0.04 L3 / Marketing Attribution | Initial Proxy Association (Phase 1); 0.05 Ad/Emails Touchpoint Influence; 0.03 Primary Inbound Channel | Initial Proxy Association; Deals - campaign/term drilldowns reconcile; UTM's | From Contact to Deal,0.04 L3 / Marketing Attribution | Initial Proxy Association (Phase 1); 0.05 Ad/Emails Touchpoint Influence; 0.03 Primary Inbound Channel | Initial Proxy Association; Deals - campaign/term drilldowns reconcile; UTM's | From Contact to Deal,Deals - campaign/term drilldowns reconcile; UTM's | From Contact to Deal
company,Company Name,KEY FIELD (HS + SF),False,"CRITICAL - Key Field, Multiple Active Workflows","Active workflows: Mark As Other--> Unqualified = yes, DS – Application: Abandonment Reengagement | Funnel Optimization, [Master] Saleforce Inclusion Trigger...",True,company,Two way,7,1,6,6,5,1,1,5,3,False,False,False,string,contactinformation,26.28%,11/23/25 6:11 PM EST,True,Mark As Other--> Unqualified = yes; DS – Application: Abandonment Reengagement | Funnel Optimization; [Master] Saleforce Inclusion Trigger; [Events | DS] Luma - Events Management | SFDC Campaign Assignment; 0.05 Ad/Emails Touchpoint Influence,Mark As Other--> Unqualified = yes; DS – Application: Abandonment Reengagement | Funnel Optimization; [Master] Saleforce Inclusion Trigger; [Events | DS] Luma - Events Management | SFDC Campaign Assignment; 0.05 Ad/Emails Touchpoint Influence,Mark As Other--> Unqualified = yes; [Master] Saleforce Inclusion Trigger; Engage - company name
event__c,Event,KEY FIELD (HS + SF),False,"CRITICAL - Key Field, Multiple Active Workflows","Active workflows: Rho Banks NYC/Hubspot-VC- contact, rho banks nyc - deal, Deal - Event - PIC is Unknown --> Deal PIC...",True,event__c,Two way,7,2,5,6,5,1,1,5,6,False,False,False,enumeration,salesforceinformation,9%,11/21/25 2:31 PM EST,False,Rho Banks NYC/Hubspot-VC- contact; rho banks nyc - deal; Deal - Event - PIC is Unknown --> Deal PIC; Deal - Contact Event was updated - Update on Deal; Inbound Channel Bucket - Deal,Rho Banks NYC/Hubspot-VC- contact; rho banks nyc - deal; Deal - Event - PIC is Unknown --> Deal PIC; Deal - Contact Event was updated - Update on Deal; Inbound Channel Bucket - Deal,Rho Banks NYC/Hubspot-VC- contact; rho banks nyc - deal; Partner key --> Lead Source = Partner; Deal - Event - PIC is Unknown --> Deal PIC; Deal - Contact Event was updated - Update on Deal; Inbound Channel Bucket - Deal
icp_category,ICP Category [Contact],KEY FIELD (HS + SF),False,"HIGH - Key Field, Active Usage","Active workflows: DS – Customer Onboarding: Founders | Lifecycle Engagement, ICP category - Deal --> Contact, Marketing Leads --> Stamp Path --> LN status = enrolled",True,icp_category__c,Two way,7,3,4,5,3,2,2,3,4,False,False,False,string,deal_information,86.48%,11/23/25 6:11 PM EST,False,DS – Customer Onboarding: Founders | Lifecycle Engagement; ICP category - Deal --> Contact; Marketing Leads --> Stamp Path --> LN status = enrolled,DS – Customer Onboarding: Founders | Lifecycle Engagement; ICP category - Deal --> Contact; Marketing Leads --> Stamp Path --> LN status = enrolled,ICP Category --> Company to deal or contact; Facebook Form Signups --> Properties; ICP category - Deal --> Contact; Marketing Leads --> Stamp Path --> LN status = enrolled
lastname,Last Name,KEY FIELD (HS + SF),False,"CRITICAL - Key Field, Multiple Active Workflows","Active workflows: [Master] Saleforce Inclusion Trigger, DS - Leads: Growth Tools (Safe/Invoice) | Funnel Optimization, Inbound Contact Name to Company",True,lastname,Two way,7,4,3,5,4,1,2,3,3,False,False,False,string,contactinformation,98.07%,11/23/25 6:37 PM EST,True,Company Marketing contact; [Master] Saleforce Inclusion Trigger; DS - Leads: Growth Tools (Safe/Invoice) | Funnel Optimization; Inbound Contact Name to Company,[Master] Saleforce Inclusion Trigger; DS - Leads: Growth Tools (Safe/Invoice) | Funnel Optimization; Inbound Contact Name to Company,Company Marketing contact; [Master] Saleforce Inclusion Trigger; Inbound Contact Name to Company
lead_source,Lead Source [Deprecated],KEY FIELD (HS + SF),False,"CRITICAL - Key Field, Multiple Active Workflows","Active workflows: 0.04 L3 / Marketing Attribution | Initial Proxy Association (Phase 1), Referrer Account --> Deal Lead source - Partner Inbound, 0.03 Primary Inbound Channel | Initial Proxy Association...",True,leadsource,Two way,7,2,5,5,4,1,1,4,2,False,False,False,string,lead_ads,0.22%,11/23/25 10:32 AM EST,False,0.04 L3 / Marketing Attribution | Initial Proxy Association (Phase 1); Referrer Account --> Deal Lead source - Partner Inbound; 0.03 Primary Inbound Channel | Initial Proxy Association; Bucket = Partner --> Lead Source = Partner,0.04 L3 / Marketing Attribution | Initial Proxy Association (Phase 1); Referrer Account --> Deal Lead source - Partner Inbound; 0.03 Primary Inbound Channel | Initial Proxy Association; Bucket = Partner --> Lead Source = Partner,Referrer Account --> Deal Lead source - Partner Inbound; Bucket = Partner --> Lead Source = Partner
opportunity_created_date,Opportunity Created Date,KEY FIELD (HS + SF),False,"CRITICAL - Key Field, Multiple Active Workflows","Active workflows: ICP category - Deal --> Contact, Deal Stage --> Deal --> Company, Signup Conversion Date - Company --> Deal...",True,opportunity_createddate__c,Always use Salesforce,7,0,7,8,6,2,1,5,7,False,False,False,date,contactinformation,0.64%,,False,ICP category - Deal --> Contact; Deal Stage --> Deal --> Company; Signup Conversion Date - Company --> Deal; Lead Nurturing and Influenced Deal signup- Slack notification; Deal Contact Job Title; Router Status,ICP category - Deal --> Contact; Deal Stage --> Deal --> Company; Signup Conversion Date - Company --> Deal; Deal Contact Job Title; Router Status,ICP Category --> Company to deal or contact; ICP category - Deal --> Contact; Deal Stage --> Deal --> Company; Signup Conversion Date - Company --> Deal; Lead Nurturing and Influenced Deal signup- Slack notification; Deal Contact Job Title; Router Status
opportunity_source,Opportunity Source,KEY FIELD (HS + SF),False,"HIGH - Key Field, Active Usage","Active workflows: 0.04 L3 / Marketing Attribution | Initial Proxy Association (Phase 1), Opportunity source - Deal --> Contact, Stamp primary Inbound Channel - LATEST",True,opportunity_source__c,Always use Salesforce,7,1,6,6,3,3,3,3,5,False,False,False,string,deal_information,8.43%,11/23/25 6:29 PM EST,False,0.04 L3 / Marketing Attribution | Initial Proxy Association (Phase 1); Opportunity source - Deal --> Contact; Stamp primary Inbound Channel - LATEST,0.04 L3 / Marketing Attribution | Initial Proxy Association (Phase 1); Opportunity source - Deal --> Contact; Stamp primary Inbound Channel - LATEST,Marketing Client Approved or Activations - slack notification; Opportunity source - Deal --> Contact; Stamp primary Inbound Channel - LATEST; Marketing or Partner SQLs - slack notification; Deal - Unknown Properties --> Stamp properties
sign_up_flow_estimated_annual_revenue__c,Sign Up Flow Estimated Annual Revenue,KEY FIELD (HS + SF),False,"CRITICAL - Key Field, Multiple Active Workflows","Active workflows: Qualified Lead Trigger - Clearbit/HubSpot - Revenue, Qualified Lead Trigger - Sign Up Flow Revenue + Employees, sign up flow revenue application --> sign up flow revenue...",True,sign_up_flow_estimated_annual_revenue__c,Two way,7,2,5,5,5,0,0,5,5,False,False,False,enumeration,salesforceinformation,3.11%,11/23/25 5:50 PM EST,False,Qualified Lead Trigger - Clearbit/HubSpot - Revenue; Qualified Lead Trigger - Sign Up Flow Revenue + Employees; sign up flow revenue application --> sign up flow revenue; Signup product intent; Revenue Bucket,Qualified Lead Trigger - Clearbit/HubSpot - Revenue; Qualified Lead Trigger - Sign Up Flow Revenue + Employees; sign up flow revenue application --> sign up flow revenue; Signup product intent; Revenue Bucket,Qualified Lead Trigger - Clearbit/HubSpot - Revenue; Qualified Lead Trigger - Sign Up Flow Revenue + Employees; sign up flow revenue application --> sign up flow revenue; Signup product intent; Revenue Bucket
disqualified_reason__c,Disqualified Reason,KEY FIELD (HS + SF),False,"CRITICAL - Key Field, Multiple Active Workflows","Active workflows: Pre qual = Unqualified --> Status = Disqualified, IP + Other Reasons --> Unqualified = yes, Other - Clear Date Lead Came Inbound",True,disqualified_reason__c,Two way,6,3,3,5,5,0,2,3,5,False,False,False,enumeration,salesforceinformation,5.69%,11/21/25 11:08 AM EST,False,Pre qual = Unqualified --> Status = Disqualified; Clear DQ Reason; IP + Other Reasons --> Unqualified = yes; Other - Clear Date Lead Came Inbound; Capital = qualified,Pre qual = Unqualified --> Status = Disqualified; IP + Other Reasons --> Unqualified = yes; Other - Clear Date Lead Came Inbound,Pre qual = Unqualified --> Status = Disqualified; Clear DQ Reason; IP + Other Reasons --> Unqualified = yes; Other - Clear Date Lead Came Inbound; Capital = qualified
employeescountrange,~Sign Up Flow Employees - Application,KEY FIELD (HS + SF),False,"HIGH - Key Field, Active Usage","Active workflows: Contact --> Deal - Sign up flow employees, sign up flow employees application --> sign up flow employees, Contact --> Company - Rev and employees signup",True,employees_signup__c,Two way,6,3,3,3,3,0,0,3,3,False,False,False,enumeration,salesforceinformation,4.34%,11/23/25 6:11 PM EST,False,Contact --> Deal - Sign up flow employees; sign up flow employees application --> sign up flow employees; Contact --> Company - Rev and employees signup,Contact --> Deal - Sign up flow employees; sign up flow employees application --> sign up flow employees; Contact --> Company - Rev and employees signup,Contact --> Deal - Sign up flow employees; sign up flow employees application --> sign up flow employees; Contact --> Company - Rev and employees signup
inbound_signup_type,Inbound Signup Path,KEY FIELD (HS + SF),False,"CRITICAL - Key Field, Multiple Active Workflows","Active workflows: Signup Buckets - Self-Serve, Inbound Signup Path - Contact --> Company, Self serve - Inbound Signup Path...",True,inbound_signup_type__c,Two way,6,2,4,4,4,0,0,4,4,False,False,False,enumeration,salesforceinformation,13.9%,11/23/25 6:11 PM EST,False,Signup Buckets - Self-Serve; Inbound Signup Path - Contact --> Company; Self serve - Inbound Signup Path; Set Inbound Type - Self Serve + Contact Sales,Signup Buckets - Self-Serve; Inbound Signup Path - Contact --> Company; Self serve - Inbound Signup Path; Set Inbound Type - Self Serve + Contact Sales,Signup Buckets - Self-Serve; Inbound Signup Path - Contact --> Company; Self serve - Inbound Signup Path; Set Inbound Type - Self Serve + Contact Sales
industry,Industry - Hubspot,KEY FIELD (HS + SF),False,"CRITICAL - Key Field, Multiple Active Workflows","Active workflows: rho banks nyc - deal, Industry to Hubspot industry, Copy industry app --> Industry...",True,industry; industry_signup__c,Prefer Salesforce unless blank,6,3,3,4,4,0,0,4,4,False,False,False,string,contactinformation,89.82%,11/23/25 6:38 PM EST,True,rho banks nyc - deal; Industry to Hubspot industry; Copy industry app --> Industry; Copy company industry to contact,rho banks nyc - deal; Industry to Hubspot industry; Copy industry app --> Industry; Copy company industry to contact,rho banks nyc - deal; Industry to Hubspot industry; Copy industry app --> Industry; Copy company industry to contact
industry_app,~Industry - Application,KEY FIELD (HS + SF),False,"CRITICAL - Key Field, Multiple Active Workflows","Active workflows: ~ Source of funds - contact --> Company, Rho Banks NYC/Hubspot-VC- contact, Salesforce - Hubspot-VC --> Yes...",True,industry_signup__c,Two way,6,2,4,4,4,0,0,4,4,False,False,False,enumeration,contactinformation,3.37%,11/23/25 5:38 PM EST,False,~ Source of funds - contact --> Company; Rho Banks NYC/Hubspot-VC- contact; Salesforce - Hubspot-VC --> Yes; Copy industry app --> Industry,~ Source of funds - contact --> Company; Rho Banks NYC/Hubspot-VC- contact; Salesforce - Hubspot-VC --> Yes; Copy industry app --> Industry,~ Source of funds - contact --> Company; Rho Banks NYC/Hubspot-VC- contact; Salesforce - Hubspot-VC --> Yes; Copy industry app --> Industry
recent_conversion_event_name,Recent Conversion,KEY FIELD (HS + SF),False,"CRITICAL - Key Field, Multiple Active Workflows","Active workflows: Mark As Other--> Unqualified = yes, Stamp Date Lead Came Inbound, 0.1.1 Submission/Approval Track...",True,recent_conversion_page__c,Two way,6,0,6,7,6,1,0,4,5,False,False,False,string,conversioninformation,7.32%,11/23/25 6:11 PM EST,True,Mark As Other--> Unqualified = yes; Stamp Marketing Lead Source - Ebooks; Stamp Date Lead Came Inbound; Marketing Lead Gen - Downloads --> Lifecycle stage = Marketing Lead; 0.1.1 Submission/Approval Track; Stamp primary Inbound Channel - ORIGINAL,Mark As Other--> Unqualified = yes; Stamp Date Lead Came Inbound; 0.1.1 Submission/Approval Track; Stamp primary Inbound Channel - ORIGINAL,Mark As Other--> Unqualified = yes; Stamp Marketing Lead Source - Ebooks; Stamp Date Lead Came Inbound; Marketing Lead Gen - Downloads --> Lifecycle stage = Marketing Lead; Stamp primary Inbound Channel - ORIGINAL
revenueforecastrange,~Sign Up Flow Estimated Annual Revenue - Application,KEY FIELD (HS + SF),False,"HIGH - Key Field, Active Usage","Active workflows: sign up flow revenue application --> sign up flow revenue, Revenue Bucket, Contact --> Company - Rev and employees signup",True,estimated_annual_revenues_signup__c,Two way,6,3,3,3,3,0,0,3,3,False,False,False,enumeration,salesforceinformation,4.03%,11/23/25 5:38 PM EST,False,sign up flow revenue application --> sign up flow revenue; Revenue Bucket; Contact --> Company - Rev and employees signup,sign up flow revenue application --> sign up flow revenue; Revenue Bucket; Contact --> Company - Rev and employees signup,sign up flow revenue application --> sign up flow revenue; Revenue Bucket; Contact --> Company - Rev and employees signup
seamless_revenue__c,Clearbit Revenue,KEY FIELD (HS + SF),False,"HIGH - Key Field, Active Usage","Active workflows: Qualified Lead Trigger - Clearbit/HubSpot - Revenue, Clearbit Revenue - Contact --> Deal, Revenue Bucket",True,seamless_revenue__c,Two way,6,2,4,4,3,1,1,3,4,False,False,False,enumeration,salesforceinformation,10.46%,11/23/25 5:38 PM EST,False,Qualified Lead Trigger - Clearbit/HubSpot - Revenue; Clearbit Revenue - Contact --> Deal; Revenue Bucket,Qualified Lead Trigger - Clearbit/HubSpot - Revenue; Clearbit Revenue - Contact --> Deal; Revenue Bucket,Qualified Lead Trigger - Clearbit/HubSpot - Revenue; Clearbit Revenue - Contact --> Deal; Revenue Bucket; Facebook Form Signups --> Properties
utm_medium__c,utm_medium [archive],KEY FIELD (HS + SF),False,"CRITICAL - Key Field, Multiple Active Workflows","Active workflows: 0.04 L3 / Marketing Attribution | Initial Proxy Association (Phase 1), UTM's | From Contact to Deal, 0.03 Primary Inbound Channel | Initial Proxy Association...",True,utm_medium__c,Prefer Salesforce unless blank,6,4,2,4,4,0,0,4,1,False,False,False,string,salesforceinformation,3%,,False,0.04 L3 / Marketing Attribution | Initial Proxy Association (Phase 1); UTM's | From Contact to Deal; 0.03 Primary Inbound Channel | Initial Proxy Association; 0.05 Ad/Emails Touchpoint Influence,0.04 L3 / Marketing Attribution | Initial Proxy Association (Phase 1); UTM's | From Contact to Deal; 0.03 Primary Inbound Channel | Initial Proxy Association; 0.05 Ad/Emails Touchpoint Influence,UTM's | From Contact to Deal
utm_term__c,utm_term - sfdc,KEY FIELD (HS + SF),False,"CRITICAL - Key Field, Multiple Active Workflows","Active workflows: 0.04 L3 / Marketing Attribution | Initial Proxy Association (Phase 1), 0.05 Ad/Emails Touchpoint Influence, 0.03 Primary Inbound Channel | Initial Proxy Association...",True,utm_term__c,Prefer Salesforce unless blank,6,5,1,5,5,0,0,5,2,False,False,False,string,salesforceinformation,2.5%,,False,0.04 L3 / Marketing Attribution | Initial Proxy Association (Phase 1); 0.05 Ad/Emails Touchpoint Influence; 0.03 Primary Inbound Channel | Initial Proxy Association; Deals - campaign/term drilldowns reconcile; UTM's | From Contact to Deal,0.04 L3 / Marketing Attribution | Initial Proxy Association (Phase 1); 0.05 Ad/Emails Touchpoint Influence; 0.03 Primary Inbound Channel | Initial Proxy Association; Deals - campaign/term drilldowns reconcile; UTM's | From Contact to Deal,Deals - campaign/term drilldowns reconcile; UTM's | From Contact to Deal
jobtitle,Job Title,KEY FIELD (HS + SF),False,"HIGH - Key Field, Active Usage",Active workflows: Deal Contact Job Title,True,title,Two way,5,1,4,4,1,3,3,1,3,False,False,False,string,contactinformation,84.27%,11/23/25 4:39 PM EST,True,Deal Contact Job Title,Deal Contact Job Title,Deal Contact Job Title; Copy which best describes you --> Job title; Facebook Form Signups --> Properties
lead_nurturing_bottom_enroll_date,LN Bottom Funnel date,KEY FIELD (HS + SF),False,"HIGH - Key Field, Active Usage","Enabled workflows: Bottom Funnel Warm Leads - Slack Notification, Stamp bottom funnel date, Copy Bottom Funnel Warm date to Deal",True,bottom_funnel_date__c,Two way,5,2,3,3,3,0,0,0,3,False,False,True,date,contactinformation,0.14%,10/29/25 9:25 PM EDT,False,Bottom Funnel Warm Leads - Slack Notification; Stamp bottom funnel date; Copy Bottom Funnel Warm date to Deal,,Bottom Funnel Warm Leads - Slack Notification; Stamp bottom funnel date; Copy Bottom Funnel Warm date to Deal
referrer___a,Partner Referrer - Account,KEY FIELD (HS + SF),False,"CRITICAL - Key Field, Multiple Active Workflows","Active workflows: Stamp primary Inbound Channel - ORIGINAL, Partnerships - Inbound Operations, DS – Customer Onboarding: Founders | Lifecycle Engagement...",True,referrer_account__c; referrer_lookup__c,Two way,5,3,2,4,4,0,1,4,2,False,False,False,enumeration,contactinformation,2.22%,11/23/25 5:40 PM EST,False,Stamp primary Inbound Channel - ORIGINAL; Partnerships - Inbound Operations; DS – Customer Onboarding: Founders | Lifecycle Engagement; 0.06 Partner Assignment | Form Attribution,Stamp primary Inbound Channel - ORIGINAL; Partnerships - Inbound Operations; DS – Customer Onboarding: Founders | Lifecycle Engagement; 0.06 Partner Assignment | Form Attribution,Stamp primary Inbound Channel - ORIGINAL; Partnerships - Inbound Operations
source_of_funds,~ Source of Funds,KEY FIELD (HS + SF),False,"CRITICAL - Key Field, Multiple Active Workflows","Active workflows: ~ Source of funds - contact --> Company, Rho Banks NYC/Hubspot-VC- contact, Salesforce - Hubspot-VC --> Yes...",True,source_of_funds_signup__c,Two way,5,1,4,4,4,0,0,4,4,False,False,False,string,conversioninformation,3.32%,11/23/25 5:38 PM EST,False,~ Source of funds - contact --> Company; Rho Banks NYC/Hubspot-VC- contact; Salesforce - Hubspot-VC --> Yes; rho banks nyc - deal,~ Source of funds - contact --> Company; Rho Banks NYC/Hubspot-VC- contact; Salesforce - Hubspot-VC --> Yes; rho banks nyc - deal,~ Source of funds - contact --> Company; Rho Banks NYC/Hubspot-VC- contact; Salesforce - Hubspot-VC --> Yes; rho banks nyc - deal
timestamp_account_activated__c,Activated Date [S4],KEY FIELD (HS + SF),False,"HIGH - Key Field, Active Usage","Active workflows: Account Activated - Deal --> Company, DS – Customer Onboarding: Founders | Lifecycle Engagement, 0.05 Ad/Emails Touchpoint Influence",True,activated_date__c,Always use Salesforce,5,1,4,4,3,1,1,3,2,False,False,False,date,salesforceinformation,13.01%,11/23/25 3:43 PM EST,False,Account Activated - Deal --> Company; DS – Customer Onboarding: Founders | Lifecycle Engagement; 0.05 Ad/Emails Touchpoint Influence,Account Activated - Deal --> Company; DS – Customer Onboarding: Founders | Lifecycle Engagement; 0.05 Ad/Emails Touchpoint Influence,Marketing Client Approved or Activations - slack notification; Account Activated - Deal --> Company
timestamp_attempting_to_reach,Timestamp: Attempting to Reach,KEY FIELD (HS + SF),False,"HIGH - Key Field, Active Usage","Active workflows: Status = Meeting Set, Has been meeting set --> Status back to = Meeting Set, status - contact made",True,timestamp_attempting_to_reach__c,Always use Salesforce,5,3,2,3,3,0,1,3,3,False,False,False,datetime,salesforceinformation,3.39%,11/23/25 4:43 PM EST,False,Status = Meeting Set; Has been meeting set --> Status back to = Meeting Set; status - contact made,Status = Meeting Set; Has been meeting set --> Status back to = Meeting Set; status - contact made,Status = Meeting Set; Has been meeting set --> Status back to = Meeting Set; status - contact made
unqualified_,Unqualified?,KEY FIELD (HS + SF),False,"CRITICAL - Key Field, Multiple Active Workflows","Active workflows: Mark As Other--> Unqualified = yes, Pre qual = Unqualified --> Status = Disqualified, IP + Other Reasons --> Unqualified = yes...",True,unqualified__c,Don't sync,5,2,3,5,5,0,0,5,5,False,False,False,enumeration,contactinformation,16.12%,11/21/25 10:57 AM EST,False,Mark As Other--> Unqualified = yes; Pre qual = Unqualified --> Status = Disqualified; IP + Other Reasons --> Unqualified = yes; Unqualified = Yes --> DQ status; non-mql --> MQL - signup bucket,Mark As Other--> Unqualified = yes; Pre qual = Unqualified --> Status = Disqualified; IP + Other Reasons --> Unqualified = yes; Unqualified = Yes --> DQ status; non-mql --> MQL - signup bucket,Mark As Other--> Unqualified = yes; Pre qual = Unqualified --> Status = Disqualified; IP + Other Reasons --> Unqualified = yes; Unqualified = Yes --> DQ status; non-mql --> MQL - signup bucket
utm_content__c,utm_content [archive],KEY FIELD (HS + SF),False,"CRITICAL - Key Field, Multiple Active Workflows","Active workflows: 0.04 L3 / Marketing Attribution | Initial Proxy Association (Phase 1), UTM's | From Contact to Deal, 0.03 Primary Inbound Channel | Initial Proxy Association...",True,utm_content__c,Prefer Salesforce unless blank,5,4,1,4,4,0,0,4,1,False,False,False,string,salesforceinformation,2.59%,,False,0.04 L3 / Marketing Attribution | Initial Proxy Association (Phase 1); UTM's | From Contact to Deal; 0.03 Primary Inbound Channel | Initial Proxy Association; 0.05 Ad/Emails Touchpoint Influence,0.04 L3 / Marketing Attribution | Initial Proxy Association (Phase 1); UTM's | From Contact to Deal; 0.03 Primary Inbound Channel | Initial Proxy Association; 0.05 Ad/Emails Touchpoint Influence,UTM's | From Contact to Deal
annualrevenue,Annual Revenue,KEY FIELD (HS + SF),False,"HIGH - Key Field, Active Usage","Active workflows: copy revenue to contact, Annual Rev - Company --> Contact",True,annualrevenue,Two way,4,2,2,2,2,0,0,2,2,False,False,False,string,contactinformation,31.31%,11/23/25 7:45 AM EST,True,copy revenue to contact; Annual Rev - Company --> Contact,copy revenue to contact; Annual Rev - Company --> Contact,copy revenue to contact; Annual Rev - Company --> Contact
company_size,Company size - LN/FB,KEY FIELD (HS + SF),False,"HIGH - Key Field, Active Usage","Active workflows: Qualified Lead Trigger - Clearbit/HubSpot - Revenue, Company Size - Contact --> Deal",True,company_size_linkedin__c,Two way,4,1,3,3,2,1,1,2,3,False,False,False,string,facebook_ads_properties,67.62%,11/23/25 6:38 PM EST,True,Qualified Lead Trigger - Clearbit/HubSpot - Revenue; Company Size - Contact --> Deal,Qualified Lead Trigger - Clearbit/HubSpot - Revenue; Company Size - Contact --> Deal,Qualified Lead Trigger - Clearbit/HubSpot - Revenue; Company Size - Contact --> Deal; Facebook Form Signups --> Properties
compliance_denial_reason,Compliance Denial Reason,KEY FIELD (HS + SF),False,"HIGH - Key Field, Active Usage","Active workflows: Compliance Denial Reason - Deal --> Contact, Fraud = Yes",True,compliance_denial_reason__c,Always use Salesforce,4,1,3,3,3,0,1,2,3,False,False,False,string,contactinformation,1.39%,11/23/25 6:44 PM EST,False,Bestmoney - Closed Lost; Compliance Denial Reason - Deal --> Contact; Fraud = Yes,Compliance Denial Reason - Deal --> Contact; Fraud = Yes,Bestmoney - Closed Lost; Compliance Denial Reason - Deal --> Contact; Fraud = Yes
credit_application_status__c,Credit Application Status,KEY FIELD (HS + SF),False,"HIGH - Key Field, Active Usage","Active workflows: Credit App Status - Company --> Deal, Credit App Status - Company --> contact",True,credit_application_status__c,Prefer Salesforce unless blank,4,2,2,2,2,0,0,2,2,False,False,False,enumeration,salesforceinformation,0.49%,11/21/25 4:53 PM EST,False,Credit App Status - Company --> Deal; Credit App Status - Company --> contact,Credit App Status - Company --> Deal; Credit App Status - Company --> contact,Credit App Status - Company --> Deal; Credit App Status - Company --> contact
dealname,Deal Name,KEY FIELD (HS + SF),False,"HIGH - Key Field, Active Usage","Active workflows: 0.04 L3 / Marketing Attribution | Initial Proxy Association (Phase 1), Deal --> Company - deal name, segment - Company --> Deal",True,name,Two way,4,1,3,3,3,0,0,3,2,False,False,False,string,dealinformation,97.13%,11/23/25 6:28 PM EST,True,0.04 L3 / Marketing Attribution | Initial Proxy Association (Phase 1); Deal --> Company - deal name; segment - Company --> Deal,0.04 L3 / Marketing Attribution | Initial Proxy Association (Phase 1); Deal --> Company - deal name; segment - Company --> Deal,Deal --> Company - deal name; segment - Company --> Deal
form_submission_date__c,Lead Created Date,KEY FIELD (HS + SF),False,"HIGH - Key Field, Active Usage","Active workflows: Lead After Deal - yes, Stamp Lead created date for contact",True,form_submission_date__c,Two way,4,1,3,3,2,1,1,2,3,False,False,False,date,salesforceinformation,65.25%,11/23/25 6:16 PM EST,False,Lead After Deal - yes; Stamp Lead created date for contact,Lead After Deal - yes; Stamp Lead created date for contact,Lead After Deal - yes; Partner key --> Lead Source = Partner; Stamp Lead created date for contact
hubspotscore,HubSpot Score,KEY FIELD (HS + SF),False,"HIGH - Key Field, Active Usage","Enabled workflows: Middle - warm, Set Funnel Stage, Hubspot Score Text",True,hubspotscore__c,Two way,4,1,3,3,3,0,0,0,3,False,False,True,number,sales_properties,96.27%,10/6/25 11:48 AM EDT,True,Middle - warm; Set Funnel Stage; Hubspot Score Text,,Middle - warm; Set Funnel Stage; Hubspot Score Text
inbound_channel_bucket,Inbound Channel Bucket,KEY FIELD (HS + SF),False,"CRITICAL - Key Field, Multiple Active Workflows","Active workflows: Bucket = Partner --> Lead Source = Partner, Rho Banks NYC/Hubspot-VC- contact, Inbound Channel Bucket - Deal...",True,inbound_channel_bucket__c,Two way,4,1,3,4,4,0,0,4,4,False,False,False,string,lead_ads,0.01%,4/29/25 3:06 AM EDT,False,Bucket = Partner --> Lead Source = Partner; Rho Banks NYC/Hubspot-VC- contact; Inbound Channel Bucket - Deal; rho banks nyc - deal,Bucket = Partner --> Lead Source = Partner; Rho Banks NYC/Hubspot-VC- contact; Inbound Channel Bucket - Deal; rho banks nyc - deal,Bucket = Partner --> Lead Source = Partner; Rho Banks NYC/Hubspot-VC- contact; Inbound Channel Bucket - Deal; rho banks nyc - deal
inbound_signup_path,Inbound Signup Path,KEY FIELD (HS + SF),False,"HIGH - Key Field, Active Usage","Active workflows: Inbound Signup Path - Company --> Deal, Inbound Signup Path - Contact --> Company",True,inbound_signup_path__c,Two way,4,2,2,2,2,0,0,2,2,False,False,False,enumeration,companyinformation,14.33%,11/23/25 6:29 PM EST,False,Inbound Signup Path - Company --> Deal; Inbound Signup Path - Contact --> Company,Inbound Signup Path - Company --> Deal; Inbound Signup Path - Contact --> Company,Inbound Signup Path - Company --> Deal; Inbound Signup Path - Contact --> Company
marketing_lead_channel,Marketing Lead Channel,KEY FIELD (HS + SF),False,"HIGH - Key Field, Active Usage","Active workflows: Inbound Channel Bucket - Deal, Inbound Channel Bucket - Contacts",True,marketing_lead_channel__c,Two way,4,1,3,3,3,0,0,2,3,False,False,False,enumeration,contactinformation,0.54%,11/20/25 1:07 PM EST,False,Stamp Marketing Lead Channel; Inbound Channel Bucket - Deal; Inbound Channel Bucket - Contacts,Inbound Channel Bucket - Deal; Inbound Channel Bucket - Contacts,Stamp Marketing Lead Channel; Inbound Channel Bucket - Deal; Inbound Channel Bucket - Contacts
outreach_stage__c,Outreach Stage,KEY FIELD (HS + SF),False,"CRITICAL - Key Field, Multiple Active Workflows","Active workflows: Meeting Set --> Contact Made = Yes, Status - attempting to reach",True,outreach_stage__c,Two way,4,1,3,4,4,0,0,2,4,False,False,False,enumeration,salesforceinformation,29.86%,11/22/25 5:12 AM EST,False,Meeting Set --> Contact Made = Yes; Stamp Lead nurturing finished - Other than List filters; Stamp Outreach stage at lead nurturing start; Status - attempting to reach,Meeting Set --> Contact Made = Yes; Status - attempting to reach,Meeting Set --> Contact Made = Yes; Stamp Lead nurturing finished - Other than List filters; Stamp Outreach stage at lead nurturing start; Status - attempting to reach
sal_date__c,SAL Date,KEY FIELD (HS + SF),False,"HIGH - Key Field, Active Usage","Active workflows: SAL Date - Deal --> Company, Lifecycle stage = SAL, Deal - SAL = yes",True,sal_date__c,Prefer Salesforce unless blank,4,1,3,3,3,0,0,3,3,False,False,False,date,salesforceinformation,43.37%,11/23/25 6:44 PM EST,False,SAL Date - Deal --> Company; Lifecycle stage = SAL; Deal - SAL = yes,SAL Date - Deal --> Company; Lifecycle stage = SAL; Deal - SAL = yes,SAL Date - Deal --> Company; Lifecycle stage = SAL; Deal - SAL = yes
sector__c,Sector,KEY FIELD (HS + SF),False,"HIGH - Key Field, Active Usage","Active workflows: Copy company sector to contact, Sector - Company --> Deal",True,sector__c,Prefer Salesforce unless blank,4,2,2,2,2,0,0,2,2,False,False,False,enumeration,salesforceinformation,69.48%,11/23/25 8:54 AM EST,False,Copy company sector to contact; Sector - Company --> Deal,Copy company sector to contact; Sector - Company --> Deal,Copy company sector to contact; Sector - Company --> Deal
state,State/Region,KEY FIELD (HS + SF),False,"HIGH - Key Field, Active Usage","Active workflows: NY RBNYC - Company --> Contact + Deal, NY RBNYC - contact --> Company and Deal, copy city and state from company to contact (cloned)",True,mailingstate,Prefer Salesforce unless blank,4,1,3,3,3,0,0,3,3,False,False,False,string,contactinformation,74.13%,11/23/25 5:04 PM EST,True,NY RBNYC - Company --> Contact + Deal; NY RBNYC - contact --> Company and Deal; copy city and state from company to contact (cloned),NY RBNYC - Company --> Contact + Deal; NY RBNYC - contact --> Company and Deal; copy city and state from company to contact (cloned),NY RBNYC - Company --> Contact + Deal; NY RBNYC - contact --> Company and Deal; copy city and state from company to contact (cloned)
upcoming_call_date__c,Upcoming Call Date,KEY FIELD (HS + SF),False,"HIGH - Key Field, Active Usage","Enabled workflows: Upcoming Call - Warm-up Sequence, Upcoming Call Date - Deal --> Contact, Post Intro Call Booked - set as marketing contact",True,upcoming_call_date__c,Prefer Salesforce unless blank,4,1,3,3,3,0,2,0,3,False,False,True,date,salesforceinformation,6.76%,10/15/25 3:01 PM EDT,False,Upcoming Call - Warm-up Sequence; Upcoming Call Date - Deal --> Contact; Post Intro Call Booked - set as marketing contact,,Upcoming Call - Warm-up Sequence; Upcoming Call Date - Deal --> Contact; Post Intro Call Booked - set as marketing contact
account_tag__c,Account Tag,KEY FIELD (HS + SF),False,"HIGH - Key Field, Active Usage",Active workflows: Account Tag - company --> Contact,True,account_tag__c,Two way,3,2,1,2,1,1,1,1,2,False,False,False,string,salesforceinformation,10.01%,11/22/25 5:20 PM EST,False,Account Tag - company --> Contact,Account Tag - company --> Contact,Account Tag - company --> Contact; RB2B - stamp properties
closedate,Close Date,KEY FIELD (HS + SF),False,"HIGH - Key Field, Active Usage","Active workflows: Deal --> Company - Close Date (cloned), Company --> Contact - close date",True,closedate,Two way,3,2,1,2,2,0,0,2,2,False,False,False,datetime,deal_information,4.21%,11/23/25 3:43 PM EST,True,Deal --> Company - Close Date (cloned); Company --> Contact - close date,Deal --> Company - Close Date (cloned); Company --> Contact - close date,Deal --> Company - Close Date (cloned); Company --> Contact - close date
gross_profit___mtd,Gross Profit - MTD,KEY FIELD (HS + SF),False,"HIGH - Key Field, Active Usage","Active workflows: Estimated 12 mo GP (mtd) - Company --> Deal/Contact, Gross Profit - MTD - Company --> Deal",True,gross_profit_month_to_date__c,Always use Salesforce,3,1,2,2,2,0,0,2,2,False,False,False,number,salesforceinformation,5.07%,11/23/25 3:14 PM EST,False,Estimated 12 mo GP (mtd) - Company --> Deal/Contact; Gross Profit - MTD - Company --> Deal,Estimated 12 mo GP (mtd) - Company --> Deal/Contact; Gross Profit - MTD - Company --> Deal,Estimated 12 mo GP (mtd) - Company --> Deal/Contact; Gross Profit - MTD - Company --> Deal
how_did_you_first_hear_about_rho,How did you first hear about Rho?,KEY FIELD (HS + SF),False,"HIGH - Key Field, Active Usage","Active workflows: SIGNUP SURVEY - Direct traffic -->, 0.03 Primary Inbound Channel | Initial Proxy Association, How did you hear about us - dropdown --> How did you hear about us",True,hdyhau_other__c,Two way,3,1,2,3,3,0,0,3,2,False,False,False,string,contactinformation,2.24%,11/23/25 6:11 PM EST,False,SIGNUP SURVEY - Direct traffic -->; 0.03 Primary Inbound Channel | Initial Proxy Association; How did you hear about us - dropdown --> How did you hear about us,SIGNUP SURVEY - Direct traffic -->; 0.03 Primary Inbound Channel | Initial Proxy Association; How did you hear about us - dropdown --> How did you hear about us,SIGNUP SURVEY - Direct traffic -->; How did you hear about us - dropdown --> How did you hear about us
hubspot_vc,Hubspot-VC,KEY FIELD (HS + SF),False,"HIGH - Key Field, Active Usage","Active workflows: Rho Banks NYC/Hubspot-VC- contact, Salesforce - Hubspot-VC --> Yes",True,hubspot_vc__c,Two way,3,3,0,4,3,1,1,2,3,False,False,False,enumeration,contactinformation,1.09%,11/23/25 5:38 PM EST,False,Inbound Type = Warm --> Set properties to route; Rho Banks NYC/Hubspot-VC- contact; Salesforce - Hubspot-VC --> Yes,Rho Banks NYC/Hubspot-VC- contact; Salesforce - Hubspot-VC --> Yes,Inbound Type = Warm --> Set properties to route; Rho Banks NYC/Hubspot-VC- contact; Salesforce - Hubspot-VC --> Yes
numberofemployees,Employees,KEY FIELD (HS + SF),False,"HIGH - Key Field, Active Usage","Active workflows: # of Employee properties - Company to Deal, Qualified Lead Trigger - Sign Up Flow Revenue + Employees",True,numberofemployees,Don't sync,3,1,2,2,2,0,0,2,2,False,False,False,number,salesforceinformation,6.2%,4/14/25 3:21 PM EDT,False,# of Employee properties - Company to Deal; Qualified Lead Trigger - Sign Up Flow Revenue + Employees,# of Employee properties - Company to Deal; Qualified Lead Trigger - Sign Up Flow Revenue + Employees,# of Employee properties - Company to Deal; Qualified Lead Trigger - Sign Up Flow Revenue + Employees
pic_l3_source_deal_data_string,"PIC [L3, 0.2: Source] | Deal - (Data String)",KEY FIELD (HS + SF),False,"HIGH - Key Field, Active Usage","Active workflows: 0.04 L3 / Marketing Attribution | Initial Proxy Association (Phase 1), 0.03 Primary Inbound Channel | Initial Proxy Association",True,hubspot_l3__c,Two way,3,3,0,4,2,2,1,2,0,False,False,False,string,dealinformation,97.14%,11/23/25 6:34 PM EST,False,0.04 L3 / Marketing Attribution | Initial Proxy Association (Phase 1); 0.03 Primary Inbound Channel | Initial Proxy Association,0.04 L3 / Marketing Attribution | Initial Proxy Association (Phase 1); 0.03 Primary Inbound Channel | Initial Proxy Association,
referrer___account,Old - ref,KEY FIELD (HS + SF),False,"HIGH - Key Field, Active Usage","Active workflows: Stamp primary Inbound Channel - ORIGINAL, Referrer Account --> Deal Lead source - Partner Inbound, 0.07 Strategic Initiatives | Deal Assignment (All Associations)",True,referrer_new__c,Two way,3,1,2,3,3,0,0,3,2,False,False,False,string,salesforceinformation,0.56%,10/7/25 10:01 AM EDT,False,Stamp primary Inbound Channel - ORIGINAL; Referrer Account --> Deal Lead source - Partner Inbound; 0.07 Strategic Initiatives | Deal Assignment (All Associations),Stamp primary Inbound Channel - ORIGINAL; Referrer Account --> Deal Lead source - Partner Inbound; 0.07 Strategic Initiatives | Deal Assignment (All Associations),Stamp primary Inbound Channel - ORIGINAL; Referrer Account --> Deal Lead source - Partner Inbound
salesforcelastsynctime,Last Salesforce Sync Time,KEY FIELD (HS + SF),False,"HIGH - Key Field, Active Usage","Active workflows: 0.07 Strategic Initiatives | Deal Assignment (All Associations), [Master] Saleforce Inclusion Trigger",True,last_hubspot_sync_date__c,Two way,3,0,3,4,2,2,1,2,1,False,False,False,datetime,salesforceinformation,97.17%,11/23/25 6:58 PM EST,True,0.07 Strategic Initiatives | Deal Assignment (All Associations); [Master] Saleforce Inclusion Trigger,0.07 Strategic Initiatives | Deal Assignment (All Associations); [Master] Saleforce Inclusion Trigger,[Master] Saleforce Inclusion Trigger
sign_up_flow_employees__c,Sign Up Flow Employees,KEY FIELD (HS + SF),False,"HIGH - Key Field, Active Usage","Active workflows: Qualified Lead Trigger - Sign Up Flow Revenue + Employees, sign up flow employees application --> sign up flow employees",True,sign_up_flow_employees__c,Two way,3,1,2,2,2,0,0,2,2,False,False,False,enumeration,salesforceinformation,3.26%,11/23/25 6:28 PM EST,False,Qualified Lead Trigger - Sign Up Flow Revenue + Employees; sign up flow employees application --> sign up flow employees,Qualified Lead Trigger - Sign Up Flow Revenue + Employees; sign up flow employees application --> sign up flow employees,Qualified Lead Trigger - Sign Up Flow Revenue + Employees; sign up flow employees application --> sign up flow employees
type,Type,KEY FIELD (HS + SF),False,"HIGH - Key Field, Active Usage","Active workflows: Company --> Contact - company type, Set lifecycle stage as partner",True,type,Two way,3,1,2,2,2,0,0,2,2,False,False,False,enumeration,companyinformation,91.04%,11/23/25 6:28 PM EST,True,Company --> Contact - company type; Set lifecycle stage as partner,Company --> Contact - company type; Set lifecycle stage as partner,Company --> Contact - company type; Set lifecycle stage as partner
account_source,account source,KEY FIELD (HS + SF),False,"HIGH - Key Field, Active Usage","Active workflows: Account source from lead, copy account source to contact",True,account_source__c,Always use Salesforce,2,1,1,2,2,0,0,2,2,False,False,False,string,contactinformation,70.69%,11/23/25 6:28 PM EST,False,Account source from lead; copy account source to contact,Account source from lead; copy account source to contact,Account source from lead; copy account source to contact
accountsource,account source,KEY FIELD (HS + SF),False,"HIGH - Key Field, Active Usage",Active workflows: copy account source to contact,True,accountsource,Two way,2,1,1,1,1,0,0,1,1,False,False,False,string,companyinformation,84.72%,11/23/25 6:44 PM EST,False,copy account source to contact,copy account source to contact,copy account source to contact
apollo_tag,Tag,KEY FIELD (HS + SF),False,"HIGH - Key Field, Active Usage",Enabled workflows: Owner - Reed or Justin --> Marketing pool,True,seamless_lists__c; tag__c,Two way,2,1,1,2,1,1,1,0,2,False,False,True,string,salesforceinformation,28.47%,11/21/25 10:44 AM EST,False,Owner - Reed or Justin --> Marketing pool,,RB2B - stamp properties; Owner - Reed or Justin --> Marketing pool
application_status___deal,Application Status - Deal,KEY FIELD (HS + SF),False,"HIGH - Key Field, Active Usage",Active workflows: Application Status - Deal - Deal --> Company + Contact,True,application_status_signup__c,Always use Salesforce,2,1,1,1,1,0,0,1,1,False,False,False,string,contactinformation,3.11%,11/23/25 5:50 PM EST,False,Application Status - Deal - Deal --> Company + Contact,Application Status - Deal - Deal --> Company + Contact,Application Status - Deal - Deal --> Company + Contact
application_submitted_date,Application Submitted Date [S2],KEY FIELD (HS + SF),False,"HIGH - Key Field, Active Usage","Active workflows: SelfServe/CS = Yes, 0.05 Ad/Emails Touchpoint Influence",True,application_submitted_date__c,Always use Salesforce,2,0,2,3,2,1,0,2,1,False,False,False,date,contactinformation,2.33%,11/23/25 6:44 PM EST,False,SelfServe/CS = Yes; 0.05 Ad/Emails Touchpoint Influence,SelfServe/CS = Yes; 0.05 Ad/Emails Touchpoint Influence,SelfServe/CS = Yes
average_monthly_balance,Average Monthly Balance,KEY FIELD (HS + SF),False,"HIGH - Key Field, Active Usage",Active workflows: Average Monthly Bank Balance - Company --> Deal,True,average_monthly_balance__c,Always use Salesforce,2,1,1,1,1,0,0,1,1,False,False,False,number,salesforceinformation,89.62%,11/23/25 6:28 PM EST,False,Average Monthly Bank Balance - Company --> Deal,Average Monthly Bank Balance - Company --> Deal,Average Monthly Bank Balance - Company --> Deal
bank_balance___current,Checking Deposit Balance - Current,KEY FIELD (HS + SF),False,"HIGH - Key Field, Active Usage",Active workflows: Current Bank Balance - Company --> Deal,True,checking_deposit_balance_current__c,Always use Salesforce,2,1,1,1,1,0,0,1,1,False,False,False,number,salesforceinformation,5.07%,11/23/25 3:14 PM EST,False,Current Bank Balance - Company --> Deal,Current Bank Balance - Company --> Deal,Current Bank Balance - Company --> Deal
checking_deposit_balance___2_months_ago,Checking Deposit Balance - 2 Months ago,KEY FIELD (HS + SF),False,"HIGH - Key Field, Active Usage",Active workflows: Bank Balance - 2 months ago - Company --> Deal,True,checking_deposit_balance_2_months_ago__c,Always use Salesforce,2,1,1,1,1,0,0,1,1,False,False,False,number,salesforceinformation,5.07%,11/23/25 3:14 PM EST,False,Bank Balance - 2 months ago - Company --> Deal,Bank Balance - 2 months ago - Company --> Deal,Bank Balance - 2 months ago - Company --> Deal
checking_deposit_balance___last_month,Checking Deposit Balance - Last Month,KEY FIELD (HS + SF),False,"HIGH - Key Field, Active Usage",Active workflows: Bank Balance - last month - Company --> Deal,True,checking_deposit_balance_last_month__c,Always use Salesforce,2,1,1,1,1,0,0,1,1,False,False,False,number,salesforceinformation,5.07%,11/23/25 3:14 PM EST,False,Bank Balance - last month - Company --> Deal,Bank Balance - last month - Company --> Deal,Bank Balance - last month - Company --> Deal
city,City,KEY FIELD (HS + SF),False,"HIGH - Key Field, Active Usage",Active workflows: copy city and state from company to contact (cloned),True,city; mailingcity,Two way,2,1,1,1,1,0,0,1,1,False,False,False,string,contactinformation,73.01%,11/23/25 5:04 PM EST,True,copy city and state from company to contact (cloned),copy city and state from company to contact (cloned),copy city and state from company to contact (cloned)
compliance_dri,Compliance DRI,KEY FIELD (HS + SF),False,"HIGH - Key Field, Active Usage",Active workflows: Compliance DRI - Deal --> Contact,True,compliance_dri__c,Always use Salesforce,2,1,1,1,1,0,0,1,1,False,False,False,string,contactinformation,5.32%,11/23/25 6:29 PM EST,False,Compliance DRI - Deal --> Contact,Compliance DRI - Deal --> Contact,Compliance DRI - Deal --> Contact
consent_communications__c,Consent to marketing communications,KEY FIELD (HS + SF),False,"HIGH - Key Field, Active Usage","Active workflows: 1.1 DS – Pipeline Stage | State Tagging, [Events | DS] Luma - Events Management | SFDC Campaign Assignment",True,consent_communications__c,Two way,2,2,0,3,2,1,0,2,0,False,False,False,enumeration,salesforceinformation,97.2%,11/23/25 6:11 PM EST,False,1.1 DS – Pipeline Stage | State Tagging; [Events | DS] Luma - Events Management | SFDC Campaign Assignment,1.1 DS – Pipeline Stage | State Tagging; [Events | DS] Luma - Events Management | SFDC Campaign Assignment,
created_at_date__c,Created at Date,KEY FIELD (HS + SF),False,"HIGH - Key Field, Active Usage",Active workflows: Copy company create date to contact,True,created_at_date__c,Prefer Salesforce unless blank,2,1,1,1,1,0,0,1,1,False,False,False,date,salesforceinformation,2.04%,11/23/25 6:44 PM EST,False,Copy company create date to contact,Copy company create date to contact,Copy company create date to contact
credit_application_date__c,Credit Application Date,KEY FIELD (HS + SF),False,"HIGH - Key Field, Active Usage",Active workflows: Application Completed Date - Company --> Deal,True,credit_application_date__c,Prefer Salesforce unless blank,2,1,1,1,1,0,0,1,1,False,False,False,date,salesforceinformation,0.51%,11/21/25 4:53 PM EST,False,Application Completed Date - Company --> Deal,Application Completed Date - Company --> Deal,Application Completed Date - Company --> Deal
demand_gen_bucket,Inbound Channel Bucket,KEY FIELD (HS + SF),False,"HIGH - Key Field, Active Usage","Active workflows: Rho Banks NYC/Hubspot-VC- contact, Inbound Channel Bucket - Contacts",True,inbound_channel_bucket__c,Two way,2,1,1,2,2,0,0,2,2,False,False,False,enumeration,contactinformation,7.29%,11/23/25 6:14 PM EST,False,Rho Banks NYC/Hubspot-VC- contact; Inbound Channel Bucket - Contacts,Rho Banks NYC/Hubspot-VC- contact; Inbound Channel Bucket - Contacts,Rho Banks NYC/Hubspot-VC- contact; Inbound Channel Bucket - Contacts
dropdown___how_did_you_first_hear_about_rho_,Dropdown - How did you first hear about Rho?,KEY FIELD (HS + SF),False,"HIGH - Key Field, Active Usage",Active workflows: How did you hear about us - dropdown --> How did you hear about us,True,how_did_you_hear_about_us__c,Prefer Salesforce unless blank,2,1,1,1,1,0,0,1,1,False,False,False,enumeration,contactinformation,0.31%,11/23/25 6:11 PM EST,False,How did you hear about us - dropdown --> How did you hear about us,How did you hear about us - dropdown --> How did you hear about us,How did you hear about us - dropdown --> How did you hear about us
gross_profit___2_months_ago,Gross Profit - 2 months ago,KEY FIELD (HS + SF),False,"HIGH - Key Field, Active Usage",Active workflows: Gross Profit - 2 months ago - Company --> Deal,True,gross_profit_2_months_ago__c,Always use Salesforce,2,1,1,1,1,0,0,1,1,False,False,False,number,salesforceinformation,5.07%,11/23/25 3:14 PM EST,False,Gross Profit - 2 months ago - Company --> Deal,Gross Profit - 2 months ago - Company --> Deal,Gross Profit - 2 months ago - Company --> Deal
gross_profit___3_months_ago,Gross Profit - 3 months ago,KEY FIELD (HS + SF),False,"HIGH - Key Field, Active Usage",Active workflows: Gross Profit - 3 months ago - Company --> Deal,True,gross_profit_3_months_ago__c,Always use Salesforce,2,1,1,1,1,0,0,1,1,False,False,False,number,salesforceinformation,5.07%,11/23/25 3:14 PM EST,False,Gross Profit - 3 months ago - Company --> Deal,Gross Profit - 3 months ago - Company --> Deal,Gross Profit - 3 months ago - Company --> Deal
gross_profit___all_time,Gross Profit - All Time,KEY FIELD (HS + SF),False,"HIGH - Key Field, Active Usage",Active workflows: Gross Profit All time - Company --> Deal,True,gross_profit_all_time__c,Always use Salesforce,2,1,1,1,1,0,0,1,1,False,False,False,number,salesforceinformation,5.07%,11/23/25 3:14 PM EST,False,Gross Profit All time - Company --> Deal,Gross Profit All time - Company --> Deal,Gross Profit All time - Company --> Deal
gross_profit___last_month,Gross Profit - Last Month ,KEY FIELD (HS + SF),False,"HIGH - Key Field, Active Usage",Active workflows: Gross Profit - Last Month - Company --> Deal,True,gross_profit_last_month__c,Always use Salesforce,2,1,1,1,1,0,0,1,1,False,False,False,number,contactinformation,3.38%,11/23/25 3:14 PM EST,False,Gross Profit - Last Month - Company --> Deal,Gross Profit - Last Month - Company --> Deal,Gross Profit - Last Month - Company --> Deal
how_did_you_first_hear_about_rho_, - OLD,KEY FIELD (HS + SF),False,"HIGH - Key Field, Active Usage","Active workflows: 0.04 L3 / Marketing Attribution | Initial Proxy Association (Phase 1), 0.03 Primary Inbound Channel | Initial Proxy Association",True,how_did_you_hear_about_us__c,Two way,2,0,2,3,2,1,0,2,0,False,False,False,string,salesforceinformation,0.01%,,False,0.04 L3 / Marketing Attribution | Initial Proxy Association (Phase 1); 0.03 Primary Inbound Channel | Initial Proxy Association,0.04 L3 / Marketing Attribution | Initial Proxy Association (Phase 1); 0.03 Primary Inbound Channel | Initial Proxy Association,
hs_analytics_last_url,Last Page Seen,KEY FIELD (HS + SF),False,"HIGH - Key Field, Active Usage","Active workflows: Summer of Rho: Referral Program MVP | Viral Loops, 0.05 Ad/Emails Touchpoint Influence",True,last_page_seen__c,Two way,2,0,2,3,1,2,1,2,0,False,False,False,string,analyticsinformation,6.33%,11/23/25 6:11 PM EST,True,0.05 Ad/Emails Touchpoint Influence,Summer of Rho: Referral Program MVP | Viral Loops; 0.05 Ad/Emails Touchpoint Influence,
hubspot_revenue,HubSpot Revenue,KEY FIELD (HS + SF),False,"HIGH - Key Field, Active Usage","Active workflows: Qualified Lead Trigger - Clearbit/HubSpot - Revenue, copy revenue to contact",True,hubspot_revenue__c,Two way,2,1,1,2,2,0,0,2,2,False,False,False,number,contactinformation,28.77%,11/23/25 7:45 AM EST,False,Qualified Lead Trigger - Clearbit/HubSpot - Revenue; copy revenue to contact,Qualified Lead Trigger - Clearbit/HubSpot - Revenue; copy revenue to contact,Qualified Lead Trigger - Clearbit/HubSpot - Revenue; copy revenue to contact
industry__c,Industry,KEY FIELD (HS + SF),False,"HIGH - Key Field, Active Usage",Active workflows: Industry to Hubspot industry,True,industry__c,Prefer Salesforce unless blank,2,1,1,1,1,0,0,1,1,False,False,False,string,salesforceinformation,85.25%,11/23/25 6:38 PM EST,False,Industry to Hubspot industry,Industry to Hubspot industry,Industry to Hubspot industry
marketing_consent__c,marketing_consent,KEY FIELD (HS + SF),False,"HIGH - Key Field, Active Usage","Active workflows: 0.1.1 Submission/Approval Track, Stamp Lifecycle Stage Text",True,marketing_consent__c,Two way,2,2,0,3,2,1,0,2,1,False,False,False,enumeration,salesforceinformation,97.18%,11/23/25 6:29 PM EST,False,0.1.1 Submission/Approval Track; Stamp Lifecycle Stage Text,0.1.1 Submission/Approval Track; Stamp Lifecycle Stage Text,Stamp Lifecycle Stage Text
meeting_type_cp,Chili Meeting Type,KEY FIELD (HS + SF),False,"HIGH - Key Field, Active Usage",Active workflows: Status = Meeting Set,True,meeting_type_cp__c,Prefer Salesforce unless blank,2,0,2,3,1,2,1,1,2,False,False,False,string,salesforceinformation,0.36%,11/21/25 2:15 PM EST,False,Status = Meeting Set,Status = Meeting Set,Status = Meeting Set; Chili Meeting Direct Booking - Notification
nurture_reason__c,Nurture Reason,KEY FIELD (HS + SF),False,"HIGH - Key Field, Active Usage",Active workflows: Set to Disqualified = yes,True,nurture_reason__c,Two way,2,0,2,3,2,1,1,1,2,False,False,False,enumeration,salesforceinformation,14.31%,9/17/25 12:07 PM EDT,False,Capital = qualified; Set to Disqualified = yes,Set to Disqualified = yes,Capital = qualified; Set to Disqualified = yes
original_owner,Original Owner,KEY FIELD (HS + SF),False,"HIGH - Key Field, Active Usage",Active workflows: Lead Routed to Owner,True,original_owner__c,Always use Salesforce,2,1,1,1,1,0,0,1,1,False,False,False,string,salesforceinformation,1.76%,11/21/25 10:57 AM EST,False,Lead Routed to Owner,Lead Routed to Owner,Lead Routed to Owner
original_ownership,Original ownership,KEY FIELD (HS + SF),False,"HIGH - Key Field, Active Usage",Active workflows: Lead Routed to Owner,True,original_owner_lead__c,Always use Salesforce,2,1,1,1,1,0,0,1,1,False,False,False,string,salesforceinformation,4.14%,11/23/25 1:33 AM EST,False,Lead Routed to Owner,Lead Routed to Owner,Lead Routed to Owner
overall_application_status,Overall Application Status,KEY FIELD (HS + SF),False,"HIGH - Key Field, Active Usage",Active workflows: Overall Application Status - Deal --> Company + Contact,True,overall_application_status__c,Always use Salesforce,2,1,1,1,1,0,0,1,1,False,False,False,string,contactinformation,3.17%,11/23/25 6:44 PM EST,False,Overall Application Status - Deal --> Company + Contact,Overall Application Status - Deal --> Company + Contact,Overall Application Status - Deal --> Company + Contact
pic_l3__s0_marketing_inbound__deal_string,PIC [L3: S0.TOF - Marketing Inbound] | Deal (String),KEY FIELD (HS + SF),False,"HIGH - Key Field, Active Usage",Active workflows: 0.05 Ad/Emails Touchpoint Influence,True,marketing_touch_tof__c,Two way,2,1,1,1,1,0,0,1,0,False,False,False,string,dealinformation,7.92%,11/23/25 6:35 PM EST,False,0.05 Ad/Emails Touchpoint Influence,0.05 Ad/Emails Touchpoint Influence,
pic_l3__s1_marketing_inbound__deal_string,PIC [L3: S1.SQL - Marketing Inbound] | Deal (String),KEY FIELD (HS + SF),False,"HIGH - Key Field, Active Usage",Active workflows: 0.05 Ad/Emails Touchpoint Influence,True,marketing_touch_sql__c,Two way,2,1,1,1,1,0,0,1,0,False,False,False,string,dealinformation,3.91%,11/23/25 4:44 PM EST,False,0.05 Ad/Emails Touchpoint Influence,0.05 Ad/Emails Touchpoint Influence,
pic_l3__s2_marketing_inbound__deal_string,PIC [L3: S2.MOF - Marketing Inbound] | Deal (String),KEY FIELD (HS + SF),False,"HIGH - Key Field, Active Usage",Active workflows: 0.05 Ad/Emails Touchpoint Influence,True,marketing_touch_app_submitted__c,Two way,2,1,1,1,1,0,0,1,0,False,False,False,string,dealinformation,0.1%,8/12/25 12:41 PM EDT,False,0.05 Ad/Emails Touchpoint Influence,0.05 Ad/Emails Touchpoint Influence,
pic_l3__s3_marketing_inbound__deal_string,PIC [L3: S3.BOF - Marketing Inbound] | Deal (String),KEY FIELD (HS + SF),False,"HIGH - Key Field, Active Usage",Active workflows: 0.05 Ad/Emails Touchpoint Influence,True,marketing_touch_app_approved__c,Two way,2,1,1,1,1,0,0,1,0,False,False,False,string,dealinformation,1.01%,11/23/25 1:33 AM EST,False,0.05 Ad/Emails Touchpoint Influence,0.05 Ad/Emails Touchpoint Influence,
routing_channel,Routing Channel,KEY FIELD (HS + SF),False,"HIGH - Key Field, Active Usage",Active workflows: Routing Channel from Opp to Contact,True,routing_channel__c,Two way,2,1,1,1,1,0,0,1,1,False,False,False,string,contactinformation,2.85%,11/23/25 5:50 PM EST,False,Routing Channel from Opp to Contact,Routing Channel from Opp to Contact,Routing Channel from Opp to Contact
signup_flow_employees,~ Sign up Flow Employees,KEY FIELD (HS + SF),False,"HIGH - Key Field, Active Usage",Active workflows: Contact --> Deal - Sign up flow employees,True,employees_signup__c,Always use Salesforce,2,1,1,1,1,0,0,1,1,False,False,False,string,salesforceinformation,42.24%,11/23/25 6:34 PM EST,False,Contact --> Deal - Sign up flow employees,Contact --> Deal - Sign up flow employees,Contact --> Deal - Sign up flow employees
signup_lead_score,Signup Lead Score,KEY FIELD (HS + SF),False,"HIGH - Key Field, Active Usage",Enabled workflows: Signup Lead Score - Lead Score text,True,signup_lead_score__c,Two way,2,1,1,1,1,0,0,0,1,False,False,True,number,contactinformation,3.31%,4/14/25 3:21 PM EDT,False,Signup Lead Score - Lead Score text,,Signup Lead Score - Lead Score text
status__c,Status,KEY FIELD (HS + SF),False,"HIGH - Key Field, Active Usage",Active workflows: Copy company status to contact,True,status__c,Prefer Salesforce unless blank,2,1,1,1,1,0,0,1,1,False,False,False,enumeration,salesforceinformation,90.92%,11/23/25 6:44 PM EST,False,Copy company status to contact,Copy company status to contact,Copy company status to contact
strategic_gtm_initiatives__c,Strategic GTM Initiatives,KEY FIELD (HS + SF),False,"HIGH - Key Field, Active Usage",Active workflows: 0.07 Strategic Initiatives | Deal Assignment (All Associations),True,strategic_gtm_initiatives__c,Two way,2,1,1,1,1,0,0,1,0,False,False,False,enumeration,salesforceinformation,3.82%,11/23/25 5:50 PM EST,False,0.07 Strategic Initiatives | Deal Assignment (All Associations),0.07 Strategic Initiatives | Deal Assignment (All Associations),
timestamp_contact_made,Timestamp: Contact Made,KEY FIELD (HS + SF),False,"HIGH - Key Field, Active Usage",Active workflows: Status = Meeting Set,True,timestamp_contact_made__c,Two way,2,1,1,1,1,0,0,1,1,False,False,False,datetime,salesforceinformation,1.57%,11/23/25 11:46 AM EST,False,Status = Meeting Set,Status = Meeting Set,Status = Meeting Set
total_spend___last_month,Total Spend - Last Month,KEY FIELD (HS + SF),False,"HIGH - Key Field, Active Usage",Active workflows: Total Spend Last Month - Company --> Deal,True,total_spend_last_month__c,Always use Salesforce,2,1,1,1,1,0,0,1,1,False,False,False,number,salesforceinformation,5.07%,11/23/25 3:14 PM EST,False,Total Spend Last Month - Company --> Deal,Total Spend Last Month - Company --> Deal,Total Spend Last Month - Company --> Deal
total_spend___mtd,Total Spend - MTD,KEY FIELD (HS + SF),False,"HIGH - Key Field, Active Usage",Active workflows: Total Spend MTD - Company --> Deal,True,total_spend_month_to_date__c,Always use Salesforce,2,1,1,1,1,0,0,1,1,False,False,False,number,salesforceinformation,5.07%,11/23/25 3:14 PM EST,False,Total Spend MTD - Company --> Deal,Total Spend MTD - Company --> Deal,Total Spend MTD - Company --> Deal
utm_ad__c,utm_ad,KEY FIELD (HS + SF),False,"HIGH - Key Field, Active Usage",Active workflows: UTM's | From Contact to Deal,True,utm_ad__c,Prefer Salesforce unless blank,2,1,1,1,1,0,0,1,1,False,False,False,string,salesforceinformation,2.21%,,False,UTM's | From Contact to Deal,UTM's | From Contact to Deal,UTM's | From Contact to Deal
verified_contact,Verified Contact,KEY FIELD (HS + SF),False,"HIGH - Key Field, Active Usage",Active workflows: Verified Contact - Deal --> Contact,True,verified_contact__c,Always use Salesforce,2,1,1,1,1,0,0,1,1,False,False,False,enumeration,contactinformation,4.8%,11/23/25 5:57 PM EST,False,Verified Contact - Deal --> Contact,Verified Contact - Deal --> Contact,Verified Contact - Deal --> Contact
website,Website URL,KEY FIELD (HS + SF),False,"HIGH - Key Field, Active Usage",Active workflows: Copy website url,True,website,Two way,2,1,1,1,1,0,0,1,1,False,False,False,string,contactinformation,93.52%,11/23/25 6:38 PM EST,True,Copy website url,Copy website url,Copy website url
account_activated___initial_transaction_type,Account Activated | Initial Transaction Type,KEY FIELD (HS + SF),False,"HIGH - Key Field, Active Usage",Active workflows: DS – Customer Onboarding: Founders | Lifecycle Engagement,True,activation_initial_transaction_type__c,Two way,1,0,1,2,1,1,0,1,0,False,False,False,string,salesforceinformation,8.62%,11/23/25 3:43 PM EST,False,DS – Customer Onboarding: Founders | Lifecycle Engagement,DS – Customer Onboarding: Founders | Lifecycle Engagement,
account_record_type_id,Account Record Type ID,KEY FIELD (HS + SF),False,"HIGH - Key Field, Active Usage",Active workflows: Company --> Contact - Account Record Type,True,recordtypeid,Two way,1,0,1,2,1,1,0,1,1,False,False,False,string,salesforceinformation,89.11%,11/23/25 6:28 PM EST,False,Company --> Contact - Account Record Type,Company --> Contact - Account Record Type,Company --> Contact - Account Record Type
accounts_manager,Accounts_Manager,KEY FIELD (HS + SF),False,"MEDIUM - Key Field, No Active Workflows",Key field - review SF sync impact,True,account_manager__c,Always use Salesforce,1,0,1,2,0,2,1,0,1,True,False,True,enumeration,contactinformation,0.17%,,False,,,"Set Account Manager Name, Email"
address,Street Address,KEY FIELD (HS + SF),False,"HIGH - Key Field, Active Usage",Active workflows: DS - Leads: Growth Tools (Safe/Invoice) | Funnel Optimization,True,mailingstreet,Prefer Salesforce unless blank,1,0,1,2,1,1,1,1,0,False,False,False,string,contactinformation,22.93%,11/23/25 5:04 PM EST,True,DS - Leads: Growth Tools (Safe/Invoice) | Funnel Optimization,DS - Leads: Growth Tools (Safe/Invoice) | Funnel Optimization,
campaign_id,Campaign ID,KEY FIELD (HS + SF),False,"HIGH - Key Field, Active Usage",Active workflows: [Events | DS] Luma - Events Management | SFDC Campaign Assignment,True,campaign_id__c,Two way,1,0,1,2,1,1,0,1,0,False,False,False,string,salesforceinformation,5.43%,11/22/25 3:54 PM EST,False,[Events | DS] Luma - Events Management | SFDC Campaign Assignment,[Events | DS] Luma - Events Management | SFDC Campaign Assignment,
convert_to_contact,Convert to contact,KEY FIELD (HS + SF),False,"HIGH - Key Field, Active Usage",Enabled workflows: Inbound Type = Warm --> Set properties to route,True,convert_to_contact__c,Two way,1,1,0,2,1,1,1,0,1,False,False,True,enumeration,contactinformation,0.03%,9/3/25 12:30 PM EDT,False,Inbound Type = Warm --> Set properties to route,,Inbound Type = Warm --> Set properties to route
create_opportunity_,Create Opportunity?,KEY FIELD (HS + SF),False,"HIGH - Key Field, Active Usage",Active workflows: [Events | DS] Luma - Events Management | SFDC Campaign Assignment,True,create_opportunity__c,Two way,1,1,0,2,1,1,0,1,0,False,False,False,enumeration,conversioninformation,14.72%,11/23/25 6:37 PM EST,False,[Events | DS] Luma - Events Management | SFDC Campaign Assignment,[Events | DS] Luma - Events Management | SFDC Campaign Assignment,
crunchbase__latest_round_date__c,Funding Round | Date [CB] (Recent),KEY FIELD (HS + SF),False,"MEDIUM - Key Field, No Active Workflows",Key field - review SF sync impact,True,crunchbase__latest_round_date__c,Prefer Salesforce unless blank,1,0,1,2,0,2,1,0,0,True,False,True,date,salesforceinformation,13.63%,9/24/25 11:12 AM EDT,False,,,
crunchbase__latest_round_funding_type__c,Funding Round | Type [CB] (Latest),KEY FIELD (HS + SF),False,"MEDIUM - Key Field, No Active Workflows",Key field - review SF sync impact,True,crunchbase__latest_round_funding_type__c,Prefer Salesforce unless blank,1,0,1,2,0,2,1,0,0,True,False,True,enumeration,salesforceinformation,13.63%,9/24/25 11:12 AM EDT,False,,,
crunchbase__latest_round_money_raised_in_usd__c,Funding Round | Value - USD [CB] (Recent),KEY FIELD (HS + SF),False,"MEDIUM - Key Field, No Active Workflows",Key field - review SF sync impact,True,crunchbase__latest_round_money_raised_in_usd__c,Prefer Salesforce unless blank,1,0,1,2,0,2,1,0,0,True,False,True,number,salesforceinformation,10.11%,9/24/25 11:12 AM EDT,False,,,
disqualified_reason___application,Disqualified Reason - Application,KEY FIELD (HS + SF),False,"HIGH - Key Field, Active Usage",Enabled workflows: Bestmoney - Closed Lost,True,disqualified_reason_signup__c,Two way,1,0,1,2,1,1,1,0,1,False,False,True,string,contactinformation,0.17%,11/3/25 8:58 PM EST,False,Bestmoney - Closed Lost,,Bestmoney - Closed Lost
hs_email_last_email_name,Last marketing email name,KEY FIELD (HS + SF),False,"HIGH - Key Field, Active Usage",Active workflows: Last Marketing Email Name/Date - Contact --> Company,True,last_marketing_email_name__c,Two way,1,1,0,2,1,1,0,1,1,False,False,False,string,emailinformation,42.24%,11/23/25 6:52 PM EST,True,Last Marketing Email Name/Date - Contact --> Company,Last Marketing Email Name/Date - Contact --> Company,Last Marketing Email Name/Date - Contact --> Company
hs_email_last_send_date,Last marketing email send date,KEY FIELD (HS + SF),False,"HIGH - Key Field, Active Usage",Active workflows: Last Marketing Email Name/Date - Contact --> Company,True,last_marketing_email_date__c,Two way,1,1,0,2,1,1,0,1,1,False,False,False,datetime,emailinformation,39.71%,11/23/25 6:52 PM EST,True,Last Marketing Email Name/Date - Contact --> Company,Last Marketing Email Name/Date - Contact --> Company,Last Marketing Email Name/Date - Contact --> Company
inbound_notes,Inbound Notes,KEY FIELD (HS + SF),False,"HIGH - Key Field, Active Usage",Enabled workflows: Copy ''Inbound Notes'' from Contact to Deal (Influencers),True,inbound_notes__c,Prefer Salesforce unless blank,1,0,1,2,1,1,1,0,1,False,False,True,string,salesforceinformation,0.06%,11/20/25 9:58 AM EST,False,Copy ''Inbound Notes'' from Contact to Deal (Influencers),,Copy ''Inbound Notes'' from Contact to Deal (Influencers)
lead_status,Lead-Status,KEY FIELD (HS + SF),False,"HIGH - Key Field, Active Usage",Active workflows: Status --> Lead Status,True,status__c,Two way,1,1,0,2,1,1,0,1,1,False,False,False,string,contactinformation,56.01%,11/23/25 6:28 PM EST,False,Status --> Lead Status,Status --> Lead Status,Status --> Lead Status
lifecycle_stage_text,lifecycle stage text,KEY FIELD (HS + SF),False,"HIGH - Key Field, Active Usage",Active workflows: Stamp Lifecycle Stage Text,True,hs_lifecycle_stage__c,Two way,1,1,0,2,1,1,0,1,1,False,False,False,string,contactinformation,99.5%,11/23/25 6:44 PM EST,False,Stamp Lifecycle Stage Text,Stamp Lifecycle Stage Text,Stamp Lifecycle Stage Text
marketing_lead_source,Marketing Lead_Source,KEY FIELD (HS + SF),False,"HIGH - Key Field, Active Usage",Enabled workflows: Marketing Lead Source --> Marketing Lead_Source,True,marketing_lead_source__c,Two way,1,1,0,2,1,1,0,0,1,False,False,True,string,contactinformation,5.92%,11/21/25 2:15 PM EST,False,Marketing Lead Source --> Marketing Lead_Source,,Marketing Lead Source --> Marketing Lead_Source
outreach_actively_being_sequenced__c,Actively being sequenced,KEY FIELD (HS + SF),False,"HIGH - Key Field, Active Usage",Active workflows: Signup Re-engagement PUSH to Nurturing flow,True,outreach_actively_being_sequenced__c,Two way,1,0,1,2,1,1,1,1,1,False,False,False,enumeration,salesforceinformation,97.18%,11/23/25 6:11 PM EST,False,Signup Re-engagement PUSH to Nurturing flow,Signup Re-engagement PUSH to Nurturing flow,Signup Re-engagement PUSH to Nurturing flow
partner_gid,Partner GID,KEY FIELD (HS + SF),False,"HIGH - Key Field, Active Usage",Active workflows: [Master] Saleforce Inclusion Trigger,True,partner_gid__c,Two way,1,0,1,2,1,1,0,1,1,False,False,False,string,salesforceinformation,0.01%,11/23/25 5:40 PM EST,False,[Master] Saleforce Inclusion Trigger,[Master] Saleforce Inclusion Trigger,[Master] Saleforce Inclusion Trigger
partner_status,Partner Status,KEY FIELD (HS + SF),False,"HIGH - Key Field, Active Usage",Active workflows: 2.1 PM – Parter Pipeline Stage | State Tagging [DRAFT],True,partner_status_text__c,Always use Salesforce,1,0,1,2,1,1,0,1,0,False,False,False,string,salesforceinformation,1.29%,11/22/25 9:42 PM EST,False,2.1 PM – Parter Pipeline Stage | State Tagging [DRAFT],2.1 PM – Parter Pipeline Stage | State Tagging [DRAFT],
partnerstack_lead_key__c,PartnerStack Lead Key,KEY FIELD (HS + SF),False,"MEDIUM - Key Field, No Active Workflows",Key field - review SF sync impact,True,partnerstack_lead_key__c,Prefer Salesforce unless blank,1,0,1,2,0,2,1,0,1,True,False,True,string,salesforceinformation,0.01%,9/17/25 4:04 PM EDT,False,,,Partner key --> Lead Source = Partner
partnerstack_partner_key__c,PartnerStack Partner Key,KEY FIELD (HS + SF),False,"MEDIUM - Key Field, No Active Workflows",Key field - review SF sync impact,True,partnerstack_partner_key__c,Prefer Salesforce unless blank,1,0,1,2,0,2,1,0,1,True,False,True,string,salesforceinformation,0.12%,11/14/25 9:35 AM EST,False,,,Partner key --> Lead Source = Partner
pic_l3__s4_marketing_inbound__deal_string,PIC [L3: S4.CW - Marketing Inbound] | Deal (String),KEY FIELD (HS + SF),False,"HIGH - Key Field, Active Usage",Active workflows: 0.05 Ad/Emails Touchpoint Influence,True,marketing_touch_account_activated__c,Two way,1,1,0,2,1,1,0,1,0,False,False,False,string,dealinformation,0.85%,11/23/25 3:48 AM EST,False,0.05 Ad/Emails Touchpoint Influence,0.05 Ad/Emails Touchpoint Influence,
rho_use_case__c,Rho Use Case,KEY FIELD (HS + SF),False,"HIGH - Key Field, Active Usage",Active workflows: Deal --> Company - rho use case,True,rho_use_case__c,Prefer Salesforce unless blank,1,0,1,2,1,1,0,1,1,False,False,False,enumeration,salesforceinformation,61.7%,11/23/25 6:28 PM EST,False,Deal --> Company - rho use case,Deal --> Company - rho use case,Deal --> Company - rho use case
sales_notes__c,Sales Notes,KEY FIELD (HS + SF),False,"HIGH - Key Field, Active Usage",Enabled workflows: Copy ''Inbound Notes'' from Contact to Deal (Influencers),True,sales_notes__c,Prefer Salesforce unless blank,1,1,0,2,1,1,1,0,1,False,False,True,string,salesforceinformation,18.41%,11/21/25 5:52 PM EST,False,Copy ''Inbound Notes'' from Contact to Deal (Influencers),,Copy ''Inbound Notes'' from Contact to Deal (Influencers)
sdr_assignment_time,Owner Change Date,KEY FIELD (HS + SF),False,"HIGH - Key Field, Active Usage",Active workflows: Stamp first activity date,True,owner_change_date__c,Always use Salesforce,1,0,1,2,1,1,0,1,1,False,False,False,date,contactinformation,3.44%,11/21/25 10:57 AM EST,False,Stamp first activity date,Stamp first activity date,Stamp first activity date
sent_to_compliance_date,Sent to compliance date,KEY FIELD (HS + SF),False,"HIGH - Key Field, Active Usage",Enabled workflows: Sent to compliance date,True,sent_to_compliance_date__c,Two way,1,0,1,2,1,1,0,0,1,False,False,True,date,contactinformation,0.25%,4/14/25 3:21 PM EDT,False,Sent to compliance date,,Sent to compliance date
uuid,UUID,KEY FIELD (HS + SF),False,"HIGH - Key Field, Active Usage",Active workflows: 1.1 DS – Pipeline Stage | State Tagging,True,uuid__c,Two way,1,0,1,2,1,1,0,1,0,False,False,False,string,contactinformation,4.81%,11/23/25 6:05 PM EST,False,1.1 DS – Pipeline Stage | State Tagging,1.1 DS – Pipeline Stage | State Tagging,
hs_name,,Unmatched/Custom,False,HIGH - Heavy Workflow Usage,"Active workflows: 0.07 Strategic Initiatives | Deal Assignment (All Associations), Bank Balance - 2 months ago - Company --> Deal, Company --> Contact - associated contacts...",False,,,63,0,63,21,17,4,2,17,14,False,False,False,,,,,,0.07 Strategic Initiatives | Deal Assignment (All Associations); Bank Balance - 2 months ago - Company --> Deal; Company --> Contact - associated contacts; Application Status - Deal - Deal --> Company + Contact; Company --> Contact - Last activity date; Company --> Contact - Account Record Type; Company --> Contact - Pipeline; 0.03 Primary Inbound Channel | Initial Proxy Association; Average Monthly Bank Balance - Company --> Deal; Bank Balance - last month - Company --> Deal...,0.07 Strategic Initiatives | Deal Assignment (All Associations); Bank Balance - 2 months ago - Company --> Deal; Company --> Contact - associated contacts; Application Status - Deal - Deal --> Company + Contact; Company --> Contact - Last activity date; Company --> Contact - Account Record Type; Company --> Contact - Pipeline; 0.03 Primary Inbound Channel | Initial Proxy Association; Average Monthly Bank Balance - Company --> Deal; Bank Balance - last month - Company --> Deal...,Bank Balance - 2 months ago - Company --> Deal; Company --> Contact - associated contacts; Application Status - Deal - Deal --> Company + Contact; Company --> Contact - Last activity date; Company --> Contact - Account Record Type; Company --> Contact - Pipeline; Average Monthly Bank Balance - Company --> Deal; Bank Balance - last month - Company --> Deal; Company --> Contact - associated company deals; Company --> Contact - First deal date...
hs_value,,Unmatched/Custom,False,HIGH - Heavy Workflow Usage,"Active workflows: 0.07 Strategic Initiatives | Deal Assignment (All Associations), Bank Balance - 2 months ago - Company --> Deal, Company --> Contact - associated contacts...",False,,,63,0,63,21,17,4,2,17,14,False,False,False,,,,,,0.07 Strategic Initiatives | Deal Assignment (All Associations); Bank Balance - 2 months ago - Company --> Deal; Company --> Contact - associated contacts; Application Status - Deal - Deal --> Company + Contact; Company --> Contact - Last activity date; Company --> Contact - Account Record Type; Company --> Contact - Pipeline; 0.03 Primary Inbound Channel | Initial Proxy Association; Average Monthly Bank Balance - Company --> Deal; Bank Balance - last month - Company --> Deal...,0.07 Strategic Initiatives | Deal Assignment (All Associations); Bank Balance - 2 months ago - Company --> Deal; Company --> Contact - associated contacts; Application Status - Deal - Deal --> Company + Contact; Company --> Contact - Last activity date; Company --> Contact - Account Record Type; Company --> Contact - Pipeline; 0.03 Primary Inbound Channel | Initial Proxy Association; Average Monthly Bank Balance - Company --> Deal; Bank Balance - last month - Company --> Deal...,Bank Balance - 2 months ago - Company --> Deal; Company --> Contact - associated contacts; Application Status - Deal - Deal --> Company + Contact; Company --> Contact - Last activity date; Company --> Contact - Account Record Type; Company --> Contact - Pipeline; Average Monthly Bank Balance - Company --> Deal; Bank Balance - last month - Company --> Deal; Company --> Contact - associated company deals; Company --> Contact - First deal date...
lifecyclestage,Lifecycle Stage,HubSpot Only,False,HIGH - Heavy Workflow Usage,"Active workflows: Qualified Lead Trigger - Clearbit/HubSpot - Revenue, Converted Leads - Stamp properties again, Mark As Other--> Unqualified = yes...",False,,,40,10,30,26,21,5,5,17,25,False,False,False,enumeration,contactinformation,99.9%,11/23/25 6:44 PM EST,True,Qualified Lead Trigger - Clearbit/HubSpot - Revenue; Converted Leads - Stamp properties again; Mark As Other--> Unqualified = yes; Set lifecycle stage as partner; Lead converted to contact - Opp or Customer; IP + Other Reasons --> Unqualified = yes; Lifecycle stage = SAL; Marketing Leads --> Stamp Path --> LN status = enrolled; ^Lead converted to contact - Status = New; LN status = finished --> set as non marketing contact...,Qualified Lead Trigger - Clearbit/HubSpot - Revenue; Converted Leads - Stamp properties again; Mark As Other--> Unqualified = yes; Set lifecycle stage as partner; Lead converted to contact - Opp or Customer; IP + Other Reasons --> Unqualified = yes; Lifecycle stage = SAL; Marketing Leads --> Stamp Path --> LN status = enrolled; ^Lead converted to contact - Status = New; LN status = finished --> set as non marketing contact...,Qualified Lead Trigger - Clearbit/HubSpot - Revenue; Converted Leads - Stamp properties again; Mark As Other--> Unqualified = yes; Set lifecycle stage as partner; Lead converted to contact - Opp or Customer; IP + Other Reasons --> Unqualified = yes; Lifecycle stage = SAL; Marketing Leads --> Stamp Path --> LN status = enrolled; Linkedin Ad Signup - Stamp properties; ^Lead converted to contact - Status = New...
lead_nurturing_status,LN status,HubSpot Only,False,HIGH - Heavy Workflow Usage,"Active workflows: Stamp Lead Nurturing Signup + finished, Last activity date at nurturing start - company and deals, Lead Nurturing Master exclusion List --> LN Finished...",False,,,24,9,15,15,13,2,4,8,15,False,False,False,enumeration,contactinformation,32.77%,11/21/25 4:17 PM EST,False,Stamp Lead Nurturing Signup + finished; Stamp Outreach stage at lead nurturing start; Last activity date at nurturing start - company and deals; Set Inbound Type - Bottom Funnel Warm; Lead Nurturing Master exclusion List --> LN Finished; Signup Re-engagement PUSH to Nurturing flow; CFO Sequence - 2024 (TBU); Stamp bottom funnel date; Lead nurturing finished --> Stamp LN end date; Stamp Lead nurturing finished - Other than List filters...,Stamp Lead Nurturing Signup + finished; Last activity date at nurturing start - company and deals; Lead Nurturing Master exclusion List --> LN Finished; Signup Re-engagement PUSH to Nurturing flow; Lead nurturing finished --> Stamp LN end date; Stamp Segment - Marketing Leads; copy lead nurturing properties - contact --> company; Marketing Leads --> Stamp Path --> LN status = enrolled,Stamp Lead Nurturing Signup + finished; Stamp Outreach stage at lead nurturing start; Lead Nurturing - NAHB/Construction - Top; Last activity date at nurturing start - company and deals; Set Inbound Type - Bottom Funnel Warm; Lead Nurturing Master exclusion List --> LN Finished; Signup Re-engagement PUSH to Nurturing flow; CFO Sequence - 2024 (TBU); Stamp bottom funnel date; Lead Nurturing - Email - Private Equity path...
lead_nurturing_first_email_date,LN First Email Date,HubSpot Only,False,HIGH - Heavy Workflow Usage,"Active workflows: Stamp Lead Nurturing Signup + finished, Last activity date at nurturing start - company and deals, Lead Nurturing - stamp first activity date after nurturing...",False,,,14,4,10,12,11,1,1,7,12,False,False,False,date,contactinformation,27.3%,2/14/25 9:30 AM EST,False,Stamp Lead Nurturing Signup + finished; Last activity date at nurturing start - company and deals; Lead Nurturing signup - company; Lead Nurturing - stamp first activity date after nurturing; CFO Sequence - 2024 (TBU); Lead Nurturing - Companies in motion; First email date - Company --> Deal; copy lead nurturing properties - contact --> company; Lead Nurturing Signup - contact; Company Marketing contact...,Stamp Lead Nurturing Signup + finished; Last activity date at nurturing start - company and deals; Lead Nurturing - stamp first activity date after nurturing; Lead Nurturing - Companies in motion; First email date - Company --> Deal; copy lead nurturing properties - contact --> company; Lead Nurturing Signup - contact,Stamp Lead Nurturing Signup + finished; Last activity date at nurturing start - company and deals; Lead Nurturing signup - company; Lead Nurturing - stamp first activity date after nurturing; CFO Sequence - 2024 (TBU); Lead Nurturing - Email - Private Equity path; Lead Nurturing - Companies in motion; First email date - Company --> Deal; copy lead nurturing properties - contact --> company; Lead Nurturing Signup - contact...
qualified_lead_,Qualified Lead? ,HubSpot Only,False,HIGH - Heavy Workflow Usage,"Active workflows: Qualified Lead Trigger - Clearbit/HubSpot - Revenue, Signup Buckets - Self-Serve, Opp or customer --> Qualified = yes...",False,,,14,8,6,12,12,0,1,11,12,False,False,False,enumeration,contactinformation,39.59%,11/23/25 6:45 PM EST,False,Qualified Lead Trigger - Clearbit/HubSpot - Revenue; Signup Buckets - Self-Serve; Opp or customer --> Qualified = yes; Qualified Company = yes; Qualified Lead Trigger - Sign Up Flow Revenue + Employees; SQL? = Qualified lead; Lifecycle Stage = MQL; Qualified Lead = Yes - lifecycle opp or customer; Unqualified = Yes --> DQ status; non-mql --> MQL - signup bucket...,Qualified Lead Trigger - Clearbit/HubSpot - Revenue; Signup Buckets - Self-Serve; Opp or customer --> Qualified = yes; Qualified Company = yes; Qualified Lead Trigger - Sign Up Flow Revenue + Employees; SQL? = Qualified lead; Lifecycle Stage = MQL; Qualified Lead = Yes - lifecycle opp or customer; Unqualified = Yes --> DQ status; non-mql --> MQL - signup bucket...,Qualified Lead Trigger - Clearbit/HubSpot - Revenue; Signup Buckets - Self-Serve; Opp or customer --> Qualified = yes; Qualified Company = yes; Qualified Lead Trigger - Sign Up Flow Revenue + Employees; SQL? = Qualified lead; Lifecycle Stage = MQL; Qualified Lead = Yes - lifecycle opp or customer; Unqualified = Yes --> DQ status; non-mql --> MQL - signup bucket...
num_associated_contacts,Number of Associated Contacts,HubSpot Only,False,HIGH - Heavy Workflow Usage,"Active workflows: 0.04 L3 / Marketing Attribution | Initial Proxy Association (Phase 1), Deal Stage - Company --> Contact, Activated Date - Company --> Contact...",False,,,12,1,11,11,11,0,0,11,10,False,False,False,number,companyinformation,100%,11/23/25 6:37 PM EST,True,0.04 L3 / Marketing Attribution | Initial Proxy Association (Phase 1); Deal Stage - Company --> Contact; Activated Date - Company --> Contact; Company --> Contact - associated contacts; Client Approved - Company --> Contacts; Contact --> Company cleanup; disqualified - Company --> Contact; Company --> Contact - First deal date - NEW Contact; SQL Date - Company --> Contact; SAL Date - Company --> Contact...,0.04 L3 / Marketing Attribution | Initial Proxy Association (Phase 1); Deal Stage - Company --> Contact; Activated Date - Company --> Contact; Company --> Contact - associated contacts; Client Approved - Company --> Contacts; Contact --> Company cleanup; disqualified - Company --> Contact; Company --> Contact - First deal date - NEW Contact; SQL Date - Company --> Contact; SAL Date - Company --> Contact...,Deal Stage - Company --> Contact; Activated Date - Company --> Contact; Company --> Contact - associated contacts; Client Approved - Company --> Contacts; Contact --> Company cleanup; disqualified - Company --> Contact; Company --> Contact - First deal date - NEW Contact; SQL Date - Company --> Contact; SAL Date - Company --> Contact; Client Approved Date - Company --> Contact
nurture_path,LN Path,HubSpot Only,False,HIGH - Heavy Workflow Usage,"Active workflows: Stamp Lead Nurturing Signup + finished, Signup Re-engagement PUSH to Nurturing flow, Marketing Leads --> Stamp Path --> LN status = enrolled",False,,,12,4,8,9,7,2,5,3,9,False,False,False,enumeration,contactinformation,32.53%,11/13/25 11:38 PM EST,False,Stamp Lead Nurturing Signup + finished; Set Inbound Type - Bottom Funnel Warm; Inbound Type = Warm --> Set properties to route; Signup Re-engagement PUSH to Nurturing flow; Lead Nurturing Path - Contact --> Company; CFO Sequence - 2024 (TBU); Marketing Leads --> Stamp Path --> LN status = enrolled,Stamp Lead Nurturing Signup + finished; Signup Re-engagement PUSH to Nurturing flow; Marketing Leads --> Stamp Path --> LN status = enrolled,Stamp Lead Nurturing Signup + finished; Lead Nurturing - NAHB/Construction - Top; Set Inbound Type - Bottom Funnel Warm; Inbound Type = Warm --> Set properties to route; Signup Re-engagement PUSH to Nurturing flow; Lead Nurturing Path - Contact --> Company; CFO Sequence - 2024 (TBU); Lead Nurturing - Email - Private Equity path; Marketing Leads --> Stamp Path --> LN status = enrolled
salesforce_inclusion,Salesforce Inclusion,HubSpot Only,False,HIGH - Heavy Workflow Usage,"Active workflows: [Master] Saleforce Inclusion Trigger, [Events | DS] Luma - Events Management | SFDC Campaign Assignment, 0.1.1 Submission/Approval Track...",False,,,11,10,1,10,7,3,4,5,8,False,False,False,enumeration,contactinformation,96.96%,11/23/25 6:37 PM EST,False,Inbound Type = Warm --> Set properties to route; [Master] Saleforce Inclusion Trigger; [Events | DS] Luma - Events Management | SFDC Campaign Assignment; 0.1.1 Submission/Approval Track; Stamp bottom funnel date; Stamp Lifecycle Stage Text; Set Inbound Type - Self Serve + Contact Sales,[Master] Saleforce Inclusion Trigger; [Events | DS] Luma - Events Management | SFDC Campaign Assignment; 0.1.1 Submission/Approval Track; Stamp Lifecycle Stage Text; Set Inbound Type - Self Serve + Contact Sales,RB2B - stamp properties; Inbound Type = Warm --> Set properties to route; [Master] Saleforce Inclusion Trigger; Facebook Form Signups --> Properties; Stamp bottom funnel date; Stamp Lifecycle Stage Text; Set Inbound Type - Self Serve + Contact Sales; Linkedin Ad Signup - Stamp properties
pipeline_stage,Pipeline Stage,HubSpot Only,False,HIGH - Heavy Workflow Usage,"Active workflows: 1.2 DS – Pipeline Stage | State Change Tracking [DRAFT], 1.0 DS – Pipeline Stage | Marketable Tagging, 0.00 [Batch Update] Quarantine // Churned Marketable Contacts...",False,,,10,3,7,7,6,1,1,6,0,False,False,False,enumeration,contactinformation,99.99%,11/23/25 6:47 PM EST,False,1.2 DS – Pipeline Stage | State Change Tracking [DRAFT]; 1.0 DS – Pipeline Stage | Marketable Tagging; 0.00 [Batch Update] Quarantine // Churned Marketable Contacts; DS – Customer Onboarding: Founders | Lifecycle Engagement; 0.01 [Batch Update] Remarketing // Active Non-Marketing Accounts (cloned); 1.1 DS – Pipeline Stage | State Tagging,1.2 DS – Pipeline Stage | State Change Tracking [DRAFT]; 1.0 DS – Pipeline Stage | Marketable Tagging; 0.00 [Batch Update] Quarantine // Churned Marketable Contacts; DS – Customer Onboarding: Founders | Lifecycle Engagement; 0.01 [Batch Update] Remarketing // Active Non-Marketing Accounts (cloned); 1.1 DS – Pipeline Stage | State Tagging,
first_company_deal_created_date,Company First Deal Created Date,HubSpot Only,False,HIGH - Heavy Workflow Usage,"Active workflows: Lead After Deal - yes, First Deal --> Recent Deal - Contact, Company --> Contact - First deal date...",False,,,9,4,5,6,6,0,0,6,6,False,False,False,date,deal_information,14.61%,11/23/25 6:38 PM EST,False,Lead After Deal - yes; First Deal --> Recent Deal - Contact; Company --> Contact - First deal date; Company --> Contact - First deal date - custom list; Company --> Contact - First deal date - NEW Contact; Lead after Deal - opp/cust = yes,Lead After Deal - yes; First Deal --> Recent Deal - Contact; Company --> Contact - First deal date; Company --> Contact - First deal date - custom list; Company --> Contact - First deal date - NEW Contact; Lead after Deal - opp/cust = yes,Lead After Deal - yes; First Deal --> Recent Deal - Contact; Company --> Contact - First deal date; Company --> Contact - First deal date - custom list; Company --> Contact - First deal date - NEW Contact; Lead after Deal - opp/cust = yes
first_page_seen,First Page Seen,HubSpot Only,False,HIGH - Heavy Workflow Usage,"Active workflows: 0.04 L3 / Marketing Attribution | Initial Proxy Association (Phase 1), 0.07 Strategic Initiatives | Deal Assignment (All Associations), First Page Seen - Company --> Deal...",False,,,9,4,5,6,6,0,0,6,2,False,False,False,string,conversioninformation,7.67%,11/23/25 6:29 PM EST,False,0.04 L3 / Marketing Attribution | Initial Proxy Association (Phase 1); 0.07 Strategic Initiatives | Deal Assignment (All Associations); First Page Seen - Company --> Deal; 0.05 Ad/Emails Touchpoint Influence; 0.03 Primary Inbound Channel | Initial Proxy Association; First Page Seen - Contact to Company,0.04 L3 / Marketing Attribution | Initial Proxy Association (Phase 1); 0.07 Strategic Initiatives | Deal Assignment (All Associations); First Page Seen - Company --> Deal; 0.05 Ad/Emails Touchpoint Influence; 0.03 Primary Inbound Channel | Initial Proxy Association; First Page Seen - Contact to Company,First Page Seen - Company --> Deal; First Page Seen - Contact to Company
lead_gen_source,Marketing Lead Source,HubSpot Only,False,HIGH - Heavy Workflow Usage,Active workflows: Marketing Leads --> Stamp Path --> LN status = enrolled,False,,,9,3,6,7,6,1,1,1,7,False,False,False,enumeration,contactinformation,5.97%,11/6/25 3:04 PM EST,False,Stamp Marketing Lead Source - Ebooks; Automated Marketing Lead Email; Stamp Marketing Lead Channel; stamp marketing lead signup = yes; Marketing Leads --> Stamp Path --> LN status = enrolled; Marketing Lead Source --> Marketing Lead_Source,Marketing Leads --> Stamp Path --> LN status = enrolled,Stamp Marketing Lead Source - Ebooks; Automated Marketing Lead Email; Stamp Marketing Lead Channel; stamp marketing lead signup = yes; Marketing Lead Gen - Navattic --> Stamp Properties; Marketing Leads --> Stamp Path --> LN status = enrolled; Marketing Lead Source --> Marketing Lead_Source
segment,Segment,HubSpot Only,False,MEDIUM - Active Workflow Usage,"Active workflows: Stamp Segment - Middle Market or SMB, Stamp Segment - Sales Prospects, segment - Company --> Deal...",False,,,8,5,3,5,5,0,0,5,5,False,False,False,enumeration,contactinformation,79.34%,11/23/25 6:21 PM EST,False,Stamp Segment - Middle Market or SMB; Stamp Segment - Sales Prospects; segment - Company --> Deal; Stamp Segment - Marketing Leads; Segment - Contact --> Company,Stamp Segment - Middle Market or SMB; Stamp Segment - Sales Prospects; segment - Company --> Deal; Stamp Segment - Marketing Leads; Segment - Contact --> Company,Stamp Segment - Middle Market or SMB; Stamp Segment - Sales Prospects; segment - Company --> Deal; Stamp Segment - Marketing Leads; Segment - Contact --> Company
sql_,SQL?,HubSpot Only,False,HIGH - Heavy Workflow Usage,"Active workflows: Deal --> Contact - SQL, SQL Date - Deal --> Company, Deal - SQL = Yes...",False,,,8,5,3,6,6,0,0,6,6,False,False,False,enumeration,contactinformation,7.09%,11/23/25 6:44 PM EST,False,Deal --> Contact - SQL; SQL Date - Deal --> Company; Deal - SQL = Yes; SQL? = Qualified lead; Contact - SQL? = yes; Meeting Set --> SQL = Yes,Deal --> Contact - SQL; SQL Date - Deal --> Company; Deal - SQL = Yes; SQL? = Qualified lead; Contact - SQL? = yes; Meeting Set --> SQL = Yes,Deal --> Contact - SQL; SQL Date - Deal --> Company; Deal - SQL = Yes; SQL? = Qualified lead; Contact - SQL? = yes; Meeting Set --> SQL = Yes
deal_owner,Deal Owner,HubSpot Only,False,MEDIUM - Active Workflow Usage,"Active workflows: Company --> Contact - Deal Owner, Copy deal owner to contact owner, Lead Routed to Owner...",False,,,7,4,3,4,4,0,0,4,4,False,False,False,enumeration,deal_information,10.48%,11/23/25 6:29 PM EST,False,Company --> Contact - Deal Owner; Copy deal owner to contact owner; Lead Routed to Owner; Deal -> Contact and Companies - owner,Company --> Contact - Deal Owner; Copy deal owner to contact owner; Lead Routed to Owner; Deal -> Contact and Companies - owner,Company --> Contact - Deal Owner; Copy deal owner to contact owner; Lead Routed to Owner; Deal -> Contact and Companies - owner
funnel_stage,Funnel Stage,HubSpot Only,False,HIGH - Heavy Workflow Usage,"Active workflows: Funnel stage at influenced deal, Stamp funnel stage at sign up",False,,,7,3,4,6,6,0,3,2,6,False,False,False,enumeration,salesforceinformation,95.99%,10/6/25 11:48 AM EDT,False,Set Inbound Type - Bottom Funnel Warm; Inbound Type = Warm --> Set properties to route; Stamp bottom funnel date; Funnel stage at influenced deal; Stamp funnel stage at sign up; Set Funnel Stage,Funnel stage at influenced deal; Stamp funnel stage at sign up,Set Inbound Type - Bottom Funnel Warm; Inbound Type = Warm --> Set properties to route; Stamp bottom funnel date; Funnel stage at influenced deal; Stamp funnel stage at sign up; Set Funnel Stage
hs_latest_source_data_1,Latest Traffic Source Drill-Down 1,HubSpot Only,False,MEDIUM - Active Workflow Usage,"Active workflows: 0.05 Ad/Emails Touchpoint Influence, Stamp primary Inbound Channel - LATEST, Utm_campaign/Drilldown 1...",False,,,7,2,5,5,5,0,0,4,4,False,False,False,string,analyticsinformation,100%,11/23/25 6:37 PM EST,True,0.05 Ad/Emails Touchpoint Influence; Stamp primary Inbound Channel - LATEST; Utm_campaign/Drilldown 1; Stamp Marketing Lead Channel; Stamp Affiliate Subchannel,0.05 Ad/Emails Touchpoint Influence; Stamp primary Inbound Channel - LATEST; Utm_campaign/Drilldown 1; Stamp Affiliate Subchannel,Stamp primary Inbound Channel - LATEST; Utm_campaign/Drilldown 1; Stamp Marketing Lead Channel; Stamp Affiliate Subchannel
lead_nurturing_enroll_date,LN enroll date,HubSpot Only,False,MEDIUM - Active Workflow Usage,"Active workflows: Qualified Lead Trigger - Clearbit/HubSpot - Revenue, copy lead nurturing properties - contact --> company",False,,,7,4,3,6,3,3,3,2,6,False,False,False,date,contactinformation,29.77%,2/13/25 4:06 PM EST,False,Qualified Lead Trigger - Clearbit/HubSpot - Revenue; CFO Sequence - 2024 (TBU); copy lead nurturing properties - contact --> company,Qualified Lead Trigger - Clearbit/HubSpot - Revenue; copy lead nurturing properties - contact --> company,Qualified Lead Trigger - Clearbit/HubSpot - Revenue; ICP Category --> Company to deal or contact; Lead Nurturing - NAHB/Construction - Top; CFO Sequence - 2024 (TBU); Lead Nurturing - Email - Private Equity path; copy lead nurturing properties - contact --> company
lead_nurturing_signup,LN Signup?,HubSpot Only,False,HIGH - Heavy Workflow Usage,"Active workflows: Stamp Lead Nurturing Signup + finished, copy lead nurturing properties - contact --> company, Lead Nurturing Signup - contact",False,,,7,4,3,6,6,0,0,3,6,False,False,False,enumeration,contactinformation,0.15%,11/21/25 5:28 PM EST,False,Stamp Lead Nurturing Signup + finished; Lead Nurturing signup - company; Lead Nurturing and Influenced Deal signup- Slack notification; Stamp primary inbound channel lead nurturing; copy lead nurturing properties - contact --> company; Lead Nurturing Signup - contact,Stamp Lead Nurturing Signup + finished; copy lead nurturing properties - contact --> company; Lead Nurturing Signup - contact,Stamp Lead Nurturing Signup + finished; Lead Nurturing signup - company; Lead Nurturing and Influenced Deal signup- Slack notification; Stamp primary inbound channel lead nurturing; copy lead nurturing properties - contact --> company; Lead Nurturing Signup - contact
num_associated_deals,Number of Associated Deals,HubSpot Only,False,MEDIUM - Active Workflow Usage,"Active workflows: Company --> Contact - associated company deals, Primary Inbound Channel - Company --> Deal, Stamp recent deal created date - company (cloned)...",False,,,7,1,6,6,5,1,1,5,6,False,False,False,number,deal_information,7.56%,11/23/25 6:28 PM EST,True,Company --> Contact - associated company deals; Primary Inbound Channel - Company --> Deal; Stamp recent deal created date - company (cloned); Inbound type - Company --> Deal; Date Lead Came Inbound - Company --> Deal,Company --> Contact - associated company deals; Primary Inbound Channel - Company --> Deal; Stamp recent deal created date - company (cloned); Inbound type - Company --> Deal; Date Lead Came Inbound - Company --> Deal,Company --> Contact - associated company deals; Primary Inbound Channel - Company --> Deal; Inbound type - Company --> Deal - >1; Stamp recent deal created date - company (cloned); Inbound type - Company --> Deal; Date Lead Came Inbound - Company --> Deal
rho_banks_nyc,Rho Banks NYC,HubSpot Only,False,HIGH - Heavy Workflow Usage,"Active workflows: Rho banks nyc - deal --> company, NY RBNYC - Company --> Contact + Deal, Rho Banks NYC/Hubspot-VC- contact...",False,,,7,4,3,7,7,0,0,7,7,False,False,False,enumeration,contactinformation,3.24%,11/23/25 5:38 PM EST,False,Rho banks nyc - deal --> company; NY RBNYC - Company --> Contact + Deal; Rho Banks NYC/Hubspot-VC- contact; Rho Banks NYC - Contact --> Deal; Stamp primary Inbound Channel - ORIGINAL; NY RBNYC - contact --> Company and Deal; Event = Tech week --> Set as rho banks nyc and nyrbnyc -,Rho banks nyc - deal --> company; NY RBNYC - Company --> Contact + Deal; Rho Banks NYC/Hubspot-VC- contact; Rho Banks NYC - Contact --> Deal; Stamp primary Inbound Channel - ORIGINAL; NY RBNYC - contact --> Company and Deal; Event = Tech week --> Set as rho banks nyc and nyrbnyc -,Rho banks nyc - deal --> company; NY RBNYC - Company --> Contact + Deal; Rho Banks NYC/Hubspot-VC- contact; Rho Banks NYC - Contact --> Deal; Stamp primary Inbound Channel - ORIGINAL; NY RBNYC - contact --> Company and Deal; Event = Tech week --> Set as rho banks nyc and nyrbnyc -
sync_to_objects,Sync to objects,HubSpot Only,False,HIGH - Heavy Workflow Usage,"Active workflows: Primary Inbound Channel - Company --> Deal, Inbound type - Contact --> Company, Primary Inbound Channel - Contact --> Company...",False,,,7,0,7,8,7,1,0,7,7,False,False,False,enumeration,contactinformation,0%,,False,Primary Inbound Channel - Company --> Deal; Inbound type - Contact --> Company; Primary Inbound Channel - Contact --> Company; Date Lead Came Inbound - Company --> Deal; Date lead came inbound - Contact --> Company; Inbound type - Company --> Deal; Inbound Channel Bucket - Contacts,Primary Inbound Channel - Company --> Deal; Inbound type - Contact --> Company; Primary Inbound Channel - Contact --> Company; Date Lead Came Inbound - Company --> Deal; Date lead came inbound - Contact --> Company; Inbound type - Company --> Deal; Inbound Channel Bucket - Contacts,Primary Inbound Channel - Company --> Deal; Inbound type - Contact --> Company; Primary Inbound Channel - Contact --> Company; Date Lead Came Inbound - Company --> Deal; Date lead came inbound - Contact --> Company; Inbound type - Company --> Deal; Inbound Channel Bucket - Contacts
term_drilldown_2,Term/Drilldown-2,HubSpot Only,False,MEDIUM - Active Workflow Usage,"Active workflows: Deals - campaign/term drilldowns reconcile, Contact --> Company - campaign/term generic, Utm_Term/Drilldown 2...",False,,,7,4,3,4,4,0,0,4,4,False,False,False,string,contactinformation,1.22%,11/23/25 2:31 PM EST,False,Deals - campaign/term drilldowns reconcile; Contact --> Company - campaign/term generic; Utm_Term/Drilldown 2; company --> deals - campaign/term,Deals - campaign/term drilldowns reconcile; Contact --> Company - campaign/term generic; Utm_Term/Drilldown 2; company --> deals - campaign/term,Deals - campaign/term drilldowns reconcile; Contact --> Company - campaign/term generic; Utm_Term/Drilldown 2; company --> deals - campaign/term
today_s_date,Today's Date,HubSpot Only,False,MEDIUM - Active Workflow Usage,"Active workflows: Today's Date - company, estimated 365 days rev - mtd - company --> Deal, Today's Date - Deal...",False,,,7,3,4,4,4,0,0,4,4,False,False,False,date,contactinformation,100%,11/23/25 6:38 PM EST,False,Today's Date - company; estimated 365 days rev - mtd - company --> Deal; Today's Date - Deal; Today's Date - contact,Today's Date - company; estimated 365 days rev - mtd - company --> Deal; Today's Date - Deal; Today's Date - contact,Today's Date - company; estimated 365 days rev - mtd - company --> Deal; Today's Date - Deal; Today's Date - contact
contact_made_,Contact Made?,HubSpot Only,False,MEDIUM - Active Workflow Usage,"Active workflows: Contact made = yes, contact made - contact --> company, Meeting Set --> Contact Made = Yes...",False,,,6,4,2,4,4,0,0,4,4,False,False,False,enumeration,contactinformation,4.25%,11/23/25 4:43 PM EST,False,Contact made = yes; contact made - contact --> company; Meeting Set --> Contact Made = Yes; status - contact made,Contact made = yes; contact made - contact --> company; Meeting Set --> Contact Made = Yes; status - contact made,Contact made = yes; contact made - contact --> company; Meeting Set --> Contact Made = Yes; status - contact made
last_deal_pipeline,Last Deal Pipeline,HubSpot Only,False,MEDIUM - Active Workflow Usage,"Active workflows: Company --> Contact - Pipeline, ^Lead converted to contact - Status = New, Lead converted to contact - Opp or Customer...",False,,,6,2,4,5,5,0,0,5,5,False,False,False,enumeration,deal_information,11.52%,11/23/25 6:29 PM EST,False,Company --> Contact - Pipeline; ^Lead converted to contact - Status = New; Lead converted to contact - Opp or Customer; Deal --> Company - Pipeline; company --> Contact - recent deal created date,Company --> Contact - Pipeline; ^Lead converted to contact - Status = New; Lead converted to contact - Opp or Customer; Deal --> Company - Pipeline; company --> Contact - recent deal created date,Company --> Contact - Pipeline; ^Lead converted to contact - Status = New; Lead converted to contact - Opp or Customer; Deal --> Company - Pipeline; company --> Contact - recent deal created date
notes_last_updated,Last Activity Date,HubSpot Only,False,MEDIUM - Active Workflow Usage,"Active workflows: Last activity date at nurturing start - company and deals, Company - Activity Date --> Company Activity Date, Stamp first activity date...",False,,,6,2,4,5,5,0,0,5,5,False,False,False,datetime,contact_activity,90.22%,11/23/25 6:36 PM EST,True,Last activity date at nurturing start - company and deals; Company - Activity Date --> Company Activity Date; Stamp first activity date; Lead Nurturing - Companies in motion; Lead Nurturing - stamp first activity date after nurturing,Last activity date at nurturing start - company and deals; Company - Activity Date --> Company Activity Date; Stamp first activity date; Lead Nurturing - Companies in motion; Lead Nurturing - stamp first activity date after nurturing,Last activity date at nurturing start - company and deals; Company - Activity Date --> Company Activity Date; Stamp first activity date; Lead Nurturing - Companies in motion; Lead Nurturing - stamp first activity date after nurturing
pipeline_stage__marketing_eligible,Pipeline Stage: Marketing Eligible,HubSpot Only,False,MEDIUM - Active Workflow Usage,"Active workflows: 0.01 [Batch Update] Remarketing // Active Non-Marketing Accounts (cloned), [Events | DS] Luma - Events Management | SFDC Campaign Assignment, 1.0 DS – Pipeline Stage | Marketable Tagging...",False,,,6,4,2,4,4,0,0,4,0,False,False,False,enumeration,contactinformation,100%,11/23/25 6:42 PM EST,False,0.01 [Batch Update] Remarketing // Active Non-Marketing Accounts (cloned); [Events | DS] Luma - Events Management | SFDC Campaign Assignment; 1.0 DS – Pipeline Stage | Marketable Tagging; 0.00 [Batch Update] Quarantine // Churned Marketable Contacts,0.01 [Batch Update] Remarketing // Active Non-Marketing Accounts (cloned); [Events | DS] Luma - Events Management | SFDC Campaign Assignment; 1.0 DS – Pipeline Stage | Marketable Tagging; 0.00 [Batch Update] Quarantine // Churned Marketable Contacts,
recent_deal_created_date,Recent Deal Created Date,HubSpot Only,False,MEDIUM - Active Workflow Usage,"Active workflows: Lead converted to contact - Opp or Customer, Stamp recent deal created date - company, Stamp recent deal created date - company (cloned)...",False,,,6,3,3,4,4,0,0,4,4,False,False,False,date,companyinformation,6.93%,11/23/25 6:29 PM EST,False,Lead converted to contact - Opp or Customer; Stamp recent deal created date - company; Stamp recent deal created date - company (cloned); company --> Contact - recent deal created date,Lead converted to contact - Opp or Customer; Stamp recent deal created date - company; Stamp recent deal created date - company (cloned); company --> Contact - recent deal created date,Lead converted to contact - Opp or Customer; Stamp recent deal created date - company; Stamp recent deal created date - company (cloned); company --> Contact - recent deal created date
sdr_meeting_booked_,Meeting set?,HubSpot Only,False,HIGH - Heavy Workflow Usage,"Active workflows: Status = Meeting Set, Status - attempting to reach, Contact made = yes...",False,,,6,1,5,6,6,0,0,5,6,False,False,False,enumeration,salesforceinformation,9.79%,11/23/25 11:45 AM EST,False,Status = Meeting Set; Status - attempting to reach; Contact made = yes; Playground signups --> status = new; Stamp meeting set date - contact; Meeting Set --> SQL = Yes,Status = Meeting Set; Status - attempting to reach; Contact made = yes; Stamp meeting set date - contact; Meeting Set --> SQL = Yes,Status = Meeting Set; Status - attempting to reach; Contact made = yes; Playground signups --> status = new; Stamp meeting set date - contact; Meeting Set --> SQL = Yes
utm_funnel,utm_funnel (sfdc),HubSpot Only,False,MEDIUM - Active Workflow Usage,"Active workflows: 0.04 L3 / Marketing Attribution | Initial Proxy Association (Phase 1), 0.03 Primary Inbound Channel | Initial Proxy Association, 0.05 Ad/Emails Touchpoint Influence",False,,,6,3,3,3,3,0,0,3,0,False,False,False,string,lead_ads,0.07%,11/23/25 10:32 AM EST,False,0.04 L3 / Marketing Attribution | Initial Proxy Association (Phase 1); 0.03 Primary Inbound Channel | Initial Proxy Association; 0.05 Ad/Emails Touchpoint Influence,0.04 L3 / Marketing Attribution | Initial Proxy Association (Phase 1); 0.03 Primary Inbound Channel | Initial Proxy Association; 0.05 Ad/Emails Touchpoint Influence,
utm_ref,utm_ref (sfdc),HubSpot Only,False,MEDIUM - Active Workflow Usage,"Active workflows: 0.04 L3 / Marketing Attribution | Initial Proxy Association (Phase 1), 0.03 Primary Inbound Channel | Initial Proxy Association, 0.05 Ad/Emails Touchpoint Influence",False,,,6,3,3,3,3,0,0,3,0,False,False,False,string,lead_ads,0.5%,11/23/25 6:31 PM EST,False,0.04 L3 / Marketing Attribution | Initial Proxy Association (Phase 1); 0.03 Primary Inbound Channel | Initial Proxy Association; 0.05 Ad/Emails Touchpoint Influence,0.04 L3 / Marketing Attribution | Initial Proxy Association (Phase 1); 0.03 Primary Inbound Channel | Initial Proxy Association; 0.05 Ad/Emails Touchpoint Influence,
application_completed_date,Application completed date,HubSpot Only,False,MEDIUM - Active Workflow Usage,Active workflows: Application Completed Date - Company --> Deal,False,,,5,2,3,3,2,1,1,1,3,False,False,False,date,salesforceinformation,1.04%,,False,App completed after signup = yes; Application Completed Date - Company --> Deal,Application Completed Date - Company --> Deal,App completed after signup = yes; App completed date - contact --> company; Application Completed Date - Company --> Deal
campaign_drilldown_1,campaign/drilldown-1,HubSpot Only,False,MEDIUM - Active Workflow Usage,"Active workflows: Deals - campaign/term drilldowns reconcile, Contact --> Company - campaign/term generic, company --> deals - campaign/term",False,,,5,3,2,3,3,0,0,3,3,False,False,False,string,companyinformation,1.57%,11/23/25 2:21 PM EST,False,Deals - campaign/term drilldowns reconcile; Contact --> Company - campaign/term generic; company --> deals - campaign/term,Deals - campaign/term drilldowns reconcile; Contact --> Company - campaign/term generic; company --> deals - campaign/term,Deals - campaign/term drilldowns reconcile; Contact --> Company - campaign/term generic; company --> deals - campaign/term
client_approved_,Client Approved?,HubSpot Only,False,MEDIUM - Active Workflow Usage,"Active workflows: Client Approved - Deal --> Company, Client Approved - Company --> Contacts, Client Approved? - deal",False,,,5,3,2,3,3,0,0,3,3,False,False,False,enumeration,deal_information,2.17%,11/23/25 6:44 PM EST,False,Client Approved - Deal --> Company; Client Approved - Company --> Contacts; Client Approved? - deal,Client Approved - Deal --> Company; Client Approved - Company --> Contacts; Client Approved? - deal,Client Approved - Deal --> Company; Client Approved - Company --> Contacts; Client Approved? - deal
first_deal_created_date,First Deal Created Date,HubSpot Only,False,MEDIUM - Active Workflow Usage,"Active workflows: Company --> Contact - First deal date, Company --> Contact - First deal date - custom list, Company --> Contact - First deal date - NEW Contact",False,,,5,3,2,3,3,0,0,3,3,False,False,False,datetime,deal_information,7.56%,11/23/25 6:28 PM EST,True,Company --> Contact - First deal date; Company --> Contact - First deal date - custom list; Company --> Contact - First deal date - NEW Contact,Company --> Contact - First deal date; Company --> Contact - First deal date - custom list; Company --> Contact - First deal date - NEW Contact,Company --> Contact - First deal date; Company --> Contact - First deal date - custom list; Company --> Contact - First deal date - NEW Contact
hs_analytics_first_referrer,First Referring Site,HubSpot Only,False,MEDIUM - Active Workflow Usage,"Active workflows: IP + Other Reasons --> Unqualified = yes, Stamp primary Inbound Channel - LATEST, Stamp primary Inbound Channel - ORIGINAL...",False,,,5,0,5,6,5,1,0,5,5,False,False,False,string,analyticsinformation,3.93%,11/23/25 6:09 PM EST,True,IP + Other Reasons --> Unqualified = yes; Stamp primary Inbound Channel - LATEST; Stamp primary Inbound Channel - ORIGINAL; Stamp Primary Inbound Channel - Specific Affiliates; Stamp Affiliate Subchannel,IP + Other Reasons --> Unqualified = yes; Stamp primary Inbound Channel - LATEST; Stamp primary Inbound Channel - ORIGINAL; Stamp Primary Inbound Channel - Specific Affiliates; Stamp Affiliate Subchannel,IP + Other Reasons --> Unqualified = yes; Stamp primary Inbound Channel - LATEST; Stamp primary Inbound Channel - ORIGINAL; Stamp Primary Inbound Channel - Specific Affiliates; Stamp Affiliate Subchannel
hs_latest_source,Latest Traffic Source,HubSpot Only,False,MEDIUM - Active Workflow Usage,"Active workflows: Stamp primary Inbound Channel - LATEST, Utm_campaign/Drilldown 1, Stamp Affiliate Subchannel...",False,,,5,0,5,6,5,1,0,4,5,False,False,False,enumeration,analyticsinformation,100%,11/23/25 6:37 PM EST,True,Stamp primary Inbound Channel - LATEST; Utm_campaign/Drilldown 1; Stamp Marketing Lead Channel; Stamp Affiliate Subchannel; Utm_Term/Drilldown 2,Stamp primary Inbound Channel - LATEST; Utm_campaign/Drilldown 1; Stamp Affiliate Subchannel; Utm_Term/Drilldown 2,Stamp primary Inbound Channel - LATEST; Utm_campaign/Drilldown 1; Stamp Marketing Lead Channel; Stamp Affiliate Subchannel; Utm_Term/Drilldown 2
hs_task_subject,,Unmatched/Custom,False,MEDIUM - Active Workflow Usage,"Active workflows: Status = Meeting Set, Status - attempting to reach, Contact made = yes...",False,,,5,0,5,6,5,1,1,4,5,False,False,False,,,,,,Status = Meeting Set; Status - attempting to reach; Contact made = yes; status - contact made; Placeholder Meeting Date,Status = Meeting Set; Status - attempting to reach; Contact made = yes; status - contact made,Status = Meeting Set; Status - attempting to reach; Contact made = yes; status - contact made; Placeholder Meeting Date
inbound_subchannel,Affiliate Subchannel,HubSpot Only,False,MEDIUM - Active Workflow Usage,"Active workflows: Stamp Affiliate Subchannel, Stamp Primary Inbound Channel - Specific Affiliates, Affiliate Subchannel - Contact --> Company",False,,,5,2,3,3,3,0,0,3,3,False,False,False,string,contactinformation,2.66%,11/23/25 2:09 AM EST,False,Stamp Affiliate Subchannel; Stamp Primary Inbound Channel - Specific Affiliates; Affiliate Subchannel - Contact --> Company,Stamp Affiliate Subchannel; Stamp Primary Inbound Channel - Specific Affiliates; Affiliate Subchannel - Contact --> Company,Stamp Affiliate Subchannel; Stamp Primary Inbound Channel - Specific Affiliates; Affiliate Subchannel - Contact --> Company
leadsource__c,Conversion Page,HubSpot Only,False,MEDIUM - Active Workflow Usage,"Active workflows: Stamp primary Inbound Channel - ORIGINAL, Signup Conversion page - Contact --> Company, 0.06 Partner Assignment | Form Attribution...",False,,,5,2,3,4,4,0,0,4,3,False,False,False,string,salesforceinformation,11.43%,11/23/25 6:21 PM EST,False,Stamp primary Inbound Channel - ORIGINAL; Signup Conversion page - Contact --> Company; 0.06 Partner Assignment | Form Attribution; First Conversion Mapping [Reed],Stamp primary Inbound Channel - ORIGINAL; Signup Conversion page - Contact --> Company; 0.06 Partner Assignment | Form Attribution; First Conversion Mapping [Reed],Stamp primary Inbound Channel - ORIGINAL; Signup Conversion page - Contact --> Company; First Conversion Mapping [Reed]
referrer__c,Referrer - text,HubSpot Only,False,MEDIUM - Active Workflow Usage,"Active workflows: partner page utms, Stamp primary Inbound Channel - ORIGINAL, 0.06 Partner Assignment | Form Attribution...",False,,,5,2,3,5,4,1,2,4,4,False,False,False,string,salesforceinformation,0.95%,11/23/25 5:39 PM EST,False,partner page utms; Stamp primary Inbound Channel - ORIGINAL; 0.06 Partner Assignment | Form Attribution; Stamp Affiliate Subchannel,partner page utms; Stamp primary Inbound Channel - ORIGINAL; 0.06 Partner Assignment | Form Attribution; Stamp Affiliate Subchannel,partner page utms; Stamp primary Inbound Channel - ORIGINAL; Partner key --> Lead Source = Partner; Stamp Affiliate Subchannel
salesforcecontactid,Salesforce Contact ID,HubSpot Only,False,MEDIUM - Active Workflow Usage,"Active workflows: ^Lead converted to contact - Status = New, Lead converted to contact - Opp or Customer",False,,,5,0,5,6,5,1,1,2,5,False,False,False,string,salesforceinformation,86.47%,11/23/25 6:28 PM EST,True,^Lead converted to contact - Status = New; Lead converted to contact - Opp or Customer; Bottom Funnel - Seller Notification; Inbound Type = Warm --> Set properties to route; Playground signups --> status = new,^Lead converted to contact - Status = New; Lead converted to contact - Opp or Customer,^Lead converted to contact - Status = New; Lead converted to contact - Opp or Customer; Bottom Funnel - Seller Notification; Inbound Type = Warm --> Set properties to route; Playground signups --> status = new
affiliate_subchannel,Affiliate Subchannel,HubSpot Only,False,MEDIUM - Active Workflow Usage,"Active workflows: Affiliate Subchannel - Company --> Deal, Affiliate Subchannel - Contact --> Company",False,,,4,2,2,2,2,0,0,2,2,False,False,False,string,company_activity,3.51%,11/22/25 7:13 PM EST,False,Affiliate Subchannel - Company --> Deal; Affiliate Subchannel - Contact --> Company,Affiliate Subchannel - Company --> Deal; Affiliate Subchannel - Contact --> Company,Affiliate Subchannel - Company --> Deal; Affiliate Subchannel - Contact --> Company
apollo_employees,Apollo Employees,HubSpot Only,False,MEDIUM - Active Workflow Usage,Active workflows: # of Employee properties - Company to Deal,False,,,4,2,2,2,1,1,1,1,2,False,False,False,string,contactinformation,62.85%,11/15/24 1:19 PM EST,False,# of Employee properties - Company to Deal,# of Employee properties - Company to Deal,Apollo Revenue - Company --> Contact; # of Employee properties - Company to Deal
bot_check__boolean___dataops,"Bot Check, Boolean | DataOps",HubSpot Only,False,MEDIUM - Active Workflow Usage,"Active workflows: 0.1.1 Submission/Approval Track, Stamp Lifecycle Stage Text",False,,,4,2,2,2,2,0,0,2,1,False,False,False,string,contactinformation,0.13%,11/23/25 6:13 PM EST,False,0.1.1 Submission/Approval Track; Stamp Lifecycle Stage Text,0.1.1 Submission/Approval Track; Stamp Lifecycle Stage Text,Stamp Lifecycle Stage Text
bot_check__score___dataops,"Bot Check, Score | DataOps",HubSpot Only,False,MEDIUM - Active Workflow Usage,"Active workflows: 0.1.1 Submission/Approval Track, Stamp Lifecycle Stage Text",False,,,4,2,2,2,2,0,0,2,1,False,False,False,number,contactinformation,0.13%,11/23/25 6:13 PM EST,False,0.1.1 Submission/Approval Track; Stamp Lifecycle Stage Text,0.1.1 Submission/Approval Track; Stamp Lifecycle Stage Text,Stamp Lifecycle Stage Text
company_create_date,Company Create Date,HubSpot Only,False,MEDIUM - Active Workflow Usage,"Active workflows: Company - Create Date --> Company Create Date, Copy company create date to contact",False,,,4,2,2,2,2,0,0,2,2,False,False,False,date,contactinformation,80.53%,11/23/25 6:29 PM EST,False,Company - Create Date --> Company Create Date; Copy company create date to contact,Company - Create Date --> Company Create Date; Copy company create date to contact,Company - Create Date --> Company Create Date; Copy company create date to contact
company_last_activity_date,Company Last Activity Date,HubSpot Only,False,MEDIUM - Active Workflow Usage,"Active workflows: Company --> Contact - Last activity date, Company - Activity Date --> Company Activity Date",False,,,4,2,2,2,2,0,0,2,2,False,False,False,date,contactinformation,42.79%,11/23/25 4:35 PM EST,False,Company --> Contact - Last activity date; Company - Activity Date --> Company Activity Date,Company --> Contact - Last activity date; Company - Activity Date --> Company Activity Date,Company --> Contact - Last activity date; Company - Activity Date --> Company Activity Date
company_recent_deal_created_date,Company recent deal created date,HubSpot Only,False,MEDIUM - Active Workflow Usage,"Active workflows: company --> Contact - recent deal created date, First Deal --> Recent Deal - Contact",False,,,4,2,2,2,2,0,0,2,2,False,False,False,date,contactinformation,14.65%,11/23/25 6:38 PM EST,False,company --> Contact - recent deal created date; First Deal --> Recent Deal - Contact,company --> Contact - recent deal created date; First Deal --> Recent Deal - Contact,company --> Contact - recent deal created date; First Deal --> Recent Deal - Contact
exclusion_list_,Exclusion List?,HubSpot Only,False,MEDIUM - Active Workflow Usage,"Active workflows: Exclusion List = no, Exclusion List = yes",False,,,4,2,2,2,2,0,0,2,2,False,False,False,enumeration,contactinformation,57.08%,11/23/25 6:38 PM EST,False,Exclusion List = no; Exclusion List = yes,Exclusion List = no; Exclusion List = yes,Exclusion List = no; Exclusion List = yes
hs_latest_source_data_2,Latest Traffic Source Drill-Down 2,HubSpot Only,False,MEDIUM - Active Workflow Usage,"Active workflows: Utm_Term/Drilldown 2, Stamp primary Inbound Channel - LATEST",False,,,4,1,3,3,2,1,1,2,3,False,False,False,string,analyticsinformation,96.05%,11/23/25 6:37 PM EST,True,Utm_Term/Drilldown 2; Stamp primary Inbound Channel - LATEST,Utm_Term/Drilldown 2; Stamp primary Inbound Channel - LATEST,Marketing Lead Gen - Navattic --> Stamp Properties; Utm_Term/Drilldown 2; Stamp primary Inbound Channel - LATEST
last_came_inbound,Last Came Inbound,HubSpot Only,False,MEDIUM - Active Workflow Usage,"Active workflows: Company --> Contact - Company Last Came Inbound, Copy DAI from contact to Company - Last came inbound",False,,,4,2,2,3,3,0,0,2,3,False,False,False,date,conversioninformation,7.15%,11/23/25 6:29 PM EST,False,Company --> Contact - Company Last Came Inbound; Copy DAI from contact to Company - Last came inbound; Lead Nurturing signup - company,Company --> Contact - Company Last Came Inbound; Copy DAI from contact to Company - Last came inbound,Company --> Contact - Company Last Came Inbound; Copy DAI from contact to Company - Last came inbound; Lead Nurturing signup - company
latest_disposition,Latest Disposition,HubSpot Only,False,MEDIUM - Active Workflow Usage,"Active workflows: Status = Meeting Set, status - contact made",False,,,4,1,3,3,3,0,0,2,3,False,False,False,string,salesforceinformation,1.65%,,False,Latest Disposition - Contact --> Deal; Status = Meeting Set; status - contact made,Status = Meeting Set; status - contact made,Latest Disposition - Contact --> Deal; Status = Meeting Set; status - contact made
lead_nurturing_end_date,LN end date,HubSpot Only,False,MEDIUM - Active Workflow Usage,"Active workflows: Lead nurturing finished --> Stamp LN end date, Stamp Lead Nurturing Signup + finished",False,,,4,2,2,2,2,0,0,2,2,False,False,False,date,contactinformation,25.67%,11/21/25 4:17 PM EST,False,Lead nurturing finished --> Stamp LN end date; Stamp Lead Nurturing Signup + finished,Lead nurturing finished --> Stamp LN end date; Stamp Lead Nurturing Signup + finished,Lead nurturing finished --> Stamp LN end date; Stamp Lead Nurturing Signup + finished
ny_rbnyc,NY RBNYC,HubSpot Only,False,MEDIUM - Active Workflow Usage,"Active workflows: NY RBNYC - Company --> Contact + Deal, NY RBNYC - contact --> Company and Deal, Event = Tech week --> Set as rho banks nyc and nyrbnyc -",False,,,4,3,1,3,3,0,0,3,3,False,False,False,enumeration,contactinformation,3.92%,11/22/25 5:45 PM EST,False,NY RBNYC - Company --> Contact + Deal; NY RBNYC - contact --> Company and Deal; Event = Tech week --> Set as rho banks nyc and nyrbnyc -,NY RBNYC - Company --> Contact + Deal; NY RBNYC - contact --> Company and Deal; Event = Tech week --> Set as rho banks nyc and nyrbnyc -,NY RBNYC - Company --> Contact + Deal; NY RBNYC - contact --> Company and Deal; Event = Tech week --> Set as rho banks nyc and nyrbnyc -
pipeline_stage__change_count,Pipeline Stage: Change Count,HubSpot Only,False,MEDIUM - Active Workflow Usage,"Active workflows: 1.1 DS – Pipeline Stage | State Tagging, 1.2 DS – Pipeline Stage | State Change Tracking [DRAFT]",False,,,4,2,2,2,2,0,0,2,0,False,False,False,number,contactinformation,99.99%,11/23/25 6:48 PM EST,False,1.1 DS – Pipeline Stage | State Tagging; 1.2 DS – Pipeline Stage | State Change Tracking [DRAFT],1.1 DS – Pipeline Stage | State Tagging; 1.2 DS – Pipeline Stage | State Change Tracking [DRAFT],
placeholder_meeting_date,Placeholder Meeting Date,HubSpot Only,False,MEDIUM - Active Workflow Usage,"Enabled workflows: Placeholder Meeting Date, Placeholder Meeting Date Company --> Deal, Lead Nurturing signup - company",False,,,4,2,2,3,3,0,1,0,3,False,False,True,date,companyinformation,0.05%,11/7/25 4:30 PM EST,False,Placeholder Meeting Date; Placeholder Meeting Date Company --> Deal; Lead Nurturing signup - company,,Placeholder Meeting Date; Placeholder Meeting Date Company --> Deal; Lead Nurturing signup - company
primary_inbound_channel__l1____deal___proxy,PIC [L1: Channel] | Deal - Proxy,HubSpot Only,False,MEDIUM - Active Workflow Usage,Active workflows: 0.03 Primary Inbound Channel | Initial Proxy Association,False,,,4,2,2,2,1,1,1,1,0,False,False,False,enumeration,dealinformation,97.87%,11/23/25 6:33 PM EST,False,0.03 Primary Inbound Channel | Initial Proxy Association,0.03 Primary Inbound Channel | Initial Proxy Association,
referrer,referrer - app,HubSpot Only,False,MEDIUM - Active Workflow Usage,"Active workflows: Stamp primary Inbound Channel - ORIGINAL, Signup Conversion Page - OTHER, Stamp Primary Inbound Channel - Specific Affiliates...",False,,,4,0,4,5,4,1,0,4,4,False,False,False,string,contactinformation,2.2%,11/23/25 3:27 PM EST,False,Stamp primary Inbound Channel - ORIGINAL; Signup Conversion Page - OTHER; Stamp Primary Inbound Channel - Specific Affiliates; Signup Conversion Page - New,Stamp primary Inbound Channel - ORIGINAL; Signup Conversion Page - OTHER; Stamp Primary Inbound Channel - Specific Affiliates; Signup Conversion Page - New,Stamp primary Inbound Channel - ORIGINAL; Signup Conversion Page - OTHER; Stamp Primary Inbound Channel - Specific Affiliates; Signup Conversion Page - New
rho_banks_nyc_,Rho Banks NYC,HubSpot Only,False,MEDIUM - Active Workflow Usage,"Active workflows: Rho banks nyc - deal --> company, Rho Banks NYC - Contact --> Deal, Rho Banks NYC/Hubspot-VC- contact...",False,,,4,2,2,4,4,0,0,4,4,False,False,False,enumeration,dealinformation,14.48%,11/23/25 5:50 PM EST,False,Rho banks nyc - deal --> company; Rho Banks NYC - Contact --> Deal; Rho Banks NYC/Hubspot-VC- contact; rho banks nyc - deal,Rho banks nyc - deal --> company; Rho Banks NYC - Contact --> Deal; Rho Banks NYC/Hubspot-VC- contact; rho banks nyc - deal,Rho banks nyc - deal --> company; Rho Banks NYC - Contact --> Deal; Rho Banks NYC/Hubspot-VC- contact; rho banks nyc - deal
sal_date,SAL Date,HubSpot Only,False,MEDIUM - Active Workflow Usage,"Active workflows: SAL Date - Company --> Contact, SAL Date - Deal --> Company",False,,,4,2,2,2,2,0,0,2,2,False,False,False,date,contactinformation,7.76%,11/23/25 6:44 PM EST,False,SAL Date - Company --> Contact; SAL Date - Deal --> Company,SAL Date - Company --> Contact; SAL Date - Deal --> Company,SAL Date - Company --> Contact; SAL Date - Deal --> Company
salesforce_inclusion_string,Salesforce Inclusion (string),HubSpot Only,False,MEDIUM - Active Workflow Usage,"Active workflows: [Master] Saleforce Inclusion Trigger, 0.1.1 Submission/Approval Track, Stamp Lifecycle Stage Text",False,,,4,3,1,3,3,0,0,3,2,False,False,False,string,contactinformation,6.25%,11/23/25 6:13 PM EST,False,[Master] Saleforce Inclusion Trigger; 0.1.1 Submission/Approval Track; Stamp Lifecycle Stage Text,[Master] Saleforce Inclusion Trigger; 0.1.1 Submission/Approval Track; Stamp Lifecycle Stage Text,[Master] Saleforce Inclusion Trigger; Stamp Lifecycle Stage Text
sector,Sector,HubSpot Only,False,MEDIUM - Active Workflow Usage,"Active workflows: Copy company sector to contact, Sector - Company --> Deal",False,,,4,2,2,2,2,0,0,2,2,False,False,False,string,contactinformation,62.31%,11/21/25 2:16 PM EST,False,Copy company sector to contact; Sector - Company --> Deal,Copy company sector to contact; Sector - Company --> Deal,Copy company sector to contact; Sector - Company --> Deal
self_serve_bucket,Signup Bucket,HubSpot Only,False,MEDIUM - Active Workflow Usage,"Active workflows: Signup Buckets - Self-Serve, non-mql --> MQL - signup bucket",False,,,4,2,2,2,2,0,0,2,2,False,False,False,enumeration,contactinformation,8.77%,11/23/25 6:37 PM EST,False,Signup Buckets - Self-Serve; non-mql --> MQL - signup bucket,Signup Buckets - Self-Serve; non-mql --> MQL - signup bucket,Signup Buckets - Self-Serve; non-mql --> MQL - signup bucket
sign_up_flow_employees,Sign Up Flow Employees ,HubSpot Only,False,MEDIUM - Active Workflow Usage,"Active workflows: Company --> Deal - sign up flow revenue and employees, Contact --> Company - Rev and employees signup",False,,,4,2,2,2,2,0,0,2,2,False,False,False,enumeration,conversioninformation,5.7%,11/23/25 6:29 PM EST,False,Company --> Deal - sign up flow revenue and employees; Contact --> Company - Rev and employees signup,Company --> Deal - sign up flow revenue and employees; Contact --> Company - Rev and employees signup,Company --> Deal - sign up flow revenue and employees; Contact --> Company - Rev and employees signup
sign_up_flow_estimated_annual_revenue,Sign Up Flow Estimated Annual Revenue,HubSpot Only,False,MEDIUM - Active Workflow Usage,"Active workflows: Company --> Deal - sign up flow revenue and employees, Contact --> Company - Rev and employees signup",False,,,4,2,2,2,2,0,0,2,2,False,False,False,enumeration,conversioninformation,5.38%,11/23/25 5:38 PM EST,False,Company --> Deal - sign up flow revenue and employees; Contact --> Company - Rev and employees signup,Company --> Deal - sign up flow revenue and employees; Contact --> Company - Rev and employees signup,Company --> Deal - sign up flow revenue and employees; Contact --> Company - Rev and employees signup
timestamp__account_activated,Account Activated Date,HubSpot Only,False,MEDIUM - Active Workflow Usage,"Active workflows: Account Activated - Deal --> Company, Activated Date - Company --> Contact",False,,,4,2,2,2,2,0,0,2,2,False,False,False,date,deal_information,3.99%,11/23/25 3:43 PM EST,False,Account Activated - Deal --> Company; Activated Date - Company --> Contact,Account Activated - Deal --> Company; Activated Date - Company --> Contact,Account Activated - Deal --> Company; Activated Date - Company --> Contact
utm_campaign_drilldown_1,campaign/drilldown-1,HubSpot Only,False,MEDIUM - Active Workflow Usage,"Active workflows: Utm_campaign/Drilldown 1, Contact --> Company - campaign/term generic, Utm_Term/Drilldown 2",False,,,4,2,2,3,3,0,0,3,3,False,False,False,string,contactinformation,1.47%,11/23/25 6:12 PM EST,False,Utm_campaign/Drilldown 1; Contact --> Company - campaign/term generic; Utm_Term/Drilldown 2,Utm_campaign/Drilldown 1; Contact --> Company - campaign/term generic; Utm_Term/Drilldown 2,Utm_campaign/Drilldown 1; Contact --> Company - campaign/term generic; Utm_Term/Drilldown 2
campaign_enrollment_log__journey_tracking,Campaign Enrollment Log | Journey Tracking,HubSpot Only,False,MEDIUM - Active Workflow Usage,"Active workflows: DS – Customer Onboarding: Founders | Lifecycle Engagement, DS – Application: Abandonment Reengagement | Funnel Optimization",False,,,3,3,0,4,2,2,1,2,0,False,False,False,enumeration,contactinformation,0.57%,11/23/25 6:27 PM EST,False,DS – Customer Onboarding: Founders | Lifecycle Engagement; DS – Application: Abandonment Reengagement | Funnel Optimization,DS – Customer Onboarding: Founders | Lifecycle Engagement; DS – Application: Abandonment Reengagement | Funnel Optimization,
company_first_came_inbound,Company First Came Inbound,HubSpot Only,False,MEDIUM - Active Workflow Usage,"Active workflows: Company --> Contact - Company First Came Inbound, Contact --> Company cleanup",False,,,3,2,1,2,2,0,0,2,2,False,False,False,date,contactinformation,13.99%,11/23/25 6:29 PM EST,False,Company --> Contact - Company First Came Inbound; Contact --> Company cleanup,Company --> Contact - Company First Came Inbound; Contact --> Company cleanup,Company --> Contact - Company First Came Inbound; Contact --> Company cleanup
deal_close_date,Deal Close Date,HubSpot Only,False,MEDIUM - Active Workflow Usage,"Active workflows: Deal --> Company - Close Date (cloned), Company --> Contact - close date",False,,,3,2,1,2,2,0,0,2,2,False,False,False,date,contactinformation,0.67%,11/12/25 8:12 AM EST,False,Deal --> Company - Close Date (cloned); Company --> Contact - close date,Deal --> Company - Close Date (cloned); Company --> Contact - close date,Deal --> Company - Close Date (cloned); Company --> Contact - close date
deal_name,Deal Name,HubSpot Only,False,MEDIUM - Active Workflow Usage,"Active workflows: Deal --> Company - deal name, Company --> Contact - Deal Name",False,,,3,2,1,2,2,0,0,2,2,False,False,False,string,deal_information,9.98%,11/23/25 6:29 PM EST,False,Deal --> Company - deal name; Company --> Contact - Deal Name,Deal --> Company - deal name; Company --> Contact - Deal Name,Deal --> Company - deal name; Company --> Contact - Deal Name
dli___proxy,DLI - Proxy,HubSpot Only,False,MEDIUM - Active Workflow Usage,"Active workflows: DLI - PROXY, Proxy DAI --> DAI",False,,,3,2,1,2,2,0,0,2,2,False,False,False,date,contactinformation,11.07%,11/23/25 6:11 PM EST,False,DLI - PROXY; Proxy DAI --> DAI,DLI - PROXY; Proxy DAI --> DAI,DLI - PROXY; Proxy DAI --> DAI
experiment_log,Experiment Log | Journey Tracking,HubSpot Only,False,MEDIUM - Active Workflow Usage,"Active workflows: DS – Customer Onboarding: Founders | Lifecycle Engagement, DS – Application: Abandonment Reengagement | Funnel Optimization",False,,,3,3,0,4,2,2,1,2,0,False,False,False,enumeration,contactinformation,0.05%,11/22/25 9:10 AM EST,False,DS – Customer Onboarding: Founders | Lifecycle Engagement; DS – Application: Abandonment Reengagement | Funnel Optimization,DS – Customer Onboarding: Founders | Lifecycle Engagement; DS – Application: Abandonment Reengagement | Funnel Optimization,
gmail_email,Gmail email?,HubSpot Only,False,MEDIUM - Active Workflow Usage,Active workflows: Qualified Lead Trigger - Clearbit/HubSpot - Revenue,False,,,3,1,2,3,1,2,2,1,3,False,False,False,enumeration,contactinformation,95.42%,9/30/25 2:38 PM EDT,False,Qualified Lead Trigger - Clearbit/HubSpot - Revenue,Qualified Lead Trigger - Clearbit/HubSpot - Revenue,Qualified Lead Trigger - Clearbit/HubSpot - Revenue; Facebook Form Signups --> Properties; Mark as gmail
hs_email_campaign_group_id,,Unmatched/Custom,False,MEDIUM - Active Workflow Usage,"Active workflows: Emails Opened - Contact --> Company, Emails Clicked - Contact --> Company, Emails Sent - Contact --> Company",False,,,3,0,3,4,3,1,0,3,3,False,False,False,,,,,,Emails Opened - Contact --> Company; Emails Clicked - Contact --> Company; Emails Sent - Contact --> Company,Emails Opened - Contact --> Company; Emails Clicked - Contact --> Company; Emails Sent - Contact --> Company,Emails Opened - Contact --> Company; Emails Clicked - Contact --> Company; Emails Sent - Contact --> Company
hs_email_domain,Email Domain,HubSpot Only,False,MEDIUM - Active Workflow Usage,"Active workflows: Mark As Other--> Unqualified = yes, Set Inbound Type - Self Serve + Contact Sales",False,,,3,0,3,4,2,2,1,2,2,False,False,False,string,contactinformation,99.47%,11/23/25 6:37 PM EST,True,Mark As Other--> Unqualified = yes; Set Inbound Type - Self Serve + Contact Sales,Mark As Other--> Unqualified = yes; Set Inbound Type - Self Serve + Contact Sales,Mark As Other--> Unqualified = yes; Set Inbound Type - Self Serve + Contact Sales
hs_marketable_status,Marketing contact status,HubSpot Only,False,MEDIUM - Active Workflow Usage,"Active workflows: 0.01 [Batch Update] Remarketing // Active Non-Marketing Accounts (cloned), LN status = finished --> set as non marketing contact, 0.00 [Batch Update] Quarantine // Churned Marketable Contacts",False,,,3,0,3,4,3,1,0,3,1,False,False,False,enumeration,contactinformation,100%,11/23/25 6:37 PM EST,True,0.01 [Batch Update] Remarketing // Active Non-Marketing Accounts (cloned); LN status = finished --> set as non marketing contact; 0.00 [Batch Update] Quarantine // Churned Marketable Contacts,0.01 [Batch Update] Remarketing // Active Non-Marketing Accounts (cloned); LN status = finished --> set as non marketing contact; 0.00 [Batch Update] Quarantine // Churned Marketable Contacts,LN status = finished --> set as non marketing contact
inbound_action,Inbound Action,HubSpot Only,False,MEDIUM - Active Workflow Usage,"Enabled workflows: Marketing Lead Gen - Downloads --> Lifecycle stage = Marketing Lead, Stamp Marketing Lead Source - Ebooks",False,,,3,2,1,3,2,1,1,0,3,False,False,True,enumeration,contactinformation,0.67%,11/6/25 3:04 PM EST,False,Marketing Lead Gen - Downloads --> Lifecycle stage = Marketing Lead; Stamp Marketing Lead Source - Ebooks,,Marketing Lead Gen - Downloads --> Lifecycle stage = Marketing Lead; Stamp Marketing Lead Source - Ebooks; Marketing Lead Gen - Navattic --> Stamp Properties
last_page_seen__deal_string,Last Page Seen | Deal (String),HubSpot Only,False,MEDIUM - Active Workflow Usage,"Active workflows: 0.04 L3 / Marketing Attribution | Initial Proxy Association (Phase 1), 0.07 Strategic Initiatives | Deal Assignment (All Associations), 0.05 Ad/Emails Touchpoint Influence",False,,,3,1,2,3,3,0,0,3,0,False,False,False,string,dealinformation,5.22%,11/23/25 6:34 PM EST,False,0.04 L3 / Marketing Attribution | Initial Proxy Association (Phase 1); 0.07 Strategic Initiatives | Deal Assignment (All Associations); 0.05 Ad/Emails Touchpoint Influence,0.04 L3 / Marketing Attribution | Initial Proxy Association (Phase 1); 0.07 Strategic Initiatives | Deal Assignment (All Associations); 0.05 Ad/Emails Touchpoint Influence,
lead_nurturing_path,Lead Nurturing Path,HubSpot Only,False,MEDIUM - Active Workflow Usage,Active workflows: Lead Nurturing Path - Company --> Deal,False,,,3,2,1,2,2,0,0,1,2,False,False,False,enumeration,companyinformation,28.58%,1/21/25 1:54 PM EST,False,Lead Nurturing Path - Contact --> Company; Lead Nurturing Path - Company --> Deal,Lead Nurturing Path - Company --> Deal,Lead Nurturing Path - Contact --> Company; Lead Nurturing Path - Company --> Deal
opportunity_stage,Deal Stage,HubSpot Only,False,MEDIUM - Active Workflow Usage,"Active workflows: Deal Stage - Company --> Contact, Deal Stage --> Deal --> Company",False,,,3,2,1,2,2,0,0,2,2,False,False,False,string,deal_information,6.74%,11/23/25 6:29 PM EST,False,Deal Stage - Company --> Contact; Deal Stage --> Deal --> Company,Deal Stage - Company --> Contact; Deal Stage --> Deal --> Company,Deal Stage - Company --> Contact; Deal Stage --> Deal --> Company
pic___contact,Contact - PIC,HubSpot Only,False,MEDIUM - Active Workflow Usage,"Active workflows: Deal - Contact PIC was updated - Update on Deal, Inbound Channel Bucket - Deal",False,,,3,1,2,2,2,0,0,2,2,False,False,False,enumeration,dealinformation,49.42%,11/23/25 6:28 PM EST,False,Deal - Contact PIC was updated - Update on Deal; Inbound Channel Bucket - Deal,Deal - Contact PIC was updated - Update on Deal; Inbound Channel Bucket - Deal,Deal - Contact PIC was updated - Update on Deal; Inbound Channel Bucket - Deal
pic__l3__marketing_inbound__deal_string_,"PIC [L3, 0.1: Marketing Inbound – Initial State] | Deal (String)",HubSpot Only,False,MEDIUM - Active Workflow Usage,"Active workflows: 0.04 L3 / Marketing Attribution | Initial Proxy Association (Phase 1), 0.05 Ad/Emails Touchpoint Influence",False,,,3,1,2,2,2,0,0,2,0,False,False,False,string,dealinformation,26.4%,11/23/25 6:33 PM EST,False,0.04 L3 / Marketing Attribution | Initial Proxy Association (Phase 1); 0.05 Ad/Emails Touchpoint Influence,0.04 L3 / Marketing Attribution | Initial Proxy Association (Phase 1); 0.05 Ad/Emails Touchpoint Influence,
pic__l3__reenrollment_cc_deal__boolean,PIC [L3: ReEnrollment - CC] | Deal (Boolean),HubSpot Only,False,MEDIUM - Active Workflow Usage,"Active workflows: 0.04 L3 / Marketing Attribution | Initial Proxy Association (Phase 1), 0.07 Strategic Initiatives | Deal Assignment (All Associations), 0.05 Ad/Emails Touchpoint Influence",False,,,3,0,3,4,3,1,0,3,0,False,False,False,enumeration,dealinformation,0.4%,11/5/25 5:28 PM EST,False,0.04 L3 / Marketing Attribution | Initial Proxy Association (Phase 1); 0.07 Strategic Initiatives | Deal Assignment (All Associations); 0.05 Ad/Emails Touchpoint Influence,0.04 L3 / Marketing Attribution | Initial Proxy Association (Phase 1); 0.07 Strategic Initiatives | Deal Assignment (All Associations); 0.05 Ad/Emails Touchpoint Influence,
pipeline_stage__change_log,Pipeline Stage: Change Log,HubSpot Only,False,MEDIUM - Active Workflow Usage,"Active workflows: 1.1 DS – Pipeline Stage | State Tagging, 1.2 DS – Pipeline Stage | State Change Tracking [DRAFT]",False,,,3,2,1,2,2,0,0,2,0,False,False,False,string,contactinformation,98.52%,11/23/25 6:48 PM EST,False,1.1 DS – Pipeline Stage | State Tagging; 1.2 DS – Pipeline Stage | State Change Tracking [DRAFT],1.1 DS – Pipeline Stage | State Tagging; 1.2 DS – Pipeline Stage | State Change Tracking [DRAFT],
playground_,Playground?,HubSpot Only,False,MEDIUM - Active Workflow Usage,Active workflows: Set Inbound Type - Self Serve + Contact Sales,False,,,3,1,2,3,3,0,0,1,3,False,False,False,enumeration,contactinformation,1.1%,9/30/25 10:22 AM EDT,False,Playground signups --> status = new; Part of Playground = Yes; Set Inbound Type - Self Serve + Contact Sales,Set Inbound Type - Self Serve + Contact Sales,Playground signups --> status = new; Part of Playground = Yes; Set Inbound Type - Self Serve + Contact Sales
recent_conversion_date,Recent Conversion Date,HubSpot Only,False,MEDIUM - Active Workflow Usage,"Active workflows: 0.04 L3 / Marketing Attribution | Initial Proxy Association (Phase 1), Stamp Ad Group Name - Facebook, Stamp Date Lead Came Inbound",False,,,3,0,3,4,3,1,0,3,2,False,False,False,datetime,conversioninformation,7.32%,11/23/25 6:11 PM EST,True,0.04 L3 / Marketing Attribution | Initial Proxy Association (Phase 1); Stamp Ad Group Name - Facebook; Stamp Date Lead Came Inbound,0.04 L3 / Marketing Attribution | Initial Proxy Association (Phase 1); Stamp Ad Group Name - Facebook; Stamp Date Lead Came Inbound,Stamp Ad Group Name - Facebook; Stamp Date Lead Came Inbound
rho_use_case,Rho Use Case,HubSpot Only,False,MEDIUM - Active Workflow Usage,"Active workflows: Company --> Contact - Rho Use case, Deal --> Company - rho use case",False,,,3,2,1,2,2,0,0,2,2,False,False,False,enumeration,contactinformation,3.11%,11/21/25 7:14 PM EST,False,Company --> Contact - Rho Use case; Deal --> Company - rho use case,Company --> Contact - Rho Use case; Deal --> Company - rho use case,Company --> Contact - Rho Use case; Deal --> Company - rho use case
sal_,SAL?,HubSpot Only,False,MEDIUM - Active Workflow Usage,"Active workflows: SAL Date - Company --> Contact, SAL Date - Deal --> Company, Deal - SAL = yes",False,,,3,3,0,4,3,1,0,3,3,False,False,False,enumeration,contactinformation,8.03%,11/23/25 6:44 PM EST,False,SAL Date - Company --> Contact; SAL Date - Deal --> Company; Deal - SAL = yes,SAL Date - Company --> Contact; SAL Date - Deal --> Company; Deal - SAL = yes,SAL Date - Company --> Contact; SAL Date - Deal --> Company; Deal - SAL = yes
utm_check__deal_sync_c,UTM Check | Deal (Sync-C),HubSpot Only,False,MEDIUM - Active Workflow Usage,"Active workflows: 0.04 L3 / Marketing Attribution | Initial Proxy Association (Phase 1), 0.07 Strategic Initiatives | Deal Assignment (All Associations), 0.05 Ad/Emails Touchpoint Influence",False,,,3,0,3,4,3,1,0,3,0,False,False,False,number,dealinformation,95.13%,11/23/25 6:28 PM EST,False,0.04 L3 / Marketing Attribution | Initial Proxy Association (Phase 1); 0.07 Strategic Initiatives | Deal Assignment (All Associations); 0.05 Ad/Emails Touchpoint Influence,0.04 L3 / Marketing Attribution | Initial Proxy Association (Phase 1); 0.07 Strategic Initiatives | Deal Assignment (All Associations); 0.05 Ad/Emails Touchpoint Influence,
account_activated_,Account activated? ,HubSpot Only,False,MEDIUM - Active Workflow Usage,"Active workflows: Account Activated - Deal --> Company, Activated Date - Company --> Contact",False,,,2,2,0,3,2,1,0,2,2,False,False,False,enumeration,contactinformation,3.87%,11/23/25 3:43 PM EST,False,Account Activated - Deal --> Company; Activated Date - Company --> Contact,Account Activated - Deal --> Company; Activated Date - Company --> Contact,Account Activated - Deal --> Company; Activated Date - Company --> Contact
account_source___from_lead,Account source - from lead,HubSpot Only,False,MEDIUM - Active Workflow Usage,"Active workflows: Account source from lead, copy account source to contact",False,,,2,2,0,3,2,1,0,2,2,False,False,False,string,contactinformation,76.56%,11/23/25 6:12 PM EST,False,Account source from lead; copy account source to contact,Account source from lead; copy account source to contact,Account source from lead; copy account source to contact
account_source_from_lead,Account source from lead,HubSpot Only,False,MEDIUM - Active Workflow Usage,"Active workflows: Account source from lead, copy account source to contact",False,,,2,2,0,3,2,1,0,2,2,False,False,False,string,companyinformation,88.51%,11/23/25 6:44 PM EST,False,Account source from lead; copy account source to contact,Account source from lead; copy account source to contact,Account source from lead; copy account source to contact
ad_group_name,Ad Group Name,HubSpot Only,False,MEDIUM - Active Workflow Usage,Active workflows: Stamp Ad Group Name - Facebook,False,,,2,1,1,1,1,0,0,1,1,False,False,False,string,contactinformation,0.15%,,False,Stamp Ad Group Name - Facebook,Stamp Ad Group Name - Facebook,Stamp Ad Group Name - Facebook
application_completed,Application completed?,HubSpot Only,False,MEDIUM - Active Workflow Usage,"Active workflows: Signup Buckets - Self-Serve, non-mql --> MQL - signup bucket",False,,,2,0,2,3,2,1,0,2,2,False,False,False,enumeration,salesforceinformation,67.39%,,False,Signup Buckets - Self-Serve; non-mql --> MQL - signup bucket,Signup Buckets - Self-Serve; non-mql --> MQL - signup bucket,Signup Buckets - Self-Serve; non-mql --> MQL - signup bucket
bf_warm,BF-Warm,HubSpot Only,False,MEDIUM - Active Workflow Usage,"Enabled workflows: Set Inbound Type - Bottom Funnel Warm, Inbound Type = Warm --> Set properties to route",False,,,2,1,1,2,2,0,2,0,2,False,True,True,enumeration,contactinformation,0.05%,9/3/25 12:25 PM EDT,False,Set Inbound Type - Bottom Funnel Warm; Inbound Type = Warm --> Set properties to route,,Set Inbound Type - Bottom Funnel Warm; Inbound Type = Warm --> Set properties to route
call_attempts,Call Attempts,HubSpot Only,False,MEDIUM - Active Workflow Usage,"Active workflows: Call Made = Yes, Status - attempting to reach",False,,,2,0,2,3,2,1,0,2,2,False,False,False,number,salesforceinformation,2.37%,,False,Call Made = Yes; Status - attempting to reach,Call Made = Yes; Status - attempting to reach,Call Made = Yes; Status - attempting to reach
campaign,Account Engagement Campaign,HubSpot Only,False,MEDIUM - Active Workflow Usage,Enabled workflows: copy account engagement to company,False,,,2,1,1,1,1,0,0,0,1,False,False,True,string,contactinformation,44.18%,12/3/24 2:59 PM EST,False,copy account engagement to company,,copy account engagement to company
clearbit_employees,Clearbit Employees,HubSpot Only,False,MEDIUM - Active Workflow Usage,Active workflows: # of Employee properties - Company to Deal,False,,,2,1,1,1,1,0,0,1,1,False,False,False,string,companyinformation,0.01%,2/5/25 12:17 PM EST,False,# of Employee properties - Company to Deal,# of Employee properties - Company to Deal,# of Employee properties - Company to Deal
clearbit_revenue,Clearbit Revenue,HubSpot Only,False,MEDIUM - Active Workflow Usage,Active workflows: Clearbit Revenue - Contact --> Deal,False,,,2,1,1,1,1,0,0,1,1,False,False,False,string,dealinformation,43.95%,11/23/25 5:50 PM EST,False,Clearbit Revenue - Contact --> Deal,Clearbit Revenue - Contact --> Deal,Clearbit Revenue - Contact --> Deal
closed_won_,Activated?,HubSpot Only,False,MEDIUM - Active Workflow Usage,"Active workflows: Closed Won = No, Closed Won = Yes",False,,,2,2,0,3,2,1,0,2,2,False,False,False,enumeration,salesforceinformation,87.15%,11/23/25 6:44 PM EST,False,Closed Won = No; Closed Won = Yes,Closed Won = No; Closed Won = Yes,Closed Won = No; Closed Won = Yes
contact___bucket,Contact - Bucket,HubSpot Only,False,MEDIUM - Active Workflow Usage,Active workflows: Inbound Channel Bucket - Deal,False,,,2,1,1,1,1,0,0,1,1,False,False,False,enumeration,dealinformation,48.91%,11/23/25 6:28 PM EST,False,Inbound Channel Bucket - Deal,Inbound Channel Bucket - Deal,Inbound Channel Bucket - Deal
conversion_date,Account Engagement Conversion Date,HubSpot Only,False,MEDIUM - Active Workflow Usage,Enabled workflows: copy account engagement to company,False,,,2,1,1,1,1,0,0,0,1,False,False,True,date,contactinformation,5.01%,,False,copy account engagement to company,,copy account engagement to company
credit_app_status,Credit App Status,HubSpot Only,False,MEDIUM - Active Workflow Usage,"Active workflows: Credit App Status - Company --> Deal, Credit App Status - Company --> contact",False,,,2,2,0,3,2,1,0,2,2,False,False,False,string,contactinformation,1.64%,11/21/25 4:53 PM EST,False,Credit App Status - Company --> Deal; Credit App Status - Company --> contact,Credit App Status - Company --> Deal; Credit App Status - Company --> contact,Credit App Status - Company --> Deal; Credit App Status - Company --> contact
deal___event,Deal - Event,HubSpot Only,False,MEDIUM - Active Workflow Usage,Active workflows: Contact - Deal Event is updated - Update on Contact,False,,,2,1,1,1,1,0,0,1,1,False,False,False,enumeration,deal_information,0.69%,11/22/25 3:57 PM EST,False,Contact - Deal Event is updated - Update on Contact,Contact - Deal Event is updated - Update on Contact,Contact - Deal Event is updated - Update on Contact
entity_signatory_title___safe_note_generator,Entity Signatory Title | Safe Note Generator,HubSpot Only,False,MEDIUM - Active Workflow Usage,Active workflows: DS - Leads: Growth Tools (Safe/Invoice) | Funnel Optimization,False,,,2,1,1,1,1,0,1,1,0,False,True,False,string,contactinformation,0.02%,11/23/25 4:39 PM EST,False,DS - Leads: Growth Tools (Safe/Invoice) | Funnel Optimization,DS - Leads: Growth Tools (Safe/Invoice) | Funnel Optimization,
event___contact,Contact - Event,HubSpot Only,False,MEDIUM - Active Workflow Usage,Active workflows: Deal - Contact Event was updated - Update on Deal,False,,,2,1,1,1,1,0,0,1,1,False,False,False,enumeration,dealinformation,11.11%,11/23/25 2:26 AM EST,False,Deal - Contact Event was updated - Update on Deal,Deal - Contact Event was updated - Update on Deal,Deal - Contact Event was updated - Update on Deal
first_activity_date,First Activity Date,HubSpot Only,False,MEDIUM - Active Workflow Usage,Active workflows: Stamp first activity date,False,,,2,1,1,1,1,0,0,1,1,False,False,False,date,contactinformation,3.41%,11/19/25 1:46 PM EST,False,Stamp first activity date,Stamp first activity date,Stamp first activity date
full_name__daops,Full Name | DataOps,HubSpot Only,False,MEDIUM - Active Workflow Usage,Active workflows: DS - Leads: Growth Tools (Safe/Invoice) | Funnel Optimization,False,,,2,0,2,3,1,2,2,1,0,False,False,False,string,contactscripted,0.45%,11/23/25 4:39 PM EST,False,DS - Leads: Growth Tools (Safe/Invoice) | Funnel Optimization,DS - Leads: Growth Tools (Safe/Invoice) | Funnel Optimization,
google_ad_lead__growth_forms,Google Ad Lead | Growth Forms,HubSpot Only,False,MEDIUM - Active Workflow Usage,"Active workflows: [Master] Saleforce Inclusion Trigger, [Events | DS] Luma - Events Management | SFDC Campaign Assignment",False,,,2,0,2,3,2,1,0,2,1,False,False,False,enumeration,contactinformation,0%,7/22/25 1:43 PM EDT,False,[Master] Saleforce Inclusion Trigger; [Events | DS] Luma - Events Management | SFDC Campaign Assignment,[Master] Saleforce Inclusion Trigger; [Events | DS] Luma - Events Management | SFDC Campaign Assignment,[Master] Saleforce Inclusion Trigger
hs_analytics_last_referrer,Last Referring Site,HubSpot Only,False,MEDIUM - Active Workflow Usage,"Active workflows: Stamp primary Inbound Channel - ORIGINAL, Stamp primary Inbound Channel - LATEST",False,,,2,0,2,3,2,1,0,2,2,False,False,False,string,analyticsinformation,5.01%,11/23/25 6:09 PM EST,True,Stamp primary Inbound Channel - ORIGINAL; Stamp primary Inbound Channel - LATEST,Stamp primary Inbound Channel - ORIGINAL; Stamp primary Inbound Channel - LATEST,Stamp primary Inbound Channel - ORIGINAL; Stamp primary Inbound Channel - LATEST
hs_analytics_latest_source,Latest Traffic Source,HubSpot Only,False,MEDIUM - Active Workflow Usage,"Active workflows: Deals - campaign/term drilldowns reconcile, 0.05 Ad/Emails Touchpoint Influence",False,,,2,0,2,3,2,1,0,2,1,False,False,False,enumeration,companyinformation,84.23%,11/23/25 6:38 PM EST,True,Deals - campaign/term drilldowns reconcile; 0.05 Ad/Emails Touchpoint Influence,Deals - campaign/term drilldowns reconcile; 0.05 Ad/Emails Touchpoint Influence,Deals - campaign/term drilldowns reconcile
hs_analytics_latest_source_data_1,Latest Traffic Source Data 1,HubSpot Only,False,MEDIUM - Active Workflow Usage,Active workflows: Deals - campaign/term drilldowns reconcile,False,,,2,1,1,1,1,0,0,1,1,False,False,False,string,companyinformation,84.23%,11/23/25 6:38 PM EST,True,Deals - campaign/term drilldowns reconcile,Deals - campaign/term drilldowns reconcile,Deals - campaign/term drilldowns reconcile
hs_engagement_type,,Unmatched/Custom,False,MEDIUM - Active Workflow Usage,"Active workflows: Call Made = Yes, Status - attempting to reach",False,,,2,0,2,3,2,1,0,2,2,False,False,False,,,,,,Call Made = Yes; Status - attempting to reach,Call Made = Yes; Status - attempting to reach,Call Made = Yes; Status - attempting to reach
hubspot_state,Hubspot State,HubSpot Only,False,MEDIUM - Active Workflow Usage,"Active workflows: NY RBNYC - contact --> Company and Deal, copy city and state from company to contact (cloned)",False,,,2,1,1,2,2,0,0,2,2,False,False,False,string,contactinformation,74.11%,11/23/25 6:40 PM EST,False,NY RBNYC - contact --> Company and Deal; copy city and state from company to contact (cloned),NY RBNYC - contact --> Company and Deal; copy city and state from company to contact (cloned),NY RBNYC - contact --> Company and Deal; copy city and state from company to contact (cloned)
influenced_deal_,Influenced Deal?,HubSpot Only,False,MEDIUM - Active Workflow Usage,Active workflows: Funnel stage at influenced deal,False,,,2,0,2,3,2,1,1,1,2,False,False,False,enumeration,contactinformation,0.02%,,False,Lead Nurturing and Influenced Deal signup- Slack notification; Funnel stage at influenced deal,Funnel stage at influenced deal,Lead Nurturing and Influenced Deal signup- Slack notification; Funnel stage at influenced deal
ip_city,IP City,HubSpot Only,False,MEDIUM - Active Workflow Usage,"Active workflows: 0.1.1 Submission/Approval Track, Stamp Lifecycle Stage Text",False,,,2,0,2,3,2,1,0,2,1,False,False,False,string,conversioninformation,11.68%,11/23/25 6:11 PM EST,True,0.1.1 Submission/Approval Track; Stamp Lifecycle Stage Text,0.1.1 Submission/Approval Track; Stamp Lifecycle Stage Text,Stamp Lifecycle Stage Text
ip_country,IP Country,HubSpot Only,False,MEDIUM - Active Workflow Usage,"Active workflows: Qualified Lead Trigger - Clearbit/HubSpot - Revenue, Qualified Lead Trigger - Sign Up Flow Revenue + Employees",False,,,2,0,2,3,2,1,0,2,2,False,False,False,string,conversioninformation,14.22%,11/23/25 6:11 PM EST,True,Qualified Lead Trigger - Clearbit/HubSpot - Revenue; Qualified Lead Trigger - Sign Up Flow Revenue + Employees,Qualified Lead Trigger - Clearbit/HubSpot - Revenue; Qualified Lead Trigger - Sign Up Flow Revenue + Employees,Qualified Lead Trigger - Clearbit/HubSpot - Revenue; Qualified Lead Trigger - Sign Up Flow Revenue + Employees
ip_state_code,IP State Code/Region Code,HubSpot Only,False,MEDIUM - Active Workflow Usage,"Active workflows: 0.1.1 Submission/Approval Track, Stamp Lifecycle Stage Text",False,,,2,0,2,3,2,1,0,2,1,False,False,False,string,conversioninformation,13.89%,11/23/25 6:11 PM EST,True,0.1.1 Submission/Approval Track; Stamp Lifecycle Stage Text,0.1.1 Submission/Approval Track; Stamp Lifecycle Stage Text,Stamp Lifecycle Stage Text
last_page_url___deal,Last Page URL | Deal,HubSpot Only,False,MEDIUM - Active Workflow Usage,"Active workflows: 0.04 L3 / Marketing Attribution | Initial Proxy Association (Phase 1), 0.05 Ad/Emails Touchpoint Influence",False,,,2,0,2,3,2,1,0,2,0,False,False,False,string,dealinformation,48.77%,11/23/25 6:28 PM EST,False,0.04 L3 / Marketing Attribution | Initial Proxy Association (Phase 1); 0.05 Ad/Emails Touchpoint Influence,0.04 L3 / Marketing Attribution | Initial Proxy Association (Phase 1); 0.05 Ad/Emails Touchpoint Influence,
n365_est__rev__mtd____2,365 Est. Revenue,HubSpot Only,False,MEDIUM - Active Workflow Usage,Active workflows: estimated 365 days rev - mtd - company --> Deal,False,,,2,1,1,1,1,0,0,1,1,False,False,False,number,deal_information,1.44%,11/23/25 3:43 PM EST,False,estimated 365 days rev - mtd - company --> Deal,estimated 365 days rev - mtd - company --> Deal,estimated 365 days rev - mtd - company --> Deal
of_associated_company_deals,# of associated company deals,HubSpot Only,False,MEDIUM - Active Workflow Usage,"Active workflows: Company --> Contact - associated company deals, Inbound type - Contact --> Company - has a deal",False,,,2,1,1,2,2,0,0,2,2,False,False,False,number,contactinformation,11.63%,11/23/25 6:29 PM EST,False,Company --> Contact - associated company deals; Inbound type - Contact --> Company - has a deal,Company --> Contact - associated company deals; Inbound type - Contact --> Company - has a deal,Company --> Contact - associated company deals; Inbound type - Contact --> Company - has a deal
partner_referrer__account_score,"Partner Referrer - Account [Key, Score]",HubSpot Only,False,MEDIUM - Active Workflow Usage,Active workflows: 0.06 Partner Assignment | Form Attribution,False,,,2,1,1,1,1,0,0,1,0,False,False,False,number,contactinformation,0.06%,11/21/25 3:13 PM EST,False,0.06 Partner Assignment | Form Attribution,0.06 Partner Assignment | Form Attribution,
pic_l3__source_contact_data_string,PIC [02.L3: Source] | Contact - (Data String),HubSpot Only,False,MEDIUM - Active Workflow Usage,Active workflows: 0.03 Primary Inbound Channel | Initial Proxy Association,False,,,2,2,0,3,1,2,1,1,0,False,False,False,string,contactinformation,5%,11/23/25 6:33 PM EST,False,0.03 Primary Inbound Channel | Initial Proxy Association,0.03 Primary Inbound Channel | Initial Proxy Association,
pic_l3_first_touch__deal_string,PIC [L3: First Touch] | Deal (String),HubSpot Only,False,MEDIUM - Active Workflow Usage,Active workflows: 0.04 L3 / Marketing Attribution | Initial Proxy Association (Phase 1),False,,,2,1,1,1,1,0,0,1,0,False,False,False,string,dealinformation,27.48%,11/23/25 6:34 PM EST,False,0.04 L3 / Marketing Attribution | Initial Proxy Association (Phase 1),0.04 L3 / Marketing Attribution | Initial Proxy Association (Phase 1),
pic_l3_last_touch__deal__string,PIC [L3: Last Touch] | Deal (String),HubSpot Only,False,MEDIUM - Active Workflow Usage,Active workflows: 0.04 L3 / Marketing Attribution | Initial Proxy Association (Phase 1),False,,,2,1,1,1,1,0,0,1,0,False,False,False,string,dealinformation,27.48%,11/23/25 6:34 PM EST,False,0.04 L3 / Marketing Attribution | Initial Proxy Association (Phase 1),0.04 L3 / Marketing Attribution | Initial Proxy Association (Phase 1),
pic_l3_marketing_inbound_reoccurrence__deal_string,PIC [L3: Marketing Inbound – Reoccurrence] | Deal (String),HubSpot Only,False,MEDIUM - Active Workflow Usage,Active workflows: 0.05 Ad/Emails Touchpoint Influence,False,,,2,1,1,1,1,0,0,1,0,False,False,False,string,dealinformation,8.82%,11/23/25 6:35 PM EST,False,0.05 Ad/Emails Touchpoint Influence,0.05 Ad/Emails Touchpoint Influence,
pipeline_stage___partner,Pipeline Stage | Partner,HubSpot Only,False,MEDIUM - Active Workflow Usage,Active workflows: 2.1 PM – Parter Pipeline Stage | State Tagging [DRAFT],False,,,2,1,1,1,1,0,0,1,0,False,False,False,enumeration,contactinformation,1.35%,11/22/25 9:43 PM EST,False,2.1 PM – Parter Pipeline Stage | State Tagging [DRAFT],2.1 PM – Parter Pipeline Stage | State Tagging [DRAFT],
primary_inbound_channel__l1____contact___proxy,PIC [L1: Channel] | Contact - Proxy,HubSpot Only,False,MEDIUM - Active Workflow Usage,Active workflows: 0.03 Primary Inbound Channel | Initial Proxy Association,False,,,2,2,0,3,1,2,1,1,0,False,False,False,enumeration,contactinformation,7.39%,11/23/25 6:33 PM EST,False,0.03 Primary Inbound Channel | Initial Proxy Association,0.03 Primary Inbound Channel | Initial Proxy Association,
primary_inbound_channel__l2__medium____contact___proxy__cloned_,PIC [L2: Medium] | Contact - Proxy,HubSpot Only,False,MEDIUM - Active Workflow Usage,Active workflows: 0.03 Primary Inbound Channel | Initial Proxy Association,False,,,2,2,0,3,1,2,1,1,0,False,False,False,enumeration,contactinformation,6.27%,11/23/25 5:53 PM EST,False,0.03 Primary Inbound Channel | Initial Proxy Association,0.03 Primary Inbound Channel | Initial Proxy Association,
primary_inbound_channel__l3__source____contact___proxy,PIC Sync [L3: Source] | Contact - Proxy,HubSpot Only,False,MEDIUM - Active Workflow Usage,Active workflows: 0.03 Primary Inbound Channel | Initial Proxy Association,False,,,2,0,2,3,1,2,1,1,0,False,False,False,string,contactinformation,9.62%,11/23/25 6:11 PM EST,False,0.03 Primary Inbound Channel | Initial Proxy Association,0.03 Primary Inbound Channel | Initial Proxy Association,
primary_inbound_channel_l2_medium_deal_proxy,PIC [L2: Medium] | Deal - Proxy,HubSpot Only,False,MEDIUM - Active Workflow Usage,Active workflows: 0.03 Primary Inbound Channel | Initial Proxy Association,False,,,2,2,0,3,1,2,1,1,0,False,False,False,enumeration,dealinformation,83.29%,11/23/25 5:53 PM EST,False,0.03 Primary Inbound Channel | Initial Proxy Association,0.03 Primary Inbound Channel | Initial Proxy Association,
referral_code,SoR Contest | Referral Code,HubSpot Only,False,LOW - Only Disabled Workflows,Active workflows: Summer of Rho: Referral Program MVP | Viral Loops,False,,,2,1,1,1,0,1,1,1,0,True,True,False,string,contactinformation,0.03%,8/26/25 6:14 PM EDT,False,,Summer of Rho: Referral Program MVP | Viral Loops,
referralcode_vhkffvovvegkyvphp1nymdukkpq,Viral Loops | Referral Code [SOR],HubSpot Only,False,LOW - Only Disabled Workflows,Active workflows: Summer of Rho: Referral Program MVP | Viral Loops,False,,,2,1,1,1,0,1,1,1,0,True,True,False,string,vhkffvovvegkyvphp1nymdukkpq,0.04%,8/26/25 6:14 PM EDT,False,,Summer of Rho: Referral Program MVP | Viral Loops,
referrer___account_id,Referrer - Account ID,HubSpot Only,False,MEDIUM - Active Workflow Usage,Active workflows: 0.06 Partner Assignment | Form Attribution,False,,,2,1,1,1,1,0,0,1,0,False,False,False,string,contactinformation,0.01%,10/21/25 8:31 AM EDT,False,0.06 Partner Assignment | Form Attribution,0.06 Partner Assignment | Form Attribution,
sor_contest__new_referrer,SoR Contest | New Referrer,HubSpot Only,False,LOW - Only Disabled Workflows,Active workflows: Summer of Rho: Referral Program MVP | Viral Loops,False,,,2,1,1,1,0,1,1,1,0,True,True,False,enumeration,contactinformation,0.03%,8/18/25 5:33 AM EDT,False,,Summer of Rho: Referral Program MVP | Viral Loops,
strategic_gtm_initiatives__helper_string,"Strategic GTM Initiatives (Helper, String)",HubSpot Only,False,MEDIUM - Active Workflow Usage,Active workflows: 0.07 Strategic Initiatives | Deal Assignment (All Associations),False,,,2,1,1,1,1,0,0,1,0,False,False,False,string,salesforceinformation,6.53%,11/23/25 5:52 PM EST,False,0.07 Strategic Initiatives | Deal Assignment (All Associations),0.07 Strategic Initiatives | Deal Assignment (All Associations),
submission_page,Submission Page,HubSpot Only,False,MEDIUM - Active Workflow Usage,"Active workflows: 0.07 Strategic Initiatives | Deal Assignment (All Associations), 0.06 Partner Assignment | Form Attribution",False,,,2,0,2,3,2,1,0,2,0,False,False,False,string,conversioninformation,0.47%,11/23/25 2:12 PM EST,False,0.07 Strategic Initiatives | Deal Assignment (All Associations); 0.06 Partner Assignment | Form Attribution,0.07 Strategic Initiatives | Deal Assignment (All Associations); 0.06 Partner Assignment | Form Attribution,
total_money_raised,Total Money Raised,HubSpot Only,False,MEDIUM - Active Workflow Usage,Active workflows: company --> Contact - Money Raised (cloned),False,,,2,1,1,1,1,0,0,1,1,False,False,False,string,contactinformation,8.1%,11/23/25 6:49 PM EST,False,company --> Contact - Money Raised (cloned),company --> Contact - Money Raised (cloned),company --> Contact - Money Raised (cloned)
user_flow__forms__last_app_submission__c,"User Flow, FORMS | Last App Submission",HubSpot Only,False,MEDIUM - Active Workflow Usage,Active workflows: 0.1.1 Submission/Approval Track,False,,,2,1,1,1,1,0,0,1,0,False,False,False,date,contactinformation,0.52%,11/23/25 6:09 PM EST,False,0.1.1 Submission/Approval Track,0.1.1 Submission/Approval Track,
user_flow__forms__last_marketing_submission_c,"User Flow, FORMS | Last Marketing Submission",HubSpot Only,False,MEDIUM - Active Workflow Usage,Active workflows: 0.1.1 Submission/Approval Track,False,,,2,1,1,1,1,0,0,1,0,False,False,False,date,contactinformation,0.4%,11/23/25 6:12 PM EST,False,0.1.1 Submission/Approval Track,0.1.1 Submission/Approval Track,
account_engagement_campaign,Account Engagement Campaign,HubSpot Only,False,MEDIUM - Active Workflow Usage,Enabled workflows: copy account engagement to company,False,,,1,1,0,2,1,1,0,0,1,False,False,True,string,companyinformation,35.75%,12/3/24 3:01 PM EST,False,copy account engagement to company,,copy account engagement to company
account_engagement_conversion_date,Account Engagement Conversion Date,HubSpot Only,False,MEDIUM - Active Workflow Usage,Enabled workflows: copy account engagement to company,False,,,1,1,0,2,1,1,0,0,1,False,False,True,date,companyinformation,3.2%,,False,copy account engagement to company,,copy account engagement to company
account_manager,Account Manager,HubSpot Only,False,LOW - Only Disabled Workflows,Review workflow dependencies,False,,,1,1,0,2,0,2,1,0,1,True,False,True,enumeration,companyinformation,0.24%,,False,,,"Set Account Manager Name, Email"
account_manager_email,Account Manager Email,HubSpot Only,False,LOW - Only Disabled Workflows,Review workflow dependencies,False,,,1,1,0,2,0,2,1,0,1,True,False,True,string,companyinformation,0.24%,,False,,,"Set Account Manager Name, Email"
account_manager_name,Account Manager Name,HubSpot Only,False,LOW - Only Disabled Workflows,Review workflow dependencies,False,,,1,1,0,2,0,2,1,0,1,True,False,True,string,companyinformation,0.24%,,False,,,"Set Account Manager Name, Email"
account_record_type,Account Record Type,HubSpot Only,False,MEDIUM - Active Workflow Usage,Active workflows: Company --> Contact - Account Record Type,False,,,1,1,0,2,1,1,0,1,1,False,False,False,string,contactinformation,6.84%,11/13/25 2:35 PM EST,False,Company --> Contact - Account Record Type,Company --> Contact - Account Record Type,Company --> Contact - Account Record Type
account_tag,Account-Tag,HubSpot Only,False,MEDIUM - Active Workflow Usage,Active workflows: Account Tag - company --> Contact,False,,,1,1,0,2,1,1,0,1,1,False,False,False,string,contactinformation,14.25%,11/21/25 2:15 PM EST,False,Account Tag - company --> Contact,Account Tag - company --> Contact,Account Tag - company --> Contact
app_completed_after_signup,App Completed after Signup,HubSpot Only,False,MEDIUM - Active Workflow Usage,Enabled workflows: App completed after signup = yes,False,,,1,1,0,2,1,1,0,0,1,False,False,True,enumeration,dealinformation,1.22%,6/5/25 5:04 PM EDT,False,App completed after signup = yes,,App completed after signup = yes
application_submission_state,Application Submission State,HubSpot Only,False,MEDIUM - Active Workflow Usage,Active workflows: 0.1.1 Submission/Approval Track,False,,,1,1,0,2,1,1,0,1,0,False,False,False,enumeration,contactinformation,4.73%,11/23/25 6:45 PM EST,False,0.1.1 Submission/Approval Track,0.1.1 Submission/Approval Track,
associatedcompanyid,,Unmatched/Custom,False,MEDIUM - Active Workflow Usage,Active workflows: Mark As Other--> Unqualified = yes,False,,,1,0,1,2,1,1,0,1,1,False,False,False,,,,,,Mark As Other--> Unqualified = yes,Mark As Other--> Unqualified = yes,Mark As Other--> Unqualified = yes
bm_ca_date,BM CA Date,HubSpot Only,False,LOW - Only Disabled Workflows,Review workflow dependencies,False,,,1,1,0,2,0,2,1,0,1,True,False,True,date,conversioninformation,0%,9/20/24 2:59 PM EDT,False,,,Bestmoney - Client Approved
bm_cl_date,BM CL Date,HubSpot Only,False,MEDIUM - Active Workflow Usage,Enabled workflows: Bestmoney - Closed Lost,False,,,1,1,0,2,1,1,1,0,1,False,False,True,date,conversioninformation,0.03%,4/28/25 12:54 PM EDT,False,Bestmoney - Closed Lost,,Bestmoney - Closed Lost
bm_upa_date,BM UPA Date,HubSpot Only,False,MEDIUM - Active Workflow Usage,Enabled workflows: Bestmoney - Unverified Platform Access,False,,,1,1,0,2,1,1,1,0,1,False,False,True,date,conversioninformation,0.03%,4/27/25 7:23 AM EDT,False,Bestmoney - Unverified Platform Access,,Bestmoney - Unverified Platform Access
bm_vp_date,BM VP Date,HubSpot Only,False,MEDIUM - Active Workflow Usage,Enabled workflows: Bestmoney - Verification pending,False,,,1,1,0,2,1,1,1,0,1,False,False,True,date,conversioninformation,0.02%,4/27/25 7:41 AM EDT,False,Bestmoney - Verification pending,,Bestmoney - Verification pending
bottom_funnel_warm_date,Bottom Funnel Warm Date,HubSpot Only,False,MEDIUM - Active Workflow Usage,Enabled workflows: Copy Bottom Funnel Warm date to Deal,False,,,1,1,0,2,1,1,0,0,1,False,False,True,date,deal_activity,0.23%,9/19/25 2:32 PM EDT,False,Copy Bottom Funnel Warm date to Deal,,Copy Bottom Funnel Warm date to Deal
ca___7_days,CA > 7 Days,HubSpot Only,False,MEDIUM - Active Workflow Usage,Active workflows: CA > 7 Days - deal,False,,,1,1,0,2,1,1,0,1,1,False,False,False,enumeration,dealinformation,12.31%,11/22/25 7:09 PM EST,False,CA > 7 Days - deal,CA > 7 Days - deal,CA > 7 Days - deal
call_notes__c,Call Notes,HubSpot Only,False,LOW - Only Disabled Workflows,Review workflow dependencies,False,,,1,1,0,2,0,2,1,0,1,True,False,True,string,salesforceinformation,0.33%,,False,,,Lead Notes --> Call Notes
city__c,City,HubSpot Only,False,MEDIUM - Active Workflow Usage,Active workflows: copy city and state from company to contact (cloned),False,,,1,1,0,2,1,1,0,1,1,False,False,False,string,salesforceinformation,0.41%,,False,copy city and state from company to contact (cloned),copy city and state from company to contact (cloned),copy city and state from company to contact (cloned)
clearbit_state,Clearbit State,HubSpot Only,False,MEDIUM - Active Workflow Usage,Active workflows: NY RBNYC - Company --> Contact + Deal,False,,,1,0,1,2,1,1,0,1,1,False,False,False,string,contactinformation,69.79%,11/23/25 6:38 PM EST,False,NY RBNYC - Company --> Contact + Deal,NY RBNYC - Company --> Contact + Deal,NY RBNYC - Company --> Contact + Deal
companies_in_motion,Companies in Motion,HubSpot Only,False,MEDIUM - Active Workflow Usage,Active workflows: Lead Nurturing - Companies in motion,False,,,1,1,0,2,1,1,0,1,1,False,False,False,enumeration,companyinformation,4.79%,11/21/25 6:42 PM EST,False,Lead Nurturing - Companies in motion,Lead Nurturing - Companies in motion,Lead Nurturing - Companies in motion
company_employee_bucket,Employees bucket,HubSpot Only,False,MEDIUM - Active Workflow Usage,Active workflows: Qualified Lead Trigger - Sign Up Flow Revenue + Employees,False,,,1,0,1,2,1,1,0,1,1,False,False,False,enumeration,contactinformation,71.28%,,False,Qualified Lead Trigger - Sign Up Flow Revenue + Employees,Qualified Lead Trigger - Sign Up Flow Revenue + Employees,Qualified Lead Trigger - Sign Up Flow Revenue + Employees
company_last_came_inbound,Company Last Came Inbound,HubSpot Only,False,MEDIUM - Active Workflow Usage,Active workflows: Company --> Contact - Company Last Came Inbound,False,,,1,1,0,2,1,1,0,1,1,False,False,False,date,contactinformation,6.68%,11/23/25 6:29 PM EST,False,Company --> Contact - Company Last Came Inbound,Company --> Contact - Company Last Came Inbound,Company --> Contact - Company Last Came Inbound
company_status,Company Status,HubSpot Only,False,MEDIUM - Active Workflow Usage,Active workflows: Copy company status to contact,False,,,1,1,0,2,1,1,0,1,1,False,False,False,string,contactinformation,75.97%,11/23/25 6:44 PM EST,False,Copy company status to contact,Copy company status to contact,Copy company status to contact
company_type,Company Type,HubSpot Only,False,MEDIUM - Active Workflow Usage,Active workflows: Company --> Contact - company type,False,,,1,1,0,2,1,1,0,1,1,False,False,False,string,contactinformation,67.2%,11/23/25 6:29 PM EST,False,Company --> Contact - company type,Company --> Contact - company type,Company --> Contact - company type
construction__nahb_journey_finish_date,Construction/ NAHB journey finish Date,HubSpot Only,False,LOW - Only Disabled Workflows,Review workflow dependencies,False,,,1,1,0,2,0,2,1,0,1,True,False,True,date,contact_activity,4.53%,,False,,,Lead Nurturing - NAHB/Construction - Top
contact_deal_stage,Contact Deal Stage,HubSpot Only,False,MEDIUM - Active Workflow Usage,Active workflows: Deal stage --> 'Contact Deal Stage',False,,,1,1,0,2,1,1,0,1,1,False,False,False,string,contactinformation,7.48%,11/23/25 6:44 PM EST,False,Deal stage --> 'Contact Deal Stage',Deal stage --> 'Contact Deal Stage',Deal stage --> 'Contact Deal Stage'
contact_marketing_lead_,Contact Marketing Lead?,HubSpot Only,False,MEDIUM - Active Workflow Usage,Active workflows: Stamp Company Property - Contact is a Marketing Lead,False,,,1,1,0,2,1,1,0,1,1,False,False,False,enumeration,companyinformation,9.19%,11/21/25 2:16 PM EST,False,Stamp Company Property - Contact is a Marketing Lead,Stamp Company Property - Contact is a Marketing Lead,Stamp Company Property - Contact is a Marketing Lead
conversion_page,Conversion Page,HubSpot Only,False,MEDIUM - Active Workflow Usage,Active workflows: First Conversion Mapping [Reed],False,,,1,1,0,2,1,1,0,1,1,False,False,False,string,conversioninformation,10.79%,11/23/25 5:45 PM EST,False,First Conversion Mapping [Reed],First Conversion Mapping [Reed],First Conversion Mapping [Reed]
converted_,converted?,HubSpot Only,False,MEDIUM - Active Workflow Usage,Active workflows: converted = yes,False,,,1,1,0,2,1,1,0,1,1,False,False,False,enumeration,contactinformation,12.93%,11/23/25 6:29 PM EST,False,converted = yes,converted = yes,converted = yes
converted_date,Converted Date,HubSpot Only,False,MEDIUM - Active Workflow Usage,Active workflows: converted = yes,False,,,1,1,0,2,1,1,0,1,1,False,False,False,date,contactinformation,12.57%,11/23/25 6:29 PM EST,False,converted = yes,converted = yes,converted = yes
credit_application_date,Credit Application Date,HubSpot Only,False,MEDIUM - Active Workflow Usage,Active workflows: Application Completed Date - Company --> Deal,False,,,1,1,0,2,1,1,0,1,1,False,False,False,date,dealinformation,4.99%,11/21/25 4:53 PM EST,False,Application Completed Date - Company --> Deal,Application Completed Date - Company --> Deal,Application Completed Date - Company --> Deal
current_treasury_rate,Current Treasury Rate,HubSpot Only,False,LOW - Only Disabled Workflows,Review workflow dependencies,False,,,1,1,0,2,0,2,1,0,0,True,False,True,string,contactinformation,0.01%,8/20/25 2:41 PM EDT,False,,,
deal_contact_job_title,Deal Contact Job Title,HubSpot Only,False,MEDIUM - Active Workflow Usage,Active workflows: Deal Contact Job Title,False,,,1,1,0,2,1,1,0,1,1,False,False,False,string,dealinformation,31.03%,11/23/25 4:48 AM EST,False,Deal Contact Job Title,Deal Contact Job Title,Deal Contact Job Title
email_attempts,Email Attempts,HubSpot Only,False,MEDIUM - Active Workflow Usage,Active workflows: Status - attempting to reach,False,,,1,0,1,2,1,1,0,1,1,False,False,False,number,salesforceinformation,3.5%,7/3/24 9:42 AM EDT,False,Status - attempting to reach,Status - attempting to reach,Status - attempting to reach
enter_into_nurturing,Enter into nurturing,HubSpot Only,False,MEDIUM - Active Workflow Usage,Active workflows: Signup Re-engagement PUSH to Nurturing flow,False,,,1,1,0,2,1,1,1,1,1,False,False,False,enumeration,contactinformation,0.07%,11/13/25 11:38 PM EST,False,Signup Re-engagement PUSH to Nurturing flow,Signup Re-engagement PUSH to Nurturing flow,Signup Re-engagement PUSH to Nurturing flow
estimated_12_mo__gp__mtd_,Estimated 12 mo. GP (mtd),HubSpot Only,False,MEDIUM - Active Workflow Usage,Active workflows: Estimated 12 mo GP (mtd) - Company --> Deal/Contact,False,,,1,1,0,2,1,1,0,1,1,False,False,False,number,contactinformation,7.25%,11/23/25 3:14 PM EST,False,Estimated 12 mo GP (mtd) - Company --> Deal/Contact,Estimated 12 mo GP (mtd) - Company --> Deal/Contact,Estimated 12 mo GP (mtd) - Company --> Deal/Contact
event_sync_luma,Event Sync | Luma (Recent),HubSpot Only,False,MEDIUM - Active Workflow Usage,Active workflows: [Events | DS] Luma - Events Management | SFDC Campaign Assignment,False,,,1,0,1,2,1,1,0,1,0,False,False,False,string,contactinformation,1.02%,11/23/25 6:37 PM EST,False,[Events | DS] Luma - Events Management | SFDC Campaign Assignment,[Events | DS] Luma - Events Management | SFDC Campaign Assignment,
event_sync_luma_log,Event Sync | Luma (Log),HubSpot Only,False,MEDIUM - Active Workflow Usage,Active workflows: [Events | DS] Luma - Events Management | SFDC Campaign Assignment,False,,,1,1,0,2,1,1,0,1,0,False,False,False,string,contactinformation,0.16%,7/22/25 3:20 PM EDT,False,[Events | DS] Luma - Events Management | SFDC Campaign Assignment,[Events | DS] Luma - Events Management | SFDC Campaign Assignment,
facebook_clid__contact,"Facebook CLID, Contact",HubSpot Only,False,MEDIUM - Active Workflow Usage,Active workflows: 0.05 Ad/Emails Touchpoint Influence,False,,,1,1,0,2,1,1,0,1,0,False,False,False,string,contactinformation,0.02%,11/21/25 10:48 PM EST,False,0.05 Ad/Emails Touchpoint Influence,0.05 Ad/Emails Touchpoint Influence,
facebook_clid__deal,"Facebook CLID, Deal",HubSpot Only,False,MEDIUM - Active Workflow Usage,Active workflows: 0.05 Ad/Emails Touchpoint Influence,False,,,1,1,0,2,1,1,0,1,0,False,False,False,string,dealinformation,0.22%,11/21/25 10:48 PM EST,False,0.05 Ad/Emails Touchpoint Influence,0.05 Ad/Emails Touchpoint Influence,
first_activity_after_nurturing_date,In Motion,HubSpot Only,False,MEDIUM - Active Workflow Usage,Active workflows: Lead Nurturing - stamp first activity date after nurturing,False,,,1,1,0,2,1,1,0,1,1,False,False,False,date,companyinformation,4.07%,11/21/25 6:42 PM EST,False,Lead Nurturing - stamp first activity date after nurturing,Lead Nurturing - stamp first activity date after nurturing,Lead Nurturing - stamp first activity date after nurturing
first_activity_date_after_nurturing,First Sales Activity date after nurturing ,HubSpot Only,False,MEDIUM - Active Workflow Usage,Active workflows: Lead Nurturing - stamp first activity date after nurturing,False,,,1,1,0,2,1,1,0,1,1,False,False,False,date,deal_activity,1.12%,11/21/25 2:15 PM EST,False,Lead Nurturing - stamp first activity date after nurturing,Lead Nurturing - stamp first activity date after nurturing,Lead Nurturing - stamp first activity date after nurturing
first_page_url__deal,First Page URL | Deal,HubSpot Only,False,MEDIUM - Active Workflow Usage,Active workflows: 0.04 L3 / Marketing Attribution | Initial Proxy Association (Phase 1),False,,,1,0,1,2,1,1,0,1,0,False,False,False,string,dealinformation,48.9%,11/23/25 6:28 PM EST,False,0.04 L3 / Marketing Attribution | Initial Proxy Association (Phase 1),0.04 L3 / Marketing Attribution | Initial Proxy Association (Phase 1),
first_sales_touch_after_nurturing_activity,In motion activity,HubSpot Only,False,MEDIUM - Active Workflow Usage,Active workflows: Lead Nurturing - stamp first activity date after nurturing,False,,,1,1,0,2,1,1,0,1,1,False,False,False,enumeration,companyinformation,1.14%,11/20/25 12:17 PM EST,False,Lead Nurturing - stamp first activity date after nurturing,Lead Nurturing - stamp first activity date after nurturing,Lead Nurturing - stamp first activity date after nurturing
first_visit_contact__utm_mapping,First Visit (Contact) | UTM Mapping,HubSpot Only,False,MEDIUM - Active Workflow Usage,Active workflows: 0.04 L3 / Marketing Attribution | Initial Proxy Association (Phase 1),False,,,1,0,1,2,1,1,0,1,0,False,False,False,string,dealinformation,48.76%,11/23/25 6:28 PM EST,False,0.04 L3 / Marketing Attribution | Initial Proxy Association (Phase 1),0.04 L3 / Marketing Attribution | Initial Proxy Association (Phase 1),
fraud___yes,Fraud = Yes,HubSpot Only,False,MEDIUM - Active Workflow Usage,Active workflows: Fraud = Yes,False,,,1,1,0,2,1,1,0,1,1,False,False,False,enumeration,contactinformation,0.72%,11/23/25 6:44 PM EST,False,Fraud = Yes,Fraud = Yes,Fraud = Yes
full_name,Full Name,HubSpot Only,False,LOW - Only Disabled Workflows,Review workflow dependencies,False,,,1,0,1,2,0,2,1,0,0,True,False,True,string,contactinformation,0.42%,8/12/25 4:36 PM EDT,False,,,
funnel_stage_at_influenced_deal,Funnel stage at influenced deal,HubSpot Only,False,MEDIUM - Active Workflow Usage,Active workflows: Funnel stage at influenced deal,False,,,1,1,0,2,1,1,1,1,1,False,False,False,string,contactinformation,0.05%,7/1/25 6:09 AM EDT,False,Funnel stage at influenced deal,Funnel stage at influenced deal,Funnel stage at influenced deal
funnel_stage_at_signup,Funnel Stage at signup,HubSpot Only,False,MEDIUM - Active Workflow Usage,Active workflows: Stamp funnel stage at sign up,False,,,1,1,0,2,1,1,0,1,1,False,False,False,string,contactinformation,0.94%,11/23/25 2:06 AM EST,False,Stamp funnel stage at sign up,Stamp funnel stage at sign up,Stamp funnel stage at sign up
global_business_id__deal_sync__contact_,"Global Business ID (Deal Sync, Contact)",HubSpot Only,False,MEDIUM - Active Workflow Usage,Active workflows: 0.04 L3 / Marketing Attribution | Initial Proxy Association (Phase 1),False,,,1,0,1,2,1,1,0,1,0,False,False,False,string,dealinformation,43.46%,11/23/25 5:50 PM EST,False,0.04 L3 / Marketing Attribution | Initial Proxy Association (Phase 1),0.04 L3 / Marketing Attribution | Initial Proxy Association (Phase 1),
google__experiment_grouping_c,Google – Paid Ads Tracking | Experiment Grouping,HubSpot Only,False,MEDIUM - Active Workflow Usage,Active workflows: 0.05 Ad/Emails Touchpoint Influence,False,,,1,1,0,2,1,1,0,1,0,False,False,False,enumeration,contactinformation,0.03%,11/23/25 2:40 PM EST,False,0.05 Ad/Emails Touchpoint Influence,0.05 Ad/Emails Touchpoint Influence,
google__experiment_grouping_d,"Google – Paid Ads Tracking | Experiment Grouping, Deal",HubSpot Only,False,MEDIUM - Active Workflow Usage,Active workflows: 0.05 Ad/Emails Touchpoint Influence,False,,,1,1,0,2,1,1,0,1,0,False,False,False,enumeration,dealinformation,0.37%,11/23/25 2:40 PM EST,False,0.05 Ad/Emails Touchpoint Influence,0.05 Ad/Emails Touchpoint Influence,
heard_about_you_known_,Heard about you known?,HubSpot Only,False,MEDIUM - Active Workflow Usage,Enabled workflows: Heard about you known?,False,,,1,1,0,2,1,1,0,0,1,False,False,True,enumeration,contactinformation,0.08%,11/13/25 11:09 AM EST,False,Heard about you known?,,Heard about you known?
hs_analytics_last_visit_timestamp,Time of Last Session,HubSpot Only,False,MEDIUM - Active Workflow Usage,Active workflows: 0.00 [Batch Update] Quarantine // Churned Marketable Contacts,False,,,1,0,1,2,1,1,0,1,0,False,False,False,datetime,analyticsinformation,7.5%,11/23/25 6:39 PM EST,True,0.00 [Batch Update] Quarantine // Churned Marketable Contacts,0.00 [Batch Update] Quarantine // Churned Marketable Contacts,
hs_analytics_latest_source_data_2,Latest Traffic Source Data 2,HubSpot Only,False,MEDIUM - Active Workflow Usage,Active workflows: Deals - campaign/term drilldowns reconcile,False,,,1,1,0,2,1,1,0,1,1,False,False,False,string,companyinformation,79.98%,11/23/25 6:38 PM EST,True,Deals - campaign/term drilldowns reconcile,Deals - campaign/term drilldowns reconcile,Deals - campaign/term drilldowns reconcile
hs_analytics_num_page_views,Number of Pageviews,HubSpot Only,False,MEDIUM - Active Workflow Usage,Active workflows: 0.04 L3 / Marketing Attribution | Initial Proxy Association (Phase 1),False,,,1,0,1,2,1,1,0,1,0,False,False,False,number,analyticsinformation,100%,11/23/25 6:39 PM EST,True,0.04 L3 / Marketing Attribution | Initial Proxy Association (Phase 1),0.04 L3 / Marketing Attribution | Initial Proxy Association (Phase 1),
hs_call_direction,,Unmatched/Custom,False,MEDIUM - Active Workflow Usage,Active workflows: Lead Nurturing - stamp first activity date after nurturing,False,,,1,0,1,2,1,1,0,1,1,False,False,False,,,,,,Lead Nurturing - stamp first activity date after nurturing,Lead Nurturing - stamp first activity date after nurturing,Lead Nurturing - stamp first activity date after nurturing
hs_email_bounce,Marketing emails bounced,HubSpot Only,False,MEDIUM - Active Workflow Usage,Active workflows: set as non marketing - Bounced,False,,,1,0,1,2,1,1,0,1,1,False,False,False,number,emailinformation,3.36%,11/23/25 6:00 AM EST,True,set as non marketing - Bounced,set as non marketing - Bounced,set as non marketing - Bounced
hs_email_direction,,Unmatched/Custom,False,MEDIUM - Active Workflow Usage,Active workflows: Lead Nurturing - stamp first activity date after nurturing,False,,,1,0,1,2,1,1,0,1,1,False,False,False,,,,,,Lead Nurturing - stamp first activity date after nurturing,Lead Nurturing - stamp first activity date after nurturing,Lead Nurturing - stamp first activity date after nurturing
hs_email_hard_bounce_reason_enum,Email hard bounce reason,HubSpot Only,False,MEDIUM - Active Workflow Usage,Active workflows: set as non marketing - Bounced,False,,,1,0,1,2,1,1,0,1,1,False,False,False,enumeration,emailinformation,5.84%,11/23/25 6:00 AM EST,True,set as non marketing - Bounced,set as non marketing - Bounced,set as non marketing - Bounced
hs_email_last_click_date,Last marketing email click date,HubSpot Only,False,MEDIUM - Active Workflow Usage,Active workflows: 0.05 Ad/Emails Touchpoint Influence,False,,,1,0,1,2,1,1,0,1,0,False,False,False,datetime,emailinformation,0.65%,11/23/25 3:59 PM EST,True,0.05 Ad/Emails Touchpoint Influence,0.05 Ad/Emails Touchpoint Influence,
hs_email_optout,Unsubscribed from all email,HubSpot Only,False,MEDIUM - Active Workflow Usage,Active workflows: Unsubscribed from all email,False,,,1,0,1,2,1,1,0,1,1,False,False,False,bool,emailinformation,3.18%,11/21/25 7:29 PM EST,True,Unsubscribed from all email,Unsubscribed from all email,Unsubscribed from all email
hs_email_sends_since_last_engagement,Sends Since Last Engagement,HubSpot Only,False,MEDIUM - Active Workflow Usage,Enabled workflows: Stamp Lead nurturing finished - Other than List filters,False,,,1,0,1,2,1,1,0,0,1,False,False,True,number,emailinformation,42.24%,11/23/25 6:52 PM EST,True,Stamp Lead nurturing finished - Other than List filters,,Stamp Lead nurturing finished - Other than List filters
hs_email_subject,,Unmatched/Custom,False,MEDIUM - Active Workflow Usage,Active workflows: Email Logged = Yes,False,,,1,0,1,2,1,1,0,1,1,False,False,False,,,,,,Email Logged = Yes,Email Logged = Yes,Email Logged = Yes
hs_facebook_click_id,Facebook click id,HubSpot Only,False,MEDIUM - Active Workflow Usage,Active workflows: 0.05 Ad/Emails Touchpoint Influence,False,,,1,0,1,2,1,1,0,1,0,False,False,False,string,conversioninformation,0.05%,11/18/25 10:33 AM EST,True,0.05 Ad/Emails Touchpoint Influence,0.05 Ad/Emails Touchpoint Influence,
hs_is_closed_lost,Is closed lost,HubSpot Only,False,LOW - Only Disabled Workflows,Review workflow dependencies,False,,,1,0,1,2,0,2,1,0,0,True,False,True,bool,deal_activity,100%,11/23/25 6:44 PM EST,True,,,
hs_is_closed_won,Is Closed Won,HubSpot Only,False,LOW - Only Disabled Workflows,Review workflow dependencies,False,,,1,0,1,2,0,2,1,0,0,True,False,True,bool,deal_activity,100%,11/23/25 6:28 PM EST,True,,,
hs_latest_source_timestamp,Latest Traffic Source Date,HubSpot Only,False,MEDIUM - Active Workflow Usage,Active workflows: 0.04 L3 / Marketing Attribution | Initial Proxy Association (Phase 1),False,,,1,0,1,2,1,1,0,1,0,False,False,False,datetime,analyticsinformation,100%,11/23/25 6:39 PM EST,True,0.04 L3 / Marketing Attribution | Initial Proxy Association (Phase 1),0.04 L3 / Marketing Attribution | Initial Proxy Association (Phase 1),
hs_object_id,Record ID,HubSpot Only,False,MEDIUM - Active Workflow Usage,Active workflows: 0.03 Primary Inbound Channel | Initial Proxy Association,False,,,1,0,1,2,1,1,0,1,0,False,False,False,number,contactinformation,100%,11/23/25 6:37 PM EST,True,0.03 Primary Inbound Channel | Initial Proxy Association,0.03 Primary Inbound Channel | Initial Proxy Association,
hs_object_source_label,Record source,HubSpot Only,False,MEDIUM - Active Workflow Usage,Active workflows: 0.04 L3 / Marketing Attribution | Initial Proxy Association (Phase 1),False,,,1,0,1,2,1,1,0,1,0,False,False,False,enumeration,contactinformation,100%,11/23/25 6:37 PM EST,True,0.04 L3 / Marketing Attribution | Initial Proxy Association (Phase 1),0.04 L3 / Marketing Attribution | Initial Proxy Association (Phase 1),
hs_salesforceopportunityid,Salesforce Opportunity ID,HubSpot Only,False,MEDIUM - Active Workflow Usage,Active workflows: 0.07 Strategic Initiatives | Deal Assignment (All Associations),False,,,1,0,1,2,1,1,0,1,0,False,False,False,string,salesforceinformation,99.99%,11/23/25 6:28 PM EST,True,0.07 Strategic Initiatives | Deal Assignment (All Associations),0.07 Strategic Initiatives | Deal Assignment (All Associations),
hs_v2_date_entered_customer,"Date entered ""Customer (Lifecycle Stage Pipeline)""",HubSpot Only,False,MEDIUM - Active Workflow Usage,Active workflows: Lead after Deal - opp/cust = yes,False,,,1,0,1,2,1,1,0,1,1,False,False,False,datetime,contactlcs,4.19%,11/23/25 3:43 PM EST,True,Lead after Deal - opp/cust = yes,Lead after Deal - opp/cust = yes,Lead after Deal - opp/cust = yes
hs_v2_date_entered_lead,"Date entered ""Marketing Lead (Lifecycle Stage Pipeline)""",HubSpot Only,False,MEDIUM - Active Workflow Usage,Enabled workflows: stamp marketing lead signup = yes,False,,,1,0,1,2,1,1,0,0,1,False,False,True,datetime,contactlcs,63.5%,11/6/25 3:03 PM EST,True,stamp marketing lead signup = yes,,stamp marketing lead signup = yes
hs_v2_date_entered_opportunity,"Date entered ""Opportunity (Lifecycle Stage Pipeline)""",HubSpot Only,False,MEDIUM - Active Workflow Usage,Active workflows: Lead after Deal - opp/cust = yes,False,,,1,0,1,2,1,1,0,1,1,False,False,False,datetime,contactlcs,12.02%,11/23/25 6:28 PM EST,True,Lead after Deal - opp/cust = yes,Lead after Deal - opp/cust = yes,Lead after Deal - opp/cust = yes
hubspot_city,Hubspot City,HubSpot Only,False,MEDIUM - Active Workflow Usage,Active workflows: copy city and state from company to contact (cloned),False,,,1,1,0,2,1,1,0,1,1,False,False,False,string,contactinformation,1.14%,1/22/25 2:24 PM EST,False,copy city and state from company to contact (cloned),copy city and state from company to contact (cloned),copy city and state from company to contact (cloned)
hubspot_employees,Hubspot Employees,HubSpot Only,False,MEDIUM - Active Workflow Usage,Active workflows: # of Employee properties - Company to Deal,False,,,1,1,0,2,1,1,0,1,1,False,False,False,number,dealinformation,29.96%,11/23/25 6:31 PM EST,False,# of Employee properties - Company to Deal,# of Employee properties - Company to Deal,# of Employee properties - Company to Deal
hubspot_owner_assigneddate,Owner assigned date,HubSpot Only,False,MEDIUM - Active Workflow Usage,Active workflows: Lead Routed to Owner,False,,,1,0,1,2,1,1,0,1,1,False,False,False,datetime,sales_properties,97.45%,11/23/25 6:54 PM EST,True,Lead Routed to Owner,Lead Routed to Owner,Lead Routed to Owner
hubspot_score___text,HubSpot Score #,HubSpot Only,False,MEDIUM - Active Workflow Usage,Enabled workflows: Hubspot Score Text,False,,,1,1,0,2,1,1,0,0,1,False,False,True,string,contactinformation,96.27%,10/6/25 11:48 AM EDT,False,Hubspot Score Text,,Hubspot Score Text
in_motion_activity,In motion activity,HubSpot Only,False,MEDIUM - Active Workflow Usage,Active workflows: Lead Nurturing - stamp first activity date after nurturing,False,,,1,1,0,2,1,1,0,1,1,False,False,False,enumeration,dealinformation,0.1%,10/27/25 8:11 AM EDT,False,Lead Nurturing - stamp first activity date after nurturing,Lead Nurturing - stamp first activity date after nurturing,Lead Nurturing - stamp first activity date after nurturing
inbound__14_days_old,Inbound >14 days old,HubSpot Only,False,MEDIUM - Active Workflow Usage,Active workflows: Lead > 14 days old,False,,,1,1,0,2,1,1,0,1,1,False,False,False,enumeration,contactinformation,11.13%,11/22/25 7:08 PM EST,False,Lead > 14 days old,Lead > 14 days old,Lead > 14 days old
inbound__7_days_old,Inbound >7 days old,HubSpot Only,False,MEDIUM - Active Workflow Usage,Active workflows: Lead > 7 days old,False,,,1,1,0,2,1,1,0,1,1,False,False,False,enumeration,contactinformation,11.27%,11/22/25 7:08 PM EST,False,Lead > 7 days old,Lead > 7 days old,Lead > 7 days old
inbound_call_made_,Call Made?,HubSpot Only,False,MEDIUM - Active Workflow Usage,Active workflows: Call Made = Yes,False,,,1,1,0,2,1,1,0,1,1,False,False,False,enumeration,contactinformation,2.66%,11/21/25 5:23 PM EST,False,Call Made = Yes,Call Made = Yes,Call Made = Yes
inbound_contact_email,Inbound Contact Email,HubSpot Only,False,MEDIUM - Active Workflow Usage,Active workflows: Inbound Contact Name to Company,False,,,1,1,0,2,1,1,0,1,1,False,False,False,string,conversioninformation,6.67%,11/23/25 6:29 PM EST,False,Inbound Contact Name to Company,Inbound Contact Name to Company,Inbound Contact Name to Company
inbound_contact_first_name,Inbound Contact first Name,HubSpot Only,False,MEDIUM - Active Workflow Usage,Active workflows: Inbound Contact Name to Company,False,,,1,1,0,2,1,1,0,1,1,False,False,False,string,conversioninformation,5.37%,11/23/25 6:29 PM EST,False,Inbound Contact Name to Company,Inbound Contact Name to Company,Inbound Contact Name to Company
inbound_contact_last_name,Inbound Contact Last Name,HubSpot Only,False,MEDIUM - Active Workflow Usage,Active workflows: Inbound Contact Name to Company,False,,,1,1,0,2,1,1,0,1,1,False,False,False,string,conversioninformation,5.39%,11/23/25 6:29 PM EST,False,Inbound Contact Name to Company,Inbound Contact Name to Company,Inbound Contact Name to Company
industry_,~ Industry,HubSpot Only,False,MEDIUM - Active Workflow Usage,Active workflows: ~ Source of funds - contact --> Company,False,,,1,1,0,2,1,1,0,1,1,False,False,False,string,deal_information,4.53%,11/23/25 5:38 PM EST,False,~ Source of funds - contact --> Company,~ Source of funds - contact --> Company,~ Source of funds - contact --> Company
influenced_inbound_channel,Influenced Inbound Channel,HubSpot Only,False,MEDIUM - Active Workflow Usage,Active workflows: Influenced Email Channel,False,,,1,1,0,2,1,1,0,1,1,False,False,False,enumeration,conversioninformation,0.14%,11/21/25 8:04 PM EST,False,Influenced Email Channel,Influenced Email Channel,Influenced Email Channel
initial_qualification_date__s0,Initial Qualification Date [S0],HubSpot Only,False,MEDIUM - Active Workflow Usage,Active workflows: 0.05 Ad/Emails Touchpoint Influence,False,,,1,1,0,2,1,1,0,1,0,False,False,False,date,dealinformation,7.82%,11/23/25 6:35 PM EST,False,0.05 Ad/Emails Touchpoint Influence,0.05 Ad/Emails Touchpoint Influence,
invoice_generator___referrer,Invoice Generator | Referrer,HubSpot Only,False,MEDIUM - Active Workflow Usage,Active workflows: DS - Leads: Growth Tools (Safe/Invoice) | Funnel Optimization,False,,,1,1,0,2,1,1,1,1,0,False,False,False,enumeration,contactinformation,0.01%,11/20/25 2:43 PM EST,False,DS - Leads: Growth Tools (Safe/Invoice) | Funnel Optimization,DS - Leads: Growth Tools (Safe/Invoice) | Funnel Optimization,
ip_state,IP State/Region,HubSpot Only,False,MEDIUM - Active Workflow Usage,Active workflows: NY RBNYC - contact --> Company and Deal,False,,,1,0,1,2,1,1,0,1,1,False,False,False,string,conversioninformation,13.9%,11/23/25 6:11 PM EST,True,NY RBNYC - contact --> Company and Deal,NY RBNYC - contact --> Company and Deal,NY RBNYC - contact --> Company and Deal
last_activity_date_at_nurturing_start,Last activity date at nurturing start,HubSpot Only,False,MEDIUM - Active Workflow Usage,Active workflows: Last activity date at nurturing start - company and deals,False,,,1,1,0,2,1,1,0,1,1,False,False,False,date,companyinformation,3.93%,11/21/25 2:15 PM EST,False,Last activity date at nurturing start - company and deals,Last activity date at nurturing start - company and deals,Last activity date at nurturing start - company and deals
last_marketing_email_name,Last Marketing Email Name,HubSpot Only,False,MEDIUM - Active Workflow Usage,Active workflows: Last Marketing Email Name/Date - Contact --> Company,False,,,1,1,0,2,1,1,0,1,1,False,False,False,string,companyinformation,39.61%,11/23/25 6:52 PM EST,False,Last Marketing Email Name/Date - Contact --> Company,Last Marketing Email Name/Date - Contact --> Company,Last Marketing Email Name/Date - Contact --> Company
last_marketing_email_send_date,Last Marketing Email Send Date,HubSpot Only,False,MEDIUM - Active Workflow Usage,Active workflows: Last Marketing Email Name/Date - Contact --> Company,False,,,1,1,0,2,1,1,0,1,1,False,False,False,date,companyinformation,37.53%,11/23/25 6:52 PM EST,False,Last Marketing Email Name/Date - Contact --> Company,Last Marketing Email Name/Date - Contact --> Company,Last Marketing Email Name/Date - Contact --> Company
last_received_sms,Last received SMS/MMS Date,HubSpot Only,False,MEDIUM - Active Workflow Usage,Enabled workflows: SMS | Workflow Draft/Test,False,,,1,1,0,2,1,1,1,0,0,False,False,True,datetime,sms_received,0%,10/2/25 3:28 PM EDT,False,SMS | Workflow Draft/Test,,
lead_nurturing_in_progress___outreach_stage,Lead Nurturing In Progress - Outreach Stage,HubSpot Only,False,MEDIUM - Active Workflow Usage,Enabled workflows: Stamp Outreach stage at lead nurturing start,False,,,1,1,0,2,1,1,0,0,1,False,False,True,enumeration,salesforceinformation,14.45%,7/25/24 9:30 AM EDT,False,Stamp Outreach stage at lead nurturing start,,Stamp Outreach stage at lead nurturing start
lead_routed_to,Lead Routed To,HubSpot Only,False,MEDIUM - Active Workflow Usage,Active workflows: Lead Routed to Owner,False,,,1,1,0,2,1,1,0,1,1,False,False,False,string,contactinformation,2.72%,11/23/25 5:50 PM EST,False,Lead Routed to Owner,Lead Routed to Owner,Lead Routed to Owner
logged_email,Logged Email,HubSpot Only,False,MEDIUM - Active Workflow Usage,Active workflows: Email Logged = Yes,False,,,1,1,0,2,1,1,0,1,1,False,False,False,enumeration,contact_activity,2.36%,11/18/25 12:23 AM EST,False,Email Logged = Yes,Email Logged = Yes,Email Logged = Yes
luma_event,Luma Event,HubSpot Only,False,MEDIUM - Active Workflow Usage,Active workflows: [Events | DS] Luma - Events Management | SFDC Campaign Assignment,False,,,1,0,1,2,1,1,0,1,0,False,False,False,string,contactinformation,1.04%,11/23/25 6:37 PM EST,False,[Events | DS] Luma - Events Management | SFDC Campaign Assignment,[Events | DS] Luma - Events Management | SFDC Campaign Assignment,
marketing_email_contact,Marketing Email Contact,HubSpot Only,False,MEDIUM - Active Workflow Usage,Enabled workflows: Company Marketing contact,False,,,1,1,0,2,1,1,0,0,1,False,False,True,string,company_activity,26.06%,11/20/25 4:32 PM EST,False,Company Marketing contact,,Company Marketing contact
marketing_emails_clicked,Marketing Emails Clicked,HubSpot Only,False,MEDIUM - Active Workflow Usage,Active workflows: Emails Clicked - Contact --> Company,False,,,1,1,0,2,1,1,0,1,1,False,False,False,number,conversioninformation,0.75%,11/23/25 4:00 PM EST,False,Emails Clicked - Contact --> Company,Emails Clicked - Contact --> Company,Emails Clicked - Contact --> Company
marketing_emails_opened,Marketing Emails Opened,HubSpot Only,False,MEDIUM - Active Workflow Usage,Active workflows: Emails Opened - Contact --> Company,False,,,1,1,0,2,1,1,0,1,1,False,False,False,number,conversioninformation,10.72%,11/23/25 6:50 PM EST,False,Emails Opened - Contact --> Company,Emails Opened - Contact --> Company,Emails Opened - Contact --> Company
marketing_emails_sent,Marketing Emails Sent,HubSpot Only,False,MEDIUM - Active Workflow Usage,Active workflows: Emails Sent - Contact --> Company,False,,,1,1,0,2,1,1,0,1,1,False,False,False,number,conversioninformation,33.35%,11/23/25 6:57 PM EST,False,Emails Sent - Contact --> Company,Emails Sent - Contact --> Company,Emails Sent - Contact --> Company
marketing_interactions___email_clicks___total__deal_,Marketing Interactions – Email Clicks | Total (Deal),HubSpot Only,False,MEDIUM - Active Workflow Usage,Active workflows: 0.05 Ad/Emails Touchpoint Influence,False,,,1,0,1,2,1,1,0,1,0,False,False,False,number,dealinformation,3.08%,11/23/25 4:02 PM EST,False,0.05 Ad/Emails Touchpoint Influence,0.05 Ad/Emails Touchpoint Influence,
marketing_lead_signup_,Marketing Lead signup?,HubSpot Only,False,MEDIUM - Active Workflow Usage,Enabled workflows: stamp marketing lead signup = yes,False,,,1,1,0,2,1,1,0,0,1,False,False,True,enumeration,contactinformation,15.73%,11/5/25 11:34 AM EST,False,stamp marketing lead signup = yes,,stamp marketing lead signup = yes
meeting_set_date,Meeting Set Date,HubSpot Only,False,MEDIUM - Active Workflow Usage,Active workflows: Stamp meeting set date - contact,False,,,1,1,0,2,1,1,0,1,1,False,False,False,date,contactinformation,1.26%,11/23/25 11:45 AM EST,False,Stamp meeting set date - contact,Stamp meeting set date - contact,Stamp meeting set date - contact
middle___warm_,Middle - Warm?,HubSpot Only,False,MEDIUM - Active Workflow Usage,Enabled workflows: Middle - warm,False,,,1,1,0,2,1,1,0,0,1,False,False,True,enumeration,contactinformation,3.01%,10/6/25 11:16 AM EDT,False,Middle - warm,,Middle - warm
n12_mo__estimated_revenue__mtd_,12 mo. Estimated GP (mtd),HubSpot Only,False,MEDIUM - Active Workflow Usage,Active workflows: Estimated 12 mo GP (mtd) - Company --> Deal/Contact,False,,,1,1,0,2,1,1,0,1,1,False,False,False,number,dealinformation,7.26%,,False,Estimated 12 mo GP (mtd) - Company --> Deal/Contact,Estimated 12 mo GP (mtd) - Company --> Deal/Contact,Estimated 12 mo GP (mtd) - Company --> Deal/Contact
n365_est_rev__mtd_,365 est. revenue,HubSpot Only,False,MEDIUM - Active Workflow Usage,Active workflows: estimated 365 days rev - mtd - company --> Deal,False,,,1,1,0,2,1,1,0,1,1,False,False,False,number,dealinformation,7.76%,11/23/25 3:14 PM EST,False,estimated 365 days rev - mtd - company --> Deal,estimated 365 days rev - mtd - company --> Deal,estimated 365 days rev - mtd - company --> Deal
not_bottom_funnel,Not bottom funnel,HubSpot Only,False,MEDIUM - Active Workflow Usage,Enabled workflows: Set Inbound Type - Bottom Funnel Warm,False,,,1,0,1,2,1,1,1,0,1,False,False,True,enumeration,contactinformation,0.11%,11/25/24 4:50 PM EST,False,Set Inbound Type - Bottom Funnel Warm,,Set Inbound Type - Bottom Funnel Warm
num_conversion_events,Number of Form Submissions,HubSpot Only,False,MEDIUM - Active Workflow Usage,Active workflows: 1.1 DS – Pipeline Stage | State Tagging,False,,,1,0,1,2,1,1,0,1,0,False,False,False,number,conversioninformation,100%,11/23/25 6:37 PM EST,True,1.1 DS – Pipeline Stage | State Tagging,1.1 DS – Pipeline Stage | State Tagging,
nurturing_after_placeholder_meeting,Nurturing after Placeholder Meeting?,HubSpot Only,False,MEDIUM - Active Workflow Usage,Enabled workflows: Lead Nurturing signup - company,False,,,1,1,0,2,1,1,0,0,1,False,False,True,enumeration,companyinformation,0%,,False,Lead Nurturing signup - company,,Lead Nurturing signup - company
nurturing_after_placeholder_meeting_,Nurturing after placeholder meeting?,HubSpot Only,False,MEDIUM - Active Workflow Usage,Enabled workflows: Lead Nurturing signup - company,False,,,1,1,0,2,1,1,0,0,1,False,False,True,enumeration,dealinformation,0%,,False,Lead Nurturing signup - company,,Lead Nurturing signup - company
of_associated_contacts,# of Associated Contacts,HubSpot Only,False,MEDIUM - Active Workflow Usage,Active workflows: Company --> Contact - associated contacts,False,,,1,1,0,2,1,1,0,1,1,False,False,False,number,contactinformation,95.75%,11/23/25 6:37 PM EST,False,Company --> Contact - associated contacts,Company --> Contact - associated contacts,Company --> Contact - associated contacts
partner_affiliate,Partner Affiliate,HubSpot Only,False,MEDIUM - Active Workflow Usage,Active workflows: Become a partner form - Owner assignation,False,,,1,0,1,2,1,1,1,1,0,False,False,False,string,contactinformation,0.02%,5/14/25 1:31 PM EDT,False,Become a partner form - Owner assignation,Become a partner form - Owner assignation,
partner_type,Partner Type,HubSpot Only,False,LOW - Only Disabled Workflows,Review workflow dependencies,False,,,1,1,0,2,0,2,1,0,1,True,False,True,string,contactinformation,0.58%,9/4/24 7:42 AM EDT,False,,,Company --> Contact - Partner Type
partnership,Partnership,HubSpot Only,False,MEDIUM - Active Workflow Usage,Active workflows: Partnerships - Inbound Operations,False,,,1,0,1,2,1,1,1,1,1,False,False,False,string,contactinformation,0.16%,11/23/25 5:38 PM EST,False,Partnerships - Inbound Operations,Partnerships - Inbound Operations,Partnerships - Inbound Operations
pic__l3__ai_touchpoint____deal__boolean_,PIC [L3: AI Touchpoint] | Deal (Boolean),HubSpot Only,False,MEDIUM - Active Workflow Usage,Active workflows: 0.04 L3 / Marketing Attribution | Initial Proxy Association (Phase 1),False,,,1,1,0,2,1,1,0,1,0,False,False,False,enumeration,dealinformation,0.75%,11/23/25 1:52 PM EST,False,0.04 L3 / Marketing Attribution | Initial Proxy Association (Phase 1),0.04 L3 / Marketing Attribution | Initial Proxy Association (Phase 1),
pic__l3__last_ad_details__marketing_inbound__deal_string,PIC [L3: Last Ad Details - Marketing Inbound] | Deal (String),HubSpot Only,False,MEDIUM - Active Workflow Usage,Active workflows: 0.05 Ad/Emails Touchpoint Influence,False,,,1,1,0,2,1,1,0,1,0,False,False,False,string,dealinformation,4.34%,11/23/25 6:46 PM EST,False,0.05 Ad/Emails Touchpoint Influence,0.05 Ad/Emails Touchpoint Influence,
pic_l3__la_marketing_inbound__deal_string,PIC [L3: Last Ad - Marketing Inbound] | Deal (String),HubSpot Only,False,MEDIUM - Active Workflow Usage,Active workflows: 0.05 Ad/Emails Touchpoint Influence,False,,,1,1,0,2,1,1,0,1,0,False,False,False,string,dealinformation,0.56%,11/23/25 4:53 AM EST,False,0.05 Ad/Emails Touchpoint Influence,0.05 Ad/Emails Touchpoint Influence,
pic_l3__marketing_inbound,PIC [L3: Marketing Inbound] | Contact (String),HubSpot Only,False,MEDIUM - Active Workflow Usage,Active workflows: 0.05 Ad/Emails Touchpoint Influence,False,,,1,0,1,2,1,1,0,1,0,False,False,False,string,contactinformation,0%,,False,0.05 Ad/Emails Touchpoint Influence,0.05 Ad/Emails Touchpoint Influence,
pic_l3__smia_marketing_inbound__deal_calc,PIC [L3: S.MIa  - Marketing Inbound] | Deal (Calc),HubSpot Only,False,MEDIUM - Active Workflow Usage,Active workflows: 0.05 Ad/Emails Touchpoint Influence,False,,,1,0,1,2,1,1,0,1,0,False,False,False,number,dealinformation,0.56%,11/21/25 5:43 PM EST,False,0.05 Ad/Emails Touchpoint Influence,0.05 Ad/Emails Touchpoint Influence,
pic_l3__smia_marketing_inbound__deal_string,PIC [L3: S.MIa  - Marketing Inbound] | Deal (String),HubSpot Only,False,MEDIUM - Active Workflow Usage,Active workflows: 0.05 Ad/Emails Touchpoint Influence,False,,,1,1,0,2,1,1,0,1,0,False,False,False,string,dealinformation,2.88%,11/23/25 6:35 PM EST,False,0.05 Ad/Emails Touchpoint Influence,0.05 Ad/Emails Touchpoint Influence,
pic_l3__sx_marketing_inbound__deal_string,PIC [L3: Sx∑ - Marketing Inbound] | Deal (String),HubSpot Only,False,MEDIUM - Active Workflow Usage,Active workflows: 0.05 Ad/Emails Touchpoint Influence,False,,,1,1,0,2,1,1,0,1,0,False,False,False,string,dealinformation,8.76%,11/23/25 6:35 PM EST,False,0.05 Ad/Emails Touchpoint Influence,0.05 Ad/Emails Touchpoint Influence,
pic_l3_channel_source__deal_long,PIC [L3: Marketing Channel Source] | Deal (Long),HubSpot Only,False,MEDIUM - Active Workflow Usage,Active workflows: 0.04 L3 / Marketing Attribution | Initial Proxy Association (Phase 1),False,,,1,1,0,2,1,1,0,1,0,False,False,False,string,dealinformation,27.48%,11/23/25 6:34 PM EST,False,0.04 L3 / Marketing Attribution | Initial Proxy Association (Phase 1),0.04 L3 / Marketing Attribution | Initial Proxy Association (Phase 1),
pic_l3_engagement_log__deal_long,PIC [L3: Engagement Log] | Deal (Long),HubSpot Only,False,MEDIUM - Active Workflow Usage,Active workflows: 0.04 L3 / Marketing Attribution | Initial Proxy Association (Phase 1),False,,,1,1,0,2,1,1,0,1,0,False,False,False,string,dealinformation,27.48%,11/23/25 6:34 PM EST,False,0.04 L3 / Marketing Attribution | Initial Proxy Association (Phase 1),0.04 L3 / Marketing Attribution | Initial Proxy Association (Phase 1),
pic_l3_engagement_log__prior_state__deal_long,PIC [L3: Engagement Log – Prior State] | Deal (Long),HubSpot Only,False,MEDIUM - Active Workflow Usage,Active workflows: 0.04 L3 / Marketing Attribution | Initial Proxy Association (Phase 1),False,,,1,1,0,2,1,1,0,1,0,False,False,False,string,dealinformation,0%,,False,0.04 L3 / Marketing Attribution | Initial Proxy Association (Phase 1),0.04 L3 / Marketing Attribution | Initial Proxy Association (Phase 1),
pic_l3_marketing_inbound__deal_picklist,"PIC [L3, 0.9: Marketing Inbound] | Deal (Picklist)",HubSpot Only,False,MEDIUM - Active Workflow Usage,Active workflows: 0.04 L3 / Marketing Attribution | Initial Proxy Association (Phase 1),False,,,1,0,1,2,1,1,0,1,0,False,False,False,enumeration,dealinformation,0%,7/31/25 3:02 PM EDT,False,0.04 L3 / Marketing Attribution | Initial Proxy Association (Phase 1),0.04 L3 / Marketing Attribution | Initial Proxy Association (Phase 1),
pipeline_stage__change_date,Pipeline Stage: Change Date,HubSpot Only,False,MEDIUM - Active Workflow Usage,Active workflows: 1.2 DS – Pipeline Stage | State Change Tracking [DRAFT],False,,,1,1,0,2,1,1,0,1,0,False,False,False,datetime,contactinformation,24.81%,11/23/25 6:48 PM EST,False,1.2 DS – Pipeline Stage | State Change Tracking [DRAFT],1.2 DS – Pipeline Stage | State Change Tracking [DRAFT],
pipeline_stage__initial_date,Pipeline Stage: Initial Date,HubSpot Only,False,MEDIUM - Active Workflow Usage,Active workflows: 1.1 DS – Pipeline Stage | State Tagging,False,,,1,1,0,2,1,1,0,1,0,False,False,False,datetime,contactinformation,85.59%,3/11/25 11:03 AM EDT,False,1.1 DS – Pipeline Stage | State Tagging,1.1 DS – Pipeline Stage | State Tagging,
pipeline_stage__prior_stage,Pipeline Stage: Prior Stage,HubSpot Only,False,MEDIUM - Active Workflow Usage,Active workflows: 1.2 DS – Pipeline Stage | State Change Tracking [DRAFT],False,,,1,1,0,2,1,1,0,1,0,False,False,False,enumeration,contactinformation,24.81%,11/23/25 6:48 PM EST,False,1.2 DS – Pipeline Stage | State Change Tracking [DRAFT],1.2 DS – Pipeline Stage | State Change Tracking [DRAFT],
please_specify,Please specify:,HubSpot Only,False,MEDIUM - Active Workflow Usage,Active workflows: SIGNUP SURVEY - Direct traffic -->,False,,,1,0,1,2,1,1,0,1,1,False,False,False,string,contactinformation,0.73%,11/23/25 9:56 AM EST,False,SIGNUP SURVEY - Direct traffic -->,SIGNUP SURVEY - Direct traffic -->,SIGNUP SURVEY - Direct traffic -->
pre_qualification_started,Pre-qualification started,HubSpot Only,False,MEDIUM - Active Workflow Usage,Enabled workflows: Part of Playground = Yes,False,,,1,0,1,2,1,1,0,0,1,False,False,True,enumeration,contactinformation,3.47%,11/23/25 5:38 PM EST,False,Part of Playground = Yes,,Part of Playground = Yes
primary_inbound_channel__l3__source____deal___proxy__sync_,"PIC [L3, 0.2.1: Source] | Deal - Proxy (Sync)",HubSpot Only,False,MEDIUM - Active Workflow Usage,Active workflows: 0.03 Primary Inbound Channel | Initial Proxy Association,False,,,1,0,1,2,1,1,0,1,0,False,False,False,string,dealinformation,51.36%,11/23/25 6:28 PM EST,False,0.03 Primary Inbound Channel | Initial Proxy Association,0.03 Primary Inbound Channel | Initial Proxy Association,
promo_code,~Promo Code,HubSpot Only,False,MEDIUM - Active Workflow Usage,Active workflows: Stamp primary Inbound Channel - ORIGINAL,False,,,1,0,1,2,1,1,0,1,1,False,False,False,string,contactinformation,0.03%,9/8/24 10:50 PM EDT,False,Stamp primary Inbound Channel - ORIGINAL,Stamp primary Inbound Channel - ORIGINAL,Stamp primary Inbound Channel - ORIGINAL
qualified_company_,Qualified Company?,HubSpot Only,False,MEDIUM - Active Workflow Usage,Active workflows: Qualified Company = yes,False,,,1,1,0,2,1,1,0,1,1,False,False,False,enumeration,companyinformation,8.35%,11/23/25 5:11 PM EST,False,Qualified Company = yes,Qualified Company = yes,Qualified Company = yes
recent_deal_date___prospect_pipeline,Recent Deal Date - Prospect Pipeline,HubSpot Only,False,MEDIUM - Active Workflow Usage,Active workflows: Deal - Recent Deal Date - For influenced deals,False,,,1,1,0,2,1,1,1,1,1,False,False,False,date,deal_activity,0.6%,11/20/25 5:22 PM EST,False,Deal - Recent Deal Date - For influenced deals,Deal - Recent Deal Date - For influenced deals,Deal - Recent Deal Date - For influenced deals
reddit_lead__growth_forms,Reddit Lead | Growth Forms,HubSpot Only,False,MEDIUM - Active Workflow Usage,Active workflows: [Master] Saleforce Inclusion Trigger,False,,,1,0,1,2,1,1,0,1,1,False,False,False,enumeration,contactinformation,0%,7/30/25 1:26 PM EDT,False,[Master] Saleforce Inclusion Trigger,[Master] Saleforce Inclusion Trigger,[Master] Saleforce Inclusion Trigger
referralcount_vhkffvovvegkyvphp1nymdukkpq,Viral Loops | Total Referrals [SOR],HubSpot Only,False,LOW - Only Disabled Workflows,Active workflows: Summer of Rho: Referral Program MVP | Viral Loops,False,,,1,1,0,2,0,2,1,1,0,True,False,False,number,vhkffvovvegkyvphp1nymdukkpq,0.04%,8/26/25 6:14 PM EDT,False,,Summer of Rho: Referral Program MVP | Viral Loops,
referrerreferralcode_vhkffvovvegkyvphp1nymdukkpq,Viral Loops | Referrer Referral Code [SOR],HubSpot Only,False,LOW - Only Disabled Workflows,Active workflows: Summer of Rho: Referral Program MVP | Viral Loops,False,,,1,0,1,2,0,2,1,1,0,True,False,False,string,vhkffvovvegkyvphp1nymdukkpq,0.01%,8/26/25 6:14 PM EDT,False,,Summer of Rho: Referral Program MVP | Viral Loops,
referrerreferralcode_xd6szyxd0efuzwzuamh1gxy8kia,Referrer Referral Code,HubSpot Only,False,LOW - Only Disabled Workflows,Active workflows: Summer of Rho: Referral Program MVP | Viral Loops,False,,,1,0,1,2,0,2,1,1,0,True,False,False,string,xd6szyxd0efuzwzuamh1gxy8kia,0%,,False,,Summer of Rho: Referral Program MVP | Viral Loops,
rev_bucket,Revenue Bucket,HubSpot Only,False,MEDIUM - Active Workflow Usage,Active workflows: Revenue Bucket,False,,,1,1,0,2,1,1,0,1,1,False,False,False,enumeration,salesforceinformation,5.51%,11/23/25 5:38 PM EST,False,Revenue Bucket,Revenue Bucket,Revenue Bucket
revenue_bucket,olddd,HubSpot Only,False,MEDIUM - Active Workflow Usage,Active workflows: Revenue Bucket,False,,,1,0,1,2,1,1,0,1,1,False,False,False,enumeration,contactinformation,0%,,False,Revenue Bucket,Revenue Bucket,Revenue Bucket
router_status,Router Status,HubSpot Only,False,MEDIUM - Active Workflow Usage,Active workflows: Router Status,False,,,1,1,0,2,1,1,0,1,1,False,False,False,enumeration,dealinformation,31.99%,11/23/25 5:50 PM EST,False,Router Status,Router Status,Router Status
safe_note_generator___submission_date,Safe Note Generator | Submission Date,HubSpot Only,False,MEDIUM - Active Workflow Usage,Active workflows: DS - Leads: Growth Tools (Safe/Invoice) | Funnel Optimization,False,,,1,1,0,2,1,1,1,1,0,False,False,False,datetime,contactinformation,0.02%,11/23/25 4:39 PM EST,False,DS - Leads: Growth Tools (Safe/Invoice) | Funnel Optimization,DS - Leads: Growth Tools (Safe/Invoice) | Funnel Optimization,
safe_note_generator___submission_log,Safe Note Generator | Submission Log,HubSpot Only,False,MEDIUM - Active Workflow Usage,Active workflows: DS - Leads: Growth Tools (Safe/Invoice) | Funnel Optimization,False,,,1,1,0,2,1,1,1,1,0,False,False,False,string,contactinformation,0.02%,11/23/25 2:46 PM EST,False,DS - Leads: Growth Tools (Safe/Invoice) | Funnel Optimization,DS - Leads: Growth Tools (Safe/Invoice) | Funnel Optimization,
salesforcecampaignids,Salesforce Campaign IDs,HubSpot Only,False,MEDIUM - Active Workflow Usage,Active workflows: [Events | DS] Luma - Events Management | SFDC Campaign Assignment,False,,,1,0,1,2,1,1,0,1,0,False,False,False,enumeration,salesforceinformation,48.5%,11/22/25 3:54 PM EST,True,[Events | DS] Luma - Events Management | SFDC Campaign Assignment,[Events | DS] Luma - Events Management | SFDC Campaign Assignment,
salesforceleadid,Salesforce Lead ID,HubSpot Only,False,MEDIUM - Active Workflow Usage,Active workflows: Salesforce Lead = yes,False,,,1,0,1,2,1,1,0,1,1,False,False,False,string,salesforceinformation,8.69%,11/23/25 6:28 PM EST,True,Salesforce Lead = yes,Salesforce Lead = yes,Salesforce Lead = yes
seamless_lists__c,Tag-seamless,HubSpot Only,False,LOW - Only Disabled Workflows,Review workflow dependencies,False,,,1,1,0,2,0,2,1,0,1,True,False,True,string,salesforceinformation,26.04%,,False,,,RB2B - stamp properties
segment_revenue,Segment_Revenue,HubSpot Only,False,LOW - Only Disabled Workflows,Review workflow dependencies,False,,,1,1,0,2,0,2,1,0,1,True,False,True,string,dealinformation,20.87%,9/20/24 3:43 AM EDT,False,,,Company --> Deal - Segment
self_serve_cs_pipeline_,Self-Serve/CS Pipeline?,HubSpot Only,False,MEDIUM - Active Workflow Usage,Active workflows: SelfServe/CS = Yes,False,,,1,1,0,2,1,1,0,1,1,False,False,False,enumeration,contactinformation,11.18%,11/23/25 6:11 PM EST,False,SelfServe/CS = Yes,SelfServe/CS = Yes,SelfServe/CS = Yes
sent_to_compliance_,Sent to compliance?,HubSpot Only,False,MEDIUM - Active Workflow Usage,Enabled workflows: Sent to compliance date,False,,,1,1,0,2,1,1,0,0,1,False,False,True,enumeration,contactinformation,0.26%,4/14/25 3:21 PM EDT,False,Sent to compliance date,,Sent to compliance date
sfdc_lead_,SFDC Lead?,HubSpot Only,False,MEDIUM - Active Workflow Usage,Active workflows: Salesforce Lead = yes,False,,,1,1,0,2,1,1,0,1,1,False,False,False,enumeration,contactinformation,22.76%,11/23/25 6:11 PM EST,False,Salesforce Lead = yes,Salesforce Lead = yes,Salesforce Lead = yes
signup_lead_score___text,Signup Lead Score - Text,HubSpot Only,False,MEDIUM - Active Workflow Usage,Enabled workflows: Signup Lead Score - Lead Score text,False,,,1,1,0,2,1,1,0,0,1,False,False,True,string,contactinformation,3.31%,4/14/25 3:22 PM EDT,False,Signup Lead Score - Lead Score text,,Signup Lead Score - Lead Score text
signup_product_intent,Signup Product Intent,HubSpot Only,False,MEDIUM - Active Workflow Usage,Active workflows: Signup product intent,False,,,1,1,0,2,1,1,0,1,1,False,False,False,enumeration,contactinformation,6.28%,11/23/25 6:11 PM EST,False,Signup product intent,Signup product intent,Signup product intent
sor_contest___referrer___email,SoR Contest | Referrer – Email,HubSpot Only,False,LOW - Only Disabled Workflows,Active workflows: Summer of Rho: Referral Program MVP | Viral Loops,False,,,1,1,0,2,0,2,1,1,0,True,False,False,string,contactinformation,0%,8/15/25 4:49 PM EDT,False,,Summer of Rho: Referral Program MVP | Viral Loops,
sor_contest___referrer___last_name,SoR Contest | Referrer – Last Name,HubSpot Only,False,LOW - Only Disabled Workflows,Active workflows: Summer of Rho: Referral Program MVP | Viral Loops,False,,,1,1,0,2,0,2,1,1,0,True,False,False,string,contactinformation,0%,8/15/25 4:49 PM EDT,False,,Summer of Rho: Referral Program MVP | Viral Loops,
sor_contest___referrer__create_date,SoR Contest | Referrer – Create Date,HubSpot Only,False,LOW - Only Disabled Workflows,Active workflows: Summer of Rho: Referral Program MVP | Viral Loops,False,,,1,1,0,2,0,2,1,1,0,True,False,False,datetime,contactinformation,0%,,False,,Summer of Rho: Referral Program MVP | Viral Loops,
sor_contest___referrer__referral_count,SoR Contest | Referrer – Referral Count,HubSpot Only,False,LOW - Only Disabled Workflows,Active workflows: Summer of Rho: Referral Program MVP | Viral Loops,False,,,1,1,0,2,0,2,1,1,0,True,False,False,number,contactinformation,0.01%,8/26/25 6:15 PM EDT,False,,Summer of Rho: Referral Program MVP | Viral Loops,
sor_contest__referrer__first_name,SoR Contest | Referrer – First Name,HubSpot Only,False,LOW - Only Disabled Workflows,Active workflows: Summer of Rho: Referral Program MVP | Viral Loops,False,,,1,1,0,2,0,2,1,1,0,True,False,False,string,contactinformation,0%,8/15/25 4:49 PM EDT,False,,Summer of Rho: Referral Program MVP | Viral Loops,
sor_contest__referrer__link,SoR Contest | Referrer – Link,HubSpot Only,False,LOW - Only Disabled Workflows,Active workflows: Summer of Rho: Referral Program MVP | Viral Loops,False,,,1,1,0,2,0,2,1,1,0,True,False,False,string,contactinformation,0%,8/15/25 4:49 PM EDT,False,,Summer of Rho: Referral Program MVP | Viral Loops,
strategic_gtm_initiatives__date,Strategic GTM Initiatives (Last Change Date),HubSpot Only,False,MEDIUM - Active Workflow Usage,Active workflows: 0.07 Strategic Initiatives | Deal Assignment (All Associations),False,,,1,1,0,2,1,1,0,1,0,False,False,False,datetime,salesforceinformation,3.79%,11/23/25 5:52 PM EST,False,0.07 Strategic Initiatives | Deal Assignment (All Associations),0.07 Strategic Initiatives | Deal Assignment (All Associations),
strategic_gtm_initiatives__helper__dropdown_,"Strategic GTM Initiatives (Helper, Dropdown)",HubSpot Only,False,MEDIUM - Active Workflow Usage,Active workflows: 0.07 Strategic Initiatives | Deal Assignment (All Associations),False,,,1,1,0,2,1,1,0,1,0,False,False,False,enumeration,salesforceinformation,3.79%,11/23/25 5:52 PM EST,False,0.07 Strategic Initiatives | Deal Assignment (All Associations),0.07 Strategic Initiatives | Deal Assignment (All Associations),
timestamp__decisioned,Timestamp: Decisioned,HubSpot Only,False,MEDIUM - Active Workflow Usage,Active workflows: Timestamp: Decisioned,False,,,1,1,0,2,1,1,0,1,1,False,False,False,date,dealinformation,6.96%,11/23/25 6:44 PM EST,False,Timestamp: Decisioned,Timestamp: Decisioned,Timestamp: Decisioned
timestamp__uvpa,Timestamp: UVPA,HubSpot Only,False,LOW - Only Disabled Workflows,Review workflow dependencies,False,,,1,1,0,2,0,2,1,0,1,True,False,True,date,contactinformation,0.09%,,False,,,UVPA - Deal --> Contact
total_associated_deals,Total Associated Deals,HubSpot Only,False,MEDIUM - Active Workflow Usage,Active workflows: DS - Leads: Growth Tools (Safe/Invoice) | Funnel Optimization,False,,,1,0,1,2,1,1,1,1,0,False,False,False,number,contactinformation,100%,11/23/25 6:37 PM EST,False,DS - Leads: Growth Tools (Safe/Invoice) | Funnel Optimization,DS - Leads: Growth Tools (Safe/Invoice) | Funnel Optimization,
total_sent_sms,Total SMS/MMS sent,HubSpot Only,False,MEDIUM - Active Workflow Usage,Enabled workflows: SMS | Workflow Draft/Test,False,,,1,1,0,2,1,1,1,0,0,False,False,True,number,sms_sent,0%,10/2/25 3:28 PM EDT,False,SMS | Workflow Draft/Test,,
total_spend___this_month,Total Spend - MTD,HubSpot Only,False,MEDIUM - Active Workflow Usage,Active workflows: Total Spend MTD - Company --> Deal,False,,,1,1,0,2,1,1,0,1,1,False,False,False,number,dealinformation,46.22%,11/23/25 3:14 PM EST,False,Total Spend MTD - Company --> Deal,Total Spend MTD - Company --> Deal,Total Spend MTD - Company --> Deal
total_spend_last_month,Total Spend - Last Month,HubSpot Only,False,MEDIUM - Active Workflow Usage,Active workflows: Total Spend Last Month - Company --> Deal,False,,,1,1,0,2,1,1,0,1,1,False,False,False,number,dealinformation,47.18%,11/23/25 3:14 PM EST,False,Total Spend Last Month - Company --> Deal,Total Spend Last Month - Company --> Deal,Total Spend Last Month - Company --> Deal
upcoming_call_date,Upcoming Call Date,HubSpot Only,False,MEDIUM - Active Workflow Usage,Enabled workflows: Upcoming Call Date - Deal --> Contact,False,,,1,1,0,2,1,1,0,0,1,False,False,True,date,contactinformation,1.73%,10/15/25 3:01 PM EDT,False,Upcoming Call Date - Deal --> Contact,,Upcoming Call Date - Deal --> Contact
user_flow__forms___acquisition_path__states_c,"User Flow, FORMS | Acquisition Path (States)",HubSpot Only,False,MEDIUM - Active Workflow Usage,Active workflows: 0.1.1 Submission/Approval Track,False,,,1,1,0,2,1,1,0,1,0,False,False,False,enumeration,contactinformation,0.68%,11/23/25 6:13 PM EST,False,0.1.1 Submission/Approval Track,0.1.1 Submission/Approval Track,
user_flow_forms__acquisition_path_c,"User Flow, FORMS | Acquisition Path",HubSpot Only,False,MEDIUM - Active Workflow Usage,Active workflows: 0.1.1 Submission/Approval Track,False,,,1,1,0,2,1,1,0,1,0,False,False,False,string,contactinformation,0.75%,11/23/25 6:12 PM EST,False,0.1.1 Submission/Approval Track,0.1.1 Submission/Approval Track,
user_flow_forms__acquisition_path_log_c,"User Flow, FORMS | Acquisition Path, LOG",HubSpot Only,False,MEDIUM - Active Workflow Usage,Active workflows: 0.1.1 Submission/Approval Track,False,,,1,1,0,2,1,1,0,1,0,False,False,False,string,contactinformation,0.74%,11/23/25 6:45 PM EST,False,0.1.1 Submission/Approval Track,0.1.1 Submission/Approval Track,
utm_asset_group,Google pMax | Asset Grouping,HubSpot Only,False,MEDIUM - Active Workflow Usage,Active workflows: 0.05 Ad/Emails Touchpoint Influence,False,,,1,1,0,2,1,1,0,1,0,False,False,False,enumeration,contactinformation,0.13%,11/23/25 2:40 PM EST,False,0.05 Ad/Emails Touchpoint Influence,0.05 Ad/Emails Touchpoint Influence,
vc_backed_sfdc,VC-Backed-sfdc,HubSpot Only,False,MEDIUM - Active Workflow Usage,Active workflows: Salesforce - Hubspot-VC --> Yes,False,,,1,0,1,2,1,1,0,1,1,False,False,False,enumeration,contactinformation,13.99%,,False,Salesforce - Hubspot-VC --> Yes,Salesforce - Hubspot-VC --> Yes,Salesforce - Hubspot-VC --> Yes
won_,Activated?,HubSpot Only,False,MEDIUM - Active Workflow Usage,Active workflows: Closed won = yes,False,,,1,1,0,2,1,1,0,1,1,False,False,False,enumeration,contactinformation,2.85%,11/23/25 3:43 PM EST,False,Closed won = yes,Closed won = yes,Closed won = yes
ycombinator_referral_program___applicant,SoR Referral Program | Applicant Lead,HubSpot Only,False,LOW - Only Disabled Workflows,Active workflows: Summer of Rho: Referral Program MVP | Viral Loops,False,,,1,1,0,2,0,2,1,1,0,True,False,False,enumeration,contactinformation,0.01%,8/26/25 6:13 PM EDT,False,,Summer of Rho: Referral Program MVP | Viral Loops,
ycombinator_referral_program___client,SoR Referral Program | Client Check,HubSpot Only,False,LOW - Only Disabled Workflows,Active workflows: Summer of Rho: Referral Program MVP | Viral Loops,False,,,1,1,0,2,0,2,1,1,0,True,False,False,enumeration,contactinformation,0.01%,8/26/25 6:14 PM EDT,False,,Summer of Rho: Referral Program MVP | Viral Loops,
