FlowId,,Name,Enabled,Total Enrolled,Writes Properties,Reads Properties,Consolidate With FlowIds,Consolidate With Flow Names,Consolidation Reason,Consolidation Base Flow Id,Consolidation Base Flow Name,Consolidation Base Flow Reason,Recommended Action
1646770076,,[Events | DS] Luma - Events Management | SFDC Campaign Assignment,TRUE,7498,"consent_communications__c, create_opportunity_, event_sync_luma_log, hubspot_owner_id, leadsource, pipeline_stage__marketing_eligible, salesforce_inclusion","campaign_id, company, createdate, deal_stage, email, event_sync_luma, google_ad_lead__growth_forms, hubspot_owner_id, luma_event, salesforcecampaignids",,,,,,,Keep as-is
502383418,,[Master] Saleforce Inclusion Trigger,TRUE,633820,"hubspot_owner_id, salesforce_inclusion, salesforce_inclusion_string","company, email, firstname, google_ad_lead__growth_forms, lastname, partner_gid, reddit_lead__growth_forms, salesforce_inclusion, salesforce_inclusion_string, salesforcelastsynctime",,,,,,,Keep as-is
1654169864,,{Draft} DS – ABM: Early Stage (Targeted Comms) | Funnel Optimization,FALSE,0,"campaign_enrollment_log__journey_tracking, experiment_log","crunchbase__latest_round_date__c, crunchbase__latest_round_funding_type__c, crunchbase__latest_round_money_raised_in_usd__c, email, hs_is_closed_lost, hs_is_closed_won, jobtitle",,,"Inactive Workflow, 0 Total Enrollment",,,,Delete
1623672664,,*Influencer | MyTechCEO - Assignation,TRUE,3,hubspot_owner_id,,,,Low Total Enrollment,,,,Delete
568330583,,# of Employee properties - Company to Deal,TRUE,378830,"apollo_employees, clearbit_employees, hubspot_employees, numberofemployees","apollo_employees, clearbit_employees, hs_name, hs_value, numberofemployees",,,,,,,Keep as-is
478017128,,^Lead converted to contact - Status = New,TRUE,27474,leadstatus,"date_account_came_inbound, last_deal_pipeline, leadstatus, lifecyclestage, salesforcecontactid","1623178028, 565556096, 478015139, 478017128, 431530163, 429460006","Lead/Contact Status to Bounced, Playground signups --> status = new, Lead converted to contact - Opp or Customer, ^Lead converted to contact - Status = New, copy lead status to company, Status - attempting to reach",Multiple workflows (6) write to the same properties: leadstatus; consolidate to a single canonical workflow to avoid conflicts and simplify maintenance.,431530163,copy lead status to company,Selected as base because it has the highest historical enrollment among workflows writing the same properties.,Keep but Consolidate into Canonical Workflow
561689637,,~ Source of funds - contact --> Company,TRUE,#N/A,"industry_, industry_app, source_of_funds","industry_app, source_of_funds",,,,,,,Keep as-is
1634220879,,0.00 [Batch Update] Quarantine // Churned Marketable Contacts,TRUE,2892465,"pipeline_stage, pipeline_stage__marketing_eligible","createdate, deal_stage, hs_analytics_last_visit_timestamp, hs_marketable_status, pipeline_stage, pipeline_stage__marketing_eligible",,,,,,,Keep as-is
1634483287,,0.01 [Batch Update] Remarketing // Active Non-Marketing Accounts (cloned),TRUE,112723,pipeline_stage__marketing_eligible,"hs_marketable_status, pipeline_stage, pipeline_stage__marketing_eligible","1634483287, 1634483557","0.01 [Batch Update] Remarketing // Active Non-Marketing Accounts (cloned), 1.0 DS – Pipeline Stage | Marketable Tagging",Multiple workflows (2) write to the same properties: pipeline_stage__marketing_eligible; consolidate to a single canonical workflow to avoid conflicts and simplify maintenance.,1634483557,1.0 DS – Pipeline Stage | Marketable Tagging,Selected as base because it has the highest historical enrollment among workflows writing the same properties.,Keep but Consolidate into Canonical Workflow
1637786224,,0.02 [MOPs / Global] Experiment Tagging | Initial Groupings,TRUE,894,,,,,,,,,Keep as-is
1643168061,,0.03 Primary Inbound Channel | Initial Proxy Association,TRUE,992150,"first_page_seen, pic_l3__source_contact_data_string, pic_l3_source_deal_data_string, primary_inbound_channel__l1____contact___proxy, primary_inbound_channel__l1____deal___proxy, primary_inbound_channel__l2__medium____contact___proxy__cloned_, primary_inbound_channel_l2_medium_deal_proxy, utm_campaign, utm_campaign__c, utm_content, utm_content__c, utm_funnel, utm_medium, utm_medium__c, utm_ref, utm_source, utm_source__c, utm_term, utm_term__c","createdate, dealstage, how_did_you_first_hear_about_rho, how_did_you_first_hear_about_rho_, hs_analytics_first_url, hs_analytics_source, hs_analytics_source_data_1, hs_analytics_source_data_2, hs_name, hs_object_id, hs_value, lead_source, leadsource, primary_inbound_channel__l1____deal___proxy, primary_inbound_channel__l3__source____contact___proxy, primary_inbound_channel__l3__source____deal___proxy__sync_, sql_date, utm_campaign, utm_content, utm_funnel, utm_medium, utm_ref, utm_source, utm_source__c, utm_term",,,,,,,Keep as-is
1680343919,,0.04 L3 / Marketing Attribution | Initial Proxy Association (Phase 1),TRUE,28732,"first_page_seen, pic__l3__ai_touchpoint____deal__boolean_, pic__l3__marketing_inbound__deal_string_, pic_l3_channel_source__deal_long, pic_l3_engagement_log__deal_long, pic_l3_engagement_log__prior_state__deal_long, pic_l3_first_touch__deal_string, pic_l3_last_touch__deal__string, pic_l3_source_deal_data_string, utm_campaign, utm_campaign__c, utm_content, utm_content__c, utm_funnel, utm_medium, utm_medium__c, utm_ref, utm_source, utm_source__c, utm_term, utm_term__c","createdate, dealname, dealstage, first_conversion_event_name, first_page_seen, first_page_url__deal, first_visit_contact__utm_mapping, global_business_id__deal_sync__contact_, how_did_you_first_hear_about_rho_, hs_analytics_num_page_views, hs_analytics_source, hs_analytics_source_data_1, hs_latest_source_timestamp, hs_name, hs_object_source_label, hs_value, last_page_seen__deal_string, last_page_url___deal, lead_source, num_associated_contacts, opportunity_source, pic__l3__marketing_inbound__deal_string_, pic__l3__reenrollment_cc_deal__boolean, pic_l3_first_touch__deal_string, pic_l3_last_touch__deal__string, pic_l3_marketing_inbound__deal_picklist, recent_conversion_date, utm_campaign, utm_campaign__c, utm_check__deal_sync_c, utm_content, utm_funnel, utm_medium, utm_medium__c, utm_ref, utm_source, utm_source__c, utm_term",,,,,,,Keep as-is
1680997978,,0.05 Ad/Emails Touchpoint Influence,TRUE,14330,"createdate, facebook_clid__contact, facebook_clid__deal, google__experiment_grouping_c, google__experiment_grouping_d, initial_qualification_date__s0, last_page_seen__deal_string, pic__l3__last_ad_details__marketing_inbound__deal_string, pic_l3__la_marketing_inbound__deal_string, pic_l3__s0_marketing_inbound__deal_string, pic_l3__s1_marketing_inbound__deal_string, pic_l3__s2_marketing_inbound__deal_string, pic_l3__s3_marketing_inbound__deal_string, pic_l3__s4_marketing_inbound__deal_string, pic_l3__smia_marketing_inbound__deal_string, pic_l3__sx_marketing_inbound__deal_string, pic_l3_marketing_inbound_reoccurrence__deal_string, utm_asset_group, utm_campaign, utm_campaign__c, utm_content, utm_content__c, utm_funnel, utm_medium, utm_medium__c, utm_ref, utm_source, utm_source__c, utm_term, utm_term__c","application_submitted_date, company, createdate, dealstage, first_conversion_event_name, first_page_seen, hs_analytics_first_url, hs_analytics_last_url, hs_analytics_latest_source, hs_analytics_source, hs_analytics_source_data_1, hs_email_last_click_date, hs_facebook_click_id, hs_latest_source_data_1, hs_name, hs_value, last_page_url___deal, marketing_interactions___email_clicks___total__deal_, pic__l3__marketing_inbound__deal_string_, pic__l3__reenrollment_cc_deal__boolean, pic_l3__marketing_inbound, pic_l3__s0_marketing_inbound__deal_string, pic_l3__s1_marketing_inbound__deal_string, pic_l3__s2_marketing_inbound__deal_string, pic_l3__s3_marketing_inbound__deal_string, pic_l3__smia_marketing_inbound__deal_calc, pic_l3_marketing_inbound_reoccurrence__deal_string, sql_date, timestamp__account_created, timestamp_account_activated__c, utm_campaign, utm_check__deal_sync_c, utm_content, utm_funnel, utm_medium, utm_ref, utm_source, utm_source__c, utm_term",,,,,,,Keep as-is
1652383656,,0.06 Partner Assignment | Form Attribution,TRUE,2980,"leadsource, partner_referrer__account_score, referrer___a, referrer___account_id, referrer__c","email, hs_analytics_source, leadsource__c, partner_referrer__account_score, referrer___a, referrer___account_id, submission_page, utm_campaign, utm_source, utm_term",,,,,,,Keep as-is
1686474560,,0.07 Strategic Initiatives | Deal Assignment (All Associations),TRUE,3355,"strategic_gtm_initiatives__c, strategic_gtm_initiatives__date, strategic_gtm_initiatives__helper__dropdown_, strategic_gtm_initiatives__helper_string","dealstage, first_conversion_event_name, first_page_seen, hs_name, hs_salesforceopportunityid, hs_value, last_page_seen__deal_string, pic__l3__reenrollment_cc_deal__boolean, referrer___account, salesforcelastsynctime, strategic_gtm_initiatives__c, strategic_gtm_initiatives__helper_string, submission_page, utm_check__deal_sync_c",,,,,,,Keep as-is
1645671171,,0.1.0 Primary Inbound Channel | Level 1-3 Mapping,FALSE,0,"pic_l3__source_contact_data_string, pic_l3_source_deal_data_string, primary_inbound_channel__l1____contact___proxy, primary_inbound_channel__l1____deal___proxy, primary_inbound_channel__l2__medium____contact___proxy__cloned_, primary_inbound_channel_l2_medium_deal_proxy","dealstage, hs_analytics_source, hs_analytics_source_data_1, hs_name, hs_value, lead_source, leadsource, primary_inbound_channel__l1____deal___proxy, primary_inbound_channel__l3__source____contact___proxy, sql_date, utm_campaign, utm_medium",,,"Inactive Workflow, 0 Total Enrollment",,,,Delete
1649020849,,0.1.1 Submission/Approval Track,TRUE,78058,"application_submission_state, bot_check__boolean___dataops, bot_check__score___dataops, marketing_consent__c, salesforce_inclusion, salesforce_inclusion_string, user_flow__forms___acquisition_path__states_c, user_flow__forms__last_app_submission__c, user_flow__forms__last_marketing_submission_c, user_flow_forms__acquisition_path_c, user_flow_forms__acquisition_path_log_c","bot_check__boolean___dataops, bot_check__score___dataops, createdate, deal_stage, dealstage, first_conversion_event_name, ip_city, ip_state_code, recent_conversion_event_name, user_flow__forms__last_app_submission__c, user_flow__forms__last_marketing_submission_c",,,,,,,Keep as-is
1659624055,,0.1.2 Segmentation Tagging | Database Management,FALSE,0,"firstname, lastname","createdate, firstname, full_name, full_name__daops, lastname, pipeline_stage",,,"Inactive Workflow, 0 Total Enrollment",,,,Delete
1634483557,,1.0 DS – Pipeline Stage | Marketable Tagging,TRUE,514483,pipeline_stage__marketing_eligible,"createdate, pipeline_stage","1634483287, 1634483557","0.01 [Batch Update] Remarketing // Active Non-Marketing Accounts (cloned), 1.0 DS – Pipeline Stage | Marketable Tagging",Multiple workflows (2) write to the same properties: pipeline_stage__marketing_eligible; consolidate to a single canonical workflow to avoid conflicts and simplify maintenance.,1634483557,1.0 DS – Pipeline Stage | Marketable Tagging,Selected as base because it has the highest historical enrollment among workflows writing the same properties.,Keep as Canonical Workflow
1635901254,,1.1 DS – Pipeline Stage | State Tagging,TRUE,372650,"consent_communications__c, pipeline_stage, pipeline_stage__change_count, pipeline_stage__change_log, pipeline_stage__initial_date","deal_stage, dealstage, num_conversion_events, pipeline_stage, pipeline_stage__change_count, pipeline_stage__change_log, uuid",,,,,,,Keep as-is
1634440478,,1.2 DS – Pipeline Stage | State Change Tracking [DRAFT],TRUE,376027,"pipeline_stage, pipeline_stage__change_count, pipeline_stage__change_date, pipeline_stage__change_log, pipeline_stage__prior_stage","deal_stage, pipeline_stage, pipeline_stage__change_count",,,,,,,Keep as-is
1634722648,,2.1 PM – Parter Pipeline Stage | State Tagging [DRAFT],TRUE,33467,pipeline_stage___partner,"partner_status, pipeline_stage___partner",,,,,,,Keep as-is
557685650,,Account Activated - Deal --> Company,TRUE,9155,"account_activated_, timestamp__account_activated, timestamp_account_activated__c","timestamp__account_activated, timestamp_account_activated__c",,,,,,,Keep as-is
557728034,,Account Created Date - Deal --> Company,TRUE,6441,timestamp__account_created,timestamp__account_created,"557728034, 557715612","Account Created Date - Deal --> Company, Client Approved Date - Company --> Contact",Multiple workflows (2) write to the same properties: timestamp__account_created; consolidate to a single canonical workflow to avoid conflicts and simplify maintenance.,557728034,Account Created Date - Deal --> Company,Selected as base because enrollment data is unavailable; using the first-created workflow as canonical.,Keep as Canonical Workflow
436151889,,Account source from lead,TRUE,63302,"account_source___from_lead, account_source_from_lead, leadsource","account_source, date_account_came_inbound, leadsource",,,,,,,Keep as-is
589837437,,Account Tag - company --> Contact,TRUE,45581,"account_tag, account_tag__c",account_tag__c,,,,,,,Keep as-is
557685654,,Activated Date - Company --> Contact,TRUE,14605,"account_activated_, timestamp__account_activated","num_associated_contacts, timestamp__account_activated",,,,,,,Keep as-is
559233027,,Affiliate Subchannel - Company --> Deal,TRUE,1545,affiliate_subchannel,affiliate_subchannel,,,,,,,Keep as-is
559222836,,Affiliate Subchannel - Contact --> Company,TRUE,17259,"affiliate_subchannel, inbound_subchannel","affiliate_subchannel, inbound_subchannel",,,,,,,Keep as-is
477347423,,Annual Rev - Company --> Contact,TRUE,186791,annualrevenue,annualrevenue,,,,,,,Keep as-is
543410706,,Apollo Revenue - Company --> Contact,FALSE,236703,"apollo_employees, apollo_industry, apollo_revenue","apollo_employees, apollo_industry, apollo_revenue, hs_name, hs_value",,,Inactive Workflow,,,,Delete
463006129,,App completed after signup = yes,TRUE,640,app_completed_after_signup,"application_completed_date, date_account_came_inbound",,,,,,,Keep as-is
463053454,,App completed date - contact --> company,FALSE,6960,application_completed_date,application_completed_date,,,Inactive Workflow,,,,Delete
463000887,,Application Completed Date - Company --> Deal,TRUE,11716,"application_completed_date, credit_application_date, credit_application_date__c","application_completed_date, credit_application_date__c, hs_name, hs_value",,,,,,,Keep as-is
536063834,,Application Status - Deal - Deal --> Company + Contact,TRUE,35650,application_status___deal,"application_status___deal, hs_name, hs_value",,,,,,,Keep as-is
509948556,,Automated Marketing Lead Email,TRUE,2781,,"lead_gen_source, lifecyclestage",,,,,,,Keep as-is
574991497,,Average Monthly Bank Balance - Company --> Deal,TRUE,411823,average_monthly_balance,"average_monthly_balance, hs_name, hs_value",,,,,,,Keep as-is
575598511,,Bank Balance - 2 months ago - Company --> Deal,TRUE,56386,checking_deposit_balance___2_months_ago,"checking_deposit_balance___2_months_ago, hs_name, hs_value",,,,,,,Keep as-is
575598505,,Bank Balance - last month - Company --> Deal,TRUE,59115,checking_deposit_balance___last_month,"checking_deposit_balance___last_month, hs_name, hs_value",,,,,,,Keep as-is
1623367486,,Become a partner form - Owner assignation,TRUE,174,"leadsource, primary_lead_channel","partner_affiliate, utm_campaign",,,Low Total Enrollment,,,,Delete
581069717,,Bestmoney - Client Approved,FALSE,17,bm_ca_date,"deal_stage, primary_lead_channel, utm_source",,,"Inactive Workflow, Low Total Enrollment",,,,Delete
581545485,,Bestmoney - Closed Lost,TRUE,220,"bm_cl_date, deal_stage","compliance_denial_reason, deal_stage, disqualified_reason___application, pre_qualification_outcome, primary_lead_channel, utm_source",,,Low Total Enrollment,,,,Delete
581069693,,Bestmoney - New Lead,TRUE,261,deal_stage,"deal_stage, primary_lead_channel, utm_source",,,Low Total Enrollment,,,,Delete
581069706,,Bestmoney - Unverified Platform Access,TRUE,170,bm_upa_date,"deal_stage, primary_lead_channel, utm_source",,,Low Total Enrollment,,,,Delete
581069714,,Bestmoney - Verification pending,TRUE,127,bm_vp_date,"deal_stage, primary_lead_channel, utm_source",,,Low Total Enrollment,,,,Delete
535329056,,Bottom Funnel - Seller Notification,TRUE,667,,"hubspot_owner_id, inbound_priority_type__cloned_, salesforcecontactid",,,,,,,Keep as-is
477310646,,Bottom Funnel Warm Leads - Slack Notification,TRUE,707,,"inbound_priority_type__cloned_, lead_nurturing_bottom_enroll_date",,,,,,,Keep as-is
597765536,,Bucket = Partner --> Lead Source = Partner,TRUE,274,lead_source,"inbound_channel_bucket, lead_source","597765536, 589842757","Bucket = Partner --> Lead Source = Partner, Referrer Account --> Deal Lead source - Partner Inbound",Multiple workflows (2) write to the same properties: lead_source; consolidate to a single canonical workflow to avoid conflicts and simplify maintenance.,597765536,Bucket = Partner --> Lead Source = Partner,Selected as base because enrollment data is unavailable; using the first-created workflow as canonical.,Keep as Canonical Workflow
566838305,,CA > 7 Days - deal,TRUE,6292,ca___7_days,timestamp__account_created,,,,,,,Keep as-is
525613921,,Call Made = Yes,TRUE,17445,inbound_call_made_,"call_attempts, date_account_came_inbound, hs_engagement_type",,,,,,,Keep as-is
466042914,,Capital = qualified,TRUE,247,"leadsource, leadstatus, qualified_lead_","disqualified_reason__c, leadstatus, nurture_reason__c, primary_lead_channel",,,Low Total Enrollment,,,,Delete
558337092,,CFO Sequence - 2024 (TBU),TRUE,94296,"lead_nurturing_enroll_date, lead_nurturing_first_email_date, lead_nurturing_status, nurture_path","lead_nurturing_status, nurture_path",,,,,,,Keep as-is
565942095,,Chili Meeting Direct Booking - Notification,FALSE,14,,meeting_type_cp,,,"Inactive Workflow, Low Total Enrollment",,,,Delete
431378284,,Clear DQ Reason,TRUE,420,disqualified_reason__c,"disqualified_reason__c, leadstatus",,,Low Total Enrollment,,,,Delete
558374700,,Clearbit Revenue - Contact --> Deal,TRUE,22401,"clearbit_revenue, seamless_revenue__c","clearbit_revenue, seamless_revenue__c",,,,,,,Keep as-is
558309953,,Client Approved - Company --> Contacts,TRUE,11833,client_approved_,"client_approved_, num_associated_contacts","558307627, 558309953, 558311214","Client Approved - Deal --> Company, Client Approved - Company --> Contacts, Client Approved? - deal",Multiple workflows (3) write to the same properties: client_approved_; consolidate to a single canonical workflow to avoid conflicts and simplify maintenance.,558307627,Client Approved - Deal --> Company,Selected as base because enrollment data is unavailable; using the first-created workflow as canonical.,Keep but Consolidate into Canonical Workflow
558307627,,Client Approved - Deal --> Company,TRUE,6505,client_approved_,client_approved_,"558307627, 558309953, 558311214","Client Approved - Deal --> Company, Client Approved - Company --> Contacts, Client Approved? - deal",Multiple workflows (3) write to the same properties: client_approved_; consolidate to a single canonical workflow to avoid conflicts and simplify maintenance.,558307627,Client Approved - Deal --> Company,Selected as base because enrollment data is unavailable; using the first-created workflow as canonical.,Keep as Canonical Workflow
564087636,,Client Approved - SMS sequence,FALSE,334,,"dealstage, firstname, hubspot_owner_id",,,"Inactive Workflow, Low Total Enrollment",,,,Delete
557715612,,Client Approved Date - Company --> Contact,TRUE,11578,timestamp__account_created,"num_associated_contacts, timestamp__account_created","557728034, 557715612","Account Created Date - Deal --> Company, Client Approved Date - Company --> Contact",Multiple workflows (2) write to the same properties: timestamp__account_created; consolidate to a single canonical workflow to avoid conflicts and simplify maintenance.,557728034,Account Created Date - Deal --> Company,Selected as base because enrollment data is unavailable; using the first-created workflow as canonical.,Keep but Consolidate into Canonical Workflow
558311214,,Client Approved? - deal,TRUE,6505,client_approved_,timestamp__account_created,"558307627, 558309953, 558311214","Client Approved - Deal --> Company, Client Approved - Company --> Contacts, Client Approved? - deal",Multiple workflows (3) write to the same properties: client_approved_; consolidate to a single canonical workflow to avoid conflicts and simplify maintenance.,558307627,Client Approved - Deal --> Company,Selected as base because enrollment data is unavailable; using the first-created workflow as canonical.,Keep but Consolidate into Canonical Workflow
476532634,,Closed Won = No,TRUE,38338,closed_won_,dealstage,"476532634, 476369192","Closed Won = No, Closed Won = Yes",Multiple workflows (2) write to the same properties: closed_won_; consolidate to a single canonical workflow to avoid conflicts and simplify maintenance.,476532634,Closed Won = No,Selected as base because enrollment data is unavailable; using the first-created workflow as canonical.,Keep as Canonical Workflow
476369192,,Closed Won = Yes,TRUE,7008,closed_won_,dealstage,"476532634, 476369192","Closed Won = No, Closed Won = Yes",Multiple workflows (2) write to the same properties: closed_won_; consolidate to a single canonical workflow to avoid conflicts and simplify maintenance.,476532634,Closed Won = No,Selected as base because enrollment data is unavailable; using the first-created workflow as canonical.,Keep but Consolidate into Canonical Workflow
419533689,,Closed won = yes,TRUE,7008,won_,deal_stage,,,,,,,Keep as-is
432914038,,Company - Activity Date --> Company Activity Date,TRUE,33024,"company_last_activity_date, notes_last_updated","company_last_activity_date, notes_last_updated",,,,,,,Keep as-is
432917090,,Company - Create Date --> Company Create Date,TRUE,229195,"company_create_date, createdate","company_create_date, createdate",,,,,,,Keep as-is
450190208,,Company --> Contact - Account Record Type,TRUE,439308,account_record_type,"account_record_type_id, hs_name, hs_value",,,,,,,Keep as-is
466724614,,Company --> Contact - associated company deals,TRUE,59472,"num_associated_deals, of_associated_company_deals","hs_name, hs_value, num_associated_deals",,,,,,,Keep as-is
466502483,,Company --> Contact - associated contacts,TRUE,622193,"num_associated_contacts, of_associated_contacts","hs_name, hs_value, num_associated_contacts",,,,,,,Keep as-is
432447543,,Company --> Contact - close date,TRUE,47196,"closedate, deal_close_date",deal_close_date,"432447543, 432462168","Company --> Contact - close date, Deal --> Company - Close Date (cloned)","Multiple workflows (2) write to the same properties: closedate, deal_close_date; consolidate to a single canonical workflow to avoid conflicts and simplify maintenance.",432447543,Company --> Contact - close date,Selected as base because enrollment data is unavailable; using the first-created workflow as canonical.,Keep as Canonical Workflow
455633981,,Company --> Contact - Company First Came Inbound,TRUE,61145,"company_first_came_inbound, date_account_came_inbound",date_account_came_inbound,,,,,,,Keep as-is
455668789,,Company --> Contact - Company Last Came Inbound,TRUE,48770,"company_last_came_inbound, last_came_inbound",last_came_inbound,,,,,,,Keep as-is
432893048,,Company --> Contact - company type,TRUE,414777,"company_type, type",type,,,,,,,Keep as-is
436349455,,Company --> Contact - Deal Name,TRUE,46150,deal_name,deal_name,,,,,,,Keep as-is
432441995,,Company --> Contact - Deal Owner,TRUE,47272,deal_owner,deal_owner,,,,,,,Keep as-is
432439113,,Company --> Contact - First deal date,TRUE,50190,"first_company_deal_created_date, first_deal_created_date","first_company_deal_created_date, first_deal_created_date, hs_name, hs_value","432439113, 556542829, 450672987","Company --> Contact - First deal date, Company --> Contact - First deal date - custom list, Company --> Contact - First deal date - NEW Contact","Multiple workflows (3) write to the same properties: first_company_deal_created_date, first_deal_created_date; consolidate to a single canonical workflow to avoid conflicts and simplify maintenance.",432439113,Company --> Contact - First deal date,Selected as base because enrollment data is unavailable; using the first-created workflow as canonical.,Keep as Canonical Workflow
556542829,,Company --> Contact - First deal date - custom list,TRUE,34897,"first_company_deal_created_date, first_deal_created_date",,"432439113, 556542829, 450672987","Company --> Contact - First deal date, Company --> Contact - First deal date - custom list, Company --> Contact - First deal date - NEW Contact","Multiple workflows (3) write to the same properties: first_company_deal_created_date, first_deal_created_date; consolidate to a single canonical workflow to avoid conflicts and simplify maintenance.",432439113,Company --> Contact - First deal date,Selected as base because enrollment data is unavailable; using the first-created workflow as canonical.,Keep but Consolidate into Canonical Workflow
450672987,,Company --> Contact - First deal date - NEW Contact,TRUE,50290,"first_company_deal_created_date, first_deal_created_date","first_company_deal_created_date, first_deal_created_date, hs_name, hs_value, num_associated_contacts","432439113, 556542829, 450672987","Company --> Contact - First deal date, Company --> Contact - First deal date - custom list, Company --> Contact - First deal date - NEW Contact","Multiple workflows (3) write to the same properties: first_company_deal_created_date, first_deal_created_date; consolidate to a single canonical workflow to avoid conflicts and simplify maintenance.",432439113,Company --> Contact - First deal date,Selected as base because enrollment data is unavailable; using the first-created workflow as canonical.,Keep but Consolidate into Canonical Workflow
432438160,,Company --> Contact - Last activity date,TRUE,169427,company_last_activity_date,"company_last_activity_date, hs_name, hs_value",,,,,,,Keep as-is
434127189,,company --> Contact - Money Raised (cloned),TRUE,28033,total_money_raised,total_money_raised,,,,,,,Keep as-is
450196350,,Company --> Contact - Partner Type,FALSE,2982,"partner_type, type_partner__c",type_partner__c,,,Inactive Workflow,,,,Delete
435488265,,Company --> Contact - Pipeline,TRUE,52279,last_deal_pipeline,"hs_name, hs_value, last_deal_pipeline",,,,,,,Keep as-is
472961185,,company --> Contact - recent deal created date,TRUE,25314,"company_recent_deal_created_date, recent_deal_created_date","company_recent_deal_created_date, hs_name, hs_value, last_deal_pipeline, recent_deal_created_date",,,,,,,Keep as-is
553171267,,Company --> Contact - Rho Use case,TRUE,1839,rho_use_case,"hs_name, hs_value, rho_use_case","553171267, 472293733","Company --> Contact - Rho Use case, Deal --> Company - rho use case",Multiple workflows (2) write to the same properties: rho_use_case; consolidate to a single canonical workflow to avoid conflicts and simplify maintenance.,553171267,Company --> Contact - Rho Use case,Selected as base because enrollment data is unavailable; using the first-created workflow as canonical.,Keep as Canonical Workflow
462148453,,Company --> Deal - Segment,FALSE,337483,"segment_revenue, segment_revenue__c",segment_revenue__c,,,Inactive Workflow,,,,Delete
472378901,,Company --> Deal - sign up flow revenue and employees,TRUE,28160,"sign_up_flow_employees, sign_up_flow_estimated_annual_revenue","hs_name, hs_value, sign_up_flow_employees, sign_up_flow_estimated_annual_revenue",,,,,,,Keep as-is
471389595,,company --> deals - campaign/term,TRUE,11470,"campaign_drilldown_1, term_drilldown_2","campaign_drilldown_1, hs_name, hs_value, term_drilldown_2",,,,,,,Keep as-is
476787096,,Company Marketing contact,TRUE,262930,"lastname, marketing_email_contact",lead_nurturing_first_email_date,,,,,,,Keep as-is
568310826,,Company Size - Contact --> Deal,TRUE,19830,company_size,company_size,,,,,,,Keep as-is
573508638,,Compliance Denial Reason - Deal --> Contact,TRUE,9219,compliance_denial_reason,compliance_denial_reason,,,,,,,Keep as-is
590939718,,Compliance DRI - Deal --> Contact,TRUE,45464,compliance_dri,"compliance_dri, hs_name, hs_value",,,,,,,Keep as-is
585236254,,Contact - Deal Event is updated - Update on Contact,TRUE,4387,"deal___event, event",deal___event,,,,,,,Keep as-is
570882591,,Contact - SQL? = yes,TRUE,32839,sql_,"sql_, sql_date","554228842, 570882591, 537218482","Deal - SQL = Yes, Contact - SQL? = yes, Meeting Set --> SQL = Yes",Multiple workflows (3) write to the same properties: sql_; consolidate to a single canonical workflow to avoid conflicts and simplify maintenance.,570882591,Contact - SQL? = yes,Selected as base because it has the highest historical enrollment among workflows writing the same properties.,Keep as Canonical Workflow
471368502,,Contact --> Company - campaign/term generic,TRUE,14313,"campaign_drilldown_1, term_drilldown_2, utm_campaign_drilldown_1","term_drilldown_2, utm_campaign_drilldown_1",,,,,,,Keep as-is
472337558,,Contact --> Company - Rev and employees signup,TRUE,29511,"employeescountrange, revenueforecastrange, sign_up_flow_employees, sign_up_flow_estimated_annual_revenue","employeescountrange, revenueforecastrange, sign_up_flow_employees, sign_up_flow_estimated_annual_revenue",,,,,,,Keep as-is
466502472,,Contact --> Company cleanup,TRUE,8718,company_first_came_inbound,"company_first_came_inbound, date_account_came_inbound, num_associated_contacts",,,,,,,Keep as-is
567291832,,Contact --> Deal - Sign up flow employees,TRUE,5386,"employeescountrange, signup_flow_employees","employeescountrange, signup_flow_employees",,,,,,,Keep as-is
589792928,,Contact Company Owner --> Company Owner,FALSE,80,"company_owner, hubspot_owner_id","company_owner, hubspot_owner_id",,,"Inactive Workflow, Low Total Enrollment",,,,Delete
481584498,,contact made - contact --> company,TRUE,27656,contact_made_,contact_made_,"566213962, 483941660, 481584498","Contact made = yes, Meeting Set --> Contact Made = Yes, contact made - contact --> company",Multiple workflows (3) write to the same properties: contact_made_; consolidate to a single canonical workflow to avoid conflicts and simplify maintenance.,481584498,contact made - contact --> company,Selected as base because it has the highest historical enrollment among workflows writing the same properties.,Keep as Canonical Workflow
566213962,,Contact made = yes,TRUE,6016,contact_made_,"contact_made_, date_account_came_inbound, hs_task_subject, leadstatus, sdr_meeting_booked_","566213962, 483941660, 481584498","Contact made = yes, Meeting Set --> Contact Made = Yes, contact made - contact --> company",Multiple workflows (3) write to the same properties: contact_made_; consolidate to a single canonical workflow to avoid conflicts and simplify maintenance.,481584498,contact made - contact --> company,Selected as base because it has the highest historical enrollment among workflows writing the same properties.,Keep but Consolidate into Canonical Workflow
565273730,,Contact PIC - startup nyc --> Rho banks nyc,FALSE,134,primary_lead_channel,primary_lead_channel,,,"Inactive Workflow, Low Total Enrollment",,,,Delete
419558668,,converted = yes,TRUE,83820,"converted_, converted_date",leadstatus,,,,,,,Keep as-is
457130540,,Converted Leads - Stamp properties again,TRUE,748,leadsource,"date_account_came_inbound, lead_after_deal, leadsource, leadstatus, lifecyclestage","564753271, 457130540, 446002076, 431122261","Rho banks nyc - change lead source to marketing, Converted Leads - Stamp properties again, Partner key --> Lead Source = Partner, Set lead source as inbound",Multiple workflows (4) write to the same properties: leadsource; consolidate to a single canonical workflow to avoid conflicts and simplify maintenance.,431122261,Set lead source as inbound,Selected as base because it has the highest historical enrollment among workflows writing the same properties.,Keep but Consolidate into Canonical Workflow
1605257488,,Copy ''Inbound Notes'' from Contact to Deal (Influencers),TRUE,79,sales_notes__c,"createdate, inbound_notes",,,Low Total Enrollment,,,,Delete
431449402,,copy account engagement to company,TRUE,291523,"account_engagement_campaign, account_engagement_conversion_date, campaign, conversion_date","campaign, conversion_date",,,,,,,Keep as-is
430169948,,copy account source to contact,TRUE,773463,"account_source, account_source___from_lead, account_source_from_lead, accountsource","accountsource, hs_name, hs_value",,,,,,,Keep as-is
540077349,,Copy Bottom Funnel Warm date to Deal,TRUE,952,"bottom_funnel_warm_date, lead_nurturing_bottom_enroll_date",lead_nurturing_bottom_enroll_date,,,,,,,Keep as-is
573652293,,copy city and state from company to contact (cloned),TRUE,347011,"city, city__c, hubspot_city, hubspot_state, state","city, hs_name, hs_value, state",,,,,,,Keep as-is
432420986,,Copy company create date to contact,TRUE,636995,"company_create_date, created_at_date__c","company_create_date, created_at_date__c, hs_name, hs_value",,,,,,,Keep as-is
432441750,,Copy company industry to contact,TRUE,285875,industry,industry,,,,,,,Keep as-is
436197894,,Copy company sector to contact,TRUE,270311,"sector, sector__c","sector, sector__c","436197894, 483565090","Copy company sector to contact, Sector - Company --> Deal","Multiple workflows (2) write to the same properties: sector, sector__c; consolidate to a single canonical workflow to avoid conflicts and simplify maintenance.",436197894,Copy company sector to contact,Selected as base because enrollment data is unavailable; using the first-created workflow as canonical.,Keep as Canonical Workflow
432354611,,Copy company status to contact,TRUE,551072,"company_status, status__c","hs_name, hs_value, status__c",,,,,,,Keep as-is
455633975,,Copy DAI from contact to Company - Last came inbound,TRUE,53341,"date_account_came_inbound, last_came_inbound",date_account_came_inbound,,,,,,,Keep as-is
585622274,,Copy deal owner to contact owner,TRUE,40737,"deal_owner, hubspot_owner_id","deal_owner, hubspot_owner_id","432430489, 585622274","Deal -> Contact and Companies - owner, Copy deal owner to contact owner","Multiple workflows (2) write to the same properties: deal_owner, hubspot_owner_id; consolidate to a single canonical workflow to avoid conflicts and simplify maintenance.",585622274,Copy deal owner to contact owner,Selected as base because it has the highest historical enrollment among workflows writing the same properties.,Keep as Canonical Workflow
509312823,,Copy industry app --> Industry,TRUE,21721,"industry, industry_app",industry_app,,,,,,,Keep as-is
470088077,,copy lead nurturing properties - contact --> company,TRUE,915606,"lead_nurturing_enroll_date, lead_nurturing_first_email_date, lead_nurturing_status","lead_nurturing_enroll_date, lead_nurturing_first_email_date, lead_nurturing_signup, lead_nurturing_status","504851234, 470088077","Lead Nurturing - Email - Private Equity path, copy lead nurturing properties - contact --> company","Multiple workflows (2) write to the same properties: lead_nurturing_enroll_date, lead_nurturing_first_email_date, lead_nurturing_status; consolidate to a single canonical workflow to avoid conflicts and simplify maintenance.",470088077,copy lead nurturing properties - contact --> company,Selected as base because it has the highest historical enrollment among workflows writing the same properties.,Keep as Canonical Workflow
431530163,,copy lead status to company,TRUE,366815,leadstatus,leadstatus,"1623178028, 565556096, 478015139, 478017128, 431530163, 429460006","Lead/Contact Status to Bounced, Playground signups --> status = new, Lead converted to contact - Opp or Customer, ^Lead converted to contact - Status = New, copy lead status to company, Status - attempting to reach",Multiple workflows (6) write to the same properties: leadstatus; consolidate to a single canonical workflow to avoid conflicts and simplify maintenance.,431530163,copy lead status to company,Selected as base because it has the highest historical enrollment among workflows writing the same properties.,Keep as Canonical Workflow
431077556,,copy revenue to contact,TRUE,199007,"annualrevenue, hubspot_revenue",annualrevenue,,,,,,,Keep as-is
481414524,,Copy website url,TRUE,326084,website,website,,,,,,,Keep as-is
588156599,,Copy which best describes you --> Job title,FALSE,47,"jobtitle, which_of_the_following_describes_you____startups","jobtitle, which_of_the_following_describes_you____startups",,,"Inactive Workflow, Low Total Enrollment",,,,Delete
575011141,,Credit App Status - Company --> contact,TRUE,5475,"credit_app_status, credit_application_status__c","credit_application_status__c, hs_name, hs_value","573904764, 575011141","Credit App Status - Company --> Deal, Credit App Status - Company --> contact","Multiple workflows (2) write to the same properties: credit_app_status, credit_application_status__c; consolidate to a single canonical workflow to avoid conflicts and simplify maintenance.",573904764,Credit App Status - Company --> Deal,Selected as base because enrollment data is unavailable; using the first-created workflow as canonical.,Keep but Consolidate into Canonical Workflow
573904764,,Credit App Status - Company --> Deal,TRUE,5490,"credit_app_status, credit_application_status__c","credit_application_status__c, hs_name, hs_value","573904764, 575011141","Credit App Status - Company --> Deal, Credit App Status - Company --> contact","Multiple workflows (2) write to the same properties: credit_app_status, credit_application_status__c; consolidate to a single canonical workflow to avoid conflicts and simplify maintenance.",573904764,Credit App Status - Company --> Deal,Selected as base because enrollment data is unavailable; using the first-created workflow as canonical.,Keep as Canonical Workflow
571511826,,Current Bank Balance - Company --> Deal,TRUE,484164,bank_balance___current,"bank_balance___current, hs_name, hs_value",,,,,,,Keep as-is
451354369,,Customer Exclusion List to Google Sheets,TRUE,62339,,,,,,,,,Keep as-is
471678846,,Date Lead Came Inbound - Company --> Deal,TRUE,27431,date_account_came_inbound,"date_account_came_inbound, hs_name, hs_value, num_associated_deals, sync_to_objects","471678846, 416407630, 422529928","Date Lead Came Inbound - Company --> Deal, Stamp Date Lead Came Inbound, Date lead came inbound - Contact --> Company",Multiple workflows (3) write to the same properties: date_account_came_inbound; consolidate to a single canonical workflow to avoid conflicts and simplify maintenance.,416407630,Stamp Date Lead Came Inbound,Selected as base because it has the highest historical enrollment among workflows writing the same properties.,Keep but Consolidate into Canonical Workflow
422529928,,Date lead came inbound - Contact --> Company,TRUE,91637,date_account_came_inbound,"date_account_came_inbound, sync_to_objects","471678846, 416407630, 422529928","Date Lead Came Inbound - Company --> Deal, Stamp Date Lead Came Inbound, Date lead came inbound - Contact --> Company",Multiple workflows (3) write to the same properties: date_account_came_inbound; consolidate to a single canonical workflow to avoid conflicts and simplify maintenance.,416407630,Stamp Date Lead Came Inbound,Selected as base because it has the highest historical enrollment among workflows writing the same properties.,Keep but Consolidate into Canonical Workflow
585380901,,Deal - Contact Event was updated - Update on Deal,TRUE,11662,"event___contact, event__c","event___contact, hs_name, hs_value",,,,,,,Keep as-is
585380896,,Deal - Contact PIC was updated - Update on Deal,TRUE,26875,"pic___contact, primary_inbound_channel","hs_name, hs_value, pic___contact",,,,,,,Keep as-is
483564947,,Deal - Event - PIC is Unknown --> Deal PIC,TRUE,19515,"event__c, primary_inbound_channel","event__c, primary_inbound_channel, primary_lead_channel",,,,,,,Keep as-is
585409209,,Deal - Fix Primary Inbound - Naming,TRUE,48645,primary_inbound_channel,"hs_name, hs_value, primary_inbound_channel","585409209, 565518086, 460380164","Deal - Fix Primary Inbound - Naming, Deal PIC - startup nyc --> rho banks, Primary Inbound Channel - Company --> Deal",Multiple workflows (3) write to the same properties: primary_inbound_channel; consolidate to a single canonical workflow to avoid conflicts and simplify maintenance.,585409209,Deal - Fix Primary Inbound - Naming,Selected as base because enrollment data is unavailable; using the first-created workflow as canonical.,Keep as Canonical Workflow
478181930,,Deal - Recent Deal Date - For influenced deals,TRUE,329,"createdate, recent_deal_date___prospect_pipeline","pipeline, primary_inbound_channel",,,Low Total Enrollment,,,,Delete
554266371,,Deal - SAL = yes,TRUE,23834,sal_,sal_date__c,,,,,,,Keep as-is
554148731,,Deal - Set to disqualifed = yes,TRUE,15118,disqualified_,"dealstage, hs_name, hs_value","554148731, 558111086, 558120196, 558120779","Deal - Set to disqualifed = yes, disqualified - Company --> Contact, Disqualified - Deal --> Company, Disqualified - Contact --> Company",Multiple workflows (4) write to the same properties: disqualified_; consolidate to a single canonical workflow to avoid conflicts and simplify maintenance.,558120779,Disqualified - Contact --> Company,Selected as base because it has the highest historical enrollment among workflows writing the same properties.,Keep but Consolidate into Canonical Workflow
554228842,,Deal - SQL = Yes,TRUE,26252,sql_,sql_date,"554228842, 570882591, 537218482","Deal - SQL = Yes, Contact - SQL? = yes, Meeting Set --> SQL = Yes",Multiple workflows (3) write to the same properties: sql_; consolidate to a single canonical workflow to avoid conflicts and simplify maintenance.,570882591,Contact - SQL? = yes,Selected as base because it has the highest historical enrollment among workflows writing the same properties.,Keep but Consolidate into Canonical Workflow
529520486,,Deal - Unknown Properties --> Stamp properties,FALSE,4882,"date_account_came_inbound, inbound_type, primary_inbound_channel","date_account_came_inbound, inbound_priority_type__cloned_, inbound_type, opportunity_source, primary_inbound_channel",,,Inactive Workflow,,,,Delete
432462168,,Deal --> Company - Close Date (cloned),TRUE,52723,"closedate, deal_close_date",closedate,"432447543, 432462168","Company --> Contact - close date, Deal --> Company - Close Date (cloned)","Multiple workflows (2) write to the same properties: closedate, deal_close_date; consolidate to a single canonical workflow to avoid conflicts and simplify maintenance.",432447543,Company --> Contact - close date,Selected as base because enrollment data is unavailable; using the first-created workflow as canonical.,Keep but Consolidate into Canonical Workflow
436334991,,Deal --> Company - deal name,TRUE,51605,"deal_name, dealname",dealname,,,,,,,Keep as-is
435488180,,Deal --> Company - Pipeline,TRUE,59382,"last_deal_pipeline, pipeline","hs_name, hs_value, pipeline",,,,,,,Keep as-is
472293733,,Deal --> Company - rho use case,TRUE,32715,rho_use_case,rho_use_case__c,"553171267, 472293733","Company --> Contact - Rho Use case, Deal --> Company - rho use case",Multiple workflows (2) write to the same properties: rho_use_case; consolidate to a single canonical workflow to avoid conflicts and simplify maintenance.,553171267,Company --> Contact - Rho Use case,Selected as base because enrollment data is unavailable; using the first-created workflow as canonical.,Keep but Consolidate into Canonical Workflow
554527846,,Deal --> Contact - SQL,TRUE,9508,"sql_, sql_date",sql_date,"558064691, 554527846","SQL Date - Deal --> Company, Deal --> Contact - SQL","Multiple workflows (2) write to the same properties: sql_, sql_date; consolidate to a single canonical workflow to avoid conflicts and simplify maintenance.",554527846,Deal --> Contact - SQL,Selected as base because it has the highest historical enrollment among workflows writing the same properties.,Keep as Canonical Workflow
432430489,,Deal -> Contact and Companies - owner,TRUE,90058,"deal_owner, hubspot_owner_id","hs_name, hs_value, hubspot_owner_id","432430489, 585622274","Deal -> Contact and Companies - owner, Copy deal owner to contact owner","Multiple workflows (2) write to the same properties: deal_owner, hubspot_owner_id; consolidate to a single canonical workflow to avoid conflicts and simplify maintenance.",585622274,Copy deal owner to contact owner,Selected as base because it has the highest historical enrollment among workflows writing the same properties.,Keep but Consolidate into Canonical Workflow
497904006,,Deal Contact Job Title,TRUE,16611,deal_contact_job_title,"jobtitle, opportunity_created_date, pipeline",,,,,,,Keep as-is
565518086,,Deal PIC - startup nyc --> rho banks,TRUE,806,primary_inbound_channel,primary_inbound_channel,"585409209, 565518086, 460380164","Deal - Fix Primary Inbound - Naming, Deal PIC - startup nyc --> rho banks, Primary Inbound Channel - Company --> Deal",Multiple workflows (3) write to the same properties: primary_inbound_channel; consolidate to a single canonical workflow to avoid conflicts and simplify maintenance.,585409209,Deal - Fix Primary Inbound - Naming,Selected as base because enrollment data is unavailable; using the first-created workflow as canonical.,Keep but Consolidate into Canonical Workflow
555253071,,Deal Stage - Company --> Contact,TRUE,51207,"deal_stage, opportunity_stage","hs_name, hs_value, num_associated_contacts, opportunity_stage",,,,,,,Keep as-is
578880015,,Deal stage --> 'Contact Deal Stage',TRUE,110586,"contact_deal_stage, dealstage","dealstage, hs_name, hs_value",,,,,,,Keep as-is
415719269,,Deal Stage --> Deal --> Company,TRUE,73894,opportunity_stage,"dealstage, opportunity_created_date, pipeline",,,,,,,Keep as-is
557946446,,Deal Stage -Deal --> Contact,TRUE,124056,deal_stage,"dealstage, hs_name, hs_value","557946446, 582860062, 581069693","Deal Stage -Deal --> Contact, Set contact deal stage = unqualified, Bestmoney - New Lead",Multiple workflows (3) write to the same properties: deal_stage; consolidate to a single canonical workflow to avoid conflicts and simplify maintenance.,582860062,Set contact deal stage = unqualified,Selected as base because it has the highest historical enrollment among workflows writing the same properties.,Keep but Consolidate into Canonical Workflow
495339563,,Deals - campaign/term drilldowns reconcile,TRUE,2029,"campaign_drilldown_1, hs_analytics_latest_source_data_1, hs_analytics_latest_source_data_2, hs_analytics_source_data_1, hs_analytics_source_data_2, term_drilldown_2, utm_campaign__c, utm_term__c","campaign_drilldown_1, hs_analytics_latest_source, hs_analytics_latest_source_data_1, hs_analytics_source, hs_analytics_source_data_1, pipeline, primary_inbound_channel, term_drilldown_2, utm_campaign__c, utm_source__c",,,,,,,Keep as-is
558111086,,disqualified - Company --> Contact,TRUE,27178,disqualified_,"disqualified_, num_associated_contacts","554148731, 558111086, 558120196, 558120779","Deal - Set to disqualifed = yes, disqualified - Company --> Contact, Disqualified - Deal --> Company, Disqualified - Contact --> Company",Multiple workflows (4) write to the same properties: disqualified_; consolidate to a single canonical workflow to avoid conflicts and simplify maintenance.,558120779,Disqualified - Contact --> Company,Selected as base because it has the highest historical enrollment among workflows writing the same properties.,Keep but Consolidate into Canonical Workflow
558120779,,Disqualified - Contact --> Company,TRUE,46600,disqualified_,disqualified_,"554148731, 558111086, 558120196, 558120779","Deal - Set to disqualifed = yes, disqualified - Company --> Contact, Disqualified - Deal --> Company, Disqualified - Contact --> Company",Multiple workflows (4) write to the same properties: disqualified_; consolidate to a single canonical workflow to avoid conflicts and simplify maintenance.,558120779,Disqualified - Contact --> Company,Selected as base because it has the highest historical enrollment among workflows writing the same properties.,Keep as Canonical Workflow
558120196,,Disqualified - Deal --> Company,TRUE,14732,disqualified_,disqualified_,"554148731, 558111086, 558120196, 558120779","Deal - Set to disqualifed = yes, disqualified - Company --> Contact, Disqualified - Deal --> Company, Disqualified - Contact --> Company",Multiple workflows (4) write to the same properties: disqualified_; consolidate to a single canonical workflow to avoid conflicts and simplify maintenance.,558120779,Disqualified - Contact --> Company,Selected as base because it has the highest historical enrollment among workflows writing the same properties.,Keep but Consolidate into Canonical Workflow
456140686,,DLI - PROXY,TRUE,93844,"date_account_came_inbound, dli___proxy",date_account_came_inbound,"456967082, 456140686","Proxy DAI --> DAI, DLI - PROXY","Multiple workflows (2) write to the same properties: date_account_came_inbound, dli___proxy; consolidate to a single canonical workflow to avoid conflicts and simplify maintenance.",456140686,DLI - PROXY,Selected as base because it has the highest historical enrollment among workflows writing the same properties.,Keep as Canonical Workflow
1626335133,,DS - Contact Sales Request | Email Response,TRUE,1502,,,,,,,,,Keep as-is
1655787627,,DS - Leads: Growth Tools (Safe/Invoice) | Funnel Optimization,TRUE,284,"entity_signatory_title___safe_note_generator, firstname, invoice_generator___referrer, lastname, safe_note_generator___submission_date, safe_note_generator___submission_log","address, createdate, dealstage, entity_signatory_title___safe_note_generator, firstname, full_name__daops, lastname, total_associated_deals",,,Low Total Enrollment,,,,Delete
1647349648,,DS – Application: Abandonment Reengagement | Funnel Optimization,TRUE,2402,"campaign_enrollment_log__journey_tracking, experiment_log","company, email, sql_date","1647349648, 1637317728","DS – Application: Abandonment Reengagement | Funnel Optimization, DS – Customer Onboarding: Founders | Lifecycle Engagement","Multiple workflows (3) write to the same properties: campaign_enrollment_log__journey_tracking, experiment_log; consolidate to a single canonical workflow to avoid conflicts and simplify maintenance.",1647349648,DS – Application: Abandonment Reengagement | Funnel Optimization,Selected as base because it has the highest historical enrollment among workflows writing the same properties.,Keep as Canonical Workflow
1637317728,,DS – Customer Onboarding: Founders | Lifecycle Engagement,TRUE,1667,"campaign_enrollment_log__journey_tracking, experiment_log","account_activated___initial_transaction_type, email, icp_category, pipeline_stage, referrer___a, timestamp_account_activated__c","1647349648, 1637317728","DS – Application: Abandonment Reengagement | Funnel Optimization, DS – Customer Onboarding: Founders | Lifecycle Engagement","Multiple workflows (3) write to the same properties: campaign_enrollment_log__journey_tracking, experiment_log; consolidate to a single canonical workflow to avoid conflicts and simplify maintenance.",1647349648,DS – Application: Abandonment Reengagement | Funnel Optimization,Selected as base because it has the highest historical enrollment among workflows writing the same properties.,Keep but Consolidate into Canonical Workflow
489805907,,Email Logged = Yes,TRUE,15460,logged_email,"date_account_came_inbound, hs_email_subject",,,,,,,Keep as-is
457760939,,Emails Clicked - Contact --> Company,TRUE,7250,marketing_emails_clicked,hs_email_campaign_group_id,,,,,,,Keep as-is
457838008,,Emails Opened - Contact --> Company,TRUE,241230,marketing_emails_opened,hs_email_campaign_group_id,,,,,,,Keep as-is
457838087,,Emails Sent - Contact --> Company,TRUE,1812325,marketing_emails_sent,hs_email_campaign_group_id,,,,,,,Keep as-is
586154145,,Engage - company name,FALSE,1144,company,"company, event",,,Inactive Workflow,,,,Delete
561685164,,Estimated 12 mo GP (mtd) - Company --> Deal/Contact,TRUE,47608,"estimated_12_mo__gp__mtd_, n12_mo__estimated_revenue__mtd_",gross_profit___mtd,,,,,,,Keep as-is
561193822,,estimated 365 days rev - mtd - company --> Deal,TRUE,1128672,"n365_est__rev__mtd____2, n365_est_rev__mtd_","hs_name, hs_value, n365_est__rev__mtd____2, today_s_date",,,,,,,Keep as-is
585586772,,Event = Tech week --> Set as rho banks nyc and nyrbnyc -,TRUE,7275,"ny_rbnyc, rho_banks_nyc",event,,,,,,,Keep as-is
578684426,,Exclusion List = no,TRUE,532,exclusion_list_,exclusion_list_,"578681952, 578684426","Exclusion List = yes, Exclusion List = no",Multiple workflows (2) write to the same properties: exclusion_list_; consolidate to a single canonical workflow to avoid conflicts and simplify maintenance.,578681952,Exclusion List = yes,Selected as base because it has the highest historical enrollment among workflows writing the same properties.,Keep but Consolidate into Canonical Workflow
578681952,,Exclusion List = yes,TRUE,373299,exclusion_list_,exclusion_list_,"578681952, 578684426","Exclusion List = yes, Exclusion List = no",Multiple workflows (2) write to the same properties: exclusion_list_; consolidate to a single canonical workflow to avoid conflicts and simplify maintenance.,578681952,Exclusion List = yes,Selected as base because it has the highest historical enrollment among workflows writing the same properties.,Keep as Canonical Workflow
492655402,,Facebook Form Signups --> Properties,FALSE,593,"date_account_came_inbound, icp_category, inbound_priority_type__cloned_, leadsource, lifecyclestage, primary_lead_channel, salesforce_inclusion, signup_conversion_page","company_size, gmail_email, jobtitle, seamless_revenue__c, utm_content",,,Inactive Workflow,,,,Delete
431054521,,First Conversion Mapping [Reed],TRUE,75156,"conversion_page, first_conversion_event_name, leadsource__c","first_conversion_event_name, leadsource__c",,,,,,,Keep as-is
473020495,,First Deal --> Recent Deal - Contact,TRUE,93684,"company_recent_deal_created_date, first_company_deal_created_date","company_recent_deal_created_date, first_company_deal_created_date",,,,,,,Keep as-is
476798874,,First email date - Company --> Deal,TRUE,2118,lead_nurturing_first_email_date,"createdate, lead_nurturing_first_email_date, pipeline",,,,,,,Keep as-is
531538003,,First Page Seen - Company --> Deal,TRUE,21975,first_page_seen,"first_page_seen, hs_name, hs_value",,,,,,,Keep as-is
531613697,,First Page Seen - Contact to Company,TRUE,55071,"first_page_seen, hs_analytics_first_url","first_page_seen, hs_analytics_first_url",,,,,,,Keep as-is
588150144,,Fraud = Yes,TRUE,4564,fraud___yes,compliance_denial_reason,,,,,,,Keep as-is
478192569,,Funnel stage at influenced deal,TRUE,473,"funnel_stage, funnel_stage_at_influenced_deal",influenced_deal_,,,Low Total Enrollment,,,,Delete
573093957,,Gross Profit - 2 months ago - Company --> Deal,TRUE,302023,gross_profit___2_months_ago,"gross_profit___2_months_ago, hs_name, hs_value",,,,,,,Keep as-is
575593337,,Gross Profit - 3 months ago - Company --> Deal,TRUE,269762,gross_profit___3_months_ago,"gross_profit___3_months_ago, hs_name, hs_value",,,,,,,Keep as-is
573203537,,Gross Profit - Last Month - Company --> Deal,TRUE,467352,gross_profit___last_month,"gross_profit___last_month, hs_name, hs_value",,,,,,,Keep as-is
575597968,,Gross Profit - MTD - Company --> Deal,TRUE,2497657,gross_profit___mtd,"gross_profit___mtd, hs_name, hs_value",,,,,,,Keep as-is
564155229,,Gross Profit All time - Company --> Deal,TRUE,2823920,gross_profit___all_time,"gross_profit___all_time, hs_name, hs_value",,,,,,,Keep as-is
487728784,,Has been meeting set --> Status back to = Meeting Set,TRUE,90,"leadstatus, timestamp_attempting_to_reach","date_account_came_inbound, leadstatus, timestamp_attempting_to_reach",,,Low Total Enrollment,,,,Delete
478221649,,Heard about you known?,TRUE,546,heard_about_you_known_,,,,,,,,Keep as-is
585889384,,How did you hear about us - dropdown --> How did you hear about us,TRUE,2058,"dropdown___how_did_you_first_hear_about_rho_, how_did_you_first_hear_about_rho",dropdown___how_did_you_first_hear_about_rho_,,,,,,,Keep as-is
472230188,,Hubspot Score Text,TRUE,2990301,"hubspot_score___text, hubspotscore",hubspotscore,,,,,,,Keep as-is
568330310,,ICP category - Deal --> Contact,TRUE,16685,icp_category,"icp_category, opportunity_created_date",,,,,,,Keep as-is
569169579,,ICP Category --> Company to deal or contact,FALSE,56142,icp_category,"createdate, icp_category, lead_nurturing_enroll_date, opportunity_created_date",,,Inactive Workflow,,,,Delete
583256482,,Inbound Channel Bucket - Contacts,TRUE,75436,demand_gen_bucket,"event, marketing_lead_channel, primary_lead_channel, sync_to_objects",,,,,,,Keep as-is
583258402,,Inbound Channel Bucket - Deal,TRUE,66626,"contact___bucket, inbound_channel_bucket","contact___bucket, event__c, hs_name, hs_value, marketing_lead_channel, pic___contact, primary_inbound_channel",,,,,,,Keep as-is
472224082,,Inbound Contact Name to Company,TRUE,36466,"email, firstname, inbound_contact_email, inbound_contact_first_name, inbound_contact_last_name, lastname",date_account_came_inbound,,,,,,,Keep as-is
465996291,,Inbound Signup Path - Company --> Deal,TRUE,58371,inbound_signup_path,"hs_name, hs_value, inbound_signup_path",,,,,,,Keep as-is
466056792,,Inbound Signup Path - Contact --> Company,TRUE,86570,"inbound_signup_path, inbound_signup_type","inbound_signup_path, inbound_signup_type",,,,,,,Keep as-is
483575842,,Inbound Signups - slack notification,TRUE,19580,,"date_account_came_inbound, disqualified_, inbound_priority_type__cloned_, lead_after_deal, pre_qualification_outcome, primary_lead_channel",,,,,,,Keep as-is
516066563,,Inbound type - Company --> Deal,TRUE,22166,inbound_type,"inbound_type, num_associated_deals, pipeline, sync_to_objects","516066563, 551271228, 516064056","Inbound type - Company --> Deal, Inbound type - Contact --> Company - has a deal, Inbound type - Contact --> Company",Multiple workflows (4) write to the same properties: inbound_type; consolidate to a single canonical workflow to avoid conflicts and simplify maintenance.,516064056,Inbound type - Contact --> Company,Selected as base because it has the highest historical enrollment among workflows writing the same properties.,Keep but Consolidate into Canonical Workflow
551253587,,Inbound type - Company --> Deal - >1,FALSE,891,inbound_type,"hs_name, hs_value, inbound_type, num_associated_deals, pipeline",,,Inactive Workflow,,,,Delete
516064056,,Inbound type - Contact --> Company,TRUE,31781,inbound_type,"inbound_priority_type__cloned_, inbound_type, sync_to_objects","516066563, 551271228, 516064056","Inbound type - Company --> Deal, Inbound type - Contact --> Company - has a deal, Inbound type - Contact --> Company",Multiple workflows (4) write to the same properties: inbound_type; consolidate to a single canonical workflow to avoid conflicts and simplify maintenance.,516064056,Inbound type - Contact --> Company,Selected as base because it has the highest historical enrollment among workflows writing the same properties.,Keep as Canonical Workflow
551271228,,Inbound type - Contact --> Company - has a deal,TRUE,5938,inbound_type,"inbound_priority_type__cloned_, inbound_type, of_associated_company_deals","516066563, 551271228, 516064056","Inbound type - Company --> Deal, Inbound type - Contact --> Company - has a deal, Inbound type - Contact --> Company",Multiple workflows (4) write to the same properties: inbound_type; consolidate to a single canonical workflow to avoid conflicts and simplify maintenance.,516064056,Inbound type - Contact --> Company,Selected as base because it has the highest historical enrollment among workflows writing the same properties.,Keep but Consolidate into Canonical Workflow
588156696,,Inbound Type = Warm --> Set properties to route,TRUE,304,"convert_to_contact, hubspot_vc, inbound_priority_type__cloned_, lifecyclestage, salesforce_inclusion","bf_warm, funnel_stage, nurture_path, salesforcecontactid",,,Low Total Enrollment,,,,Delete
501117296,,Industry to Hubspot industry,TRUE,121595,"industry, industry__c","industry, industry__c",,,,,,,Keep as-is
472228948,,Influenced Email Channel,TRUE,909,influenced_inbound_channel,"date_account_came_inbound, primary_inbound_channel",,,,,,,Keep as-is
435464576,,IP + Other Reasons --> Unqualified = yes,TRUE,55996,unqualified_,"date_account_came_inbound, disqualified_reason__c, hs_analytics_first_referrer, leadsource, leadstatus, lifecyclestage, primary_lead_channel",,,,,,,Keep as-is
478225294,,Last activity date at nurturing start - company and deals,TRUE,118307,"last_activity_date_at_nurturing_start, notes_last_updated","lead_nurturing_first_email_date, lead_nurturing_status",,,,,,,Keep as-is
509829934,,Last Marketing Email Name/Date - Contact --> Company,TRUE,1330408,"hs_email_last_email_name, hs_email_last_send_date, last_marketing_email_name, last_marketing_email_send_date",,,,,,,,Keep as-is
573911659,,Latest Disposition - Contact --> Deal,TRUE,1517,latest_disposition,"createdate, latest_disposition",,,,,,,Keep as-is
566224724,,Lead > 14 days old,TRUE,72103,inbound__14_days_old,date_account_came_inbound,,,,,,,Keep as-is
566207021,,Lead > 7 days old,TRUE,73079,inbound__7_days_old,date_account_came_inbound,,,,,,,Keep as-is
456245321,,Lead After Deal - Company --> Deal,TRUE,4082,lead_after_deal,"lead_after_deal, utm_source__c","456245321, 465191018, 456245319, 432461715","Lead After Deal - Company --> Deal, Lead after Deal - opp/cust = yes, Lead After Deal - Contact --> Company, Lead After Deal - yes",Multiple workflows (4) write to the same properties: lead_after_deal; consolidate to a single canonical workflow to avoid conflicts and simplify maintenance.,456245319,Lead After Deal - Contact --> Company,Selected as base because it has the highest historical enrollment among workflows writing the same properties.,Keep but Consolidate into Canonical Workflow
456245319,,Lead After Deal - Contact --> Company,TRUE,4773,lead_after_deal,lead_after_deal,"456245321, 465191018, 456245319, 432461715","Lead After Deal - Company --> Deal, Lead after Deal - opp/cust = yes, Lead After Deal - Contact --> Company, Lead After Deal - yes",Multiple workflows (4) write to the same properties: lead_after_deal; consolidate to a single canonical workflow to avoid conflicts and simplify maintenance.,456245319,Lead After Deal - Contact --> Company,Selected as base because it has the highest historical enrollment among workflows writing the same properties.,Keep as Canonical Workflow
465191018,,Lead after Deal - opp/cust = yes,TRUE,3032,lead_after_deal,"date_account_came_inbound, first_company_deal_created_date, hs_v2_date_entered_customer, hs_v2_date_entered_opportunity, lead_after_deal, leadsource","456245321, 465191018, 456245319, 432461715","Lead After Deal - Company --> Deal, Lead after Deal - opp/cust = yes, Lead After Deal - Contact --> Company, Lead After Deal - yes",Multiple workflows (4) write to the same properties: lead_after_deal; consolidate to a single canonical workflow to avoid conflicts and simplify maintenance.,456245319,Lead After Deal - Contact --> Company,Selected as base because it has the highest historical enrollment among workflows writing the same properties.,Keep but Consolidate into Canonical Workflow
432461715,,Lead After Deal - yes,TRUE,4502,lead_after_deal,"date_account_came_inbound, first_company_deal_created_date, form_submission_date__c, utm_source","456245321, 465191018, 456245319, 432461715","Lead After Deal - Company --> Deal, Lead after Deal - opp/cust = yes, Lead After Deal - Contact --> Company, Lead After Deal - yes",Multiple workflows (4) write to the same properties: lead_after_deal; consolidate to a single canonical workflow to avoid conflicts and simplify maintenance.,456245319,Lead After Deal - Contact --> Company,Selected as base because it has the highest historical enrollment among workflows writing the same properties.,Keep but Consolidate into Canonical Workflow
478015139,,Lead converted to contact - Opp or Customer,TRUE,2788,leadstatus,"date_account_came_inbound, last_deal_pipeline, leadstatus, lifecyclestage, recent_deal_created_date, salesforcecontactid","1623178028, 565556096, 478015139, 478017128, 431530163, 429460006","Lead/Contact Status to Bounced, Playground signups --> status = new, Lead converted to contact - Opp or Customer, ^Lead converted to contact - Status = New, copy lead status to company, Status - attempting to reach",Multiple workflows (6) write to the same properties: leadstatus; consolidate to a single canonical workflow to avoid conflicts and simplify maintenance.,431530163,copy lead status to company,Selected as base because it has the highest historical enrollment among workflows writing the same properties.,Keep but Consolidate into Canonical Workflow
585858214,,Lead Notes --> Call Notes,FALSE,44,"call_notes__c, lead_notes__c","event, lead_notes__c",,,"Inactive Workflow, Low Total Enrollment",,,,Delete
478181939,,Lead Nurturing - Companies in motion,TRUE,21844,companies_in_motion,"lead_nurturing_first_email_date, notes_last_updated",,,,,,,Keep as-is
504851234,,Lead Nurturing - Email - Private Equity path,FALSE,18117,"lead_nurturing_enroll_date, lead_nurturing_first_email_date, lead_nurturing_status","lead_nurturing_status, nurture_path",,,Inactive Workflow,,,,Delete
487947660,,Lead Nurturing - NAHB/Construction - Top,FALSE,70960,"construction__nahb_journey_finish_date, lead_nurturing_enroll_date, lead_nurturing_status","lead_nurturing_status, nurture_path",,,Inactive Workflow,,,,Delete
478192479,,Lead Nurturing - stamp first activity date after nurturing,TRUE,18563,"first_activity_after_nurturing_date, first_activity_date_after_nurturing, first_sales_touch_after_nurturing_activity, in_motion_activity","hs_call_direction, hs_email_direction, lead_nurturing_first_email_date, notes_last_updated",,,,,,,Keep as-is
472412313,,Lead Nurturing and Influenced Deal signup- Slack notification,TRUE,527,,"influenced_deal_, lead_nurturing_signup, opportunity_created_date, pipeline",,,,,,,Keep as-is
504730640,,Lead nurturing finished --> Stamp LN end date,TRUE,168373,lead_nurturing_end_date,"lead_nurturing_end_date, lead_nurturing_status",,,,,,,Keep as-is
551889471,,Lead Nurturing Master exclusion List --> LN Finished,TRUE,13827,lead_nurturing_status,lead_nurturing_status,"551889471, 509387141","Lead Nurturing Master exclusion List --> LN Finished, Stamp Lead nurturing finished - Other than List filters",Multiple workflows (2) write to the same properties: lead_nurturing_status; consolidate to a single canonical workflow to avoid conflicts and simplify maintenance.,509387141,Stamp Lead nurturing finished - Other than List filters,Selected as base because it has the highest historical enrollment among workflows writing the same properties.,Keep but Consolidate into Canonical Workflow
508453013,,Lead Nurturing Path - Company --> Deal,TRUE,1908,lead_nurturing_path,"lead_nurturing_path, pipeline",,,,,,,Keep as-is
508455801,,Lead Nurturing Path - Contact --> Company,TRUE,213022,"lead_nurturing_path, nurture_path",nurture_path,,,,,,,Keep as-is
469995015,,Lead Nurturing signup - company,TRUE,536,"lead_nurturing_signup, nurturing_after_placeholder_meeting, nurturing_after_placeholder_meeting_","date_account_came_inbound, last_came_inbound, lead_nurturing_first_email_date, placeholder_meeting_date",,,,,,,Keep as-is
466727434,,Lead Nurturing Signup - contact,TRUE,539,lead_nurturing_signup,"date_account_came_inbound, lead_nurturing_first_email_date",,,,,,,Keep as-is
568986656,,Lead Routed to Owner,TRUE,17601,"deal_owner, lead_routed_to, original_owner, original_ownership","date_account_came_inbound, deal_owner, hubspot_owner_assigneddate, inbound_priority_type__cloned_, original_owner, original_ownership",,,,,,,Keep as-is
1623178028,,Lead/Contact Status to Bounced,TRUE,9290,leadstatus,,"1623178028, 565556096, 478015139, 478017128, 431530163, 429460006","Lead/Contact Status to Bounced, Playground signups --> status = new, Lead converted to contact - Opp or Customer, ^Lead converted to contact - Status = New, copy lead status to company, Status - attempting to reach",Multiple workflows (6) write to the same properties: leadstatus; consolidate to a single canonical workflow to avoid conflicts and simplify maintenance.,431530163,copy lead status to company,Selected as base because it has the highest historical enrollment among workflows writing the same properties.,Keep but Consolidate into Canonical Workflow
441316175,,Lifecycle Stage = MQL,TRUE,103922,lifecyclestage,"lifecyclestage, qualified_lead_","585837121, 555253790, 441316175","Set lifecycle stage as partner, Lifecycle stage = SAL, Lifecycle Stage = MQL",Multiple workflows (3) write to the same properties: lifecyclestage; consolidate to a single canonical workflow to avoid conflicts and simplify maintenance.,441316175,Lifecycle Stage = MQL,Selected as base because it has the highest historical enrollment among workflows writing the same properties.,Keep as Canonical Workflow
555253790,,Lifecycle stage = SAL,TRUE,13176,lifecyclestage,"dealstage, lifecyclestage, pipeline, sal_date__c","585837121, 555253790, 441316175","Set lifecycle stage as partner, Lifecycle stage = SAL, Lifecycle Stage = MQL",Multiple workflows (3) write to the same properties: lifecyclestage; consolidate to a single canonical workflow to avoid conflicts and simplify maintenance.,441316175,Lifecycle Stage = MQL,Selected as base because it has the highest historical enrollment among workflows writing the same properties.,Keep but Consolidate into Canonical Workflow
477214025,,Linkedin Ad Signup - Stamp properties,FALSE,485,"date_account_came_inbound, inbound_priority_type__cloned_, leadsource, lifecyclestage, primary_lead_channel, salesforce_inclusion, signup_conversion_page",,,,"Inactive Workflow, Low Total Enrollment",,,,Delete
491121588,,LN status = finished --> set as non marketing contact,TRUE,206443,,"hs_marketable_status, lifecyclestage",,,,,,,Keep as-is
440424074,,Mark as gmail,FALSE,2267980,gmail_email,email,,,Inactive Workflow,,,,Delete
427220396,,Mark As Other--> Unqualified = yes,TRUE,35167,"lifecyclestage, unqualified_","associatedcompanyid, company, first_conversion_event_name, hs_email_domain, recent_conversion_event_name",,,,,,,Keep as-is
554101105,,Marketing Client Approved or Activations - slack notification,FALSE,1347,,"opportunity_source, pipeline, timestamp__account_created, timestamp_account_activated__c",,,Inactive Workflow,,,,Delete
495403153,,Marketing Lead Gen - Downloads --> Lifecycle stage = Marketing Lead,TRUE,3016,"inbound_action, leadsource, lifecyclestage","date_account_came_inbound, leadsource, lifecyclestage, recent_conversion_event_name",,,,,,,Keep as-is
505432158,,Marketing Lead Gen - Navattic --> Stamp Properties,FALSE,27,"inbound_action, lead_gen_source, leadsource, lifecyclestage","date_account_came_inbound, hs_analytics_source_data_2, hs_latest_source_data_2, lifecyclestage",,,"Inactive Workflow, Low Total Enrollment",,,,Delete
558383127,,Marketing Lead Source --> Marketing Lead_Source,TRUE,39167,"lead_gen_source, marketing_lead_source",lead_gen_source,,,,,,,Keep as-is
502419584,,Marketing Leads --> Stamp Path --> LN status = enrolled,TRUE,1937,"lead_nurturing_status, nurture_path","icp_category, lead_gen_source, lead_nurturing_status, lifecyclestage, nurture_path",,,,,,,Keep as-is
483470432,,Marketing or Partner SQLs - slack notification,FALSE,3500,,"opportunity_source, pipeline, sql_date",,,Inactive Workflow,,,,Delete
483941660,,Meeting Set --> Contact Made = Yes,TRUE,25066,contact_made_,"leadstatus, outreach_stage__c","566213962, 483941660, 481584498","Contact made = yes, Meeting Set --> Contact Made = Yes, contact made - contact --> company",Multiple workflows (3) write to the same properties: contact_made_; consolidate to a single canonical workflow to avoid conflicts and simplify maintenance.,481584498,contact made - contact --> company,Selected as base because it has the highest historical enrollment among workflows writing the same properties.,Keep but Consolidate into Canonical Workflow
537218482,,Meeting Set --> SQL = Yes,TRUE,1484,sql_,"date_account_came_inbound, leadstatus, lifecyclestage, sdr_meeting_booked_, sql_","554228842, 570882591, 537218482","Deal - SQL = Yes, Contact - SQL? = yes, Meeting Set --> SQL = Yes",Multiple workflows (3) write to the same properties: sql_; consolidate to a single canonical workflow to avoid conflicts and simplify maintenance.,570882591,Contact - SQL? = yes,Selected as base because it has the highest historical enrollment among workflows writing the same properties.,Keep but Consolidate into Canonical Workflow
531539364,,Middle - warm,TRUE,19732,middle___warm_,hubspotscore,,,,,,,Keep as-is
555039033,,Navan referral - external notification,TRUE,225,,,,,Low Total Enrollment,,,,Delete
482590519,,non-mql --> MQL - signup bucket,TRUE,9942,self_serve_bucket,"application_completed, disqualified_, qualified_lead_, self_serve_bucket, unqualified_","482590519, 482504852","non-mql --> MQL - signup bucket, Signup Buckets - Self-Serve",Multiple workflows (2) write to the same properties: self_serve_bucket; consolidate to a single canonical workflow to avoid conflicts and simplify maintenance.,482504852,Signup Buckets - Self-Serve,Selected as base because it has the highest historical enrollment among workflows writing the same properties.,Keep but Consolidate into Canonical Workflow
573638972,,NY RBNYC - Company --> Contact + Deal,TRUE,11620,ny_rbnyc,"clearbit_state, hs_name, hs_value, ny_rbnyc, rho_banks_nyc, state","573638972, 573652335","NY RBNYC - Company --> Contact + Deal, NY RBNYC - contact --> Company and Deal",Multiple workflows (2) write to the same properties: ny_rbnyc; consolidate to a single canonical workflow to avoid conflicts and simplify maintenance.,573652335,NY RBNYC - contact --> Company and Deal,Selected as base because it has the highest historical enrollment among workflows writing the same properties.,Keep but Consolidate into Canonical Workflow
573652335,,NY RBNYC - contact --> Company and Deal,TRUE,5709,ny_rbnyc,"hubspot_state, ip_state, rho_banks_nyc, state","573638972, 573652335","NY RBNYC - Company --> Contact + Deal, NY RBNYC - contact --> Company and Deal",Multiple workflows (2) write to the same properties: ny_rbnyc; consolidate to a single canonical workflow to avoid conflicts and simplify maintenance.,573652335,NY RBNYC - contact --> Company and Deal,Selected as base because it has the highest historical enrollment among workflows writing the same properties.,Keep as Canonical Workflow
436887078,,Opp or customer --> Qualified = yes,TRUE,36578,qualified_lead_,lifecyclestage,"536059943, 481567321, 430705693, 429638327, 436887078, 429469325","Unqualified = Yes --> DQ status, SQL? = Qualified lead, Qualified Lead Trigger - Sign Up Flow Revenue + Employees, Qualified Lead Trigger - Clearbit/HubSpot - Revenue, Opp or customer --> Qualified = yes, Qualified Lead = Yes - lifecycle opp or customer",Multiple workflows (6) write to the same properties: qualified_lead_; consolidate to a single canonical workflow to avoid conflicts and simplify maintenance.,429469325,Qualified Lead = Yes - lifecycle opp or customer,Selected as base because it has the highest historical enrollment among workflows writing the same properties.,Keep but Consolidate into Canonical Workflow
597730484,,Opportunity source - Deal --> Contact,TRUE,52706,opportunity_source,"hs_name, hs_value, opportunity_source",,,,,,,Keep as-is
429534243,,Other - Clear Date Lead Came Inbound,TRUE,2305,"date_account_came_inbound, disqualified_reason__c, leadsource, leadstatus",lifecyclestage,,,,,,,Keep as-is
585830297,,Out of Home --> Event = Tech week,TRUE,39,event,primary_lead_channel,,,Low Total Enrollment,,,,Delete
553202285,,Overall Application Status - Deal --> Company + Contact,TRUE,44239,overall_application_status,"hs_name, hs_value, overall_application_status",,,,,,,Keep as-is
565487704,,Owner - Reed or Justin --> Marketing pool,TRUE,817,hubspot_owner_id,"apollo_tag, hubspot_owner_id","1623672664, 1622962244, 565487704","*Influencer | MyTechCEO - Assignation, Super Connector - Owner ssignation based on location, Owner - Reed or Justin --> Marketing pool",Multiple workflows (3) write to the same properties: hubspot_owner_id; consolidate to a single canonical workflow to avoid conflicts and simplify maintenance.,565487704,Owner - Reed or Justin --> Marketing pool,Selected as base because it has the highest historical enrollment among workflows writing the same properties.,Keep as Canonical Workflow
536119865,,Part of Playground = Yes,TRUE,7283,playground_,pre_qualification_started,,,,,,,Keep as-is
446002076,,Partner key --> Lead Source = Partner,FALSE,117,leadsource,"event__c, form_submission_date__c, leadsource, partnerstack_lead_key__c, partnerstack_partner_key__c, referrer__c",,,"Inactive Workflow, Low Total Enrollment",,,,Delete
467996015,,partner page utms,TRUE,141,"leadsource, primary_lead_channel, referrer__c",utm_source,,,Low Total Enrollment,,,,Delete
600145329,,Partnerships - Inbound Operations,TRUE,227,"leadsource, referrer___a",partnership,,,Low Total Enrollment,,,,Delete
478213203,,Placeholder Meeting Date,TRUE,246,placeholder_meeting_date,"hs_task_subject, hubspot_owner_id",,,Low Total Enrollment,,,,Delete
478213209,,Placeholder Meeting Date Company --> Deal,TRUE,180,placeholder_meeting_date,placeholder_meeting_date,"478213209, 478213203","Placeholder Meeting Date Company --> Deal, Placeholder Meeting Date",Multiple workflows (2) write to the same properties: placeholder_meeting_date; consolidate to a single canonical workflow to avoid conflicts and simplify maintenance.,478213209,Placeholder Meeting Date Company --> Deal,Selected as base because enrollment data is unavailable; using the first-created workflow as canonical.,Keep as Canonical Workflow
565556096,,Playground signups --> status = new,TRUE,3911,leadstatus,"date_account_came_inbound, dealstage, leadstatus, lifecyclestage, playground_, pre_qualification_outcome, salesforcecontactid, sdr_meeting_booked_","1623178028, 565556096, 478015139, 478017128, 431530163, 429460006","Lead/Contact Status to Bounced, Playground signups --> status = new, Lead converted to contact - Opp or Customer, ^Lead converted to contact - Status = New, copy lead status to company, Status - attempting to reach",Multiple workflows (6) write to the same properties: leadstatus; consolidate to a single canonical workflow to avoid conflicts and simplify maintenance.,431530163,copy lead status to company,Selected as base because it has the highest historical enrollment among workflows writing the same properties.,Keep but Consolidate into Canonical Workflow
551846981,,Post Intro Call Booked - set as marketing contact,TRUE,443,,"pipeline, upcoming_call_date__c",,,Low Total Enrollment,,,,Delete
571239315,,Pre qual = Unqualified --> Status = Disqualified,TRUE,2161,"disqualified_, disqualified_reason__c, leadstatus","pre_qualification_outcome, unqualified_",,,,,,,Keep as-is
551493468,,Pre qual outcome - Contact --> Deal,TRUE,18155,pre_qualification_outcome,pre_qualification_outcome,,,,,,,Keep as-is
460380164,,Primary Inbound Channel - Company --> Deal,TRUE,54698,primary_inbound_channel,"hs_name, hs_value, num_associated_deals, pipeline, primary_inbound_channel, sync_to_objects","585409209, 565518086, 460380164","Deal - Fix Primary Inbound - Naming, Deal PIC - startup nyc --> rho banks, Primary Inbound Channel - Company --> Deal",Multiple workflows (3) write to the same properties: primary_inbound_channel; consolidate to a single canonical workflow to avoid conflicts and simplify maintenance.,585409209,Deal - Fix Primary Inbound - Naming,Selected as base because enrollment data is unavailable; using the first-created workflow as canonical.,Keep but Consolidate into Canonical Workflow
460380750,,Primary Inbound Channel - Contact --> Company,TRUE,497342,"primary_inbound_channel, primary_lead_channel","date_account_came_inbound, primary_inbound_channel, primary_lead_channel, sync_to_objects",,,,,,,Keep as-is
456967082,,Proxy DAI --> DAI,TRUE,21520,"date_account_came_inbound, dli___proxy","date_account_came_inbound, dli___proxy, lead_after_deal, lifecyclestage","456967082, 456140686","Proxy DAI --> DAI, DLI - PROXY","Multiple workflows (2) write to the same properties: date_account_came_inbound, dli___proxy; consolidate to a single canonical workflow to avoid conflicts and simplify maintenance.",456140686,DLI - PROXY,Selected as base because it has the highest historical enrollment among workflows writing the same properties.,Keep but Consolidate into Canonical Workflow
447856390,,Qualified Company = yes,TRUE,40706,qualified_company_,"date_account_came_inbound, qualified_lead_",,,,,,,Keep as-is
429469325,,Qualified Lead = Yes - lifecycle opp or customer,TRUE,287786,qualified_lead_,lifecyclestage,"536059943, 481567321, 430705693, 429638327, 436887078, 429469325","Unqualified = Yes --> DQ status, SQL? = Qualified lead, Qualified Lead Trigger - Sign Up Flow Revenue + Employees, Qualified Lead Trigger - Clearbit/HubSpot - Revenue, Opp or customer --> Qualified = yes, Qualified Lead = Yes - lifecycle opp or customer",Multiple workflows (6) write to the same properties: qualified_lead_; consolidate to a single canonical workflow to avoid conflicts and simplify maintenance.,429469325,Qualified Lead = Yes - lifecycle opp or customer,Selected as base because it has the highest historical enrollment among workflows writing the same properties.,Keep as Canonical Workflow
429638327,,Qualified Lead Trigger - Clearbit/HubSpot - Revenue,TRUE,33451,qualified_lead_,"company_size, date_account_came_inbound, gmail_email, hubspot_revenue, inbound_priority_type__cloned_, ip_country, lead_after_deal, lead_nurturing_enroll_date, lifecyclestage, seamless_revenue__c, sign_up_flow_estimated_annual_revenue__c","536059943, 481567321, 430705693, 429638327, 436887078, 429469325","Unqualified = Yes --> DQ status, SQL? = Qualified lead, Qualified Lead Trigger - Sign Up Flow Revenue + Employees, Qualified Lead Trigger - Clearbit/HubSpot - Revenue, Opp or customer --> Qualified = yes, Qualified Lead = Yes - lifecycle opp or customer",Multiple workflows (6) write to the same properties: qualified_lead_; consolidate to a single canonical workflow to avoid conflicts and simplify maintenance.,429469325,Qualified Lead = Yes - lifecycle opp or customer,Selected as base because it has the highest historical enrollment among workflows writing the same properties.,Keep but Consolidate into Canonical Workflow
430705693,,Qualified Lead Trigger - Sign Up Flow Revenue + Employees,TRUE,31254,qualified_lead_,"company_employee_bucket, date_account_came_inbound, firstname, ip_country, lifecyclestage, numberofemployees, qualified_lead_, sign_up_flow_employees__c, sign_up_flow_estimated_annual_revenue__c","536059943, 481567321, 430705693, 429638327, 436887078, 429469325","Unqualified = Yes --> DQ status, SQL? = Qualified lead, Qualified Lead Trigger - Sign Up Flow Revenue + Employees, Qualified Lead Trigger - Clearbit/HubSpot - Revenue, Opp or customer --> Qualified = yes, Qualified Lead = Yes - lifecycle opp or customer",Multiple workflows (6) write to the same properties: qualified_lead_; consolidate to a single canonical workflow to avoid conflicts and simplify maintenance.,429469325,Qualified Lead = Yes - lifecycle opp or customer,Selected as base because it has the highest historical enrollment among workflows writing the same properties.,Keep but Consolidate into Canonical Workflow
581828486,,RB2B - stamp properties,FALSE,1999,"account_tag__c, apollo_tag, lifecyclestage, salesforce_inclusion, seamless_lists__c",,,,Inactive Workflow,,,,Delete
589842757,,Referrer Account --> Deal Lead source - Partner Inbound,TRUE,1613,lead_source,"lead_source, referrer___account","597765536, 589842757","Bucket = Partner --> Lead Source = Partner, Referrer Account --> Deal Lead source - Partner Inbound",Multiple workflows (2) write to the same properties: lead_source; consolidate to a single canonical workflow to avoid conflicts and simplify maintenance.,597765536,Bucket = Partner --> Lead Source = Partner,Selected as base because enrollment data is unavailable; using the first-created workflow as canonical.,Keep but Consolidate into Canonical Workflow
574974994,,Restamp Inbound Type - verification pending,TRUE,944,inbound_priority_type__cloned_,"date_account_came_inbound, dealstage, inbound_priority_type__cloned_, lifecyclestage",,,,,,,Keep as-is
436111686,,Revenue Bucket,TRUE,211651,"rev_bucket, revenueforecastrange, seamless_revenue__c, sign_up_flow_estimated_annual_revenue__c","revenue_bucket, revenueforecastrange, seamless_revenue__c, sign_up_flow_estimated_annual_revenue__c",,,,,,,Keep as-is
564753271,,Rho banks nyc - change lead source to marketing,TRUE,479,leadsource,"event, leadsource, primary_lead_channel",,,Low Total Enrollment,,,,Delete
573498148,,Rho Banks NYC - Contact --> Deal,TRUE,21116,rho_banks_nyc_,rho_banks_nyc,"573497884, 573498148","rho banks nyc - deal, Rho Banks NYC - Contact --> Deal",Multiple workflows (2) write to the same properties: rho_banks_nyc_; consolidate to a single canonical workflow to avoid conflicts and simplify maintenance.,573498148,Rho Banks NYC - Contact --> Deal,Selected as base because it has the highest historical enrollment among workflows writing the same properties.,Keep as Canonical Workflow
573497884,,rho banks nyc - deal,TRUE,6900,rho_banks_nyc_,"event__c, inbound_channel_bucket, industry, primary_inbound_channel, source_of_funds","573497884, 573498148","rho banks nyc - deal, Rho Banks NYC - Contact --> Deal",Multiple workflows (2) write to the same properties: rho_banks_nyc_; consolidate to a single canonical workflow to avoid conflicts and simplify maintenance.,573498148,Rho Banks NYC - Contact --> Deal,Selected as base because it has the highest historical enrollment among workflows writing the same properties.,Keep but Consolidate into Canonical Workflow
573503127,,Rho banks nyc - deal --> company,TRUE,7526,rho_banks_nyc,rho_banks_nyc_,,,,,,,Keep as-is
573508636,,Rho Banks NYC/Hubspot-VC- contact,TRUE,6675,"hubspot_vc, rho_banks_nyc","date_account_came_inbound, demand_gen_bucket, event__c, hs_analytics_first_url, inbound_channel_bucket, industry_app, primary_inbound_channel, primary_lead_channel, rho_banks_nyc_, source_of_funds",,,,,,,Keep as-is
565494277,,Router Status,TRUE,16622,router_status,"dealstage, opportunity_created_date",,,,,,,Keep as-is
585430616,,Routing Channel from Opp to Contact,TRUE,15324,routing_channel,routing_channel,,,,,,,Keep as-is
557730488,,SAL Date - Company --> Contact,TRUE,28103,"sal_, sal_date","num_associated_contacts, sal_date",,,,,,,Keep as-is
570909262,,SAL Date - Deal --> Company,TRUE,21951,"sal_, sal_date, sal_date__c","sal_date, sal_date__c",,,,,,,Keep as-is
536145711,,Sales Outreach Status - Deal --> Company + Contact,FALSE,3727,sales_outreach_status,"hs_name, hs_value, sales_outreach_status",,,Inactive Workflow,,,,Delete
580011143,,Salesforce - Hubspot-VC --> Yes,TRUE,5711,hubspot_vc,"industry_app, source_of_funds, vc_backed_sfdc",,,,,,,Keep as-is
416075673,,Salesforce Lead = yes,TRUE,150414,sfdc_lead_,salesforceleadid,,,,,,,Keep as-is
483565090,,Sector - Company --> Deal,TRUE,17225,"sector, sector__c","hs_name, hs_value, sector, sector__c","436197894, 483565090","Copy company sector to contact, Sector - Company --> Deal","Multiple workflows (2) write to the same properties: sector, sector__c; consolidate to a single canonical workflow to avoid conflicts and simplify maintenance.",436197894,Copy company sector to contact,Selected as base because enrollment data is unavailable; using the first-created workflow as canonical.,Keep but Consolidate into Canonical Workflow
554344979,,segment - Company --> Deal,TRUE,41058,segment,"dealname, segment","554344979, 554336819, 554997119, 554111385, 554980516","segment - Company --> Deal, Segment - Contact --> Company, Stamp Segment - Marketing Leads, Stamp Segment - Middle Market or SMB, Stamp Segment - Sales Prospects",Multiple workflows (5) write to the same properties: segment; consolidate to a single canonical workflow to avoid conflicts and simplify maintenance.,554980516,Stamp Segment - Sales Prospects,Selected as base because it has the highest historical enrollment among workflows writing the same properties.,Keep but Consolidate into Canonical Workflow
554336819,,Segment - Contact --> Company,TRUE,539279,segment,segment,"554344979, 554336819, 554997119, 554111385, 554980516","segment - Company --> Deal, Segment - Contact --> Company, Stamp Segment - Marketing Leads, Stamp Segment - Middle Market or SMB, Stamp Segment - Sales Prospects",Multiple workflows (5) write to the same properties: segment; consolidate to a single canonical workflow to avoid conflicts and simplify maintenance.,554980516,Stamp Segment - Sales Prospects,Selected as base because it has the highest historical enrollment among workflows writing the same properties.,Keep but Consolidate into Canonical Workflow
417112488,,Self serve - Inbound Signup Path,TRUE,92563,inbound_signup_type,"date_account_came_inbound, inbound_priority_type__cloned_, inbound_signup_type",,,,,,,Keep as-is
590721422,,SelfServe/CS = Yes,TRUE,72690,self_serve_cs_pipeline_,"application_submitted_date, date_account_came_inbound, inbound_priority_type__cloned_, pipeline",,,,,,,Keep as-is
462986773,,Sent to compliance date,TRUE,1685,sent_to_compliance_,sent_to_compliance_date,,,,,,,Keep as-is
581804653,,"Set Account Manager Name, Email",FALSE,1111,"account_manager, account_manager_email, account_manager_name",accounts_manager,,,Inactive Workflow,,,,Delete
429490260,,set as non marketing - Bounced,TRUE,27985,,"hs_email_bounce, hs_email_hard_bounce_reason_enum",,,,,,,Keep as-is
582860062,,Set contact deal stage = unqualified,TRUE,945,deal_stage,"deal_stage, pre_qualification_outcome","557946446, 582860062, 581069693","Deal Stage -Deal --> Contact, Set contact deal stage = unqualified, Bestmoney - New Lead",Multiple workflows (3) write to the same properties: deal_stage; consolidate to a single canonical workflow to avoid conflicts and simplify maintenance.,582860062,Set contact deal stage = unqualified,Selected as base because it has the highest historical enrollment among workflows writing the same properties.,Keep as Canonical Workflow
460386352,,Set Funnel Stage,TRUE,3537415,funnel_stage,"funnel_stage, hubspotscore",,,,,,,Keep as-is
535321510,,Set Inbound Type - Bottom Funnel Warm,TRUE,451,"bf_warm, leadsource","event, funnel_stage, inbound_priority_type__cloned_, lead_nurturing_status, leadsource, lifecyclestage, not_bottom_funnel, nurture_path",,,Low Total Enrollment,,,,Delete
499504417,,Set Inbound Type - Self Serve + Contact Sales,TRUE,27267,"inbound_priority_type__cloned_, salesforce_inclusion","date_account_came_inbound, firstname, hs_email_domain, inbound_priority_type__cloned_, inbound_signup_type, lead_after_deal, lifecyclestage, playground_, pre_qualification_outcome",,,,,,,Keep as-is
431122261,,Set lead source as inbound,TRUE,27242,leadsource,"date_account_came_inbound, lead_after_deal, leadsource, utm_source","564753271, 457130540, 446002076, 431122261","Rho banks nyc - change lead source to marketing, Converted Leads - Stamp properties again, Partner key --> Lead Source = Partner, Set lead source as inbound",Multiple workflows (4) write to the same properties: leadsource; consolidate to a single canonical workflow to avoid conflicts and simplify maintenance.,431122261,Set lead source as inbound,Selected as base because it has the highest historical enrollment among workflows writing the same properties.,Keep as Canonical Workflow
585837121,,Set lifecycle stage as partner,TRUE,4280,lifecyclestage,type,"585837121, 555253790, 441316175","Set lifecycle stage as partner, Lifecycle stage = SAL, Lifecycle Stage = MQL",Multiple workflows (3) write to the same properties: lifecyclestage; consolidate to a single canonical workflow to avoid conflicts and simplify maintenance.,441316175,Lifecycle Stage = MQL,Selected as base because it has the highest historical enrollment among workflows writing the same properties.,Keep but Consolidate into Canonical Workflow
461337259,,Set to Disqualified = yes,TRUE,33735,"disqualified_, qualified_lead_","date_account_came_inbound, dealstage, disqualified_, leadstatus, nurture_reason__c",,,,,,,Keep as-is
465039797,,sign up flow employees application --> sign up flow employees,TRUE,25545,"employeescountrange, sign_up_flow_employees__c","employeescountrange, sign_up_flow_employees__c",,,,,,,Keep as-is
464982286,,sign up flow revenue application --> sign up flow revenue,TRUE,23531,"revenueforecastrange, sign_up_flow_estimated_annual_revenue__c","revenueforecastrange, sign_up_flow_estimated_annual_revenue__c",,,,,,,Keep as-is
482504852,,Signup Buckets - Self-Serve,TRUE,31718,self_serve_bucket,"application_completed, date_account_came_inbound, inbound_priority_type__cloned_, inbound_signup_type, lifecyclestage, qualified_lead_, self_serve_bucket","482590519, 482504852","non-mql --> MQL - signup bucket, Signup Buckets - Self-Serve",Multiple workflows (2) write to the same properties: self_serve_bucket; consolidate to a single canonical workflow to avoid conflicts and simplify maintenance.,482504852,Signup Buckets - Self-Serve,Selected as base because it has the highest historical enrollment among workflows writing the same properties.,Keep as Canonical Workflow
503443093,,Signup Conversion Date - Company --> Deal,TRUE,3366,signup_conversion_page,"opportunity_created_date, pipeline, signup_conversion_page","503443093, 567751822, 514549792","Signup Conversion Date - Company --> Deal, Signup Conversion Page - OTHER, Signup Conversion Page - New",Multiple workflows (3) write to the same properties: signup_conversion_page; consolidate to a single canonical workflow to avoid conflicts and simplify maintenance.,514549792,Signup Conversion Page - New,Selected as base because it has the highest historical enrollment among workflows writing the same properties.,Keep but Consolidate into Canonical Workflow
503483801,,Signup Conversion page - Contact --> Company,TRUE,31861,"leadsource__c, signup_conversion_page",signup_conversion_page,,,,,,,Keep as-is
514549792,,Signup Conversion Page - New,TRUE,31870,signup_conversion_page,"date_account_came_inbound, first_conversion_event_name, hs_analytics_first_url, primary_lead_channel, referrer, signup_conversion_page","503443093, 567751822, 514549792","Signup Conversion Date - Company --> Deal, Signup Conversion Page - OTHER, Signup Conversion Page - New",Multiple workflows (3) write to the same properties: signup_conversion_page; consolidate to a single canonical workflow to avoid conflicts and simplify maintenance.,514549792,Signup Conversion Page - New,Selected as base because it has the highest historical enrollment among workflows writing the same properties.,Keep as Canonical Workflow
567751822,,Signup Conversion Page - OTHER,TRUE,17945,signup_conversion_page,"date_account_came_inbound, first_conversion_event_name, hs_analytics_first_url, hs_analytics_source, primary_lead_channel, referrer, signup_conversion_page","503443093, 567751822, 514549792","Signup Conversion Date - Company --> Deal, Signup Conversion Page - OTHER, Signup Conversion Page - New",Multiple workflows (3) write to the same properties: signup_conversion_page; consolidate to a single canonical workflow to avoid conflicts and simplify maintenance.,514549792,Signup Conversion Page - New,Selected as base because it has the highest historical enrollment among workflows writing the same properties.,Keep but Consolidate into Canonical Workflow
440422327,,Signup Lead Score - Lead Score text,TRUE,21826,"signup_lead_score, signup_lead_score___text",signup_lead_score,,,,,,,Keep as-is
465942405,,Signup product intent,TRUE,40731,signup_product_intent,"date_account_came_inbound, sign_up_flow_estimated_annual_revenue__c, signup_conversion_page, utm_campaign, utm_content",,,,,,,Keep as-is
504941228,,Signup Re-engagement PUSH to Nurturing flow,TRUE,458,"enter_into_nurturing, lead_nurturing_status, nurture_path","date_account_came_inbound, hubspot_owner_id, lead_after_deal, lead_nurturing_status, leadstatus, lifecyclestage, outreach_actively_being_sequenced__c, primary_lead_channel",,,Low Total Enrollment,,,,Delete
582998708,,SIGNUP SURVEY - Direct traffic -->,TRUE,11044,primary_lead_channel,"how_did_you_first_hear_about_rho, please_specify, primary_lead_channel","574119447, 582998708, 565273730, 561347686, 567765537","Stamp Primary Inbound - CONTENT DOWNLOAD, SIGNUP SURVEY - Direct traffic --> , Contact PIC - startup nyc --> Rho banks nyc, Stamp Primary Inbound Channel - Specific Affiliates, Stamp primary Inbound Channel - LATEST",Multiple workflows (5) write to the same properties: primary_lead_channel; consolidate to a single canonical workflow to avoid conflicts and simplify maintenance.,567765537,Stamp primary Inbound Channel - LATEST,Selected as base because it has the highest historical enrollment among workflows writing the same properties.,Keep but Consolidate into Canonical Workflow
1700712047,,SMS | Workflow Draft/Test,TRUE,1,"last_received_sms, total_sent_sms",,,,Low Total Enrollment,,,,Delete
558064694,,SQL Date - Company --> Contact,TRUE,31111,sql_date,"num_associated_contacts, sql_date",,,,,,,Keep as-is
558064691,,SQL Date - Deal --> Company,TRUE,25124,"sql_, sql_date",sql_date,"558064691, 554527846","SQL Date - Deal --> Company, Deal --> Contact - SQL","Multiple workflows (2) write to the same properties: sql_, sql_date; consolidate to a single canonical workflow to avoid conflicts and simplify maintenance.",554527846,Deal --> Contact - SQL,Selected as base because it has the highest historical enrollment among workflows writing the same properties.,Keep but Consolidate into Canonical Workflow
481567321,,SQL? = Qualified lead,TRUE,27768,qualified_lead_,"qualified_lead_, sql_","536059943, 481567321, 430705693, 429638327, 436887078, 429469325","Unqualified = Yes --> DQ status, SQL? = Qualified lead, Qualified Lead Trigger - Sign Up Flow Revenue + Employees, Qualified Lead Trigger - Clearbit/HubSpot - Revenue, Opp or customer --> Qualified = yes, Qualified Lead = Yes - lifecycle opp or customer",Multiple workflows (6) write to the same properties: qualified_lead_; consolidate to a single canonical workflow to avoid conflicts and simplify maintenance.,429469325,Qualified Lead = Yes - lifecycle opp or customer,Selected as base because it has the highest historical enrollment among workflows writing the same properties.,Keep but Consolidate into Canonical Workflow
502413429,,Stamp Ad Group Name - Facebook,TRUE,1639,ad_group_name,"ad_group_name, recent_conversion_date",,,,,,,Keep as-is
457033617,,Stamp Affiliate Subchannel,TRUE,22417,"hs_analytics_source_data_1, hs_latest_source_data_1, inbound_subchannel, leadsource","hs_analytics_first_referrer, hs_analytics_source, hs_analytics_source_data_1, hs_latest_source, hs_latest_source_data_1, inbound_subchannel, primary_lead_channel, referrer__c, utm_source",,,,,,,Keep as-is
471499380,,Stamp bottom funnel date,TRUE,908,"lead_nurturing_bottom_enroll_date, salesforce_inclusion","funnel_stage, inbound_priority_type__cloned_, lead_nurturing_bottom_enroll_date, lead_nurturing_status",,,,,,,Keep as-is
502723856,,Stamp Company Property - Contact is a Marketing Lead,TRUE,41980,contact_marketing_lead_,lifecyclestage,,,,,,,Keep as-is
416407630,,Stamp Date Lead Came Inbound,TRUE,60307,date_account_came_inbound,"date_account_came_inbound, lifecyclestage, recent_conversion_date, recent_conversion_event_name, utm_campaign, utm_medium, utm_source","471678846, 416407630, 422529928","Date Lead Came Inbound - Company --> Deal, Stamp Date Lead Came Inbound, Date lead came inbound - Contact --> Company",Multiple workflows (3) write to the same properties: date_account_came_inbound; consolidate to a single canonical workflow to avoid conflicts and simplify maintenance.,416407630,Stamp Date Lead Came Inbound,Selected as base because it has the highest historical enrollment among workflows writing the same properties.,Keep as Canonical Workflow
530125645,,Stamp first activity date,TRUE,22292,first_activity_date,"first_activity_date, notes_last_updated, sdr_assignment_time",,,,,,,Keep as-is
478303625,,Stamp funnel stage at sign up,TRUE,37526,"funnel_stage, funnel_stage_at_signup",date_account_came_inbound,,,,,,,Keep as-is
432905602,,Stamp Lead created date for contact,TRUE,38581,"date_account_came_inbound, form_submission_date__c","date_account_came_inbound, form_submission_date__c",,,,,,,Keep as-is
509387141,,Stamp Lead nurturing finished - Other than List filters,TRUE,36925,lead_nurturing_status,"disqualified_, hs_email_sends_since_last_engagement, lead_nurturing_status, leadstatus, outreach_stage__c","551889471, 509387141","Lead Nurturing Master exclusion List --> LN Finished, Stamp Lead nurturing finished - Other than List filters",Multiple workflows (2) write to the same properties: lead_nurturing_status; consolidate to a single canonical workflow to avoid conflicts and simplify maintenance.,509387141,Stamp Lead nurturing finished - Other than List filters,Selected as base because it has the highest historical enrollment among workflows writing the same properties.,Keep as Canonical Workflow
461440423,,Stamp Lead Nurturing Signup + finished,TRUE,54803,"lead_nurturing_end_date, lead_nurturing_signup, lead_nurturing_status","date_account_came_inbound, lead_nurturing_end_date, lead_nurturing_first_email_date, lead_nurturing_status, nurture_path",,,,,,,Keep as-is
570915180,,Stamp Lifecycle Stage Text,TRUE,747135,"bot_check__boolean___dataops, bot_check__score___dataops, lifecycle_stage_text, marketing_consent__c, salesforce_inclusion, salesforce_inclusion_string","bot_check__boolean___dataops, bot_check__score___dataops, first_conversion_event_name, ip_city, ip_state_code, lifecyclestage",,,,,,,Keep as-is
534585231,,Stamp Marketing Lead Channel,TRUE,2617,marketing_lead_channel,"hs_analytics_source, hs_analytics_source_data_1, hs_latest_source, hs_latest_source_data_1, lead_gen_source, marketing_lead_channel, utm_medium, utm_source",,,,,,,Keep as-is
536896140,,stamp marketing lead signup = yes,TRUE,102967,marketing_lead_signup_,"date_account_came_inbound, hs_v2_date_entered_lead, lead_gen_source",,,,,,,Keep as-is
502379927,,Stamp Marketing Lead Source - Ebooks,TRUE,2042,lead_gen_source,"inbound_action, lead_gen_source, recent_conversion_event_name",,,,,,,Keep as-is
568555528,,Stamp meeting set date - contact,TRUE,8066,meeting_set_date,sdr_meeting_booked_,,,,,,,Keep as-is
478213299,,Stamp Outreach stage at lead nurturing start,TRUE,174045,"lead_nurturing_in_progress___outreach_stage, outreach_stage__c","lead_nurturing_first_email_date, lead_nurturing_status",,,,,,,Keep as-is
574119447,,Stamp Primary Inbound - CONTENT DOWNLOAD,TRUE,65,primary_lead_channel,"date_account_came_inbound, first_conversion_event_name, primary_lead_channel",,,Low Total Enrollment,,,,Delete
567765537,,Stamp primary Inbound Channel - LATEST,TRUE,14572,primary_lead_channel,"date_account_came_inbound, first_conversion_event_name, hs_analytics_first_referrer, hs_analytics_first_url, hs_analytics_last_referrer, hs_analytics_source, hs_analytics_source_data_1, hs_analytics_source_data_2, hs_latest_source, hs_latest_source_data_1, hs_latest_source_data_2, opportunity_source, primary_lead_channel, utm_campaign, utm_source","574119447, 582998708, 565273730, 561347686, 567765537","Stamp Primary Inbound - CONTENT DOWNLOAD, SIGNUP SURVEY - Direct traffic --> , Contact PIC - startup nyc --> Rho banks nyc, Stamp Primary Inbound Channel - Specific Affiliates, Stamp primary Inbound Channel - LATEST",Multiple workflows (5) write to the same properties: primary_lead_channel; consolidate to a single canonical workflow to avoid conflicts and simplify maintenance.,567765537,Stamp primary Inbound Channel - LATEST,Selected as base because it has the highest historical enrollment among workflows writing the same properties.,Keep as Canonical Workflow
455977533,,Stamp primary Inbound Channel - ORIGINAL,TRUE,57474,"event, hubspot_owner_id, leadsource, primary_lead_channel, referrer___a, referrer___account, rho_banks_nyc","date_account_came_inbound, first_conversion_event_name, hs_analytics_first_referrer, hs_analytics_first_url, hs_analytics_last_referrer, hs_analytics_source, hs_analytics_source_data_1, hs_analytics_source_data_2, leadsource, leadsource__c, primary_lead_channel, promo_code, recent_conversion_event_name, referrer, referrer__c, utm_campaign, utm_medium, utm_source",,,,,,,Keep as-is
561347686,,Stamp Primary Inbound Channel - Specific Affiliates,TRUE,1559,primary_lead_channel,"hs_analytics_first_referrer, inbound_subchannel, primary_lead_channel, referrer","574119447, 582998708, 565273730, 561347686, 567765537","Stamp Primary Inbound - CONTENT DOWNLOAD, SIGNUP SURVEY - Direct traffic --> , Contact PIC - startup nyc --> Rho banks nyc, Stamp Primary Inbound Channel - Specific Affiliates, Stamp primary Inbound Channel - LATEST",Multiple workflows (5) write to the same properties: primary_lead_channel; consolidate to a single canonical workflow to avoid conflicts and simplify maintenance.,567765537,Stamp primary Inbound Channel - LATEST,Selected as base because it has the highest historical enrollment among workflows writing the same properties.,Keep but Consolidate into Canonical Workflow
525709130,,Stamp primary inbound channel lead nurturing,TRUE,517,"lead_nurturing_signup, primary_lead_channel","date_account_came_inbound, lead_nurturing_signup, lifecyclestage, primary_lead_channel",,,,,,,Keep as-is
473023613,,Stamp recent deal created date - company,TRUE,27601,recent_deal_created_date,"createdate, hs_name, hs_value, pipeline","473023613, 477253553","Stamp recent deal created date - company, Stamp recent deal created date - company (cloned)",Multiple workflows (2) write to the same properties: recent_deal_created_date; consolidate to a single canonical workflow to avoid conflicts and simplify maintenance.,473023613,Stamp recent deal created date - company,Selected as base because enrollment data is unavailable; using the first-created workflow as canonical.,Keep as Canonical Workflow
477253553,,Stamp recent deal created date - company (cloned),TRUE,4437,recent_deal_created_date,"createdate, hs_name, hs_value, num_associated_deals, pipeline, recent_deal_created_date","473023613, 477253553","Stamp recent deal created date - company, Stamp recent deal created date - company (cloned)",Multiple workflows (2) write to the same properties: recent_deal_created_date; consolidate to a single canonical workflow to avoid conflicts and simplify maintenance.,473023613,Stamp recent deal created date - company,Selected as base because enrollment data is unavailable; using the first-created workflow as canonical.,Keep but Consolidate into Canonical Workflow
554997119,,Stamp Segment - Marketing Leads,TRUE,211549,segment,"lead_nurturing_status, lifecyclestage","554344979, 554336819, 554997119, 554111385, 554980516","segment - Company --> Deal, Segment - Contact --> Company, Stamp Segment - Marketing Leads, Stamp Segment - Middle Market or SMB, Stamp Segment - Sales Prospects",Multiple workflows (5) write to the same properties: segment; consolidate to a single canonical workflow to avoid conflicts and simplify maintenance.,554980516,Stamp Segment - Sales Prospects,Selected as base because it has the highest historical enrollment among workflows writing the same properties.,Keep but Consolidate into Canonical Workflow
554111385,,Stamp Segment - Middle Market or SMB,TRUE,74526,segment,date_account_came_inbound,"554344979, 554336819, 554997119, 554111385, 554980516","segment - Company --> Deal, Segment - Contact --> Company, Stamp Segment - Marketing Leads, Stamp Segment - Middle Market or SMB, Stamp Segment - Sales Prospects",Multiple workflows (5) write to the same properties: segment; consolidate to a single canonical workflow to avoid conflicts and simplify maintenance.,554980516,Stamp Segment - Sales Prospects,Selected as base because it has the highest historical enrollment among workflows writing the same properties.,Keep but Consolidate into Canonical Workflow
554980516,,Stamp Segment - Sales Prospects,TRUE,566579,segment,"lifecyclestage, segment","554344979, 554336819, 554997119, 554111385, 554980516","segment - Company --> Deal, Segment - Contact --> Company, Stamp Segment - Marketing Leads, Stamp Segment - Middle Market or SMB, Stamp Segment - Sales Prospects",Multiple workflows (5) write to the same properties: segment; consolidate to a single canonical workflow to avoid conflicts and simplify maintenance.,554980516,Stamp Segment - Sales Prospects,Selected as base because it has the highest historical enrollment among workflows writing the same properties.,Keep as Canonical Workflow
429460006,,Status - attempting to reach,TRUE,114410,leadstatus,"call_attempts, email_attempts, hs_engagement_type, hs_task_subject, leadstatus, outreach_stage__c, pipeline, sdr_meeting_booked_","1623178028, 565556096, 478015139, 478017128, 431530163, 429460006","Lead/Contact Status to Bounced, Playground signups --> status = new, Lead converted to contact - Opp or Customer, ^Lead converted to contact - Status = New, copy lead status to company, Status - attempting to reach",Multiple workflows (6) write to the same properties: leadstatus; consolidate to a single canonical workflow to avoid conflicts and simplify maintenance.,431530163,copy lead status to company,Selected as base because it has the highest historical enrollment among workflows writing the same properties.,Keep but Consolidate into Canonical Workflow
481585940,,status - contact made,TRUE,9188,"contact_made_, leadstatus, timestamp_attempting_to_reach","date_account_came_inbound, hs_task_subject, latest_disposition, leadstatus, pipeline",,,,,,,Keep as-is
565692466,,Status --> Lead Status,TRUE,474287,"lead_status, leadstatus",leadstatus,,,,,,,Keep as-is
416527221,,Status = Meeting Set,TRUE,12357,"leadstatus, sdr_meeting_booked_, timestamp_attempting_to_reach, timestamp_contact_made","deal_stage, dealstage, hs_task_subject, latest_disposition, leadstatus, meeting_type_cp, timestamp_attempting_to_reach, timestamp_contact_made",,,,,,,Keep as-is
1666163048,,Summer of Rho: Referral Program MVP | Viral Loops,FALSE,395,"referral_code, referralcode_vhkffvovvegkyvphp1nymdukkpq, referralcount_vhkffvovvegkyvphp1nymdukkpq, sor_contest___referrer___email, sor_contest___referrer___last_name, sor_contest___referrer__create_date, sor_contest___referrer__referral_count, sor_contest__new_referrer, sor_contest__referrer__first_name, sor_contest__referrer__link, utm_campaign, utm_source, utm_term, ycombinator_referral_program___applicant, ycombinator_referral_program___client","email, hs_analytics_first_url, hs_analytics_last_url, hs_analytics_source_data_2, referral_code, referralcode_vhkffvovvegkyvphp1nymdukkpq, referrerreferralcode_vhkffvovvegkyvphp1nymdukkpq, referrerreferralcode_xd6szyxd0efuzwzuamh1gxy8kia, sor_contest__new_referrer, utm_campaign, utm_source",,,"Inactive Workflow, Low Total Enrollment",,,,Delete
1622962244,,Super Connector - Owner ssignation based on location,TRUE,102,hubspot_owner_id,,,,Low Total Enrollment,,,,Delete
556308635,,Timestamp: Decisioned,TRUE,3597,timestamp__decisioned,dealstage,,,,,,,Keep as-is
567081136,,Today's Date - company,TRUE,570105,today_s_date,"hs_name, hs_value, today_s_date","567081136, 567068675, 567068696","Today's Date - company, Today's Date - Deal, Today's Date - contact",Multiple workflows (3) write to the same properties: today_s_date; consolidate to a single canonical workflow to avoid conflicts and simplify maintenance.,567068696,Today's Date - contact,Selected as base because it has the highest historical enrollment among workflows writing the same properties.,Keep but Consolidate into Canonical Workflow
567068696,,Today's Date - contact,TRUE,654115,today_s_date,today_s_date,"567081136, 567068675, 567068696","Today's Date - company, Today's Date - Deal, Today's Date - contact",Multiple workflows (3) write to the same properties: today_s_date; consolidate to a single canonical workflow to avoid conflicts and simplify maintenance.,567068696,Today's Date - contact,Selected as base because it has the highest historical enrollment among workflows writing the same properties.,Keep as Canonical Workflow
567068675,,Today's Date - Deal,TRUE,62183,today_s_date,"hs_name, hs_value, today_s_date","567081136, 567068675, 567068696","Today's Date - company, Today's Date - Deal, Today's Date - contact",Multiple workflows (3) write to the same properties: today_s_date; consolidate to a single canonical workflow to avoid conflicts and simplify maintenance.,567068696,Today's Date - contact,Selected as base because it has the highest historical enrollment among workflows writing the same properties.,Keep but Consolidate into Canonical Workflow
570165628,,Total Spend Last Month - Company --> Deal,TRUE,57986,"total_spend___last_month, total_spend_last_month","hs_name, hs_value, total_spend___last_month",,,,,,,Keep as-is
571508535,,Total Spend MTD - Company --> Deal,TRUE,27330,"total_spend___mtd, total_spend___this_month",total_spend___mtd,,,,,,,Keep as-is
1692937003,,Treasury Yield | Field Update (Cloned on 9/10/2025),FALSE,0,current_treasury_rate,"createdate, email, hs_email_domain, salesforcelastsynctime",,,"Inactive Workflow, 0 Total Enrollment",,,,Delete
536059943,,Unqualified = Yes --> DQ status,TRUE,2158,qualified_lead_,unqualified_,"536059943, 481567321, 430705693, 429638327, 436887078, 429469325","Unqualified = Yes --> DQ status, SQL? = Qualified lead, Qualified Lead Trigger - Sign Up Flow Revenue + Employees, Qualified Lead Trigger - Clearbit/HubSpot - Revenue, Opp or customer --> Qualified = yes, Qualified Lead = Yes - lifecycle opp or customer",Multiple workflows (6) write to the same properties: qualified_lead_; consolidate to a single canonical workflow to avoid conflicts and simplify maintenance.,429469325,Qualified Lead = Yes - lifecycle opp or customer,Selected as base because it has the highest historical enrollment among workflows writing the same properties.,Keep but Consolidate into Canonical Workflow
429565998,,Unsubscribed from all email,TRUE,20786,,hs_email_optout,,,,,,,Keep as-is
551845166,,Upcoming Call - Warm-up Sequence,TRUE,362,,"date_account_came_inbound, inbound_type, pipeline, upcoming_call_date__c",,,Low Total Enrollment,,,,Delete
537915458,,Upcoming Call Date - Deal --> Contact,TRUE,6694,"upcoming_call_date, upcoming_call_date__c","hs_name, hs_value, pipeline, upcoming_call_date__c",,,,,,,Keep as-is
464871489,,Utm_campaign/Drilldown 1,TRUE,10579,"hs_analytics_source_data_1, hs_latest_source_data_1, utm_campaign, utm_campaign_drilldown_1","hs_analytics_source, hs_analytics_source_data_1, hs_latest_source, hs_latest_source_data_1, primary_lead_channel, utm_campaign, utm_source",,,,,,,Keep as-is
465679980,,UTM_Source = Capital --> Primary Inbound Channel,TRUE,11702,"leadsource, primary_lead_channel",utm_source,"1623367486, 465679980","Become a partner form - Owner assignation, UTM_Source = Capital --> Primary Inbound Channel","Multiple workflows (2) write to the same properties: leadsource, primary_lead_channel; consolidate to a single canonical workflow to avoid conflicts and simplify maintenance.",465679980,UTM_Source = Capital --> Primary Inbound Channel,Selected as base because it has the highest historical enrollment among workflows writing the same properties.,Keep as Canonical Workflow
464869955,,Utm_Term/Drilldown 2,TRUE,10579,"hs_analytics_source_data_2, hs_latest_source_data_2, term_drilldown_2, utm_term","hs_analytics_source, hs_analytics_source_data_2, hs_latest_source, hs_latest_source_data_2, primary_lead_channel, utm_campaign_drilldown_1, utm_source, utm_term",,,,,,,Keep as-is
610125402,,UTM's | From Contact to Deal,TRUE,2430,"utm_ad__c, utm_campaign, utm_campaign__c, utm_content, utm_content__c, utm_medium, utm_medium__c, utm_source, utm_source__c, utm_term, utm_term__c","utm_ad__c, utm_campaign, utm_campaign__c, utm_content, utm_content__c, utm_medium, utm_medium__c, utm_source, utm_source__c, utm_term, utm_term__c",,,,,,,Keep as-is
589593955,,UVPA - Deal --> Contact,FALSE,618,"timestamp__unverified_platform_access, timestamp__uvpa",timestamp__unverified_platform_access,,,Inactive Workflow,,,,Delete
576498778,,VC Company --> Stamp deals and contacts,FALSE,5734,vc_company,vc_company,,,Inactive Workflow,,,,Delete
590986139,,Verified Contact - Deal --> Contact,TRUE,33077,verified_contact,verified_contact,,,,,,,Keep as-is