"Name","Internal name","Type","Description","Group name","Form field","Options","Read only value","Read only definition","Calculated","External options","Deleted","HubSpot defined","Created user","Usages","Fill rate","Last Updated Time","Update Source"
"Average Pageviews","hs_analytics_average_page_views","number","Average number of pageviews per session for this contact. Set automatically.","analyticsinformation","false","","true","true","false","false","false","true","HubSpot","Inbounddb lists (1); Sales view (8)","100%","11/23/25 6:37 PM EST","Analytics"
"First Referring Site","hs_analytics_first_referrer","string","URL that referred the contact to your website. Set automatically.","analyticsinformation","false","","true","true","false","false","false","true","HubSpot","Inbounddb lists (1); Automation platform flow (6); Sales view (131); Properties v3 card (1)","3.93%","11/23/25 6:09 PM EST","Analytics"
"Time First Seen","hs_analytics_first_timestamp","datetime","First time the contact has been seen. Set automatically.","analyticsinformation","false","","true","true","false","false","false","true","HubSpot","Calculated property (1); Rollup property (1); Report (1); Integration (1); Sales view (13); Properties v3 card (1)","100%","11/23/25 6:37 PM EST","Analytics"
"First Touch Converting Campaign","hs_analytics_first_touch_converting_campaign","string","Campaign responsible for the first touch creation of this contact.","analyticsinformation","false","","true","true","false","true","false","true","HubSpot","","0.06%","11/23/25 6:11 PM EST","Analytics"
"First Page Seen","hs_analytics_first_url","string","First page the contact visited on your website. Set automatically.","analyticsinformation","false","","true","true","false","false","false","true","HubSpot","Calculated property (2); Rollup property (2); Inbounddb lists (15); Automation platform flow (13); Report (16); Integration (1); Sales view (159); Properties v3 card (3)","6.32%","11/23/25 6:11 PM EST","Analytics"
"Time of First Session","hs_analytics_first_visit_timestamp","datetime","First time the contact visited your website. Set automatically.","analyticsinformation","false","","true","true","false","false","false","true","HubSpot","Calculated property (1); Inbounddb lists (2); Automation platform flow (1); Sales view (6); Properties v3 card (1)","6.33%","11/23/25 6:11 PM EST","Analytics"
"Last Referring Site","hs_analytics_last_referrer","string","Last URL that referred contact to your website. Set automatically.","analyticsinformation","false","","true","true","false","false","false","true","HubSpot","Automation platform flow (3); Sales view (77); Properties v3 card (1)","5.01%","11/23/25 6:09 PM EST","Analytics"
"Time Last Seen","hs_analytics_last_timestamp","datetime","Timestamp for most recent webpage view on your website.","analyticsinformation","false","","true","true","false","false","false","true","HubSpot","Contact scoring ruleset (1); Inbounddb lists (2); Automation platform flow (1); Integration (1); Sales view (20); Properties v3 card (2)","6.33%","11/23/25 6:39 PM EST","Analytics"
"Last Touch Converting Campaign","hs_analytics_last_touch_converting_campaign","string","Campaign responsible for the last touch creation of this contact.","analyticsinformation","false","","true","true","false","true","false","true","HubSpot","","0.08%","11/23/25 6:11 PM EST","Analytics"
"Last Page Seen","hs_analytics_last_url","string","Last page the contact visited on your website. Set automatically.","analyticsinformation","false","","true","true","false","false","false","true","HubSpot","Rollup property (1); Inbounddb lists (8); Automation platform flow (5); Integration (1); Sales view (71); Properties v3 card (1)","6.33%","11/23/25 6:11 PM EST","Analytics"
"Time of Last Session","hs_analytics_last_visit_timestamp","datetime","Timestamp for start of the most recent session for this contact to your website.","analyticsinformation","false","","true","true","false","false","false","true","HubSpot","Calculated property (2); Inbounddb lists (10); Automation platform flow (1); Report (1); Sales view (16); Properties v3 card (1)","7.5%","11/23/25 6:39 PM EST","Analytics"
"Number of event completions","hs_analytics_num_event_completions","number","Total number of events for this contact. Set automatically.","analyticsinformation","false","","true","true","false","false","false","true","HubSpot","","100%","11/23/25 6:37 PM EST","Analytics"
"Number of Pageviews","hs_analytics_num_page_views","number","Total number of page views this contact has had on your website. Set automatically.","analyticsinformation","false","","true","true","false","false","false","true","HubSpot","Contact scoring ruleset (1); Automation platform flow (2); Sales view (64); Properties v3 card (1)","100%","11/23/25 6:39 PM EST","Analytics"
"Number of Sessions","hs_analytics_num_visits","number","Number of times a contact has come to your website. Set automatically.","analyticsinformation","false","","true","true","false","false","false","true","HubSpot","Contact scoring ruleset (1); Calculated property (2); Rollup property (1); Inbounddb lists (4); Automation platform flow (1); Sales view (76); Properties v3 card (2)","100%","11/23/25 6:39 PM EST","Analytics"
"Event Revenue","hs_analytics_revenue","number","Set event revenue on a contact though the Enterprise Events feature. http://help.hubspot.com/articles/KCS_Article/Reports/How-do-I-create-Events-in-HubSpot","analyticsinformation","false","","true","true","false","false","false","true","HubSpot","","100%","11/23/25 6:37 PM EST","Analytics"
"Original Traffic Source","hs_analytics_source","enumeration","First known source the contact used to find your website. Set automatically, but may be updated manually.","analyticsinformation","false","Organic Search (ORGANIC_SEARCH); Paid Search (PAID_SEARCH); Email Marketing (EMAIL_MARKETING); Organic Social (SOCIAL_MEDIA); Referrals (REFERRALS); Other Campaigns (OTHER_CAMPAIGNS); Direct Traffic (DIRECT_TRAFFIC); Offline Sources (OFFLINE); Paid Social (PAID_SOCIAL); AI Referrals (AI_REFERRALS)","false","true","false","false","false","true","HubSpot","Calculated property (4); Inbounddb lists (5); Automation platform flow (15); Report (12); Sales view (185); Properties v3 card (3)","100%","11/23/25 6:37 PM EST","Analytics"
"Original Traffic Source Drill-Down 1","hs_analytics_source_data_1","string","Additional information about the source the contact used to find your website. Set automatically.","analyticsinformation","false","","true","true","false","false","false","true","HubSpot","Calculated property (3); Inbounddb lists (4); Automation platform flow (11); Integration (1); Sales view (186); Properties v3 card (2)","99.98%","11/23/25 6:37 PM EST","Analytics"
"Original Traffic Source Drill-Down 2","hs_analytics_source_data_2","string","Additional information about the source the contact used to find your website. Set automatically.","analyticsinformation","false","","true","true","false","false","false","true","HubSpot","Calculated property (3); Inbounddb lists (5); Automation platform flow (9); Report (1); Integration (1); Sales view (181); Properties v3 card (2)","97.01%","11/23/25 6:37 PM EST","Analytics"
"Latest Traffic Source","hs_latest_source","enumeration","The source of the latest session for a contact","analyticsinformation","false","Organic Search (ORGANIC_SEARCH); Paid Search (PAID_SEARCH); Email Marketing (EMAIL_MARKETING); Organic Social (SOCIAL_MEDIA); Referrals (REFERRALS); Other Campaigns (OTHER_CAMPAIGNS); Direct Traffic (DIRECT_TRAFFIC); Offline Sources (OFFLINE); Paid Social (PAID_SOCIAL); AI Referrals (AI_REFERRALS)","false","true","false","false","false","true","HubSpot","Automation platform flow (6); Sales view (152); Properties v3 card (1)","100%","11/23/25 6:37 PM EST","Analytics"
"Latest Traffic Source Drill-Down 1","hs_latest_source_data_1","string","Additional information about the latest source for the last session the contact used to find your website. Set automatically.","analyticsinformation","false","","true","true","false","false","false","true","HubSpot","Automation platform flow (6); Sales view (148); Properties v3 card (1)","100%","11/23/25 6:37 PM EST","Analytics"
"Latest Traffic Source Drill-Down 2","hs_latest_source_data_2","string","Additional information about the source for the last session the contact used to find your website. Set automatically.","analyticsinformation","false","","true","true","false","false","false","true","HubSpot","Automation platform flow (4); Report (1); Sales view (153); Properties v3 card (1)","96.05%","11/23/25 6:37 PM EST","Analytics"
"Latest Traffic Source Date","hs_latest_source_timestamp","datetime","The time of the latest session for a contact","analyticsinformation","false","","false","true","false","false","false","true","HubSpot","Automation platform flow (1); Sales view (63); Properties v3 card (1)","100%","11/23/25 6:39 PM EST","Analytics"
"Construction/ NAHB","construction__nahb","date","","contact_activity","true","","false","false","false","false","false","false","Unknown user","Sales view (5)","0%","",""
"Construction/ NAHB first email recieved","construction__nahb_first_email_recieved","date","","contact_activity","true","","false","false","false","false","false","false","Unknown user","","5.42%","",""
"Construction/ NAHB journey finish Date","construction__nahb_journey_finish_date","date","","contact_activity","true","","false","false","false","false","false","false","Unknown user","Automation platform flow (1)","4.53%","",""
"Construction/NAHB enroll date","construction_nahb_enroll_date","date","","contact_activity","true","","false","false","false","false","false","false","Unknown user","","5.47%","",""
"Currently in workflow (discontinued)","currentlyinworkflow","enumeration","True when contact is enrolled in a workflow.","contact_activity","false","True (true); False (false)","true","true","false","false","false","true","HubSpot","Sales view (12)","88.73%","4/29/25 9:10 AM EDT","Workflow"
"Date of last meeting booked in meetings tool","engagements_last_meeting_booked","datetime","The date of the last meeting that has been scheduled by a contact through the meetings tool. If multiple meetings have been scheduled, the date of the last chronological meeting in the timeline is shown.","contact_activity","false","","true","true","false","false","false","true","HubSpot","","0%","",""
"Campaign of last booking in meetings tool","engagements_last_meeting_booked_campaign","string","UTM parameter for marketing campaign (e.g. a specific email) responsible for recent meeting booking. Only populated when tracking parameters are included in meeting link.","contact_activity","false","","true","true","false","false","false","true","HubSpot","","0%","",""
"Source of last booking in meetings tool","engagements_last_meeting_booked_source","string","UTM parameter for the site (e.g. Twitter) responsible for most recent meeting booking. Only populated when tracking parameters are included in meeting link.","contact_activity","false","","true","true","false","false","false","true","HubSpot","","0%","",""
"First Conversion Date","first_conversion_date","datetime","Date  this  contact  first  submitted  a  form.","contact_activity","false","","true","true","true","false","false","true","HubSpot","Rollup property (1); Report (5); Sales view (66); Dashboard (1); Properties v3 card (1)","7.32%","11/23/25 6:11 PM EST","HubSpot Calculation"
"First Conversion","first_conversion_event_name","string","First form this contact submitted.","contact_activity","false","","true","true","true","false","false","true","HubSpot","Inbounddb lists (4); Automation platform flow (13); Integration (1); Sales view (161); Properties v3 card (2)","7.32%","11/23/25 6:11 PM EST","HubSpot Calculation"
"Membership Notes","hs_content_membership_notes","string","Notes relating to the contact's content membership.","contact_activity","false","","false","true","false","false","false","true","HubSpot","","0%","",""
"Last Engagement Date","hs_last_sales_activity_timestamp","datetime","The last time a contact engaged with your site or a form, document, meetings link, or tracked email. This doesn't include marketing emails or emails to multiple contacts.","contact_activity","false","","true","true","false","false","false","true","HubSpot","Inbounddb lists (1); Sales view (15)","0.6%","11/22/25 8:22 PM EST","CRM UI"
"Likelihood to close","hs_predictivecontactscore_v2","number","The probability that a contact will become a customer within the next 90 days. This score is based on standard contact properties and behavior.","contact_activity","false","","true","true","false","false","false","true","HubSpot","","95.79%","11/23/25 6:49 PM EST","HubSpot AI"
"Contact priority","hs_predictivescoringtier","enumeration","A ranking system of contacts evenly assigned into four tiers. Contacts in tier one are more likely to become customers than contacts in tier four.","contact_activity","false","Very High (tier_1); High (tier_2); Medium (tier_3); Low (tier_4); Closed Won (closed_won)","true","true","false","false","false","true","HubSpot","","100%","11/23/25 6:42 PM EST","HubSpot AI"
"Recent Sales Email Clicked Date","hs_sales_email_last_clicked","datetime","The last time a tracked sales email was clicked by this user","contact_activity","false","","true","true","false","false","false","true","HubSpot","","0%","",""
"Recent Sales Email Opened Date","hs_sales_email_last_opened","datetime","The last time a tracked sales email was opened by this contact. This property does not update for emails that were sent to more than one contact.","contact_activity","false","","true","true","false","false","false","true","HubSpot","Sales view (9)","0%","11/13/25 6:31 PM EST","HubSpot Calculation"
"Recent Sales Email Replied Date","hs_sales_email_last_replied","datetime","The last time a tracked sales email to this contact was replied to. This is set automatically by HubSpot.","contact_activity","false","","true","true","false","false","false","true","HubSpot","","0.01%","11/18/25 12:22 AM EST","HubSpot Calculation"
"Currently in Sequence","hs_sequences_is_enrolled","bool","A yes/no field that indicates whether the contact is currently in a Sequence.","contact_activity","false","True (true); False (false)","true","true","true","false","false","true","HubSpot","Sales view (1)","0%","7/8/25 2:18 AM EDT","HubSpot Calculation"
"Logged Email","logged_email","enumeration","","contact_activity","true","Yes (true); No (false)","false","false","false","false","false","false","Reed Marcus","Automation platform flow (1); Sales view (1)","2.36%","11/18/25 12:23 AM EST","Workflow"
"Message","message","string","A default property to be used for any message or comments a contact may want to leave on a form.","contact_activity","true","","false","true","false","false","false","true","HubSpot","Form (1); Integration (1)","12.18%","11/22/25 5:12 AM EST","Salesforce"
"Last Contacted","notes_last_contacted","datetime","The last time a call, chat conversation, LinkedIn message, postal mail, meeting, sales email, SMS, or WhatsApp message was logged for a contact. This is set automatically by HubSpot based on user actions in the contact record.","contact_activity","false","","true","true","false","false","false","true","HubSpot","Sales view (10); Properties v3 card (2)","20.5%","10/2/25 12:37 PM EDT","HubSpot Calculation"
"Last Activity Date","notes_last_updated","datetime","The last time a call, chat conversation, LinkedIn message, postal mail, meeting, note, sales email, SMS, or WhatsApp message was logged for a contact. This is set automatically by HubSpot based on user actions in the contact record.","contact_activity","false","","true","true","false","false","false","true","HubSpot","Inbounddb lists (1); Automation platform flow (1); Sales view (60); Properties v3 card (2)","90.22%","11/23/25 6:36 PM EST","HubSpot Calculation"
"Next Activity Date","notes_next_activity_date","datetime","The date of the next upcoming activity for a contact. This is set automatically by HubSpot based on user actions in the contact record.","contact_activity","false","","true","true","false","false","false","true","HubSpot","","0%","10/29/25 8:29 PM EDT","HubSpot Calculation"
"Number of times contacted","num_contacted_notes","number","The number of times a call, chat conversation, LinkedIn message, postal mail, meeting, sales email, SMS, or WhatsApp message was logged for a contact record. This is set automatically by HubSpot based on user actions in the contact record.","contact_activity","false","","true","true","false","false","false","true","HubSpot","Sales view (15)","86.96%","11/18/25 12:22 AM EST","HubSpot Calculation"
"Number of Sales Activities","num_notes","number","The number of times a call, chat conversation, LinkedIn message, postal mail, meeting, note, sales email, SMS, task, or WhatsApp message was logged for a contact record. This is set automatically by HubSpot based on user actions in the contact record.","contact_activity","false","","true","true","false","false","false","true","HubSpot","Calculated property (1); Sales view (25)","99.51%","11/23/25 6:37 PM EST","HubSpot Calculation"
"Account activated? ","account_activated_","enumeration","","contactinformation","true","Yes (true); No (false)","false","false","false","false","false","false","Reed Marcus","Automation platform flow (1)","3.87%","11/23/25 3:43 PM EST","Workflow"
"Account Record Type","account_record_type","string","","contactinformation","true","","false","false","false","false","false","false","Reed Marcus","Automation platform flow (1)","6.84%","11/13/25 2:35 PM EST","Workflow"
"account source","account_source","string","","contactinformation","true","","false","false","false","false","false","false","Reed Marcus","Automation platform flow (2); Sales view (11)","70.69%","11/23/25 6:28 PM EST","Workflow"
"Account source - from lead","account_source___from_lead","string","","contactinformation","true","","false","false","false","false","false","false","Reed Marcus","Automation platform flow (2)","76.56%","11/23/25 6:12 PM EST","Workflow"
"Account-Tag","account_tag","string","","contactinformation","true","","false","false","false","false","false","false","Reed Marcus","Automation platform flow (1)","14.25%","11/21/25 2:15 PM EST","Workflow"
"Accounts_Manager","accounts_manager","enumeration","","contactinformation","true","Marketing Pool; Stephanie DiBenedetto; Scarlett Brach; Nick Clarke; Joey Dean; Will Schaffer; Jason Grohowski","false","false","false","false","false","false","Reed Marcus","Automation platform flow (1)","0.17%","",""
"Activations/App Submits","activation_app_submit","number","","contactinformation","false","","true","false","true","false","false","false","Reed Marcus","Report (7)","1.96%","10/6/25 11:38 AM EDT","HubSpot Calculation"
"Activation Rate","activation_rate","number","","contactinformation","false","","true","false","true","false","false","false","Reed Marcus","Report (8)","0.74%","10/6/25 11:38 AM EDT","HubSpot Calculation"
"Ad Group Name","ad_group_name","string","","contactinformation","true","","false","false","false","false","false","false","Reed Marcus","Automation platform flow (1); Sales view (21); Properties v3 card (2)","0.15%","",""
"ad name","ad_name","string","","contactinformation","true","","false","false","false","false","false","false","Reed Marcus","Sales view (4)","0.1%","",""
"Street Address","address","string","Contact's street address, including apartment or unit number.","contactinformation","true","","false","true","false","false","false","true","HubSpot","Form (2); Automation platform flow (1); Integration (1); Sales view (1)","22.93%","11/23/25 5:04 PM EST","Forms"
"Ads Lead Source","ads_lead_source","string","","contactinformation","true","","false","false","false","false","false","false","Reed Marcus","Form (4)","0.04%","8/18/24 8:10 PM EDT","Forms"
"Agree to Rho's ToS and PP","agree_to_rho_s_tos_and_pp","enumeration","","contactinformation","true","Yes (true); No (false)","false","false","false","false","false","false","Unknown user","Form (1)","0%","",""
"Annual Revenue","annualrevenue","string","Annual company revenue","contactinformation","true","","false","false","false","false","false","true","HubSpot","Form (1); Automation platform flow (1); Integration (1); Sales view (11); Properties v3 card (1)","31.31%","11/23/25 7:45 AM EST","Workflow"
"Apollo Employees","apollo_employees","string","","contactinformation","true","","false","false","false","false","false","false","Reed Marcus","Automation platform flow (1); Sales view (7)","62.85%","11/15/24 1:19 PM EST","Workflow"
"Apollo Industry","apollo_industry","string","","contactinformation","true","","false","false","false","false","false","false","Reed Marcus","Automation platform flow (1); Sales view (2)","0%","9/13/24 12:56 PM EDT","Workflow"
"Apollo Revenue","apollo_revenue","string","","contactinformation","true","","false","false","false","false","false","false","Reed Marcus","Automation platform flow (1); Sales view (4)","52.51%","10/30/24 10:57 PM EDT","Workflow"
"Approval Rate","app_submit_approval","number","","contactinformation","false","","true","false","true","false","false","false","Reed Marcus","Report (7)","1.9%","10/6/25 9:17 AM EDT","HubSpot Calculation"
"Application Completed Type","application_completed_type","enumeration","","contactinformation","true","Credit; Checking","false","false","false","false","false","false","Reed Marcus","Sales view (1)","0.27%","",""
"Application Completion | Time Decay","application_completion_time_decay","number","","contactinformation","false","","true","false","true","false","false","false","Christopher Cooper","Report (1); Sales view (1)","8.69%","11/23/25 6:44 PM EST","HubSpot Calculation"
"Application Completion | Time Decay (Session)","application_completion_time_decay_session_","number","","contactinformation","false","","true","false","true","false","false","false","Christopher Cooper","Sales view (1)","2.69%","11/23/25 6:44 PM EST","HubSpot Calculation"
"Application Started Type","application_started_type","enumeration","","contactinformation","true","Credit; Checking","false","false","false","false","false","false","Reed Marcus","Sales view (1)","0.81%","",""
"Application Status - Deal","application_status___deal","string","","contactinformation","true","","false","false","false","false","false","false","Reed Marcus","Form (1); Automation platform flow (1); Sales view (4)","3.11%","11/23/25 5:50 PM EST","Workflow"
"Application Submission State","application_submission_state","enumeration","","contactinformation","true","Complete (true); Unfinished (false)","false","false","false","false","false","false","Christopher Cooper","Inbounddb lists (1); Automation platform flow (1); Report (1); Sales view (1)","4.73%","11/23/25 6:45 PM EST","Workflow"
"Application Submitted Date [S2]","application_submitted_date","date","","contactinformation","false","","true","false","true","false","false","false","Reed Marcus","Report (14); Sales view (5); Dashboard (2)","2.33%","11/23/25 6:44 PM EST","HubSpot Calculation"
"Approval Rate (w/pend)","approval_rate__no_pend__","number","","contactinformation","false","","true","false","true","false","false","false","Reed Marcus","Report (2)","1.9%","10/6/25 9:17 AM EDT","HubSpot Calculation"
"# Apps Approved","apps_approved","number","","contactinformation","false","","true","false","false","false","false","false","Reed Marcus","Calculated property (3); Report (8)","96.27%","10/6/25 11:48 AM EDT","Migration"
"# Apps Submitted","apps_submitted","number","","contactinformation","false","","true","false","false","false","false","false","Reed Marcus","Calculated property (3); Report (8); Sales view (6)","96.27%","10/6/25 11:48 AM EDT","Migration"
"Are you available to travel to NY?","are_you_available_to_travel_to_ny_","enumeration","","contactinformation","true","Yes (true); No (false)","false","false","false","false","false","false","Reed Marcus","Form (1)","0.07%","",""
"Article Name ","article_name","string","","contactinformation","true","","false","false","false","false","false","false","Unknown user","Form (1)","0%","",""
"BF-Warm","bf_warm","enumeration","","contactinformation","true","Yes (true); No (false)","false","false","false","false","false","false","Reed Marcus","Automation platform flow (2); Sales view (1)","0.05%","9/3/25 12:25 PM EDT","Workflow"
"Bot Check, Boolean | DataOps","bot_check__boolean___dataops","string","","contactinformation","true","","false","false","false","false","false","false","Christopher Cooper","Automation platform flow (3); Sales view (1); Properties v3 card (1)","0.13%","11/23/25 6:13 PM EST","Workflow"
"Bot Check, Score | DataOps","bot_check__score___dataops","number","","contactinformation","true","","false","false","false","false","false","false","Christopher Cooper","Automation platform flow (3); Sales view (1); Properties v3 card (1)","0.13%","11/23/25 6:13 PM EST","Workflow"
"businessID","businessid","string","","contactinformation","true","","false","false","false","false","false","false","Reed Marcus","Form (1); Rollup property (1); Report (1); Integration (1); Sales view (16)","4.34%","11/23/25 5:38 PM EST","Forms"
"By submitting this form, I agree to the offer terms and conditions, understand that Rho stores may contact me.","by_submitting_this_form__i_agree_to_the_offer_terms_and_conditions__understand_that_rho_stores_may_","enumeration","","contactinformation","true","Yes (true); No (false)","false","false","false","false","false","false","Unknown user","Form (1)","0.01%","8/20/25 8:41 PM EDT","Forms"
"Account Engagement Campaign","campaign","string","","contactinformation","true","","false","false","false","false","false","false","Reed Marcus","Automation platform flow (1); Sales view (10)","44.18%","12/3/24 2:59 PM EST","Import"
"Campaign Enrollment Log | Journey Tracking","campaign_enrollment_log__journey_tracking","enumeration","","contactinformation","true","DS – Application Abandonment (DS – Application Abandonment, Reengagement); DS – Customer Onboarding; DS – TOF: Early Stage","false","false","false","false","false","false","Christopher Cooper","Automation platform flow (3)","0.57%","11/23/25 6:27 PM EST","Workflow"
"Checking Balance - Current","checking_balance___current","number","","contactinformation","false","","true","false","true","false","false","false","Reed Marcus","Sales view (1); Properties v3 card (1)","3.38%","11/23/25 3:14 PM EST","HubSpot Calculation"
"Checking Balance | Last Month","checking_balance__last_month","number","","contactinformation","false","","true","false","true","false","false","false","Christopher Cooper","Sales view (1)","3.41%","11/23/25 3:14 PM EST","HubSpot Calculation"
"Checking Balance | Current","checking_balance_current","number","","contactinformation","false","","true","false","true","false","false","false","Christopher Cooper","Sales view (1)","3.41%","11/23/25 3:14 PM EST","HubSpot Calculation"
"City","city","string","A contact's city of residence","contactinformation","true","","false","true","false","false","false","true","HubSpot","Form (7); Inbounddb lists (5); Integration (1); Sales view (10)","73.01%","11/23/25 5:04 PM EST","Forms"
"Clearbit City","clearbit_city","string","","contactinformation","true","","false","false","false","false","false","false","Reed Marcus","Inbounddb lists (1); Sales view (5)","68.16%","11/23/25 6:38 PM EST","Integration"
"CB - old","clearbit_company_size","string","","contactinformation","true","","false","false","false","false","false","false","Reed Marcus","Sales view (18)","0.01%","",""
"Clearbit State","clearbit_state","string","","contactinformation","true","","false","false","false","false","false","false","Reed Marcus","Inbounddb lists (1); Sales view (11)","69.79%","11/23/25 6:38 PM EST","Integration"
"Client Status | Contact (Boolean)","client_status_contact_boolean","enumeration","","contactinformation","true","Yes (true); No (false)","false","false","false","false","false","false","Christopher Cooper","Sales view (7)","0.7%","8/4/25 6:33 PM EDT","CRM UI Bulk Action"
"Closed Lost Reason","closed_lost_reason","string","","contactinformation","true","","false","false","false","false","false","false","Reed Marcus","Inbounddb lists (1); Sales view (5)","0.37%","",""
"Company Name","company","string","Name of the contact's company. This can be set independently from the name property on the contact's associated company.","contactinformation","true","","false","true","false","false","false","true","HubSpot","Form (193); Inbounddb lists (6); Automation platform flow (12); Email (2); Report (10); Integration (1); Sales view (210); Properties v3 card (3)","26.28%","11/23/25 6:11 PM EST","Forms"
"Company: Growth Stage | ICP Categorization","company__growth_stage__icp_categorization","string","","contactinformation","false","","true","false","true","false","false","false","Christopher Cooper","Sales view (6)","7.56%","11/23/25 6:44 PM EST","HubSpot Calculation"
"Company Address | Safe Note Generator","company_address___safe_note_generator","string","","contactinformation","true","","false","false","false","false","false","false","Christopher Cooper","Form (1); Automation platform flow (1)","0.03%","11/23/25 4:39 PM EST","Forms"
"Company Create Date","company_create_date","date","","contactinformation","true","","false","false","false","false","false","false","Reed Marcus","Automation platform flow (1); Sales view (10); Properties v3 card (1)","80.53%","11/23/25 6:29 PM EST","Workflow"
"Employees bucket","company_employee_bucket","enumeration","","contactinformation","true","1-10; 11-50; 51-200; 201-500; 501-1000; 1000+","false","false","false","false","false","false","Reed Marcus","Automation platform flow (1); Sales view (5)","71.28%","",""
"Company First Came Inbound","company_first_came_inbound","date","","contactinformation","true","","false","false","false","false","false","false","Reed Marcus","Automation platform flow (2); Sales view (3); Properties v3 card (1)","13.99%","11/23/25 6:29 PM EST","Workflow"
"Company Last Activity Date","company_last_activity_date","date","","contactinformation","true","","false","false","false","false","false","false","Reed Marcus","Automation platform flow (1); Sales view (12); Properties v3 card (1)","42.79%","11/23/25 4:35 PM EST","Workflow"
"Company Last Came Inbound","company_last_came_inbound","date","","contactinformation","true","","false","false","false","false","false","false","Reed Marcus","Automation platform flow (1); Sales view (4); Properties v3 card (1)","6.68%","11/23/25 6:29 PM EST","Workflow"
"Company Lifecycle Stage","company_lifecycle_stage","string","","contactinformation","true","","false","false","false","false","false","false","Reed Marcus","Sales view (8); Properties v3 card (1)","61.04%","",""
"Company owner","company_owner","enumeration","","contactinformation","false","","false","false","false","true","false","false","Reed Marcus","Automation platform flow (1); Sales view (15); Properties v3 card (1)","68.76%","9/18/25 2:20 PM EDT","CRM UI"
"Company recent deal created date","company_recent_deal_created_date","date","","contactinformation","true","","false","false","false","false","false","false","Reed Marcus","Automation platform flow (2); Sales view (2); Properties v3 card (1)","14.65%","11/23/25 6:38 PM EST","Workflow"
"Company Status","company_status","string","","contactinformation","true","","false","false","false","false","false","false","Reed Marcus","Inbounddb lists (4); Automation platform flow (1); Sales view (37); Properties v3 card (1)","75.97%","11/23/25 6:44 PM EST","Workflow"
"Company Type","company_type","string","","contactinformation","true","","false","false","false","false","false","false","Reed Marcus","Automation platform flow (1); Sales view (4); Properties v3 card (1)","67.2%","11/23/25 6:29 PM EST","Workflow"
"Compliance Denial Reason","compliance_denial_reason","string","","contactinformation","true","","false","false","false","false","false","false","Reed Marcus","Automation platform flow (3); Report (27); Sales view (12); Dashboard (1)","1.39%","11/23/25 6:44 PM EST","Workflow"
"Compliance DRI","compliance_dri","string","","contactinformation","true","","false","false","false","false","false","false","Reed Marcus","Automation platform flow (1); Sales view (1)","5.32%","11/23/25 6:29 PM EST","Workflow"
"Compliance Status","compliance_status","enumeration","","contactinformation","false","Auto-Approved; Auto-Denied; In Manual Review; In Pending; Manually-Approved; Manually-Denied; Reviewing by compliance; Pending info from the client; Approved by Compliance; Denied [HIDDEN]; Approved [HIDDEN]; Manual Review [HIDDEN]; Pending [HIDDEN]","true","false","true","false","false","false","Reed Marcus","Report (2); Sales view (4)","5.94%","11/23/25 6:44 PM EST","HubSpot Calculation"
"Consent to Communications","consentcommunications","enumeration","","contactinformation","true","Yes (true); No (false)","false","false","false","false","false","false","Reed Marcus","Form (2)","0%","",""
"Consent Process Data	","consentprocessdata","enumeration","","contactinformation","true","Yes (true); No (false)","false","false","false","false","false","false","Reed Marcus","Form (1)","0%","",""
"Contact Deal Stage","contact_deal_stage","string","","contactinformation","true","","false","false","false","false","false","false","Reed Marcus","Automation platform flow (1); Sales view (1)","7.48%","11/23/25 6:44 PM EST","Workflow"
"Contact Made?","contact_made_","enumeration","","contactinformation","true","Yes (true); No (false)","false","false","false","false","false","false","Reed Marcus","Inbounddb lists (2); Automation platform flow (4); Report (8); Sales view (40)","4.25%","11/23/25 4:43 PM EST","Workflow"
"Account Engagement Conversion Date","conversion_date","date","","contactinformation","true","","false","false","false","false","false","false","Reed Marcus","Automation platform flow (1); Sales view (3)","5.01%","",""
"Conversion Object","conversion_object_name","string","","contactinformation","true","","false","false","false","false","false","false","Reed Marcus","Sales view (4)","5.01%","",""
"Convert to contact","convert_to_contact","enumeration","","contactinformation","true","Yes; No","false","false","false","false","false","false","Reed Marcus","Automation platform flow (1); Integration (1); Sales view (1)","0.03%","9/3/25 12:30 PM EDT","Workflow"
"converted?","converted_","enumeration","","contactinformation","true","Yes (true); No (false)","false","false","false","false","false","false","Reed Marcus","Inbounddb lists (1); Automation platform flow (1)","12.93%","11/23/25 6:29 PM EST","Workflow"
"Converted Date","converted_date","date","","contactinformation","true","","false","false","false","false","false","false","Reed Marcus","Automation platform flow (1)","12.57%","11/23/25 6:29 PM EST","Workflow"
"Country/Region","country","string","The contact's country/region of residence. This might be set via import, form, or integration.","contactinformation","true","","false","false","false","false","false","true","HubSpot","Form (4); Automation platform flow (1); Integration (1); Sales view (10)","74.78%","11/23/25 5:04 PM EST","Forms"
"created_at","created_at","string","","contactinformation","true","","false","false","false","false","false","false","Reed Marcus","Sales view (2)","1.14%","",""
"Create Date","createdate","datetime","The date that a contact entered the system","contactinformation","false","","true","true","false","false","false","true","HubSpot","Rollup property (25); Inbounddb lists (38); Automation platform flow (11); Report (76); Sales view (130); Dashboard (1); Properties v3 card (3)","100%","11/23/25 6:37 PM EST","Integration"
"Credit App Status","credit_app_status","string","","contactinformation","true","","false","false","false","false","false","false","Reed Marcus","Automation platform flow (1); Sales view (1)","1.64%","11/21/25 4:53 PM EST","Workflow"
"Credit Application Completed","credit_application_completed","enumeration","","contactinformation","true","Yes (true); No (false)","false","false","false","false","false","false","Reed Marcus","Sales view (1)","0.81%","",""
"Credit Application Started","credit_application_started","enumeration","","contactinformation","true","Yes (true); No (false)","false","false","false","false","false","false","Reed Marcus","Sales view (1)","0.81%","",""
"Current AP","current_ap","string","","contactinformation","true","","false","false","false","false","false","false","Reed Marcus","Form (2); Email (1); Integration (1); Sales view (1)","0%","7/25/25 12:05 PM EDT","Forms"
"Current bank","current_bank","string","","contactinformation","true","","false","false","false","false","false","false","Reed Marcus","Form (3); Email (1); Integration (1); Sales view (1)","0.36%","5/15/25 10:54 AM EDT","Forms"
"Current Expense Management","current_expense_management","string","","contactinformation","true","","false","false","false","false","false","false","Reed Marcus","Form (2); Email (1); Integration (1); Sales view (1)","0.01%","7/25/25 12:05 PM EDT","Forms"
"Current LN Paths","current_ln_paths","enumeration","","contactinformation","true","CFO; PE; Construction","false","false","false","false","false","false","Reed Marcus","Sales view (5)","0%","",""
"Current Treasury Rate","current_treasury_rate","string","This field holds the latest daily U.S. Treasury rate pulled from treasury.gov","contactinformation","true","","false","false","false","false","false","false","Ariel Rodriguez","Inbounddb lists (1); Automation platform flow (1); Email (5)","0.01%","8/20/25 2:41 PM EDT","Workflow"
"Current Treasury Rate (Ten Year)","current_treasury_rate__ten_year","string","This field holds the latest daily U.S. Treasury rate pulled from treasury.gov","contactinformation","true","","false","false","false","false","false","false","Christopher Cooper","","0%","",""
"Days in Bottom","days_in_bottom","number","","contactinformation","false","","true","false","true","false","false","false","Reed Marcus","Report (1)","0.14%","10/29/25 9:25 PM EDT","HubSpot Calculation"
"Days in Middle","days_in_middle","number","","contactinformation","false","","true","false","true","false","false","false","Reed Marcus","Report (1)","9.36%","7/8/25 2:18 AM EDT","HubSpot Calculation"
"Days in Nurturing","days_in_nurturing_from_top","number","","contactinformation","false","","true","false","true","false","false","false","Reed Marcus","Report (3); Properties v3 card (1)","27.3%","7/8/25 2:18 AM EDT","HubSpot Calculation"
"Deal - Bucket","deal___bucket","enumeration","","contactinformation","false","Direct; Organic Search; Organic Social; Paid Search; Paid Social; Affiliates; Startups NYC; Email/Nurturing; Affiliates - Paid; Partners; Events; Customer Referrals; Paid Influencers; Sales; Investors; Promotions; Sponsorships [HIDDEN]","true","false","true","false","false","false","Reed Marcus","Sales view (1)","6.21%","11/23/25 6:28 PM EST","HubSpot Calculation"
"Deal - Level 2","deal___level_2","string","","contactinformation","false","","true","false","true","false","false","false","Reed Marcus","Sales view (1)","7.56%","11/23/25 6:28 PM EST","HubSpot Calculation"
"Deal - Level 3","deal___level_3","string","","contactinformation","false","","true","false","true","false","false","false","Reed Marcus","Sales view (1)","6.58%","11/23/25 6:28 PM EST","HubSpot Calculation"
"Deal - Notes","deal___notes","string","","contactinformation","false","","true","false","true","false","false","false","Reed Marcus","Sales view (6)","1.33%","11/22/25 7:05 AM EST","HubSpot Calculation"
"Deal Close Date","deal_close_date","date","","contactinformation","true","","false","false","false","false","false","false","Reed Marcus","Automation platform flow (1); Sales view (2); Properties v3 card (1)","0.67%","11/12/25 8:12 AM EST","Workflow"
"Deal Stage","deal_stage","string","","contactinformation","true","","false","false","false","false","false","false","Reed Marcus","Inbounddb lists (35); Automation platform flow (18); Report (29); Integration (1); Sales view (84); Dashboard (1); Properties v3 card (2)","13.59%","11/23/25 6:44 PM EST","Workflow"
"Deal Stage [Lookup]","deal_stage__lookup_","enumeration","","contactinformation","false","","true","false","true","true","false","false","Christopher Cooper","Inbounddb lists (1); Sales view (7)","7.56%","11/23/25 6:44 PM EST","HubSpot Calculation"
"# Decisioned","decisioned","number","","contactinformation","false","","true","false","false","false","false","false","Reed Marcus","Calculated property (3); Report (7)","96.27%","10/6/25 11:48 AM EDT","Migration"
"Decisioned %","decisioned__","number","","contactinformation","false","","true","false","true","false","false","false","Reed Marcus","Report (7)","1.96%","10/6/25 11:15 AM EDT","HubSpot Calculation"
"Inbound Channel Bucket","demand_gen_bucket","enumeration","","contactinformation","true","Direct; Organic Search; Organic Social; Paid Search; Paid Social; Affiliates; Startups NYC; Email/Nurturing; Events; Paid Influencers; Partners; Investors; Customer Referrals; Sales; Affiliates - Paid; Promotions; Sponsorships","false","false","false","false","false","false","Reed Marcus","Form (11); Rollup property (1); Inbounddb lists (1); Automation platform flow (2); Report (16); Integration (1); Sales view (10); Dashboard (2); Properties v3 card (1)","7.29%","11/23/25 6:14 PM EST","Workflow"
"# Denials","denials","number","","contactinformation","false","","true","false","false","false","false","false","Reed Marcus","Calculated property (1); Report (7)","96.27%","10/6/25 11:48 AM EDT","Migration"
"Checking Application Completed","deposit_application_completed","enumeration","","contactinformation","true","Yes (true); No (false)","false","false","false","false","false","false","Reed Marcus","Sales view (1)","0.81%","",""
"Checking Application Started","deposit_application_started","enumeration","","contactinformation","true","Yes (true); No (false)","false","false","false","false","false","false","Reed Marcus","Sales view (1)","0.81%","",""
"description","description","string","","contactinformation","true","","false","false","false","false","false","false","Reed Marcus","Form (4); Integration (1)","3.51%","11/23/25 5:38 PM EST","Forms"
"Details","details","string","","contactinformation","true","","false","false","false","false","false","false","Reed Marcus","Sales view (1)","0%","",""
"Disclaimer","disclaimer","string","","contactinformation","true","","false","false","false","false","false","false","Unknown user","","0%","",""
"disclude","disclude","enumeration","","contactinformation","true","Yes (true); No (false)","false","false","false","false","false","false","Reed Marcus","Sales view (4)","0.01%","",""
"Disqualified?","disqualified_","enumeration","","contactinformation","true","Yes (true); No (false)","false","false","false","false","false","false","Reed Marcus","Inbounddb lists (2); Automation platform flow (7); Report (4); Sales view (88); Dashboard (1); Properties v3 card (1)","20.1%","11/23/25 6:45 PM EST","Workflow"
"Disqualified Reason - Application","disqualified_reason___application","string","","contactinformation","true","","false","false","false","false","false","false","Reed Marcus","Form (1); Automation platform flow (1); Integration (1); Sales view (3); Properties v3 card (2)","0.17%","11/3/25 8:58 PM EST","Forms"
"DLI - Proxy","dli___proxy","date","","contactinformation","true","","false","false","false","false","false","false","Reed Marcus","Automation platform flow (3); Sales view (1)","11.07%","11/23/25 6:11 PM EST","Workflow"
"Don't Nurture","don_t_nurture","enumeration","","contactinformation","true","Yes (true); No (false)","false","false","false","false","false","false","Reed Marcus","Sales view (1)","0%","",""
"DQ check?","dq_check_","enumeration","","contactinformation","true","Yes; No  (No); Check","false","false","false","false","false","false","Reed Marcus","Sales view (1)","0%","",""
"Dropdown - How did you first hear about Rho?","dropdown___how_did_you_first_hear_about_rho_","enumeration","","contactinformation","true","Search Engine (Google, Bing, etc.); Twitter/X; Facebook/Instagram; LinkedIn; Email; Out of Home (Billboard, Subway, Digital kiosk, etc.); Event; Other Website; Word of Mouth Referral; Other; Linkedin Post; Linkedin Ad; Google Search (Google Search Ad); Newsletter; Rho Email; G2 Listing; Word of Mouth; Friend/Referral; Bing Search (Bing Ad); Web Search","false","false","false","false","false","false","Reed Marcus","Form (5); Automation platform flow (1); Integration (1); Sales view (10)","0.31%","11/23/25 6:11 PM EST","Forms"
"Dummy Picklist","dummy_picklist","enumeration","","contactinformation","true","Alpha; Beta; Gamma; Delta; Epsilon","false","false","false","false","false","false","Christopher Cooper","","0%","",""
"Email","email","string","A contact's email address","contactinformation","true","","false","true","false","false","false","true","HubSpot","Form (257); Inbounddb lists (31); Automation platform flow (15); Email (7); Report (13); Integration (1); Sales view (274); Dashboard (1); Properties v3 card (3)","99.47%","11/23/25 6:37 PM EST","Integration"
"Employees_","employees","string","","contactinformation","true","","false","false","false","false","false","false","Reed Marcus","Sales view (1)","0.13%","",""
"Enroll in hubspot automated email","enroll_in_hubspot_automated_email","enumeration","","contactinformation","true","Yes (true); No (false)","false","false","false","false","false","false","Reed Marcus","Sales view (4)","0.14%","",""
"Enter into nurturing","enter_into_nurturing","enumeration","","contactinformation","true","Yes (true); No (false)","false","false","false","false","false","false","Reed Marcus","Inbounddb lists (1); Automation platform flow (1); Sales view (2)","0.07%","11/13/25 11:38 PM EST","Workflow"
"Entity Signatory Email | Safe Note Generator","entity_signatory_email___safe_note_generator","string","","contactinformation","true","","false","false","false","false","false","false","Christopher Cooper","Form (1)","0.02%","11/23/25 4:39 PM EST","Forms"
"Entity Signatory Name | Safe Note Generator","entity_signatory_name___safe_note_generator","string","","contactinformation","true","","false","false","false","false","false","false","Christopher Cooper","Form (1); Calculated property (1); Automation platform flow (2)","0.03%","11/23/25 4:39 PM EST","Forms"
"Entity Signatory Title | Safe Note Generator","entity_signatory_title___safe_note_generator","string","","contactinformation","true","","false","false","false","false","false","false","Christopher Cooper","Form (1); Automation platform flow (1)","0.02%","11/23/25 4:39 PM EST","Workflow"
"Entity Type | Safe Note Generator","entity_type___safe_note_generator","string","","contactinformation","true","","false","false","false","false","false","false","Christopher Cooper","Form (1)","0.03%","11/23/25 5:02 PM EST","Forms"
"Equity backed?","equity_backed_","enumeration","","contactinformation","true","Yes (true); No (false)","false","false","false","false","false","false","Reed Marcus","Form (2)","0%","",""
"Essential Qualifiers","essential_qualifiers","enumeration","","contactinformation","true","Yes (true); No (false)","false","false","false","false","false","false","Reed Marcus","Integration (1)","22.93%","11/23/25 6:11 PM EST","Salesforce"
"Estimated monthly card spend","estimate_card_spend","enumeration","","contactinformation","true","$0-$4.9k; $5k-$50k; $50k+; 650000.0 [HIDDEN]; 50000.0 [HIDDEN]; 400000.0 [HIDDEN]; 0.0 [HIDDEN]; 3000000.0 [HIDDEN]; 1000000.0 [HIDDEN]; 200000.0 [HIDDEN]; 25000.0 [HIDDEN]; 75000.0 [HIDDEN]; 600000.0 [HIDDEN]; 40000.0 [HIDDEN]; 29801.0 [HIDDEN]; 60000.0 [HIDDEN]; 70000.0 [HIDDEN]; 500000.0 [HIDDEN]; 312500.0 [HIDDEN]; 20000.0 [HIDDEN]; 100000.0 [HIDDEN]; 15000.0 [HIDDEN]; 30000.0 [HIDDEN]; 10000.0 [HIDDEN]; 5000.0 [HIDDEN]; 9000.0 [HIDDEN]; 4000.0 [HIDDEN]; 98000.0 [HIDDEN]; 3000.0 [HIDDEN]; 5200.0 [HIDDEN]; 2500000.0 [HIDDEN]; 800.0 [HIDDEN]; 35000.0 [HIDDEN]; 6000.0 [HIDDEN]; 12000.0 [HIDDEN]; 11000.0 [HIDDEN]; 100.0 [HIDDEN]; 2500.0 [HIDDEN]; 35800.0 [HIDDEN]; 200.0 [HIDDEN]; 450000.0 [HIDDEN]; 84000.0 [HIDDEN]; 123.0 [HIDDEN]; 5700000.0 [HIDDEN]; 8000.0 [HIDDEN]; 150000.0 [HIDDEN]; 250000.0 [HIDDEN]; 2000.0 [HIDDEN]; 500.0 [HIDDEN]; 300000.0 [HIDDEN]; 45000.0 [HIDDEN]; 85000.0 [HIDDEN]; 2200.0 [HIDDEN]; 7500.0 [HIDDEN]; 5000000.0 [HIDDEN]; 10000 [HIDDEN]; 1000.0 [HIDDEN]; 26000.0 [HIDDEN]; 400.0 [HIDDEN]; 3.0 [HIDDEN]; 15.0 [HIDDEN]; 32000.0 [HIDDEN]; 300.0 [HIDDEN]; 3400.0 [HIDDEN]; 3265.0 [HIDDEN]; 1500.0 [HIDDEN]; 2800.0 [HIDDEN]; 23000.0 [HIDDEN]; 43000.0 [HIDDEN]; 21000.0 [HIDDEN]; 550.0 [HIDDEN]; 3500.0 [HIDDEN]; 56000.0 [HIDDEN]; 18000.0 [HIDDEN]; 9500.0 [HIDDEN]; 700000.0 [HIDDEN]; 67845.0 [HIDDEN]; 13100.0 [HIDDEN]; 350000.0 [HIDDEN]; 2300.0 [HIDDEN]; 75468.0 [HIDDEN]; 5570.0 [HIDDEN]; 1200000.0 [HIDDEN]; 8600.0 [HIDDEN]; 80000.0 [HIDDEN]; 90000.0 [HIDDEN]; 14000.0 [HIDDEN]; 3200.0 [HIDDEN]; 120.0 [HIDDEN]; 65000.0 [HIDDEN]; 9.0E8 [HIDDEN]; 800000.0 [HIDDEN]; 750000.0 [HIDDEN]; 1170782.0 [HIDDEN]; 180000.0 [HIDDEN]; 4000000.0 [HIDDEN]; 2000000.0 [HIDDEN]; 1.2E7 [HIDDEN]; 5.0 [HIDDEN]; 100001.0 [HIDDEN]; 120000.0 [HIDDEN]; 1250000.0 [HIDDEN]; 230000.0 [HIDDEN]; 16500.0 [HIDDEN]; 900000.0 [HIDDEN]; 125000.0 [HIDDEN]; 375000.0 [HIDDEN]; 161132.0 [HIDDEN]; 1500000.0 [HIDDEN]; 1600000.0 [HIDDEN]; 1250.0 [HIDDEN]; 193000.0 [HIDDEN]; 825000.0 [HIDDEN]; 225000.0 [HIDDEN]; 196000.0 [HIDDEN]; 1750000.0 [HIDDEN]; 195000.0 [HIDDEN]; 550000.0 [HIDDEN]; 520000.0 [HIDDEN]; 160000.0 [HIDDEN]; 114000.0 [HIDDEN]; 6000000.0 [HIDDEN]; 110000.0 [HIDDEN]; 270000.0 [HIDDEN]; 16000.0 [HIDDEN]; 373000.0 [HIDDEN]; 130000.0 [HIDDEN]; 93000.0 [HIDDEN]; 3.5E7 [HIDDEN]; 175000.0 [HIDDEN]; 7000.0 [HIDDEN]; 1800000.0 [HIDDEN]; 121000.0 [HIDDEN]; 10.0 [HIDDEN]; 170000.0 [HIDDEN]; 850000.0 [HIDDEN]; 480000.0 [HIDDEN]; 2700000.0 [HIDDEN]; 7000000.0 [HIDDEN]; 190000.0 [HIDDEN]; 34000.0 [HIDDEN]; 105000.0 [HIDDEN]; 5001.0 [HIDDEN]; 597400.0 [HIDDEN]; 3400000.0 [HIDDEN]; 4800.0 [HIDDEN]; 1300000.0 [HIDDEN]; 1.8E7 [HIDDEN]; 4.065E7 [HIDDEN]; 1.0E7 [HIDDEN]; 24000.0 [HIDDEN]; 625000.0 [HIDDEN]; 1100.0 [HIDDEN]; 425000.0 [HIDDEN]; 82000.0 [HIDDEN]; 711603.0 [HIDDEN]; 290000.0 [HIDDEN]; 17000.0 [HIDDEN]; 5.0E7 [HIDDEN]; 2.5E7 [HIDDEN]; 55000.0 [HIDDEN]; 1400000.0 [HIDDEN]; 140000.0 [HIDDEN]; 16913.0 [HIDDEN]; 339193.0 [HIDDEN]; 2.4E7 [HIDDEN]; 145000.0 [HIDDEN]; 1100000.0 [HIDDEN]; 420000.0 [HIDDEN]; 3500000.0 [HIDDEN]; 1.0 [HIDDEN]; 22000.0 [HIDDEN]; 1700000.0 [HIDDEN]; 275000.0 [HIDDEN]; 185000.0 [HIDDEN]; 5500.0 [HIDDEN]; 196986.0 [HIDDEN]; 828000.0 [HIDDEN]; 95000.0 [HIDDEN]; 2730000.0 [HIDDEN]; 135000.0 [HIDDEN]; 12500.0 [HIDDEN]; 560000.0 [HIDDEN]; 19000.0 [HIDDEN]; 86000.0 [HIDDEN]; 38000.0 [HIDDEN]; 1.5E7 [HIDDEN]; 1200.0 [HIDDEN]; 3200000.0 [HIDDEN]; 2100000.0 [HIDDEN]; 580000.0 [HIDDEN]; 255000.0 [HIDDEN]; 12.0 [HIDDEN]; 1299.0 [HIDDEN]; 5000 [HIDDEN]; 3000000 [HIDDEN]; 100000 [HIDDEN]; 30000 [HIDDEN]; 2100 [HIDDEN]; 78945.0 [HIDDEN]; 900.0 [HIDDEN]; 84569.0 [HIDDEN]; 10500.0 [HIDDEN]; 6500.0 [HIDDEN]; 94000.0 [HIDDEN]","false","false","false","false","false","false","Reed Marcus","Form (10); Email (1); Integration (1); Sales view (3)","2.85%","11/13/25 5:19 PM EST","Salesforce"
"Estimated 12 mo. GP (mtd)","estimated_12_mo__gp__mtd_","number","","contactinformation","true","","false","false","false","false","false","false","Reed Marcus","Automation platform flow (1); Properties v3 card (2)","7.25%","11/23/25 3:14 PM EST","Workflow"
"Estimated Bank Deposits","estimated_bank_deposits","enumeration","","contactinformation","true","$0; $1-$249k; $250k+","false","false","false","false","false","false","Reed Marcus","Form (10); Email (1); Integration (1); Sales view (17)","0.04%","7/25/25 12:05 PM EDT","Forms"
"Event Sync | Luma (Recent)","event_sync_luma","string","","contactinformation","true","","false","false","false","false","false","false","Christopher Cooper","Inbounddb lists (1); Automation platform flow (1); Sales view (2)","1.02%","11/23/25 6:37 PM EST","Integration"
"Event Sync | Luma (Picklist)","event_sync_luma_list","enumeration","","contactinformation","true","NY Test 1","false","false","false","false","false","false","Christopher Cooper","","0%","",""
"Event Sync | Luma (Log)","event_sync_luma_log","string","","contactinformation","true","","false","false","false","false","false","false","Christopher Cooper","Automation platform flow (1)","0.16%","7/22/25 3:20 PM EDT","Workflow"
"Exclude From Router","exclude_from_router","enumeration","","contactinformation","true","Yes; No","false","false","false","false","false","false","Reed Marcus","Integration (1); Sales view (2)","1.16%","11/21/25 2:30 PM EST","Salesforce"
"Exclusion List?","exclusion_list_","enumeration","","contactinformation","true","Yes (true); No (false)","false","false","false","false","false","false","Reed Marcus","Form (1); Automation platform flow (2)","57.08%","11/23/25 6:38 PM EST","Workflow"
"Experiment Log | Journey Tracking","experiment_log","enumeration","","contactinformation","true","None; DS – Customer Onboarding: Founders; DS – Application Abandoners; DS – TOF: Early Stage","false","false","false","false","false","false","Christopher Cooper","Automation platform flow (3); Report (1); Sales view (2)","0.05%","11/22/25 9:10 AM EST","Workflow"
"Facebook CLID, Contact","facebook_clid__contact","string","","contactinformation","true","","false","false","false","false","false","false","Christopher Cooper","Automation platform flow (1); Sales view (1)","0.02%","11/21/25 10:48 PM EST","Workflow"
"Fax Number","fax","string","A contact's primary fax number","contactinformation","true","","false","true","false","false","false","true","HubSpot","Integration (1)","46.97%","11/22/25 5:12 AM EST","Salesforce"
"First Activity Date","first_activity_date","date","","contactinformation","true","","false","false","false","false","false","false","Reed Marcus","Automation platform flow (1); Sales view (1); Properties v3 card (1)","3.41%","11/19/25 1:46 PM EST","Workflow"
"First Name","firstname","string","A contact's first name","contactinformation","true","","false","true","false","false","false","true","HubSpot","Form (206); Automation platform flow (15); Email (139); Report (6); Integration (1); Sales view (20); Properties v3 card (2)","97.68%","11/23/25 6:50 PM EST","Integration"
"Fraud % of Submit","fraud___of_submit","number","","contactinformation","false","","true","false","true","false","false","false","Reed Marcus","Report (1)","1.96%","10/6/25 11:15 AM EDT","HubSpot Calculation"
"Fraud = Yes","fraud___yes","enumeration","","contactinformation","true","Yes (true); No (false)","false","false","false","false","false","false","Reed Marcus","Automation platform flow (1); Report (5); Sales view (5)","0.72%","11/23/25 6:44 PM EST","Workflow"
"Fraud Denial %","fraud_cl_","number","","contactinformation","false","","true","false","true","false","false","false","Reed Marcus","Report (7)","1.26%","10/6/25 9:11 AM EDT","HubSpot Calculation"
"# Fraud Denials","fraud_deals___score","number","","contactinformation","false","","true","false","false","false","false","false","Reed Marcus","Calculated property (2); Report (8)","96.27%","10/6/25 11:48 AM EDT","Migration"
"Full Name","full_name","string","","contactinformation","true","","false","false","false","false","false","false","Christopher Cooper","Calculated property (1); Automation platform flow (1)","0.42%","8/12/25 4:36 PM EDT","Import"
"Funding Stage","funding_stage","string","","contactinformation","true","","false","false","false","false","false","false","Reed Marcus","Sales view (2)","0.07%","",""
"Funnel stage at influenced deal","funnel_stage_at_influenced_deal","string","","contactinformation","true","","false","false","false","false","false","false","Reed Marcus","Automation platform flow (1); Properties v3 card (1)","0.05%","7/1/25 6:09 AM EDT","Workflow"
"Funnel Stage at signup","funnel_stage_at_signup","string","","contactinformation","true","","false","false","false","false","false","false","Reed Marcus","Automation platform flow (1)","0.94%","11/23/25 2:06 AM EST","Workflow"
"Generated Seed","generated_seed","number","","contactinformation","false","","true","false","true","false","false","false","Christopher Cooper","Calculated property (1); Inbounddb lists (1); Sales view (12)","100%","11/23/25 6:37 PM EST","HubSpot Calculation"
"Generated Seed | String","generated_seed___string","string","","contactinformation","false","","true","false","true","false","false","false","Christopher Cooper","Inbounddb lists (4); Sales view (7)","100%","11/23/25 6:37 PM EST","HubSpot Calculation"
"Global Touchpoints | Total (Contact)","global_touchpoints__total_contact","number","","contactinformation","false","","true","false","true","false","false","false","Christopher Cooper","Rollup property (1)","99.51%","11/23/25 6:50 PM EST","HubSpot Calculation"
"Gmail email?","gmail_email","enumeration","","contactinformation","true","Yes (true); No (false)","false","false","false","false","false","false","Reed Marcus","Automation platform flow (3); Report (1); Sales view (20)","95.42%","9/30/25 2:38 PM EDT","Workflow"
"Google – Paid Ads Tracking | Experiment Grouping","google__experiment_grouping_c","enumeration","","contactinformation","true","Experiment (Yes); Control (No)","false","false","false","false","false","false","Christopher Cooper","Automation platform flow (1); Sales view (2)","0.03%","11/23/25 2:40 PM EST","Workflow"
"Google Ad Lead | Growth Forms","google_ad_lead__growth_forms","enumeration","","contactinformation","true","Yes (true); No (false)","false","false","false","false","false","false","Christopher Cooper","Inbounddb lists (1); Automation platform flow (2); Sales view (1)","0%","7/22/25 1:43 PM EDT","CRM UI"
"Gross Profit - Last Month ","gross_profit___last_month","number","","contactinformation","false","","true","false","true","false","false","false","Reed Marcus","Sales view (1); Properties v3 card (1)","3.38%","11/23/25 3:14 PM EST","HubSpot Calculation"
"Gross Profit | Month-to-Date","gross_profit___month_to_date","number","","contactinformation","false","","true","false","true","false","false","false","Christopher Cooper","Sales view (1)","3.41%","11/23/25 3:14 PM EST","HubSpot Calculation"
"Gross Profit | AllTime","gross_profit__alltime","number","","contactinformation","false","","true","false","true","false","false","false","Christopher Cooper","Inbounddb lists (1); Report (1); Sales view (1)","3.41%","11/23/25 3:14 PM EST","HubSpot Calculation"
"Gross Profit | Last Month","gross_profit__last_month","number","","contactinformation","false","","true","false","true","false","false","false","Christopher Cooper","Sales view (1)","3.41%","11/23/25 3:14 PM EST","HubSpot Calculation"
"Gross Profit - All Time","gross_profit_all_time","number","","contactinformation","false","","true","false","true","false","false","false","Reed Marcus","Report (1); Sales view (1); Properties v3 card (1)","3.38%","11/23/25 3:14 PM EST","HubSpot Calculation"
"gspk","gspk","string","","contactinformation","true","","false","false","false","false","false","false","Reed Marcus","Form (1)","0%","",""
"HDYHAU - Other","hdyhau___other","string","","contactinformation","true","","false","false","false","false","false","false","Reed Marcus","Form (1)","0%","",""
"hdyhau check?","hdyhau_check_","enumeration","","contactinformation","true","Yes (true); No (false)","false","false","false","false","false","false","Reed Marcus","Sales view (2)","0%","7/30/24 12:51 PM EDT","CRM UI"
"Heard about you known?","heard_about_you_known_","enumeration","","contactinformation","true","Yes (true); No (false)","false","false","false","false","false","false","Reed Marcus","Automation platform flow (1)","0.08%","11/13/25 11:09 AM EST","Workflow"
"How did you first hear about Rho?","how_did_you_first_hear_about_rho","string","","contactinformation","true","","false","false","false","false","false","false","Reed Marcus","Form (1); Rollup property (1); Automation platform flow (3); Report (22); Integration (1); Sales view (25)","2.24%","11/23/25 6:11 PM EST","Workflow"
"How did you hear about this event?","how_did_you_hear_about_this_event_","string","","contactinformation","true","","false","false","false","false","false","false","Reed Marcus","Sales view (1)","0.53%","3/10/25 11:19 AM EDT","Import"
" -- old","how_did_you_hear_about_us_","enumeration","","contactinformation","true","Linkedin Post; Linkedin Ad; Google Search (Google Search Ad); Newsletter; Rho Email; G2 Listing; Word of Mouth; Friend/Referral; Bing Search (Bing Ad); Other; Web Search","false","false","false","false","false","false","Reed Marcus","Form (2); Sales view (9)","0.01%","",""
"How much capital have your raised to date?","how_much_capital_have_your_raised_to_date_","enumeration","","contactinformation","true","$0 - $500k; $501k - $1M; $1M - $5M; $5M - $10M; $10M+; Nothing; Not comfortable disclosing; Not relevant [HIDDEN]","false","false","false","false","false","false","Reed Marcus","Form (1); Integration (1); Sales view (1)","0.07%","1/30/25 12:03 PM EST","Salesforce"
"How much revenue is your company doing to date?","how_much_revenue_is_your_company_doing_to_date_","enumeration","","contactinformation","true","$0 - $100k; $101k - $500k; $501k - $1M; $1M - $5M; $5M+; Pre-Revenue; Not Comfortable Disclosing","false","false","false","false","false","false","Reed Marcus","Form (1); Integration (1); Sales view (1)","0.07%","1/30/25 12:03 PM EST","Salesforce"
"Enrichment opt out","hs_contact_enrichment_opt_out","bool","","contactinformation","false","Yes (true); No (false)","true","true","false","false","false","true","HubSpot","","0%","",""
"Enrichment opt out timestamp","hs_contact_enrichment_opt_out_timestamp","datetime","Timestamp of when the contact opted out of being included in the HubSpot Enrichment database","contactinformation","false","","true","true","false","false","false","true","HubSpot","","0%","",""
"Member email","hs_content_membership_email","string","Email used to send private content information to members","contactinformation","false","","false","true","false","false","false","true","HubSpot","","0%","",""
"Time enrolled in registration follow up emails","hs_content_membership_follow_up_enqueued_at","datetime","The time when the contact was first enrolled in the registration follow up email flow","contactinformation","false","","true","true","false","false","false","true","HubSpot","","0%","",""
"Registered At","hs_content_membership_registered_at","datetime","Datetime at which this user was set up for Content Membership","contactinformation","false","","true","true","false","false","false","true","HubSpot","","0%","",""
"Domain to which registration email was sent","hs_content_membership_registration_domain_sent_to","string","Domain to which the registration invitation email for Content Membership was sent to","contactinformation","false","","true","true","false","false","false","true","HubSpot","","0%","",""
"Time registration email was sent","hs_content_membership_registration_email_sent_at","datetime","Datetime at which this user was sent a registration invitation email for Content Membership","contactinformation","false","","true","true","false","false","false","true","HubSpot","","0%","",""
"Country/Region Code","hs_country_region_code","string","The contact's two-letter country code.","contactinformation","true","","false","false","false","false","false","true","HubSpot","","0%","",""
"Created by user ID","hs_created_by_user_id","number","The user who created this record. This value is set automatically by HubSpot.","contactinformation","false","","true","true","false","true","false","true","HubSpot","","9.63%","11/21/25 11:03 AM EST","Import"
"Email Domain","hs_email_domain","string","A contact's email address domain","contactinformation","false","","true","true","true","false","false","true","HubSpot","Inbounddb lists (5); Automation platform flow (3); Sales view (15)","99.47%","11/23/25 6:37 PM EST","HubSpot Calculation"
"ID of first engagement","hs_first_engagement_object_id","number","The object id of the current contact owner's first engagement with the contact.","contactinformation","false","","true","true","true","false","false","true","HubSpot","","3.8%","11/23/25 4:50 PM EST","HubSpot Calculation"
"Inferred Language Codes","hs_inferred_language_codes","enumeration","Inferred languages based on location.  ISO 639-1","contactinformation","false","Abkhazian (ab); Afar (aa); Afrikaans (af); Akan (ak); Albanian (sq); Amharic (am); Arabic (ar); Aragonese (an); Armenian (hy); Assamese (as); Avaric (av); Avestan (ae); Aymara (ay); Azerbaijani (az); Bambara (bm); Bashkir (ba); Basque (eu); Belarusian (be); Bengali (bn); Bislama (bi); Bokmål, Norwegian; Norwegian Bokmål (nb); Bosnian (bs); Breton (br); Bulgarian (bg); Burmese (my); Catalan; Valencian (ca); Central Khmer (km); Chamorro (ch); Chechen (ce); Chichewa; Chewa; Nyanja (ny); Chinese (zh); Church Slavic; Old Slavonic; Church Slavonic; Old Bulgarian; Old Church Slavonic (cu); Chuvash (cv); Cornish (kw); Corsican (co); Cree (cr); Croatian (hr); Czech (cs); Danish (da); Divehi; Dhivehi; Maldivian (dv); Dutch; Flemish (nl); Dzongkha (dz); English (en); Esperanto (eo); Estonian (et); Ewe (ee); Faroese (fo); Fijian (fj); Finnish (fi); French (fr); Fulah (ff); Gaelic; Scottish Gaelic (gd); Galician (gl); Ganda (lg); Georgian (ka); German (de); Greek, Modern (1453-) (el); Guarani (gn); Gujarati (gu); Haitian; Haitian Creole (ht); Hausa (ha); Hebrew (he); Herero (hz); Hindi (hi); Hiri Motu (ho); Hungarian (hu); Icelandic (is); Ido (io); Igbo (ig); Indonesian (id); Interlingua (International Auxiliary Language Association) (ia); Interlingue; Occidental (ie); Inuktitut (iu); Inupiaq (ik); Irish (ga); Italian (it); Japanese (ja); Javanese (jv); Kalaallisut; Greenlandic (kl); Kannada (kn); Kanuri (kr); Kashmiri (ks); Kazakh (kk); Kikuyu; Gikuyu (ki); Kinyarwanda (rw); Kirghiz; Kyrgyz (ky); Komi (kv); Kongo (kg); Korean (ko); Kuanyama; Kwanyama (kj); Kurdish (ku); Lao (lo); Latin (la); Latvian (lv); Limburgan; Limburger; Limburgish (li); Lingala (ln); Lithuanian (lt); Luba-Katanga (lu); Luxembourgish; Letzeburgesch (lb); Macedonian (mk); Malagasy (mg); Malay (macrolanguage) (ms); Malayalam (ml); Maltese (mt); Manx (gv); Maori (mi); Marathi (mr); Marshallese (mh); Mongolian (mn); Nauru (na); Navajo; Navaho (nv); Ndebele, North; North Ndebele (nd); Ndebele, South; South Ndebele (nr); Ndonga (ng); Nepali (macrolanguage) (ne); Northern Sami (se); Norwegian Nynorsk; Nynorsk, Norwegian (nn); Norwegian (no); Occitan (post 1500) (oc); Ojibwa (oj); Oriya (macrolanguage) (or); Oromo (om); Ossetian; Ossetic (os); Pali (pi); Panjabi; Punjabi (pa); Persian (fa); Polish (pl); Portuguese (pt); Pushto; Pashto (ps); Quechua (qu); Romanian; Moldavian; Moldovan (ro); Romansh (rm); Rundi (rn); Russian (ru); Samoan (sm); Sango (sg); Sanskrit (sa); Sardinian (sc); Serbian (sr); Shona (sn); Sichuan Yi; Nuosu (ii); Sindhi (sd); Sinhala; Sinhalese (si); Slovak (sk); Slovenian (sl); Somali (so); Sotho, Southern (st); Spanish; Castilian (es); Sundanese (su); Swahili (macrolanguage) (sw); Swati (ss); Swedish (sv); Tagalog (tl); Tahitian (ty); Tajik (tg); Tamil (ta); Tatar (tt); Telugu (te); Thai (th); Tibetan (bo); Tigrinya (ti); Tonga (Tonga Islands) (to); Tsonga (ts); Tswana (tn); Turkish (tr); Turkmen (tk); Twi (tw); Uighur; Uyghur (ug); Ukrainian (uk); Urdu (ur); Uzbek (uz); Venda (ve); Vietnamese (vi); Volapük (vo); Walloon (wa); Welsh (cy); Western Frisian (fy); Wolof (wo); Xhosa (xh); Yiddish (yi); Yoruba (yo); Zhuang; Chuang (za); Zulu (zu)","false","false","false","false","false","true","HubSpot","","0%","",""
"Intent Signals active","hs_intent_signals_enabled","bool","Indicates whether intent signal tracking is currently active for this record","contactinformation","false","Yes (true); No (false)","true","false","false","false","false","true","HubSpot","","0%","",""
"Has been enriched","hs_is_enriched","bool","Indicates whether this object has ever had enriched properties written to it.","contactinformation","false","Yes (true); No (false)","true","true","false","false","false","true","HubSpot","","0%","",""
"Journey Stage","hs_journey_stage","enumeration","Track the status of a contact through a customer journey. It can be set through journeys, manually on a per contact basis, and through other tools.","contactinformation","false","New Contact (new_contact); In Nurturing (in_nurturing); Low-Intent (low_intent); Mid-Intent (mid_intent); High-Intent (high_intent); Unqualified (unqualified); Qualified (qualified); Onboarding (onboarding); Post Onboarding (post_onboarding); Engaged (engaged); Unengaged (unengaged)","false","false","false","false","false","true","HubSpot","","0%","",""
"Preferred language","hs_language","enumeration","Set your contact's preferred language for communications. This property can be changed from an import, form, or integration.","contactinformation","true","Afrikaans (af) [READ-ONLY]; Albanian (sq) [READ-ONLY]; Albanian - Albania (sq-al) [READ-ONLY]; Arabic (ar) [READ-ONLY]; Arabic - Algeria (ar-dz) [READ-ONLY]; Arabic - Bahrain (ar-bh) [READ-ONLY]; Arabic - Egypt (ar-eg) [READ-ONLY]; Arabic - Iraq (ar-iq) [READ-ONLY]; Arabic - Jordan (ar-jo) [READ-ONLY]; Arabic - Kuwait (ar-kw) [READ-ONLY]; Arabic - Lebanon (ar-lb) [READ-ONLY]; Arabic - Libya (ar-ly) [READ-ONLY]; Arabic - Morocco (ar-ma) [READ-ONLY]; Arabic - Oman (ar-om) [READ-ONLY]; Arabic - Qatar (ar-qa) [READ-ONLY]; Arabic - Saudi Arabia (ar-sa) [READ-ONLY]; Arabic - Sudan (ar-sd) [READ-ONLY]; Arabic - Syria (ar-sy) [READ-ONLY]; Arabic - Tunisia (ar-tn) [READ-ONLY]; Arabic - United Arab Emirates (ar-ae) [READ-ONLY]; Arabic - Yemen (ar-ye) [READ-ONLY]; Armenian (hy) [READ-ONLY]; Assamese (as) [READ-ONLY]; Azerbaijani (az) [READ-ONLY]; Basque (eu) [READ-ONLY]; Belarusian (be) [READ-ONLY]; Belarusian - Belarus (be-by) [READ-ONLY]; Bengali (bn) [READ-ONLY]; Bosnian (ba); Bulgarian (bg) [READ-ONLY]; Bulgarian - Bulgaria (bg-bg) [READ-ONLY]; Burmese (my) [READ-ONLY]; Burmese - Myanmar (Burma) (my-mm) [READ-ONLY]; Catalan (ca) [READ-ONLY]; Catalan - Catalan (ca-es) [READ-ONLY]; Cebuano - Philippines (cb-pl); Chinese (zh) [READ-ONLY]; Chinese - China (zh-cn) [READ-ONLY]; Chinese - Hong Kong SAR (zh-hk) [READ-ONLY]; Chinese - Macau SAR (zh-mo) [READ-ONLY]; Chinese - Singapore (zh-sg) [READ-ONLY]; Chinese - Taiwan (zh-tw) [READ-ONLY]; Chinese (Simplified) (zh-chs) [READ-ONLY]; Chinese (Traditional) (zh-cht) [READ-ONLY]; Croatian (hr) [READ-ONLY]; Croatian - Croatia (hr-hr) [READ-ONLY]; Czech (cs) [READ-ONLY]; Czech - Czech Republic (cs-cz) [READ-ONLY]; Danish (da) [READ-ONLY]; Danish - Denmark (da-dk) [READ-ONLY]; Dutch (nl) [READ-ONLY]; Dutch - Belgium (nl-be) [READ-ONLY]; Dutch - The Netherlands (nl-nl) [READ-ONLY]; English (en) [READ-ONLY]; English - Australia (en-au) [READ-ONLY]; English - Canada (en-ca) [READ-ONLY]; English - Hong Kong (en-hk) [READ-ONLY]; English - India (en-in) [READ-ONLY]; English - Ireland (en-ie) [READ-ONLY]; English - Malaysia (en-my) [READ-ONLY]; English - Malta (en-mt) [READ-ONLY]; English - New Zealand (en-nz) [READ-ONLY]; English - Philippines (en-ph) [READ-ONLY]; English - Singapore (en-sg) [READ-ONLY]; English - South Africa (en-za) [READ-ONLY]; English - United Kingdom (en-gb) [READ-ONLY]; English - United States (en-us) [READ-ONLY]; English - Zimbabwe (en-zw) [READ-ONLY]; Estonian (et) [READ-ONLY]; Estonian - Estonia (et-ee) [READ-ONLY]; Faroese (fo) [READ-ONLY]; Farsi (fa) [READ-ONLY]; Finnish (fi) [READ-ONLY]; Finnish - Finland (fi-fi) [READ-ONLY]; French (fr) [READ-ONLY]; French - Belgium (fr-be) [READ-ONLY]; French - Canada (fr-ca) [READ-ONLY]; French - France (fr-fr) [READ-ONLY]; French - Luxembourg (fr-lu) [READ-ONLY]; French - Monaco (fr-mc) [READ-ONLY]; French - Switzerland (fr-ch) [READ-ONLY]; Galician (gl) [READ-ONLY]; Georgian (ka) [READ-ONLY]; German (de) [READ-ONLY]; German - Austria (de-at) [READ-ONLY]; German - Germany (de-de) [READ-ONLY]; German - Greece (de-gr) [READ-ONLY]; German - Liechtenstein (de-li) [READ-ONLY]; German - Luxembourg (de-lu) [READ-ONLY]; German - Switzerland (de-ch) [READ-ONLY]; Greek (el) [READ-ONLY]; Greek - Cyprus (el-cy) [READ-ONLY]; Greek - Greece (el-gr) [READ-ONLY]; Gujarati (gu) [READ-ONLY]; Haitian Creole (ht); Hausa (ha); Hebrew (he) [READ-ONLY]; Hebrew - Israel (he-il); Hebrew - Israel (Legacy) (iw-il) [READ-ONLY]; Hindi (hi) [READ-ONLY]; Hindi - India (hi-in) [READ-ONLY]; Hungarian (hu) [READ-ONLY]; Hungarian - Hungary (hu-hu) [READ-ONLY]; Icelandic (is) [READ-ONLY]; Icelandic - Iceland (is-is) [READ-ONLY]; Indonesian (id) [READ-ONLY]; Indonesian - Indonesia (in-id) [READ-ONLY]; Irish (ga) [READ-ONLY]; Irish - Ireland (ga-ie) [READ-ONLY]; Italian (it) [READ-ONLY]; Italian - Italy (it-it) [READ-ONLY]; Italian - Switzerland (it-ch) [READ-ONLY]; Japanese (ja) [READ-ONLY]; Japanese - Japan (ja-jp) [READ-ONLY]; Kannada (kn) [READ-ONLY]; Kazakh (kk) [READ-ONLY]; Kinyarwanda (rw); Kiswahili (ki); Konkani (kok) [READ-ONLY]; Korean (ko) [READ-ONLY]; Korean - South Korea (ko-kr) [READ-ONLY]; Kurdish (ku); Kyrgyz (ky) [READ-ONLY]; Lao (lo); Latvian (lv) [READ-ONLY]; Latvian - Latvia (lv-lv) [READ-ONLY]; Lithuanian (lt) [READ-ONLY]; Lithuanian - Lithuania (lt-lt) [READ-ONLY]; Macedonian (mk) [READ-ONLY]; Macedonian - Macedonia (mk-mk) [READ-ONLY]; Malagasy (mg); Malay (ms) [READ-ONLY]; Malayalam (m1) [READ-ONLY]; Malay - Brunei (ms-bn) [READ-ONLY]; Malay - Malaysia (ms-my) [READ-ONLY]; Maltese (mt) [READ-ONLY]; Maltese - Malta (mt-mt) [READ-ONLY]; Marathi (mr) [READ-ONLY]; Mongolian (mn) [READ-ONLY]; Norwegian (no) [READ-ONLY]; Norwegian Bokmal (nb) [READ-ONLY]; Norwegian - Norway (no-no) [READ-ONLY]; Nyanja (ny); ʻŌlelo Hawaiʻi (haw); Polish (pl) [READ-ONLY]; Polish - Poland (pl-pl) [READ-ONLY]; Portuguese (pt) [READ-ONLY]; Portuguese - Brazil (pt-br) [READ-ONLY]; Portuguese - Portugal (pt-pt) [READ-ONLY]; Punjabi (pa) [READ-ONLY]; Romanian (ro) [READ-ONLY]; Romanian - Romania (ro-ro) [READ-ONLY]; Russian (ru) [READ-ONLY]; Russian - Russia (ru-ru) [READ-ONLY]; Sanskrit (sa) [READ-ONLY]; Serbian (sr) [READ-ONLY]; Serbian - Bosnia and Herzegovina (sr-ba) [READ-ONLY]; Serbian - Montenegro (sr-me) [READ-ONLY]; Serbian - Serbia (sr-rs) [READ-ONLY]; Serbian - Serbia and Montenegro (Former) (sr-cs) [READ-ONLY]; Slovak (sk) [READ-ONLY]; Slovak - Slovakia (sk-sk) [READ-ONLY]; Slovenian (sl) [READ-ONLY]; Slovenian - Slovenia (sl-si) [READ-ONLY]; Spanish (es) [READ-ONLY]; Spanish - Argentina (es-ar) [READ-ONLY]; Spanish - Bolivia (es-bo) [READ-ONLY]; Spanish - Chile (es-cl) [READ-ONLY]; Spanish - Colombia (es-co) [READ-ONLY]; Spanish - Costa Rica (es-cr) [READ-ONLY]; Spanish - Cuba (es-cu) [READ-ONLY]; Spanish - Dominican Republic (es-do) [READ-ONLY]; Spanish - Ecuador (es-ec) [READ-ONLY]; Spanish - El Salvador (es-sv) [READ-ONLY]; Spanish - Guatemala (es-gt) [READ-ONLY]; Spanish - Honduras (es-hn) [READ-ONLY]; Spanish - Mexico (es-mx) [READ-ONLY]; Spanish - Nicaragua (es-ni) [READ-ONLY]; Spanish - Panama (es-pa) [READ-ONLY]; Spanish - Paraguay (es-py) [READ-ONLY]; Spanish - Peru (es-pe) [READ-ONLY]; Spanish - Puerto Rico (es-pr) [READ-ONLY]; Spanish - Spain (es-es) [READ-ONLY]; Spanish - United States (es-us) [READ-ONLY]; Spanish - Uruguay (es-uy) [READ-ONLY]; Spanish - Venezuela (es-ve) [READ-ONLY]; Swahili (sw) [READ-ONLY]; Swedish (sv) [READ-ONLY]; Swedish - Finland (sv-fi) [READ-ONLY]; Swedish - Sweden (sv-se) [READ-ONLY]; Syriac (sy) [READ-ONLY]; Tagalog (t1) [READ-ONLY]; Tamil (ta) [READ-ONLY]; Tatar (tt) [READ-ONLY]; Telugu (te) [READ-ONLY]; Thai (th) [READ-ONLY]; Thai - Thailand (th-th) [READ-ONLY]; Turkish (tr) [READ-ONLY]; Turkish - Türkiye (tr-tr) [READ-ONLY]; Ukrainian (uk) [READ-ONLY]; Ukrainian - Ukraine (uk-ua) [READ-ONLY]; Urdu (ur) [READ-ONLY]; Uzbek (uz) [READ-ONLY]; Vietnamese (vi) [READ-ONLY]; Vietnamese - Vietnam (vi-vn) [READ-ONLY]; Yoruba (yo)","false","true","false","false","false","true","HubSpot","","0%","",""
"Latest Disqualified Lead Date","hs_latest_disqualified_lead_date","datetime","The most recent time at which an associated lead currently in a disqualified stage was moved to that stage","contactinformation","false","","true","true","true","false","false","true","HubSpot","","0%","",""
"Latest Open Lead Date","hs_latest_open_lead_date","datetime","The most recent time an associated open lead was moved to a NEW or IN_PROGRESS state","contactinformation","false","","true","true","true","false","false","true","HubSpot","","0%","",""
"Latest Qualified Lead Date","hs_latest_qualified_lead_date","datetime","The most recent time at which an associated lead currently in a qualified stage was moved to that stage","contactinformation","false","","true","true","true","false","false","true","HubSpot","","0%","",""
"Last sequence ended date","hs_latest_sequence_ended_date","datetime","The last sequence ended date.","contactinformation","false","","true","true","true","false","false","true","HubSpot","","0%","",""
"Last sequence enrolled","hs_latest_sequence_enrolled","number","The last sequence enrolled.","contactinformation","false","","true","true","false","true","false","true","HubSpot","","0%","",""
"Last sequence enrolled date","hs_latest_sequence_enrolled_date","datetime","The last sequence enrolled date.","contactinformation","false","","true","true","false","false","false","true","HubSpot","","0%","",""
"Marketing contact status source name","hs_marketable_reason_id","string","The ID of the activity that set the contact as a marketing contact","contactinformation","false","","true","true","false","false","false","true","HubSpot","Report (7); Sales view (1)","13.73%","11/23/25 6:29 PM EST","Workflow"
"Marketing contact status source type","hs_marketable_reason_type","enumeration","The type of the activity that set the contact as a marketing contact","contactinformation","false","Ad (AD) [READ-ONLY]; Contact Import (CONTACT_IMPORT) [READ-ONLY]; Conversation (CONVERSATION) [READ-ONLY]; Form Submission (FORM_SUBMISSION) [READ-ONLY]; Initial State (INITIAL_STATE) [READ-ONLY]; Integrator Set (INTEGRATOR_SET) [READ-ONLY]; User Set (USER_SET) [READ-ONLY]; Workflow (WORKFLOW) [READ-ONLY]; Email (EMAIL); Sample Contact (SAMPLE_CONTACT); Feedback Submission (FEEDBACK_SUBMISSION)","true","true","false","false","false","true","HubSpot","Report (8); Sales view (1)","13.73%","11/23/25 6:12 PM EST","Workflow"
"Marketing contact status","hs_marketable_status","enumeration","The marketing status of a contact","contactinformation","false","Marketing contact (true); Non-marketing contact (false)","true","true","false","false","false","true","HubSpot","Inbounddb lists (27); Automation platform flow (3); Report (19); Association card (1); Sales view (84); Dashboard (1); Properties v3 card (2); Association v3 card (1)","100%","11/23/25 6:37 PM EST","Integration"
"Marketing contact until next update","hs_marketable_until_renewal","enumeration","Specifies if this contact will be set as non-marketing on renewal","contactinformation","false","Yes (true); -- (false)","true","true","false","false","false","true","HubSpot","Report (1); Sales view (3)","100%","11/23/25 6:37 PM EST","Integration"
"Merged Contact IDs","hs_merged_object_ids","enumeration","The list of Contact record IDs that have been merged into this Contact. This value is set automatically by HubSpot.","contactinformation","false","","true","true","false","false","false","true","HubSpot","","0.16%","8/27/24 4:00 PM EDT","CRM UI"
"Record ID","hs_object_id","number","The unique ID for this record. This value is set automatically by HubSpot.","contactinformation","false","","true","true","false","false","false","true","HubSpot","Calculated property (1); Automation platform flow (6); Report (1); Sales view (12)","100%","11/23/25 6:37 PM EST","Integration"
"Record source detail 1","hs_object_source_detail_1","string","First level of detail on how this record was created.","contactinformation","false","","true","true","false","false","false","true","HubSpot","","13.2%","11/23/25 6:37 PM EST","HubSpot Processing"
"Record source detail 2","hs_object_source_detail_2","string","Second level of detail on how this record was created.","contactinformation","false","","true","true","false","false","false","true","HubSpot","","0%","8/27/24 4:00 PM EDT","Record Merge"
"Record source detail 3","hs_object_source_detail_3","string","Third level of detail on how this record was created.","contactinformation","false","","true","true","false","false","false","true","HubSpot","","0%","8/27/24 4:00 PM EDT","Record Merge"
"Record source","hs_object_source_label","enumeration","How this record was created.","contactinformation","false","","true","true","false","true","false","true","HubSpot","Calculated property (1); Automation platform flow (1); Sales view (10)","100%","11/23/25 6:37 PM EST","Integration"
"Persona","hs_persona","enumeration","A contact's persona","contactinformation","true","team of one CFO, that does everything (persona_1)","false","true","false","false","false","true","HubSpot","","0%","",""
"Prospecting Agent Last Enrolled","hs_prospecting_agent_last_enrolled","datetime","The last time the Prospecting Agent enrolled this contact","contactinformation","false","","false","true","false","false","false","true","HubSpot","","0%","",""
"Prospecting Agent Total Enrolled Count","hs_prospecting_agent_total_enrolled_count","number","","contactinformation","false","","false","true","false","false","false","true","HubSpot","","6.84%","11/23/25 6:37 PM EST","HubSpot Calculation"
"Registration Method","hs_registration_method","string","The method used for registration","contactinformation","false","","true","true","false","false","false","true","HubSpot","","0%","",""
"Employment Role","hs_role","enumeration","Job role","contactinformation","true","Accounting (accounting); Administrative (administrative); Business Development (business_development); Communications (communications); Consulting (consulting); Customer Service (customer_service); Design (design); Education (education); Engineering (engineering); Entrepreneurship (entrepreneurship); Finance (finance); Health Professional (health_professional); Human Resources (human_resources); Information Technology (information_technology); Legal (legal); Marketing (marketing); Operations (operations); Product (product); Project Management (project_management); Public Relations (public_relations); Quality Assurance (quality_assurance); Real Estate (real_estate); Recruiting (recruiting); Research (research); Sales (sales); Support (support); Retired (retired)","false","false","false","false","false","true","HubSpot","","0%","",""
"Date of first engagement","hs_sa_first_engagement_date","datetime","The date the current contact owner first engaged with the contact.","contactinformation","false","","true","true","false","false","false","true","HubSpot","","3.8%","11/23/25 4:50 PM EST","HubSpot Calculation"
"Description of first engagement","hs_sa_first_engagement_descr","enumeration","A description of the current contact owner's first engagement with the contact.","contactinformation","false"," (EMPTY_DESCRIPTION); Bounced (BOUNCED); Busy (BUSY); Calling CRM user (CALLING_CRM_USER) [HIDDEN]; Canceled (CANCELED); Completed (COMPLETED); Connecting (CONNECTING) [HIDDEN]; Deferred (DEFERRED); Facebook Messenger (FB_MESSENGER); Failed (FAILED); In progress (IN_PROGRESS) [HIDDEN]; Live chat (LIVE_CHAT); Logged call (LOGGED_CALL); No answer (NO_ANSWER); No show (NO_SHOW); Not started (NOT_STARTED); Queued (QUEUED) [HIDDEN]; Rescheduled (RESCHEDULED); Ringing (RINGING) [HIDDEN]; Scheduled (SCHEDULED); Sending (SENDING); Sent (SENT); Waiting (WAITING); Missed (MISSED); On Hold (HOLD)","true","true","true","false","false","true","HubSpot","","3.8%","11/23/25 4:50 PM EST","HubSpot Calculation"
"Type of first engagement","hs_sa_first_engagement_object_type","enumeration","The object type of the current contact owner's first engagement with the contact.","contactinformation","false","Call (CALL); Conversation session (CONVERSATION_SESSION); Email (EMAIL); Meeting (MEETING_EVENT); Task (TASK)","true","true","true","false","false","true","HubSpot","","3.8%","11/23/25 4:50 PM EST","HubSpot Calculation"
"Employment Seniority","hs_seniority","enumeration","Job Seniority","contactinformation","true","VP (vp); Director (director); Entry (entry); Executive (executive); Manager (manager); Owner (owner); Partner (partner); Senior (senior); Employee (employee)","false","false","false","false","false","true","HubSpot","","0%","",""
"Number of sequences enrolled","hs_sequences_enrolled_count","number","The number of sequences enrolled.","contactinformation","false","","true","true","false","false","false","true","HubSpot","","0%","",""
"Shared teams","hs_shared_team_ids","enumeration","Additional teams whose users can access the Contact based on their permissions. This can be set manually or through Workflows or APIs.","contactinformation","false","","false","true","false","true","false","true","HubSpot","","0%","",""
"Shared users","hs_shared_user_ids","enumeration","Additional users that can access the Contact based on their permissions. This can be set manually or through Workflows and APIs.","contactinformation","false","","false","true","false","true","false","true","HubSpot","","0%","",""
"State/Region Code","hs_state_code","string","The contact's state or region code.","contactinformation","true","","false","false","false","false","false","true","HubSpot","","0%","",""
"Time between contact creation and deal close","hs_time_between_contact_creation_and_deal_close","number","","contactinformation","false","","false","false","false","false","false","true","HubSpot","","4.19%","11/23/25 3:43 PM EST","HubSpot Calculation"
"Time between contact creation and deal creation","hs_time_between_contact_creation_and_deal_creation","number","","contactinformation","false","","false","false","false","false","false","true","HubSpot","","7.56%","11/23/25 6:28 PM EST","HubSpot Calculation"
"Lead response time","hs_time_to_first_engagement","number","The time it took the current owner to perform a qualifying action on the contact. Qualifying actions include sending an email, calling, using chat, recording a meeting outcome, or marking a task as in progress or completed.","contactinformation","false","","true","true","true","false","false","true","HubSpot","","3.8%","11/23/25 4:50 PM EST","HubSpot Calculation"
"Time to move from lead to customer","hs_time_to_move_from_lead_to_customer","number"," How long it takes for a contact to move from the HubSpot lead stage to the HubSpot customer stage.","contactinformation","false","","false","false","false","false","false","true","HubSpot","","0.87%","11/21/25 7:45 PM EST","HubSpot Calculation"
"Time to move from marketing qualified lead to customer","hs_time_to_move_from_marketingqualifiedlead_to_customer","number"," How long it takes for a contact to move from the HubSpot marketing qualified lead stage to the HubSpot customer stage.","contactinformation","false","","false","false","false","false","false","true","HubSpot","","0.06%","7/6/25 7:51 PM EDT","HubSpot Calculation"
"Time to move from opportunity to customer","hs_time_to_move_from_opportunity_to_customer","number"," How long it takes for a contact to move from the HubSpot opportunity stage to the HubSpot customer stage.","contactinformation","false","","false","false","false","false","false","true","HubSpot","","1.35%","11/23/25 3:43 PM EST","HubSpot Calculation"
"Time to move from sales qualified lead to customer","hs_time_to_move_from_salesqualifiedlead_to_customer","number"," How long it takes for a contact to move from the HubSpot sales qualified lead stage to the HubSpot customer stage.","contactinformation","false","","false","false","false","false","false","true","HubSpot","","0.01%","7/6/25 7:51 PM EDT","HubSpot Calculation"
"Time Zone","hs_timezone","enumeration","The contact’s time zone. This can be set automatically by HubSpot based on other contact properties. It can also be set manually for each contact.","contactinformation","true","UTC -11:00 Pacific Midway (pacific_slash_midway) [READ-ONLY]; UTC -11:00 Pacific Niue (pacific_slash_niue) [READ-ONLY]; UTC -11:00 Pacific Pago Pago (pacific_slash_pago_pago) [READ-ONLY]; UTC -11:00 Pacific Samoa (pacific_slash_samoa) [READ-ONLY]; UTC -11:00 US Samoa (us_slash_samoa) [READ-ONLY]; UTC -10:00 Pacific Honolulu (pacific_slash_honolulu) [READ-ONLY]; UTC -10:00 Pacific Johnston (pacific_slash_johnston) [READ-ONLY]; UTC -10:00 Pacific Rarotonga (pacific_slash_rarotonga) [READ-ONLY]; UTC -10:00 Pacific Tahiti (pacific_slash_tahiti) [READ-ONLY]; UTC -10:00 US Hawaii (us_slash_hawaii) [READ-ONLY]; UTC -09:30 Pacific Marquesas (pacific_slash_marquesas) [READ-ONLY]; UTC -09:00 America Adak (america_slash_adak) [READ-ONLY]; UTC -09:00 America Atka (america_slash_atka) [READ-ONLY]; UTC -09:00 Pacific Gambier (pacific_slash_gambier) [READ-ONLY]; UTC -09:00 US Aleutian (us_slash_aleutian) [READ-ONLY]; UTC -08:00 America Anchorage (america_slash_anchorage) [READ-ONLY]; UTC -08:00 America Juneau (america_slash_juneau) [READ-ONLY]; UTC -08:00 America Metlakatla (america_slash_metlakatla) [READ-ONLY]; UTC -08:00 America Nome (america_slash_nome) [READ-ONLY]; UTC -08:00 America Sitka (america_slash_sitka) [READ-ONLY]; UTC -08:00 America Yakutat (america_slash_yakutat) [READ-ONLY]; UTC -08:00 Pacific Pitcairn (pacific_slash_pitcairn) [READ-ONLY]; UTC -08:00 US Alaska (us_slash_alaska) [READ-ONLY]; UTC -07:00 America Creston (america_slash_creston) [READ-ONLY]; UTC -07:00 America Dawson (america_slash_dawson) [READ-ONLY]; UTC -07:00 America Dawson Creek (america_slash_dawson_creek) [READ-ONLY]; UTC -07:00 America Ensenada (america_slash_ensenada) [READ-ONLY]; UTC -07:00 America Fort Nelson (america_slash_fort_nelson) [READ-ONLY]; UTC -07:00 America Hermosillo (america_slash_hermosillo) [READ-ONLY]; UTC -07:00 America Los Angeles (america_slash_los_angeles) [READ-ONLY]; UTC -07:00 America Phoenix (america_slash_phoenix) [READ-ONLY]; UTC -07:00 America Santa Isabel (america_slash_santa_isabel) [READ-ONLY]; UTC -07:00 America Tijuana (america_slash_tijuana) [READ-ONLY]; UTC -07:00 America Vancouver (america_slash_vancouver) [READ-ONLY]; UTC -07:00 America Whitehorse (america_slash_whitehorse) [READ-ONLY]; UTC -07:00 Canada Pacific (canada_slash_pacific) [READ-ONLY]; UTC -07:00 Canada Yukon (canada_slash_yukon) [READ-ONLY]; UTC -07:00 Mexico BajaNorte (mexico_slash_bajanorte) [READ-ONLY]; UTC -07:00 US Arizona (us_slash_arizona) [READ-ONLY]; UTC -07:00 US Pacific (us_slash_pacific) [READ-ONLY]; UTC -07:00 US Pacific-New (us_slash_pacific_hyphen_new) [READ-ONLY]; UTC -06:00 America Belize (america_slash_belize) [READ-ONLY]; UTC -06:00 America Boise (america_slash_boise) [READ-ONLY]; UTC -06:00 America Cambridge Bay (america_slash_cambridge_bay) [READ-ONLY]; UTC -06:00 America Chihuahua (america_slash_chihuahua) [READ-ONLY]; UTC -06:00 America Costa Rica (america_slash_costa_rica) [READ-ONLY]; UTC -06:00 America Denver (america_slash_denver) [READ-ONLY]; UTC -06:00 America Edmonton (america_slash_edmonton) [READ-ONLY]; UTC -06:00 America El Salvador (america_slash_el_salvador) [READ-ONLY]; UTC -06:00 America Guatemala (america_slash_guatemala) [READ-ONLY]; UTC -06:00 America Inuvik (america_slash_inuvik) [READ-ONLY]; UTC -06:00 America Managua (america_slash_managua) [READ-ONLY]; UTC -06:00 America Mazatlan (america_slash_mazatlan) [READ-ONLY]; UTC -06:00 America Navajo (navajo) [READ-ONLY]; UTC -06:00 America Ojinaga (america_slash_ojinaga) [READ-ONLY]; UTC -06:00 America Regina (america_slash_regina) [READ-ONLY]; UTC -06:00 America Shiprock (america_slash_shiprock) [READ-ONLY]; UTC -06:00 America Swift Current (america_slash_swift_current) [READ-ONLY]; UTC -06:00 America Tegucigalpa (america_slash_tegucigalpa) [READ-ONLY]; UTC -06:00 America Yellowknife (america_slash_yellowknife) [READ-ONLY]; UTC -06:00 Canada Mountain (canada_slash_mountain) [READ-ONLY]; UTC -06:00 Canada Saskatchewan (canada_slash_saskatchewan) [READ-ONLY]; UTC -06:00 Chile EasterIsland (chile_slash_easterisland) [READ-ONLY]; UTC -06:00 Mexico BajaSur (mexico_slash_bajasur) [READ-ONLY]; UTC -06:00 Pacific Easter (pacific_slash_easter) [READ-ONLY]; UTC -06:00 Pacific Galapagos (pacific_slash_galapagos) [READ-ONLY]; UTC -06:00 US Mountain (us_slash_mountain) [READ-ONLY]; UTC -05:00 America Atikokan (america_slash_atikokan) [READ-ONLY]; UTC -05:00 America Bahia Banderas (america_slash_bahia_banderas) [READ-ONLY]; UTC -05:00 America Bogota (america_slash_bogota) [READ-ONLY]; UTC -05:00 America Cancun (america_slash_cancun) [READ-ONLY]; UTC -05:00 America Cayman (america_slash_cayman) [READ-ONLY]; UTC -05:00 America Chicago (america_slash_chicago) [READ-ONLY]; UTC -05:00 America Coral Harbour (america_slash_coral_harbour) [READ-ONLY]; UTC -05:00 America Eirunepe (america_slash_eirunepe) [READ-ONLY]; UTC -05:00 America Guayaquil (america_slash_guayaquil) [READ-ONLY]; UTC -05:00 America Indiana (Knox) (america_slash_indiana_slash_knox) [READ-ONLY]; UTC -05:00 America Indiana (Tell City) (america_slash_indiana_slash_tell_city) [READ-ONLY]; UTC -05:00 America Jamaica (america_slash_jamaica) [READ-ONLY]; UTC -05:00 America Knox IN (america_slash_knox_in) [READ-ONLY]; UTC -05:00 America Lima (america_slash_lima) [READ-ONLY]; UTC -05:00 America Matamoros (america_slash_matamoros) [READ-ONLY]; UTC -05:00 America Menominee (america_slash_menominee) [READ-ONLY]; UTC -05:00 America Merida (america_slash_merida) [READ-ONLY]; UTC -05:00 America Mexico City (america_slash_mexico_city) [READ-ONLY]; UTC -05:00 America Monterrey (america_slash_monterrey) [READ-ONLY]; UTC -05:00 America North Dakota (Beulah) (america_slash_north_dakota_slash_beulah) [READ-ONLY]; UTC -05:00 America North Dakota (Center) (america_slash_north_dakota_slash_center) [READ-ONLY]; UTC -05:00 America North Dakota (New Salem) (america_slash_north_dakota_slash_new_salem) [READ-ONLY]; UTC -05:00 America Panama (america_slash_panama) [READ-ONLY]; UTC -05:00 America Porto Acre (america_slash_porto_acre) [READ-ONLY]; UTC -05:00 America Rainy River (america_slash_rainy_river) [READ-ONLY]; UTC -05:00 America Rankin Inlet (america_slash_rankin_inlet) [READ-ONLY]; UTC -05:00 America Resolute (america_slash_resolute) [READ-ONLY]; UTC -05:00 America Rio Branco (america_slash_rio_branco) [READ-ONLY]; UTC -05:00 America Winnipeg (america_slash_winnipeg) [READ-ONLY]; UTC -05:00 Brazil Acre (brazil_slash_acre) [READ-ONLY]; UTC -05:00 Canada Central (canada_slash_central) [READ-ONLY]; UTC -05:00 Mexico General (mexico_slash_general) [READ-ONLY]; UTC -05:00 US Central (us_slash_central) [READ-ONLY]; UTC -05:00 US Indiana-Starke (us_slash_indiana_hyphen_starke) [READ-ONLY]; UTC -04:00 America Anguilla (america_slash_anguilla) [READ-ONLY]; UTC -04:00 America Antigua (america_slash_antigua) [READ-ONLY]; UTC -04:00 America Aruba (america_slash_aruba) [READ-ONLY]; UTC -04:00 America Asuncion (america_slash_asuncion) [READ-ONLY]; UTC -04:00 America Barbados (america_slash_barbados) [READ-ONLY]; UTC -04:00 America Blanc-Sablon (america_slash_blanc_hyphen_sablon) [READ-ONLY]; UTC -04:00 America Boa Vista (america_slash_boa_vista) [READ-ONLY]; UTC -04:00 America Campo Grande (america_slash_campo_grande) [READ-ONLY]; UTC -04:00 America Caracas (america_slash_caracas) [READ-ONLY]; UTC -04:00 America Cuba (cuba) [READ-ONLY]; UTC -04:00 America Cuiaba (america_slash_cuiaba) [READ-ONLY]; UTC -04:00 America Curacao (america_slash_curacao) [READ-ONLY]; UTC -04:00 America Detroit (america_slash_detroit) [READ-ONLY]; UTC -04:00 America Dominica (america_slash_dominica) [READ-ONLY]; UTC -04:00 America Fort Wayne (america_slash_fort_wayne) [READ-ONLY]; UTC -04:00 America Grand Turk (america_slash_grand_turk) [READ-ONLY]; UTC -04:00 America Grenada (america_slash_grenada) [READ-ONLY]; UTC -04:00 America Guadeloupe (america_slash_guadeloupe) [READ-ONLY]; UTC -04:00 America Guyana (america_slash_guyana) [READ-ONLY]; UTC -04:00 America Havana (america_slash_havana) [READ-ONLY]; UTC -04:00 America Indiana (Indianapolis) (america_slash_indiana_slash_indianapolis) [READ-ONLY]; UTC -04:00 America Indiana (Marengo) (america_slash_indiana_slash_marengo) [READ-ONLY]; UTC -04:00 America Indiana (Petersburg) (america_slash_indiana_slash_petersburg) [READ-ONLY]; UTC -04:00 America Indiana (Vevay) (america_slash_indiana_slash_vevay) [READ-ONLY]; UTC -04:00 America Indiana (Vincennes) (america_slash_indiana_slash_vincennes) [READ-ONLY]; UTC -04:00 America Indiana (Winamac) (america_slash_indiana_slash_winamac) [READ-ONLY]; UTC -04:00 America Indianapolis (america_slash_indianapolis) [READ-ONLY]; UTC -04:00 America Iqaluit (america_slash_iqaluit) [READ-ONLY]; UTC -04:00 America Kentucky (Louisville) (america_slash_kentucky_slash_louisville) [READ-ONLY]; UTC -04:00 America Kentucky (Monticello) (america_slash_kentucky_slash_monticello) [READ-ONLY]; UTC -04:00 America Kralendijk (america_slash_kralendijk) [READ-ONLY]; UTC -04:00 America La Paz (america_slash_la_paz) [READ-ONLY]; UTC -04:00 America Louisville (america_slash_louisville) [READ-ONLY]; UTC -04:00 America Lower Princes (america_slash_lower_princes) [READ-ONLY]; UTC -04:00 America Manaus (america_slash_manaus) [READ-ONLY]; UTC -04:00 America Marigot (america_slash_marigot) [READ-ONLY]; UTC -04:00 America Martinique (america_slash_martinique) [READ-ONLY]; UTC -04:00 America Montreal (america_slash_montreal) [READ-ONLY]; UTC -04:00 America Montserrat (america_slash_montserrat) [READ-ONLY]; UTC -04:00 America Nassau (america_slash_nassau) [READ-ONLY]; UTC -04:00 America New York (america_slash_new_york) [READ-ONLY]; UTC -04:00 America Nipigon (america_slash_nipigon) [READ-ONLY]; UTC -04:00 America Pangnirtung (america_slash_pangnirtung) [READ-ONLY]; UTC -04:00 America Port of Spain (america_slash_port_of_spain) [READ-ONLY]; UTC -04:00 America Port-au-Prince (america_slash_port_hyphen_au_hyphen_prince) [READ-ONLY]; UTC -04:00 America Porto Velho (america_slash_porto_velho) [READ-ONLY]; UTC -04:00 America Puerto Rico (america_slash_puerto_rico) [READ-ONLY]; UTC -04:00 America Santiago (america_slash_santiago) [READ-ONLY]; UTC -04:00 America Santo Domingo (america_slash_santo_domingo) [READ-ONLY]; UTC -04:00 America St Barthelemy (america_slash_st_barthelemy) [READ-ONLY]; UTC -04:00 America St Kitts (america_slash_st_kitts) [READ-ONLY]; UTC -04:00 America St Lucia (america_slash_st_lucia) [READ-ONLY]; UTC -04:00 America St Thomas (america_slash_st_thomas) [READ-ONLY]; UTC -04:00 America St Vincent (america_slash_st_vincent) [READ-ONLY]; UTC -04:00 America Thunder Bay (america_slash_thunder_bay) [READ-ONLY]; UTC -04:00 America Toronto (america_slash_toronto) [READ-ONLY]; UTC -04:00 America Tortola (america_slash_tortola) [READ-ONLY]; UTC -04:00 America Virgin (america_slash_virgin) [READ-ONLY]; UTC -04:00 Brazil West (brazil_slash_west) [READ-ONLY]; UTC -04:00 Canada Eastern (canada_slash_eastern) [READ-ONLY]; UTC -04:00 Chile Continental (chile_slash_continental) [READ-ONLY]; UTC -04:00 US East-Indiana (us_slash_east_hyphen_indiana) [READ-ONLY]; UTC -04:00 US Eastern (us_slash_eastern) [READ-ONLY]; UTC -04:00 US Michigan (us_slash_michigan) [READ-ONLY]; UTC -03:00 America Araguaina (america_slash_araguaina) [READ-ONLY]; UTC -03:00 America Argentina (Buenos Aires) (america_slash_argentina_slash_buenos_aires) [READ-ONLY]; UTC -03:00 America Argentina (Catamarca) (america_slash_argentina_slash_catamarca) [READ-ONLY]; UTC -03:00 America Argentina (ComodRivadavia) (america_slash_argentina_slash_comodrivadavia) [READ-ONLY]; UTC -03:00 America Argentina (Cordoba) (america_slash_argentina_slash_cordoba) [READ-ONLY]; UTC -03:00 America Argentina (Jujuy) (america_slash_argentina_slash_jujuy) [READ-ONLY]; UTC -03:00 America Argentina (La Rioja) (america_slash_argentina_slash_la_rioja) [READ-ONLY]; UTC -03:00 America Argentina (Mendoza) (america_slash_argentina_slash_mendoza) [READ-ONLY]; UTC -03:00 America Argentina (Rio Gallegos) (america_slash_argentina_slash_rio_gallegos) [READ-ONLY]; UTC -03:00 America Argentina (Salta) (america_slash_argentina_slash_salta) [READ-ONLY]; UTC -03:00 America Argentina (San Juan) (america_slash_argentina_slash_san_juan) [READ-ONLY]; UTC -03:00 America Argentina (San Luis) (america_slash_argentina_slash_san_luis) [READ-ONLY]; UTC -03:00 America Argentina (Tucuman) (america_slash_argentina_slash_tucuman) [READ-ONLY]; UTC -03:00 America Argentina (Ushuaia) (america_slash_argentina_slash_ushuaia) [READ-ONLY]; UTC -03:00 America Bahia (america_slash_bahia) [READ-ONLY]; UTC -03:00 America Belem (america_slash_belem) [READ-ONLY]; UTC -03:00 America Buenos Aires (america_slash_buenos_aires) [READ-ONLY]; UTC -03:00 America Catamarca (america_slash_catamarca) [READ-ONLY]; UTC -03:00 America Cayenne (america_slash_cayenne) [READ-ONLY]; UTC -03:00 America Cordoba (america_slash_cordoba) [READ-ONLY]; UTC -03:00 America Fortaleza (america_slash_fortaleza) [READ-ONLY]; UTC -03:00 America Glace Bay (america_slash_glace_bay) [READ-ONLY]; UTC -03:00 America Goose Bay (america_slash_goose_bay) [READ-ONLY]; UTC -03:00 America Halifax (america_slash_halifax) [READ-ONLY]; UTC -03:00 America Jujuy (america_slash_jujuy) [READ-ONLY]; UTC -03:00 America Maceio (america_slash_maceio) [READ-ONLY]; UTC -03:00 America Mendoza (america_slash_mendoza) [READ-ONLY]; UTC -03:00 America Moncton (america_slash_moncton) [READ-ONLY]; UTC -03:00 America Montevideo (america_slash_montevideo) [READ-ONLY]; UTC -03:00 America Paramaribo (america_slash_paramaribo) [READ-ONLY]; UTC -03:00 America Punta Arenas (america_slash_punta_arenas) [READ-ONLY]; UTC -03:00 America Recife (america_slash_recife) [READ-ONLY]; UTC -03:00 America Rosario (america_slash_rosario) [READ-ONLY]; UTC -03:00 America Santarem (america_slash_santarem) [READ-ONLY]; UTC -03:00 America Sao Paulo (america_slash_sao_paulo) [READ-ONLY]; UTC -03:00 America Thule (america_slash_thule) [READ-ONLY]; UTC -03:00 Antarctica Palmer (antarctica_slash_palmer) [READ-ONLY]; UTC -03:00 Antarctica Rothera (antarctica_slash_rothera) [READ-ONLY]; UTC -03:00 Atlantic Bermuda (atlantic_slash_bermuda) [READ-ONLY]; UTC -03:00 Atlantic Stanley (atlantic_slash_stanley) [READ-ONLY]; UTC -03:00 Brazil East (brazil_slash_east) [READ-ONLY]; UTC -03:00 Canada Atlantic (canada_slash_atlantic) [READ-ONLY]; UTC -02:30 America St Johns (america_slash_st_johns) [READ-ONLY]; UTC -02:30 Canada Newfoundland (canada_slash_newfoundland) [READ-ONLY]; UTC -02:00 America Godthab (america_slash_godthab) [READ-ONLY]; UTC -02:00 America Miquelon (america_slash_miquelon) [READ-ONLY]; UTC -02:00 America Noronha (america_slash_noronha) [READ-ONLY]; UTC -02:00 Atlantic South Georgia (atlantic_slash_south_georgia) [READ-ONLY]; UTC -02:00 Brazil DeNoronha (brazil_slash_denoronha) [READ-ONLY]; UTC -01:00 Atlantic Cape Verde (atlantic_slash_cape_verde) [READ-ONLY]; UTC +00:00 Africa Abidjan (africa_slash_abidjan) [READ-ONLY]; UTC +00:00 Africa Accra (africa_slash_accra) [READ-ONLY]; UTC +00:00 Africa Bamako (africa_slash_bamako) [READ-ONLY]; UTC +00:00 Africa Banjul (africa_slash_banjul) [READ-ONLY]; UTC +00:00 Africa Bissau (africa_slash_bissau) [READ-ONLY]; UTC +00:00 Africa Conakry (africa_slash_conakry) [READ-ONLY]; UTC +00:00 Africa Dakar (africa_slash_dakar) [READ-ONLY]; UTC +00:00 Africa Freetown (africa_slash_freetown) [READ-ONLY]; UTC +00:00 Africa Lome (africa_slash_lome) [READ-ONLY]; UTC +00:00 Africa Monrovia (africa_slash_monrovia) [READ-ONLY]; UTC +00:00 Africa Nouakchott (africa_slash_nouakchott) [READ-ONLY]; UTC +00:00 Africa Ouagadougou (africa_slash_ouagadougou) [READ-ONLY]; UTC +00:00 Africa Timbuktu (africa_slash_timbuktu) [READ-ONLY]; UTC +00:00 America Danmarkshavn (america_slash_danmarkshavn) [READ-ONLY]; UTC +00:00 America Scoresbysund (america_slash_scoresbysund) [READ-ONLY]; UTC +00:00 Atlantic Azores (atlantic_slash_azores) [READ-ONLY]; UTC +00:00 Atlantic Reykjavik (atlantic_slash_reykjavik) [READ-ONLY]; UTC +00:00 Atlantic St Helena (atlantic_slash_st_helena) [READ-ONLY]; UTC +00:00 Europe Iceland (iceland) [READ-ONLY]; UTC +01:00 Africa Algiers (africa_slash_algiers) [READ-ONLY]; UTC +01:00 Africa Bangui (africa_slash_bangui) [READ-ONLY]; UTC +01:00 Africa Brazzaville (africa_slash_brazzaville) [READ-ONLY]; UTC +01:00 Africa Casablanca (africa_slash_casablanca) [READ-ONLY]; UTC +01:00 Africa Douala (africa_slash_douala) [READ-ONLY]; UTC +01:00 Africa El Aaiun (africa_slash_el_aaiun) [READ-ONLY]; UTC +01:00 Africa Kinshasa (africa_slash_kinshasa) [READ-ONLY]; UTC +01:00 Africa Lagos (africa_slash_lagos) [READ-ONLY]; UTC +01:00 Africa Libreville (africa_slash_libreville) [READ-ONLY]; UTC +01:00 Africa Luanda (africa_slash_luanda) [READ-ONLY]; UTC +01:00 Africa Malabo (africa_slash_malabo) [READ-ONLY]; UTC +01:00 Africa Ndjamena (africa_slash_ndjamena) [READ-ONLY]; UTC +01:00 Africa Niamey (africa_slash_niamey) [READ-ONLY]; UTC +01:00 Africa Porto-Novo (africa_slash_porto_hyphen_novo) [READ-ONLY]; UTC +01:00 Africa Sao Tome (africa_slash_sao_tome) [READ-ONLY]; UTC +01:00 Africa Tunis (africa_slash_tunis) [READ-ONLY]; UTC +01:00 Atlantic Canary (atlantic_slash_canary) [READ-ONLY]; UTC +01:00 Atlantic Faeroe (atlantic_slash_faeroe) [READ-ONLY]; UTC +01:00 Atlantic Faroe (atlantic_slash_faroe) [READ-ONLY]; UTC +01:00 Atlantic Madeira (atlantic_slash_madeira) [READ-ONLY]; UTC +01:00 Europe Belfast (europe_slash_belfast) [READ-ONLY]; UTC +01:00 Europe Dublin (europe_slash_dublin) [READ-ONLY]; UTC +01:00 Europe Eire (eire) [READ-ONLY]; UTC +01:00 Europe Guernsey (europe_slash_guernsey) [READ-ONLY]; UTC +01:00 Europe Isle of Man (europe_slash_isle_of_man) [READ-ONLY]; UTC +01:00 Europe Jersey (europe_slash_jersey) [READ-ONLY]; UTC +01:00 Europe Lisbon (europe_slash_lisbon) [READ-ONLY]; UTC +01:00 Europe London (europe_slash_london) [READ-ONLY]; UTC +01:00 Europe Portugal (portugal) [READ-ONLY]; UTC +02:00 Africa Blantyre (africa_slash_blantyre) [READ-ONLY]; UTC +02:00 Africa Bujumbura (africa_slash_bujumbura) [READ-ONLY]; UTC +02:00 Africa Cairo (africa_slash_cairo) [READ-ONLY]; UTC +02:00 Africa Ceuta (africa_slash_ceuta) [READ-ONLY]; UTC +02:00 Africa Egypt (egypt) [READ-ONLY]; UTC +02:00 Africa Gaborone (africa_slash_gaborone) [READ-ONLY]; UTC +02:00 Africa Harare (africa_slash_harare) [READ-ONLY]; UTC +02:00 Africa Johannesburg (africa_slash_johannesburg) [READ-ONLY]; UTC +02:00 Africa Khartoum (africa_slash_khartoum) [READ-ONLY]; UTC +02:00 Africa Kigali (africa_slash_kigali) [READ-ONLY]; UTC +02:00 Africa Libya (libya) [READ-ONLY]; UTC +02:00 Africa Lubumbashi (africa_slash_lubumbashi) [READ-ONLY]; UTC +02:00 Africa Lusaka (africa_slash_lusaka) [READ-ONLY]; UTC +02:00 Africa Maputo (africa_slash_maputo) [READ-ONLY]; UTC +02:00 Africa Maseru (africa_slash_maseru) [READ-ONLY]; UTC +02:00 Africa Mbabane (africa_slash_mbabane) [READ-ONLY]; UTC +02:00 Africa Tripoli (africa_slash_tripoli) [READ-ONLY]; UTC +02:00 Africa Windhoek (africa_slash_windhoek) [READ-ONLY]; UTC +02:00 Antarctica Troll (antarctica_slash_troll) [READ-ONLY]; UTC +02:00 Arctic Longyearbyen (arctic_slash_longyearbyen) [READ-ONLY]; UTC +02:00 Atlantic Jan Mayen (atlantic_slash_jan_mayen) [READ-ONLY]; UTC +02:00 Europe Amsterdam (europe_slash_amsterdam) [READ-ONLY]; UTC +02:00 Europe Andorra (europe_slash_andorra) [READ-ONLY]; UTC +02:00 Europe Belgrade (europe_slash_belgrade) [READ-ONLY]; UTC +02:00 Europe Berlin (europe_slash_berlin) [READ-ONLY]; UTC +02:00 Europe Bratislava (europe_slash_bratislava) [READ-ONLY]; UTC +02:00 Europe Brussels (europe_slash_brussels) [READ-ONLY]; UTC +02:00 Europe Budapest (europe_slash_budapest) [READ-ONLY]; UTC +02:00 Europe Busingen (europe_slash_busingen) [READ-ONLY]; UTC +02:00 Europe Copenhagen (europe_slash_copenhagen) [READ-ONLY]; UTC +02:00 Europe Gibraltar (europe_slash_gibraltar) [READ-ONLY]; UTC +02:00 Europe Kaliningrad (europe_slash_kaliningrad) [READ-ONLY]; UTC +02:00 Europe Ljubljana (europe_slash_ljubljana) [READ-ONLY]; UTC +02:00 Europe Luxembourg (europe_slash_luxembourg) [READ-ONLY]; UTC +02:00 Europe Madrid (europe_slash_madrid) [READ-ONLY]; UTC +02:00 Europe Malta (europe_slash_malta) [READ-ONLY]; UTC +02:00 Europe Monaco (europe_slash_monaco) [READ-ONLY]; UTC +02:00 Europe Oslo (europe_slash_oslo) [READ-ONLY]; UTC +02:00 Europe Paris (europe_slash_paris) [READ-ONLY]; UTC +02:00 Europe Podgorica (europe_slash_podgorica) [READ-ONLY]; UTC +02:00 Europe Poland (poland) [READ-ONLY]; UTC +02:00 Europe Prague (europe_slash_prague) [READ-ONLY]; UTC +02:00 Europe Rome (europe_slash_rome) [READ-ONLY]; UTC +02:00 Europe San Marino (europe_slash_san_marino) [READ-ONLY]; UTC +02:00 Europe Sarajevo (europe_slash_sarajevo) [READ-ONLY]; UTC +02:00 Europe Skopje (europe_slash_skopje) [READ-ONLY]; UTC +02:00 Europe Stockholm (europe_slash_stockholm) [READ-ONLY]; UTC +02:00 Europe Tirane (europe_slash_tirane) [READ-ONLY]; UTC +02:00 Europe Vaduz (europe_slash_vaduz) [READ-ONLY]; UTC +02:00 Europe Vatican (europe_slash_vatican) [READ-ONLY]; UTC +02:00 Europe Vienna (europe_slash_vienna) [READ-ONLY]; UTC +02:00 Europe Warsaw (europe_slash_warsaw) [READ-ONLY]; UTC +02:00 Europe Zagreb (europe_slash_zagreb) [READ-ONLY]; UTC +02:00 Europe Zurich (europe_slash_zurich) [READ-ONLY]; UTC +03:00 Africa Addis Ababa (africa_slash_addis_ababa) [READ-ONLY]; UTC +03:00 Africa Asmara (africa_slash_asmara) [READ-ONLY]; UTC +03:00 Africa Asmera (africa_slash_asmera) [READ-ONLY]; UTC +03:00 Africa Dar es Salaam (africa_slash_dar_es_salaam) [READ-ONLY]; UTC +03:00 Africa Djibouti (africa_slash_djibouti) [READ-ONLY]; UTC +03:00 Africa Juba (africa_slash_juba) [READ-ONLY]; UTC +03:00 Africa Kampala (africa_slash_kampala) [READ-ONLY]; UTC +03:00 Africa Mogadishu (africa_slash_mogadishu) [READ-ONLY]; UTC +03:00 Africa Nairobi (africa_slash_nairobi) [READ-ONLY]; UTC +03:00 Antarctica Syowa (antarctica_slash_syowa) [READ-ONLY]; UTC +03:00 Asia Aden (asia_slash_aden) [READ-ONLY]; UTC +03:00 Asia Amman (asia_slash_amman) [READ-ONLY]; UTC +03:00 Asia Baghdad (asia_slash_baghdad) [READ-ONLY]; UTC +03:00 Asia Bahrain (asia_slash_bahrain) [READ-ONLY]; UTC +03:00 Asia Beirut (asia_slash_beirut) [READ-ONLY]; UTC +03:00 Asia Damascus (asia_slash_damascus) [READ-ONLY]; UTC +03:00 Asia Famagusta (asia_slash_famagusta) [READ-ONLY]; UTC +03:00 Asia Gaza (asia_slash_gaza) [READ-ONLY]; UTC +03:00 Asia Hebron (asia_slash_hebron) [READ-ONLY]; UTC +03:00 Asia Israel (israel) [READ-ONLY]; UTC +03:00 Asia Istanbul (asia_slash_istanbul) [READ-ONLY]; UTC +03:00 Asia Jerusalem (asia_slash_jerusalem) [READ-ONLY]; UTC +03:00 Asia Kuwait (asia_slash_kuwait) [READ-ONLY]; UTC +03:00 Asia Nicosia (asia_slash_nicosia) [READ-ONLY]; UTC +03:00 Asia Qatar (asia_slash_qatar) [READ-ONLY]; UTC +03:00 Asia Riyadh (asia_slash_riyadh) [READ-ONLY]; UTC +03:00 Asia Tel Aviv (asia_slash_tel_aviv) [READ-ONLY]; UTC +03:00 Asia Türkiye (turkey) [READ-ONLY]; UTC +03:00 Europe Athens (europe_slash_athens) [READ-ONLY]; UTC +03:00 Europe Bucharest (europe_slash_bucharest) [READ-ONLY]; UTC +03:00 Europe Chisinau (europe_slash_chisinau) [READ-ONLY]; UTC +03:00 Europe Helsinki (europe_slash_helsinki) [READ-ONLY]; UTC +03:00 Europe Istanbul (europe_slash_istanbul) [READ-ONLY]; UTC +03:00 Europe Kyiv (europe_slash_kiev) [READ-ONLY]; UTC +03:00 Europe Kirov (europe_slash_kirov) [READ-ONLY]; UTC +03:00 Europe Mariehamn (europe_slash_mariehamn) [READ-ONLY]; UTC +03:00 Europe Minsk (europe_slash_minsk) [READ-ONLY]; UTC +03:00 Europe Moscow (europe_slash_moscow) [READ-ONLY]; UTC +03:00 Europe Nicosia (europe_slash_nicosia) [READ-ONLY]; UTC +03:00 Europe Riga (europe_slash_riga) [READ-ONLY]; UTC +03:00 Europe Simferopol (europe_slash_simferopol) [READ-ONLY]; UTC +03:00 Europe Sofia (europe_slash_sofia) [READ-ONLY]; UTC +03:00 Europe Tallinn (europe_slash_tallinn) [READ-ONLY]; UTC +03:00 Europe Tiraspol (europe_slash_tiraspol) [READ-ONLY]; UTC +03:00 Europe Uzhgorod (europe_slash_uzhgorod) [READ-ONLY]; UTC +03:00 Europe Vilnius (europe_slash_vilnius) [READ-ONLY]; UTC +03:00 Europe Zaporizhzhia (europe_slash_zaporozhye) [READ-ONLY]; UTC +03:00 Indian Antananarivo (indian_slash_antananarivo) [READ-ONLY]; UTC +03:00 Indian Comoro (indian_slash_comoro) [READ-ONLY]; UTC +03:00 Indian Mayotte (indian_slash_mayotte) [READ-ONLY]; UTC +04:00 Asia Baku (asia_slash_baku) [READ-ONLY]; UTC +04:00 Asia Dubai (asia_slash_dubai) [READ-ONLY]; UTC +04:00 Asia Muscat (asia_slash_muscat) [READ-ONLY]; UTC +04:00 Asia Tbilisi (asia_slash_tbilisi) [READ-ONLY]; UTC +04:00 Asia Yerevan (asia_slash_yerevan) [READ-ONLY]; UTC +04:00 Europe Astrakhan (europe_slash_astrakhan) [READ-ONLY]; UTC +04:00 Europe Samara (europe_slash_samara) [READ-ONLY]; UTC +04:00 Europe Saratov (europe_slash_saratov) [READ-ONLY]; UTC +04:00 Europe Ulyanovsk (europe_slash_ulyanovsk) [READ-ONLY]; UTC +04:00 Europe Volgograd (europe_slash_volgograd) [READ-ONLY]; UTC +04:00 Indian Mahe (indian_slash_mahe) [READ-ONLY]; UTC +04:00 Indian Mauritius (indian_slash_mauritius) [READ-ONLY]; UTC +04:00 Indian Reunion (indian_slash_reunion) [READ-ONLY]; UTC +04:30 Asia Iran (iran) [READ-ONLY]; UTC +04:30 Asia Kabul (asia_slash_kabul) [READ-ONLY]; UTC +04:30 Asia Tehran (asia_slash_tehran) [READ-ONLY]; UTC +05:00 Antarctica Mawson (antarctica_slash_mawson) [READ-ONLY]; UTC +05:00 Asia Aqtau (asia_slash_aqtau) [READ-ONLY]; UTC +05:00 Asia Aqtobe (asia_slash_aqtobe) [READ-ONLY]; UTC +05:00 Asia Ashgabat (asia_slash_ashgabat) [READ-ONLY]; UTC +05:00 Asia Ashkhabad (asia_slash_ashkhabad) [READ-ONLY]; UTC +05:00 Asia Atyrau (asia_slash_atyrau) [READ-ONLY]; UTC +05:00 Asia Dushanbe (asia_slash_dushanbe) [READ-ONLY]; UTC +05:00 Asia Karachi (asia_slash_karachi) [READ-ONLY]; UTC +05:00 Asia Oral (asia_slash_oral) [READ-ONLY]; UTC +05:00 Asia Samarkand (asia_slash_samarkand) [READ-ONLY]; UTC +05:00 Asia Tashkent (asia_slash_tashkent) [READ-ONLY]; UTC +05:00 Asia Yekaterinburg (asia_slash_yekaterinburg) [READ-ONLY]; UTC +05:00 Indian Kerguelen (indian_slash_kerguelen) [READ-ONLY]; UTC +05:00 Indian Maldives (indian_slash_maldives) [READ-ONLY]; UTC +05:30 Asia Calcutta (asia_slash_calcutta) [READ-ONLY]; UTC +05:30 Asia Colombo (asia_slash_colombo) [READ-ONLY]; UTC +05:30 Asia Kolkata (asia_slash_kolkata) [READ-ONLY]; UTC +05:45 Asia Kathmandu (asia_slash_kathmandu) [READ-ONLY]; UTC +05:45 Asia Katmandu (asia_slash_katmandu) [READ-ONLY]; UTC +06:00 Antarctica Vostok (antarctica_slash_vostok) [READ-ONLY]; UTC +06:00 Asia Almaty (asia_slash_almaty) [READ-ONLY]; UTC +06:00 Asia Bishkek (asia_slash_bishkek) [READ-ONLY]; UTC +06:00 Asia Dacca (asia_slash_dacca) [READ-ONLY]; UTC +06:00 Asia Dhaka (asia_slash_dhaka) [READ-ONLY]; UTC +06:00 Asia Kashgar (asia_slash_kashgar) [READ-ONLY]; UTC +06:00 Asia Omsk (asia_slash_omsk) [READ-ONLY]; UTC +06:00 Asia Qyzylorda (asia_slash_qyzylorda) [READ-ONLY]; UTC +06:00 Asia Thimbu (asia_slash_thimbu) [READ-ONLY]; UTC +06:00 Asia Thimphu (asia_slash_thimphu) [READ-ONLY]; UTC +06:00 Asia Urumqi (asia_slash_urumqi) [READ-ONLY]; UTC +06:00 Indian Chagos (indian_slash_chagos) [READ-ONLY]; UTC +06:30 Asia Rangoon (asia_slash_rangoon) [READ-ONLY]; UTC +06:30 Asia Yangon (asia_slash_yangon) [READ-ONLY]; UTC +06:30 Indian Cocos (indian_slash_cocos) [READ-ONLY]; UTC +07:00 Antarctica Davis (antarctica_slash_davis) [READ-ONLY]; UTC +07:00 Asia Bangkok (asia_slash_bangkok) [READ-ONLY]; UTC +07:00 Asia Barnaul (asia_slash_barnaul) [READ-ONLY]; UTC +07:00 Asia Ho Chi Minh (asia_slash_ho_chi_minh) [READ-ONLY]; UTC +07:00 Asia Hovd (asia_slash_hovd) [READ-ONLY]; UTC +07:00 Asia Jakarta (asia_slash_jakarta) [READ-ONLY]; UTC +07:00 Asia Krasnoyarsk (asia_slash_krasnoyarsk) [READ-ONLY]; UTC +07:00 Asia Novokuznetsk (asia_slash_novokuznetsk) [READ-ONLY]; UTC +07:00 Asia Novosibirsk (asia_slash_novosibirsk) [READ-ONLY]; UTC +07:00 Asia Phnom Penh (asia_slash_phnom_penh) [READ-ONLY]; UTC +07:00 Asia Pontianak (asia_slash_pontianak) [READ-ONLY]; UTC +07:00 Asia Saigon (asia_slash_saigon) [READ-ONLY]; UTC +07:00 Asia Tomsk (asia_slash_tomsk) [READ-ONLY]; UTC +07:00 Asia Vientiane (asia_slash_vientiane) [READ-ONLY]; UTC +07:00 Indian Christmas (indian_slash_christmas) [READ-ONLY]; UTC +08:00 Antarctica Casey (antarctica_slash_casey) [READ-ONLY]; UTC +08:00 Asia Brunei (asia_slash_brunei) [READ-ONLY]; UTC +08:00 Asia Choibalsan (asia_slash_choibalsan) [READ-ONLY]; UTC +08:00 Asia Chongqing (asia_slash_chongqing) [READ-ONLY]; UTC +08:00 Asia Chungking (asia_slash_chungking) [READ-ONLY]; UTC +08:00 Asia Harbin (asia_slash_harbin) [READ-ONLY]; UTC +08:00 Asia Hong Kong (asia_slash_hong_kong) [READ-ONLY]; UTC +08:00 Asia Irkutsk (asia_slash_irkutsk) [READ-ONLY]; UTC +08:00 Asia Kuala Lumpur (asia_slash_kuala_lumpur) [READ-ONLY]; UTC +08:00 Asia Kuching (asia_slash_kuching) [READ-ONLY]; UTC +08:00 Asia Macao (asia_slash_macao) [READ-ONLY]; UTC +08:00 Asia Macau (asia_slash_macau) [READ-ONLY]; UTC +08:00 Asia Makassar (asia_slash_makassar) [READ-ONLY]; UTC +08:00 Asia Manila (asia_slash_manila) [READ-ONLY]; UTC +08:00 Asia Shanghai (asia_slash_shanghai) [READ-ONLY]; UTC +08:00 Asia Singapore (asia_slash_singapore) [READ-ONLY]; UTC +08:00 Asia Taipei (asia_slash_taipei) [READ-ONLY]; UTC +08:00 Asia Ujung Pandang (asia_slash_ujung_pandang) [READ-ONLY]; UTC +08:00 Asia Ulaanbaatar (asia_slash_ulaanbaatar) [READ-ONLY]; UTC +08:00 Asia Ulan Bator (asia_slash_ulan_bator) [READ-ONLY]; UTC +08:00 Australia Perth (australia_slash_perth) [READ-ONLY]; UTC +08:00 Australia West (australia_slash_west) [READ-ONLY]; UTC +08:45 Australia Eucla (australia_slash_eucla) [READ-ONLY]; UTC +09:00 Asia Chita (asia_slash_chita) [READ-ONLY]; UTC +09:00 Asia Dili (asia_slash_dili) [READ-ONLY]; UTC +09:00 Asia Japan (japan) [READ-ONLY]; UTC +09:00 Asia Jayapura (asia_slash_jayapura) [READ-ONLY]; UTC +09:00 Asia Khandyga (asia_slash_khandyga) [READ-ONLY]; UTC +09:00 Asia Pyongyang (asia_slash_pyongyang) [READ-ONLY]; UTC +09:00 Asia Seoul (asia_slash_seoul) [READ-ONLY]; UTC +09:00 Asia Tokyo (asia_slash_tokyo) [READ-ONLY]; UTC +09:00 Asia Yakutsk (asia_slash_yakutsk) [READ-ONLY]; UTC +09:00 Pacific Palau (pacific_slash_palau) [READ-ONLY]; UTC +09:30 Australia Adelaide (australia_slash_adelaide) [READ-ONLY]; UTC +09:30 Australia Broken Hill (australia_slash_broken_hill) [READ-ONLY]; UTC +09:30 Australia Darwin (australia_slash_darwin) [READ-ONLY]; UTC +09:30 Australia North (australia_slash_north) [READ-ONLY]; UTC +09:30 Australia South (australia_slash_south) [READ-ONLY]; UTC +09:30 Australia Yancowinna (australia_slash_yancowinna) [READ-ONLY]; UTC +10:00 Antarctica DumontDUrville (antarctica_slash_dumontdurville) [READ-ONLY]; UTC +10:00 Asia Ust-Nera (asia_slash_ust_hyphen_nera) [READ-ONLY]; UTC +10:00 Asia Vladivostok (asia_slash_vladivostok) [READ-ONLY]; UTC +10:00 Australia ACT (australia_slash_act) [READ-ONLY]; UTC +10:00 Australia Brisbane (australia_slash_brisbane) [READ-ONLY]; UTC +10:00 Australia Canberra (australia_slash_canberra) [READ-ONLY]; UTC +10:00 Australia Currie (australia_slash_currie) [READ-ONLY]; UTC +10:00 Australia Hobart (australia_slash_hobart) [READ-ONLY]; UTC +10:00 Australia Lindeman (australia_slash_lindeman) [READ-ONLY]; UTC +10:00 Australia Melbourne (australia_slash_melbourne) [READ-ONLY]; UTC +10:00 Australia NSW (australia_slash_nsw) [READ-ONLY]; UTC +10:00 Australia Queensland (australia_slash_queensland) [READ-ONLY]; UTC +10:00 Australia Sydney (australia_slash_sydney) [READ-ONLY]; UTC +10:00 Australia Tasmania (australia_slash_tasmania) [READ-ONLY]; UTC +10:00 Australia Victoria (australia_slash_victoria) [READ-ONLY]; UTC +10:00 Pacific Chuuk (pacific_slash_chuuk) [READ-ONLY]; UTC +10:00 Pacific Guam (pacific_slash_guam) [READ-ONLY]; UTC +10:00 Pacific Port Moresby (pacific_slash_port_moresby) [READ-ONLY]; UTC +10:00 Pacific Saipan (pacific_slash_saipan) [READ-ONLY]; UTC +10:00 Pacific Truk (pacific_slash_truk) [READ-ONLY]; UTC +10:00 Pacific Yap (pacific_slash_yap) [READ-ONLY]; UTC +10:30 Australia LHI (australia_slash_lhi) [READ-ONLY]; UTC +10:30 Australia Lord Howe (australia_slash_lord_howe) [READ-ONLY]; UTC +11:00 Antarctica Macquarie (antarctica_slash_macquarie) [READ-ONLY]; UTC +11:00 Asia Magadan (asia_slash_magadan) [READ-ONLY]; UTC +11:00 Asia Sakhalin (asia_slash_sakhalin) [READ-ONLY]; UTC +11:00 Asia Srednekolymsk (asia_slash_srednekolymsk) [READ-ONLY]; UTC +11:00 Pacific Bougainville (pacific_slash_bougainville) [READ-ONLY]; UTC +11:00 Pacific Efate (pacific_slash_efate) [READ-ONLY]; UTC +11:00 Pacific Guadalcanal (pacific_slash_guadalcanal) [READ-ONLY]; UTC +11:00 Pacific Kosrae (pacific_slash_kosrae) [READ-ONLY]; UTC +11:00 Pacific Norfolk (pacific_slash_norfolk) [READ-ONLY]; UTC +11:00 Pacific Noumea (pacific_slash_noumea) [READ-ONLY]; UTC +11:00 Pacific Pohnpei (pacific_slash_pohnpei) [READ-ONLY]; UTC +11:00 Pacific Ponape (pacific_slash_ponape) [READ-ONLY]; UTC +12:00 Antarctica McMurdo (antarctica_slash_mcmurdo) [READ-ONLY]; UTC +12:00 Antarctica South Pole (antarctica_slash_south_pole) [READ-ONLY]; UTC +12:00 Asia Anadyr (asia_slash_anadyr) [READ-ONLY]; UTC +12:00 Asia Kamchatka (asia_slash_kamchatka) [READ-ONLY]; UTC +12:00 Pacific Auckland (pacific_slash_auckland) [READ-ONLY]; UTC +12:00 Pacific Fiji (pacific_slash_fiji) [READ-ONLY]; UTC +12:00 Pacific Funafuti (pacific_slash_funafuti) [READ-ONLY]; UTC +12:00 Pacific Kwajalein (kwajalein) [READ-ONLY]; UTC +12:00 Pacific Majuro (pacific_slash_majuro) [READ-ONLY]; UTC +12:00 Pacific Nauru (pacific_slash_nauru) [READ-ONLY]; UTC +12:00 Pacific Tarawa (pacific_slash_tarawa) [READ-ONLY]; UTC +12:00 Pacific Wake (pacific_slash_wake) [READ-ONLY]; UTC +12:00 Pacific Wallis (pacific_slash_wallis) [READ-ONLY]; UTC +12:45 Pacific Chatham (pacific_slash_chatham) [READ-ONLY]; UTC +13:00 Pacific Apia (pacific_slash_apia) [READ-ONLY]; UTC +13:00 Pacific Enderbury (pacific_slash_enderbury) [READ-ONLY]; UTC +13:00 Pacific Fakaofo (pacific_slash_fakaofo) [READ-ONLY]; UTC +13:00 Pacific Tongatapu (pacific_slash_tongatapu) [READ-ONLY]; UTC +14:00 Pacific Kiritimati (pacific_slash_kiritimati) [READ-ONLY]","false","true","false","false","false","true","HubSpot","","14.21%","11/23/25 6:11 PM EST","HubSpot Calculation"
"Updated by user ID","hs_updated_by_user_id","number","The user who last updated this record. This value is set automatically by HubSpot.","contactinformation","false","","true","true","false","true","false","true","HubSpot","","89.72%","11/21/25 11:03 AM EST","Import"
"WhatsApp Phone Number","hs_whatsapp_phone_number","string","The phone number associated with the contact’s WhatsApp account.","contactinformation","true","","false","true","false","false","false","true","HubSpot","Sales view (1)","0%","",""
"Hubspot City","hubspot_city","string","","contactinformation","true","","false","false","false","false","false","false","Reed Marcus","Inbounddb lists (1); Automation platform flow (1); Sales view (4)","1.14%","1/22/25 2:24 PM EST","Workflow"
"Hubspot Inbound Email Sent?","hubspot_inbound_email_sent_","enumeration","","contactinformation","true","Yes (true); No (false)","false","false","false","false","false","false","Reed Marcus","Sales view (18)","0.14%","",""
"HubSpot Revenue","hubspot_revenue","number","","contactinformation","true","","false","false","false","false","false","false","Reed Marcus","Automation platform flow (2); Integration (1); Sales view (36); Properties v3 card (1)","28.77%","11/23/25 7:45 AM EST","Workflow"
"HubSpot Score #","hubspot_score___text","string","","contactinformation","true","","false","false","false","false","false","false","Reed Marcus","Automation platform flow (1); Report (2)","96.27%","10/6/25 11:48 AM EDT","Workflow"
"Hubspot State","hubspot_state","string","","contactinformation","true","","false","false","false","false","false","false","Reed Marcus","Inbounddb lists (1); Automation platform flow (2); Sales view (11)","74.11%","11/23/25 6:40 PM EST","Workflow"
"Hubspot-VC","hubspot_vc","enumeration","","contactinformation","true","Yes; No","false","false","false","false","false","false","Reed Marcus","Inbounddb lists (2); Automation platform flow (3); Integration (1); Sales view (3)","1.09%","11/23/25 5:38 PM EST","Workflow"
"I agree to Under Technologies, Inc’s (DBA Rho Technologies) <a href=""https://www.rho.co/policies/privacy-policy""  target=""_blank"">Privacy Policy</a> and Terms of Service","i_agree_to_under_technologies__inc_s__dba_rho_technologies___a_href__https___www_rho_co_policies_pr","enumeration","","contactinformation","true","Yes (true); No (false)","false","false","false","false","false","false","Unknown user","Form (1)","0%","",""
"IBS - Chili Meeting?","ibs___chili_meeting_","enumeration","","contactinformation","true","Yes (true); No (false)","false","false","false","false","false","false","Reed Marcus","Sales view (1)","0.04%","",""
"IBS - Designation","ibs___designation","enumeration","","contactinformation","true","PE; CPA; CGC; Construction engineering.; CGR GMB; COO; Barch; MBA, CVGA; Pmp; BS; CGB CGP; Owner/Architect; CGR; Phd; CGP; MBA; CPESC; CGB, CGP, CSP, FCMB; Jd; CGP Master CGP","false","false","false","false","false","false","Reed Marcus","Sales view (1)","0%","",""
"IBS - Industry 1","ibs___industry_1","enumeration","","contactinformation","true","Manufacturing of Modular/Panelized/Log Homes; Single Family - General Contracting; Single Family - Custom Building; Building Materials/Lumber; Planner/Designer; 55+ Single Family For Sale; Utilities; Painting/Paper Hanging; Single Family - Spec/Tract Building; Multifamily Development - Market Rate Rental; Single Family - Green Building; Remodeling - Residential; Carpentry Work; Other Wholesale Dealership; Plumbing/HVAC/Insulation; Appliances; Commercial General Contracting; Land Development; Architecture; Sales/Marketing, Advertising/Market Research; Manufacturing; Other Retail Dealership; Multifamily General Contracting; Computer Products/Services; Industry Consultant; Accounting; Engineering; Multifamily Development - Affordable Rental; Real Estate/Investing/Appraisals; Multifamily Development - Condo/Co-op Units; Remodeling - Commercial; Roofing/Siding/Sheet Metal Work; Legal Services; Property Management; Commercial Building - Own Account; Electrical Work; Floor Coverings; Floor Laying/Other Floor Work; Home Technology; International Exporter - Wholesale; Landscaping; Masonry/Stone Work/Tile/Plaster Work; Mortgage Banking; Paint/Wall Coverings","false","false","false","false","false","false","Reed Marcus","Sales view (1)","0.05%","",""
"IBS - Industry 2","ibs___industry_2","enumeration","","contactinformation","true","Paint/Wall Coverings; Masonry/Stone Work/Tile/Plaster Work; Remodeling - Residential; Mortgage Banking; Single Family - General Contracting; Carpentry Work; Building Materials/Lumber; Remodeling - Green Residential; Single Family - Custom Building; Plumbing/HVAC/Insulation; Manufacturing; Planner/Designer; Sales/Marketing, Advertising/Market Research; Floor Coverings; Other Retail Dealership; Real Estate/Investing/Appraisals; Manufacturing of Modular/Panelized/Log Homes; Multifamily Development - Condo/Co-op Units; Industry Consultant; Painting/Paper Hanging; Land Development; Single Family - Spec/Tract Building; Commercial Building - Own Account; Commercial General Contracting; Multifamily General Contracting; Remodeling - Commercial; Floor Laying/Other Floor Work; Multifamily Development - Market Rate Rental; 55+ Single Family For Sale; Roofing/Siding/Sheet Metal Work; Appliances; Architecture; Engineering; Multifamily Development - Affordable Rental; Other Wholesale Dealership; Property Management; Single Family - Green Building; Accounting; Commercial Banking/Thrift Institution; Computer Products/Services; Concrete Work; Electrical Work; Integrator; International Exporter - Retail; Security Systems/Home Automation","false","false","false","false","false","false","Reed Marcus","Sales view (1)","0.03%","",""
"IBS - Industry 3","ibs___industry_3","enumeration","","contactinformation","true","Single Family - Custom Building; Insurance/Title Company; Commercial General Contracting; Building Materials/Lumber; Planner/Designer; Remodeling - Green Residential; Painting/Paper Hanging; Carpentry Work; Real Estate/Investing/Appraisals; Single Family - Spec/Tract Building; Insulation Work; Legal Services; Manufacturing of Modular/Panelized/Log Homes; Land Development; Multifamily General Contracting; Multifamily Development - Market Rate Rental; Paint/Wall Coverings; Remodeling - Residential; Sales/Marketing, Advertising/Market Research; Single Family - General Contracting; Remodeling - Commercial; Industry Consultant; International Exporter - Wholesaler; Single Family - Green Building; 55+ Condos; 55+ Rental Housing; Architecture; Commercial Banking/Thrift Institution; Commercial Building - Own Account; Drywall Installation; Electrical Work; Floor Coverings; Home Technology; Manufacturing; Masonry/Stone Work/Tile/Plaster Work; Multifamily Development - Affordable Rental; Multifamily Development - Condo/Co-op Units; Other Retail Dealership","false","false","false","false","false","false","Reed Marcus","Sales view (1)","0.02%","",""
"IBS Lead Type","ibs___lead_type","enumeration","","contactinformation","true","Badge Scan (Scan); Chili Meeting; Hubspot Form Submit","false","false","false","false","false","false","Reed Marcus","Sales view (1)","0.08%","",""
"IBS - Member Type","ibs___member_type","enumeration","","contactinformation","true","Expo Pass - Non-Member; Expo Pass - Non-Member Dealer/Distributor; Expo+Education Pass - Non-Member; Expo Pass - Member; Expo Pass - Member Dealer/Distributor; Exhibitor; Expo+Education Pass - Member - First Time Attendee; Expo+Education Pass - Press Working; Expo+Education Pass - Member; Expo+Education Pass - Member - Student; Expo Pass - Non-Member - Non Exhibiting Supplier; Spouse - Member/NonMember; Expo+Education Pass - VIP Guest; Expo+Education Pass - Non-Member - Speaker; Expo+Education Pass - Member - Dealer Distributor - First Time Attendee; Expo+Education Pass - Non-Member - Student; Expo+Education Pass - State/Local Association Staff; Expo+Education Pass - Member - Speaker","false","false","false","false","false","false","Reed Marcus","Sales view (1)","0.05%","",""
"IBS - SDR","ibs___sdr","enumeration","","contactinformation","true","Kate; Connor; Justin; Lauren","false","false","false","false","false","false","Reed Marcus","Sales view (1)","0.04%","",""
"IBS - Volume","ibs___volume","enumeration","","contactinformation","true","$10 Million - $15 Million; $1 Million to $5 Million; $5 Million to $10 Million; $15 Million or over; $500,000 to $1 Million; Under $500,000; No Construction Activity; 1 to 10; Zero; 11 to 25; 26 to 99; 251 to 500; 501 or more; 100 to 250","false","false","false","false","false","false","Reed Marcus","Sales view (1)","0.05%","",""
"IBS Age Group","ibs_age_group","string","","contactinformation","true","","false","false","false","false","false","false","Reed Marcus","Sales view (1)","0.04%","",""
"IBS Captured By","ibs_captured_by","enumeration","","contactinformation","true","Alec Mitchell; Alex Biedron; Brendan Bettencourt; Colin Paskewitz; Connor Quimby; Justin Grillo; Kate McCrohan; Katherine Heaney; Lauren Fults; Michael Pomeroy; Kyle Cronk; Miles Jordi; Reed Marcus","false","false","false","false","false","false","Reed Marcus","Sales view (1)","0.06%","",""
"IBS Captured Date","ibs_captured_date","string","","contactinformation","true","","false","false","false","false","false","false","Reed Marcus","Sales view (1)","0.06%","",""
"IBS - AE","ibs_rho_contact","enumeration","","contactinformation","true","Brendan Bettencourt (brendan.bettencourt@rho.co); Colin Paskewitz (colin.paskewitz@rho.co); Alec Mitchell (alec.mitchell@rho.co); Michael Pomeroy (michael.pomeroy@rho.co); Miles Jordi (miles.jordi@rho.co); Alex Biedron (alex.biedron@rho.co); Katherine Heaney (katherine@rho.co)","false","false","false","false","false","false","Reed Marcus","Sales view (1)","0.04%","",""
"# in Review","in_review","number","","contactinformation","false","","true","false","false","false","false","false","Reed Marcus","Report (7)","96.27%","10/6/25 11:48 AM EDT","Migration"
"Inbound >14 days old","inbound__14_days_old","enumeration","","contactinformation","true","Yes (true); No (false)","false","false","false","false","false","false","Reed Marcus","Automation platform flow (1); Dashboard (1)","11.13%","11/22/25 7:08 PM EST","Workflow"
"Inbound >7 days old","inbound__7_days_old","enumeration","","contactinformation","true","Yes (true); No (false)","false","false","false","false","false","false","Reed Marcus","Automation platform flow (1); Sales view (1); Dashboard (1)","11.27%","11/22/25 7:08 PM EST","Workflow"
"Inbound Action","inbound_action","enumeration","","contactinformation","true","Hand Raiser - lead gen; E-book download; Navattic (Product Tour); Email Reply; SMS Reply; Email/SMS Click; Contact Sales; SDR Meeting Set; Self-Serve Signup; Self-Serve Application","false","false","false","false","false","false","Reed Marcus","Automation platform flow (3); Sales view (9)","0.67%","11/6/25 3:04 PM EST","Workflow"
"Call Made?","inbound_call_made_","enumeration","","contactinformation","true","Yes (true); No (false)","false","false","false","false","false","false","Reed Marcus","Automation platform flow (1); Report (1); Sales view (24)","2.66%","11/21/25 5:23 PM EST","Workflow"
"Inbound Priority Level","inbound_priority","enumeration","","contactinformation","true","Target; High; Medium; Low; Disqualified","false","false","false","false","false","false","Reed Marcus","Sales view (2)","0%","",""
"Inbound Type","inbound_priority_type__cloned_","enumeration","","contactinformation","true","Bottom Funnel - Warm; Hand Raiser  (Hand Raiser); Contact Sales; Self-Serve Signup; Partner Referral; Marketing Lead","false","false","false","false","false","false","Reed Marcus","Form (23); Calculated property (1); Inbounddb lists (4); Automation platform flow (21); Report (34); Integration (1); Sales view (133); Dashboard (1); Properties v3 card (2)","4.86%","11/23/25 6:11 PM EST","Forms"
"# Inbound SDR Calls","inbound_sdr_calls","number","","contactinformation","true","","false","false","false","false","false","false","Reed Marcus","Sales view (33)","0%","",""
"Inbound Sequence Bucket","inbound_sequence_bucket","enumeration","","contactinformation","true","Completed MQL; Completed Non-MQL; Abandoned MQL; Abandoned Non-MQL; Contact Sales - No Meeting Booked; Contact Sales - No Show; Don't Sequence; Bottom Funnel Warm - Inbound; Bottom Funnel Warm - Construction; Facebook Hand Raiser; Linkedin Hand Raiser; Hand Raiser - Construction","false","false","false","false","false","false","Reed Marcus","Sales view (31)","0.72%","",""
"Inbound Sequence Trigger","inbound_sequence_trigger","enumeration","","contactinformation","true","Yes (true); No (false)","false","false","false","false","false","false","Reed Marcus","Integration (1)","22.54%","11/23/25 6:11 PM EST","Salesforce"
"Affiliate Subchannel","inbound_subchannel","string","","contactinformation","true","","false","false","false","false","false","false","Reed Marcus","Automation platform flow (3); Sales view (3); Properties v3 card (2)","2.66%","11/23/25 2:09 AM EST","Workflow"
"Industry - Hubspot","industry","string","The Industry a contact is in","contactinformation","true","","false","false","false","false","false","true","HubSpot","Form (18); Inbounddb lists (1); Automation platform flow (3); Integration (1); Sales view (70); Properties v3 card (1)","89.82%","11/23/25 6:38 PM EST","Workflow"
"~Industry - Application","industry_app","enumeration","","contactinformation","true","Cannabis; Cryptocurrency Trading/Exchange; Check Cashing; Money Orders; Money Transmitters; Payday Lender; Precious Metals; CBD Products; Foreign Consulate/Embassy; Online Gambling; Adult Entertainment; Guns, Weapons, and Ammunition; Explosives and Explosive Manufacturing; Accounting; Airlines, Airports, Aviation, & Air Services; Airlines/Aviation; Automotive; Capital Markets; Casinos and Gambling; Civic & Social Organization; Financial Services; Government; Government Administration; Insurance; Investment Banking; Investment Management; Leisure, Travel, & Tourism; Luxury Goods & Jewelry; Medical Devices; Nonprofit Organization Management; Oil & Energy; Religious Institutions; Restaurants; Transportation/Trucking/Railroad; Venture Capital & Private Equity; Warehousing; Other; Agriculture; Apparel & Fashion; Building Materials; Chemicals; Civil Engineering; Computer & Network Security; Construction; Consumer Goods; Consumer Services; Defense & Space; Electrical; Electrical/Electronic Manufacturing; Events Services; Facilities Services; Farming; Food & Beverage; Food Production; Furniture; Health, Wellness, and Fitness; Hospitality; HVAC; Internet Software & Services; Legal Services; Machinery; Manufacturing; Market Research; Marketing and Advertising; Mechanical or Industrial Engineering; Mining & Metals; Paper & Forest Products; Pharmaceuticals; Photography; Printing; Professional Services; Professional Training & Coaching; Public Relations & Communications; Real Estate; Recreational Facilities & Services; Research; Retail; Roofing; Security & Investigations; Sporting Goods; Sports; Staffing & Recruiting; Technology; Telecommunications; Think Tanks; Wholesale; Architecture & Planning; Biotechnology; Broadcast Media; Business Services; Computer Games; Computer Software; Consulting; Consumer Electronics; Cosmetics; Dental Offices; Design; E-Learning; Education; Education Management; Elderly Care Services; Entertainment; Environmental Services; Graphic Design; Higher Education; Hospital & Health Care; Human Resources; Individual & Family Services; Information Services; Information Technology and Services; Libraries; Logistics and Supply Chain; Management Consulting; Media; Medical & Surgical Hospitals; Medical Practice; Mental Health Care; Online Media; Packaging & Containers; Renewables & Environment; Semiconductors; Textiles; Veterinary","false","false","false","false","false","false","Reed Marcus","Form (1); Automation platform flow (5); Integration (1); Sales view (46); Properties v3 card (2)","3.37%","11/23/25 5:38 PM EST","Forms"
"Influenced Deal?","influenced_deal_","enumeration","","contactinformation","true","Yes (true); No (false)","false","false","false","false","false","false","Reed Marcus","Sales view (1); Properties v3 card (1)","0.02%","",""
"initial_referrer","initial_referrer","string","","contactinformation","true","","false","false","false","false","false","false","Reed Marcus","Form (8); Properties v3 card (1)","0%","",""
"Invest By Lines | Safe Note Generator","invest_by_lines___safe_note_generator","string","","contactinformation","true","","false","false","false","false","false","false","Christopher Cooper","Form (1)","0%","11/21/25 8:41 PM EST","Forms"
"Investment Amount | Safe Note Generator","investment_amount___safe_note_generator","number","","contactinformation","true","","false","false","false","false","false","false","Christopher Cooper","Form (1); Automation platform flow (1)","0.03%","11/23/25 5:41 PM EST","Forms"
"Investment Date | Safe Note Generator","investment_date___safe_note_generator","date","","contactinformation","true","","false","false","false","false","false","false","Christopher Cooper","Form (1)","0.02%","11/23/25 5:41 PM EST","Forms"
"Investor Address | Safe Note Generator","investor_address___safe_note_generator","string","","contactinformation","true","","false","false","false","false","false","false","Christopher Cooper","Form (1)","0.01%","11/23/25 4:39 PM EST","Forms"
"Investor Name | Safe Note Generator","investor_name___safe_note_generator","string","","contactinformation","true","","false","false","false","false","false","false","Christopher Cooper","Form (1); Automation platform flow (1)","0.03%","11/23/25 5:41 PM EST","Forms"
"Invoice Generator | Referrer","invoice_generator___referrer","enumeration","","contactinformation","true","Yes (true); No (false)","false","false","false","false","false","false","Christopher Cooper","Form (1); Automation platform flow (1)","0.01%","11/20/25 2:43 PM EST","Workflow"
"Job Title Bucket","job_title_bucket","enumeration","","contactinformation","true","Founder; CEO; CFO; Accountant/Controller; VP; Finance - Other","false","false","false","false","false","false","Reed Marcus","Inbounddb lists (1); Report (3); Sales view (2)","9.85%","",""
"Job Title","jobtitle","string","A contact's job title","contactinformation","true","","false","true","false","false","false","true","HubSpot","Contact scoring ruleset (1); Form (150); Inbounddb lists (3); Automation platform flow (6); Report (8); Integration (1); Sales view (136); Properties v3 card (2)","84.27%","11/23/25 4:39 PM EST","Forms"
"L3 Property Sync | Deal","l3_property_sync_deal","string","","contactinformation","false","","true","false","true","false","false","false","Christopher Cooper","Sales view (6); Properties v3 card (1)","2.15%","11/23/25 6:34 PM EST","HubSpot Calculation"
"Last Ad Interaction | Contact (String)","last_ad_interaction__contact_string","string","","contactinformation","true","","false","false","false","false","false","false","Rho Email Proofing","","0%","",""
"Last Touch | Date (Contact, Calc)","last_touch___date__contact__calc_","date","","contactinformation","false","","true","false","true","false","false","false","Christopher Cooper","Rollup property (1); Sales view (8)","5.44%","11/23/25 6:39 PM EST","HubSpot Calculation"
"Last Touch | Type (Contact, String)","last_touch__date_contact","string","","contactinformation","false","","true","false","true","false","false","false","Christopher Cooper","Rollup property (1); Automation platform flow (1); Sales view (8)","5.44%","11/23/25 6:11 PM EST","HubSpot Calculation"
"Last Modified Date","lastmodifieddate","datetime","The date any property on this contact was modified","contactinformation","false","","true","true","false","false","false","true","HubSpot","","100%","11/23/25 6:58 PM EST","Salesforce"
"Last Name","lastname","string","A contact's last name","contactinformation","true","","false","true","false","false","false","true","HubSpot","Form (201); Automation platform flow (13); Email (2); Report (4); Integration (1); Sales view (10); Properties v3 card (2)","98.07%","11/23/25 6:37 PM EST","Integration"
"Lead After Deal","lead_after_deal","enumeration","","contactinformation","true","Yes (true); No (false)","false","false","false","false","false","false","Reed Marcus","Inbounddb lists (3); Automation platform flow (10); Integration (1); Sales view (55); Properties v3 card (1)","96.69%","11/23/25 6:11 PM EST","Salesforce"
"Marketing Lead Source","lead_gen_source","enumeration","","contactinformation","true","; Linkedin E-Book; Facebook E-Book; Navattic; Google - Navattic (Google - Product tour); Linkedin - Navattic (Linkedin - Product tour); Facebook - Navattic (Facebook - Product tour); List - CFO West  (List - CFO West); Closed Lost; Signup Re-engage; Linkedin Scrape; ACG; Bottom Funnel Warm; State of Expense Management; Expense Management Guide; Job Costing Guide; Receipt Management Guide; Vendor Management Guide; Blog Subscriber; PE Whitepaper; Deal Max; NYC How I Raised 2/1; NYC Coffee 2/1; CFO Compensation Survey; Founder Series Event","false","false","false","false","false","false","Reed Marcus","Contact scoring ruleset (1); Form (6); Automation platform flow (8); Report (11); Sales view (25); Dashboard (2); Properties v3 card (2)","5.97%","11/6/25 3:04 PM EST","Workflow"
"LN Bottom Funnel date","lead_nurturing_bottom_enroll_date","date","","contactinformation","true","","false","false","false","false","false","false","Reed Marcus","Calculated property (1); Automation platform flow (4); Report (2); Integration (1); Sales view (18); Properties v3 card (1)","0.14%","10/29/25 9:25 PM EDT","Salesforce"
"LN end date","lead_nurturing_end_date","date","","contactinformation","true","","false","false","false","false","false","false","Reed Marcus","Automation platform flow (2); Sales view (11); Properties v3 card (1)","25.67%","11/21/25 4:17 PM EST","Workflow"
"LN enroll date","lead_nurturing_enroll_date","date","","contactinformation","true","","false","false","false","false","false","false","Reed Marcus","Automation platform flow (6); Report (2); Sales view (24); Properties v3 card (1)","29.77%","2/13/25 4:06 PM EST","Workflow"
"LN First Email Date","lead_nurturing_first_email_date","date","","contactinformation","true","","false","false","false","false","false","false","Reed Marcus","Calculated property (1); Automation platform flow (9); Report (1); Sales view (28); Properties v3 card (1)","27.3%","2/14/25 9:30 AM EST","Workflow"
"LN middle enroll date","lead_nurturing_middle_enroll_date","date","","contactinformation","true","","false","false","false","false","false","false","Reed Marcus","Calculated property (1); Report (1); Sales view (5); Properties v3 card (1)","9.36%","",""
"LN Signup?","lead_nurturing_signup","enumeration","","contactinformation","true","Yes (true); No (false)","false","false","false","false","false","false","Reed Marcus","Inbounddb lists (1); Automation platform flow (4); Sales view (4); Properties v3 card (2)","0.15%","11/21/25 5:28 PM EST","Workflow"
"LN status","lead_nurturing_status","enumeration","","contactinformation","true","In Queue  (In Queue); Enrolled; In Progress; Finished","false","false","false","false","false","false","Reed Marcus","Inbounddb lists (8); Automation platform flow (15); Report (21); Sales view (51); Dashboard (1); Properties v3 card (1)","32.77%","11/21/25 4:17 PM EST","Workflow"
"LN top enroll date","lead_nurturing_top_enroll_date","date","","contactinformation","true","","false","false","false","false","false","false","Reed Marcus","Report (1); Sales view (3); Properties v3 card (1)","20.02%","",""
"LN Top Finish Date","lead_nurturing_top_finish_date","date","","contactinformation","true","","false","false","false","false","false","false","Reed Marcus","Sales view (1); Properties v3 card (1)","6.99%","",""
"Lead Routed To","lead_routed_to","string","","contactinformation","true","","false","false","false","false","false","false","Reed Marcus","Automation platform flow (1)","2.72%","11/23/25 5:50 PM EST","Workflow"
"Lead-Status","lead_status","string","","contactinformation","true","","false","false","false","false","false","false","Reed Marcus","Automation platform flow (1); Report (1); Integration (1)","56.01%","11/23/25 6:28 PM EST","Workflow"
"Lead Tier","lead_tier","enumeration","","contactinformation","true","Qualified - Tier 1 (Tier 1); Qualified - Tier 2 (Tier 2); Qualified - Tier 3 (Tier 3)","false","false","false","false","false","false","Reed Marcus","Sales view (3)","0%","",""
"lifecycle stage text","lifecycle_stage_text","string","","contactinformation","true","","false","false","false","false","false","false","Reed Marcus","Automation platform flow (2); Integration (1); Sales view (14)","99.5%","11/23/25 6:44 PM EST","Workflow"
"Lifecycle Stage","lifecyclestage","enumeration","The qualification of contacts to sales readiness. It can be set through imports, forms, workflows, and manually on a per contact basis.","contactinformation","true","","false","true","false","true","false","true","HubSpot","Inbounddb lists (18); Automation platform flow (39); Report (12); Sales view (267); Data highlights card (1); Properties v3 card (3)","99.9%","11/23/25 6:44 PM EST","Workflow"
"Locale Tag | Marketing Segmentation","locale_tag__marketing_segmentation","enumeration","","contactinformation","true","Austin; Boston; New York; Los Angeles; San Francisco; Las Vegas; Chicago; Miami; Philadelphia; Houston; Seattle; Atlanta; Dallas; Washington DC; Portland","false","false","false","false","false","false","Christopher Cooper","","0%","",""
"Location","location","enumeration","","contactinformation","true","SF; Other","false","false","false","false","false","false","Unknown user","Form (1); Automation platform flow (1)","0.02%","6/10/25 10:33 AM EDT","Forms"
"Luma | Event Attendance","luma___event_attendance","string","","contactinformation","true","","false","false","false","false","false","false","Christopher Cooper","Sales view (3)","1.02%","11/23/25 6:37 PM EST","Integration"
"Luma | Event Date","luma___event_date","string","","contactinformation","true","","false","false","false","false","false","false","Christopher Cooper","Sales view (3)","1.02%","11/23/25 6:37 PM EST","Integration"
"Luma | Event ID","luma___event_id","string","","contactinformation","true","","false","false","false","false","false","false","Christopher Cooper","Sales view (1)","0.9%","11/23/25 6:37 PM EST","Integration"
"Luma | Event Link","luma___event_link","string","","contactinformation","true","","false","false","false","false","false","false","Christopher Cooper","Sales view (2)","1.02%","11/23/25 6:37 PM EST","Integration"
"Luma | Event Name","luma___event_name","string","","contactinformation","true","","false","false","false","false","false","false","Christopher Cooper","Sales view (2)","1.23%","11/23/25 6:37 PM EST","Integration"
"Luma | Event Status","luma___event_status","string","","contactinformation","true","","false","false","false","false","false","false","Christopher Cooper","Inbounddb lists (2); Report (1); Sales view (2)","1.24%","11/23/25 6:37 PM EST","Integration"
"Luma | Event Tag","luma___event_tag","string","","contactinformation","true","","false","false","false","false","false","false","Christopher Cooper","","0%","",""
"Luma Event","luma_event","string","","contactinformation","true","","false","false","false","false","false","false","Christopher Cooper","Inbounddb lists (1); Automation platform flow (1); Sales view (8)","1.04%","11/23/25 6:37 PM EST","Integration"
"Luma Event | Date Sync","luma_event___date_sync","date","","contactinformation","true","","false","false","false","false","false","false","Christopher Cooper","Automation platform flow (1)","0.98%","11/23/25 6:37 PM EST","Integration"
"Luma | Event Location","luma_event_location","string","","contactinformation","true","","false","false","false","false","false","false","Christopher Cooper","","0.9%","11/23/25 6:37 PM EST","Integration"
"Luma Lead | Growth Forms","luma_lead__growth_forms","enumeration","","contactinformation","true","Yes (true); No (false)","false","false","false","false","false","false","Christopher Cooper","","0.79%","11/23/25 6:37 PM EST","Integration"
"Marketing Interactions | Total (Contact)","marketing_interactions_contact","number","","contactinformation","false","","true","false","true","false","false","false","Christopher Cooper","Rollup property (1); Sales view (1)","0.64%","11/23/25 5:49 PM EST","HubSpot Calculation"
"Marketing Lead Channel","marketing_lead_channel","enumeration","","contactinformation","true","CFO Brew; CFO Dive; Linkedin Scrape; ACG Event; Organic Blog; Paid Blog; Facebook Ads; Linkedin Ads; CFO.com; Construction Dive; Pitchbook; Paid - Other; Organic Search; Organic Social; Direct Traffic; Email; Referrals; Prospect List; Linkedin Organic; Rho banks NYC","false","false","false","false","false","false","Reed Marcus","Contact scoring ruleset (1); Automation platform flow (4); Report (8); Integration (1); Sales view (15); Dashboard (1); Properties v3 card (2)","0.54%","11/20/25 1:07 PM EST","Salesforce"
"Marketing Lead signup?","marketing_lead_signup_","enumeration","","contactinformation","true","Yes (true); No (false)","false","false","false","false","false","false","Reed Marcus","Automation platform flow (1); Report (2); Sales view (1); Properties v3 card (1)","15.73%","11/5/25 11:34 AM EST","Workflow"
"Marketing Lead_Source","marketing_lead_source","string","","contactinformation","true","","false","false","false","false","false","false","Reed Marcus","Automation platform flow (1); Integration (1)","5.92%","11/21/25 2:15 PM EST","Salesforce"
"Marketing Vertical","marketing_vertical","enumeration","","contactinformation","true","Venture Backed (VC); Partner; SMB; Accountant; Affiliate; Sponsor; Enterprise; Influencer; Promotion","false","false","false","false","false","false","Christopher Cooper","Form (7)","0.2%","11/23/25 1:05 AM EST","Forms"
"Meeting Set Date","meeting_set_date","date","","contactinformation","true","","false","false","false","false","false","false","Reed Marcus","Automation platform flow (1)","1.26%","11/23/25 11:45 AM EST","Workflow"
"Meta Lead ID","meta_lead_id","string","","contactinformation","true","","false","false","false","false","false","false","Reed Marcus","Sales view (1)","0.12%","",""
"Middle - Warm?","middle___warm_","enumeration","","contactinformation","true","Yes (true); No (false)","false","false","false","false","false","false","Reed Marcus","Automation platform flow (1)","3.01%","10/6/25 11:16 AM EDT","Workflow"
"Mobile Phone Number","mobilephone","string","A contact's mobile phone number","contactinformation","true","","false","true","false","false","false","true","HubSpot","Form (1); Sales view (1)","0.03%","11/13/25 11:08 AM EST","HubSpot AI"
"Multiple Checkbox Check (Inbound Type)","multiple_checkbox_check","bool","","contactinformation","false","True (true); False (false)","true","false","true","false","false","false","Christopher Cooper","Sales view (1)","4.86%","11/23/25 6:11 PM EST","HubSpot Calculation"
"Contact Made Date","n2_way_contact_date","date","","contactinformation","true","","false","false","false","false","false","false","Reed Marcus","Sales view (4)","1.15%","",""
"NAHB Member?","nahb_member_","enumeration","","contactinformation","true","Yes (true); No (false)","false","false","false","false","false","false","Reed Marcus","Form (12); Sales view (1)","0.02%","",""
"New engagement score","new_engagement_score","number","","contactinformation","false","","true","true","false","false","false","true","HubSpot","Mh score configuration (1)","100%","11/23/25 6:51 PM EST","Migration"
"Not bottom funnel","not_bottom_funnel","enumeration","","contactinformation","true","Yes (true); No (false)","false","false","false","false","false","false","Reed Marcus","Automation platform flow (1)","0.11%","11/25/24 4:50 PM EST","Workflow"
"Not Inbound?","not_inbound_","enumeration","","contactinformation","true","Yes (true); No (false)","false","false","false","false","false","false","Reed Marcus","Inbounddb lists (2); Report (1); Sales view (8)","0%","",""
"NPS date","nps_date","date","","contactinformation","true","","false","false","false","false","false","false","Reed Marcus","Form (1); Inbounddb lists (1); Sales view (1)","0.1%","",""
"NPS reasoning","nps_reasoning","string","","contactinformation","true","","false","false","false","false","false","false","Reed Marcus","Form (1); Sales view (1)","0.1%","",""
"NPS Score","nps_score","number","","contactinformation","true","","false","false","false","false","false","false","Reed Marcus","Form (1); Inbounddb lists (1); Sales view (1)","0.1%","",""
"NPS Score - text","nps_score___text","string","","contactinformation","true","","false","false","false","false","false","false","Reed Marcus","Sales view (1)","0.1%","",""
"Number of business clients","number_of_business_clients","number","","contactinformation","true","","false","false","false","false","false","false","Unknown user","Form (1); Integration (1)","0.02%","11/21/25 11:33 AM EST","Forms"
"Number of staff","number_of_staff","number","","contactinformation","true","","false","false","false","false","false","false","Unknown user","","0%","",""
"LN Path","nurture_path","enumeration","","contactinformation","true","CFO (CFO/Industry); SMB; Construction/NAHB; Private Equity Backed; Startup; Accountant (Accounting); Signup Re-engagement","false","false","false","false","false","false","Reed Marcus","Contact scoring ruleset (1); Inbounddb lists (6); Automation platform flow (9); Report (9); Sales view (26); Dashboard (1); Properties v3 card (1); Crm container view (1)","32.53%","11/13/25 11:38 PM EST","Workflow"
"Lead Nurturing Checkbox ","nurturing_checkbox","enumeration","","contactinformation","true","Yes (true); No (false)","false","false","false","false","false","false","Reed Marcus","Integration (1); Sales view (1)","87.75%","11/23/25 6:28 PM EST","Salesforce"
"LN Reason","nurturing_reason","enumeration","","contactinformation","true","gmail (Gmail); Old - new/contacted (Old - new status); New - new/contacted (New - new status)","false","false","false","false","false","false","Reed Marcus","Inbounddb lists (6); Properties v3 card (1)","2.38%","",""
"NY RBNYC","ny_rbnyc","enumeration","","contactinformation","true","Yes (true); No (false)","false","false","false","false","false","false","Reed Marcus","Inbounddb lists (1); Automation platform flow (3); Report (2); Sales view (18)","3.92%","11/22/25 5:45 PM EST","Workflow"
"# Activations","of_activations","number","","contactinformation","false","","true","false","false","false","false","false","Reed Marcus","Calculated property (2); Report (8)","96.27%","10/6/25 11:48 AM EDT","Migration"
"# of associated company deals","of_associated_company_deals","number","","contactinformation","true","","false","false","false","false","false","false","Reed Marcus","Automation platform flow (2); Sales view (2)","11.63%","11/23/25 6:29 PM EST","Workflow"
"# of Associated Contacts","of_associated_contacts","number","","contactinformation","true","","false","false","false","false","false","false","Reed Marcus","Inbounddb lists (1); Automation platform flow (1)","95.75%","11/23/25 6:37 PM EST","Workflow"
"# of Inbound SDR Emails","of_inbound_sdr_emails","number","","contactinformation","true","","false","false","false","false","false","false","Reed Marcus","Sales view (14)","0%","",""
"Opportunity Created Date","opportunity_created_date","date","","contactinformation","true","","false","false","false","false","false","false","Reed Marcus","Sales view (8)","0.64%","",""
"opt into sms","opt_into_sms","enumeration","","contactinformation","true","Yes (true); No (false)","false","false","false","false","false","false","Reed Marcus","Form (1)","0%","3/25/25 3:50 PM EDT","Forms"
"Proxy prospect owner","outreach_owner","enumeration","","contactinformation","false","","false","false","false","true","false","false","Reed Marcus","Sales view (1)","0.09%","9/18/25 2:21 PM EDT","CRM UI"
"Outreach Stage - Inbound","outreach_stage_text","string","","contactinformation","true","","false","false","false","false","false","false","Reed Marcus","Integration (1); Sales view (1)","1.11%","5/29/25 8:20 PM EDT","Salesforce"
"Overall Application Status","overall_application_status","string","","contactinformation","true","","false","false","false","false","false","false","Reed Marcus","Automation platform flow (1); Sales view (5)","3.17%","11/23/25 6:44 PM EST","Workflow"
"Owner - Ice Cream Truck","owner___ice_cream_truck","enumeration","","contactinformation","true","Alex Biedron (Alex); Surge; Colin; Connor; Will; Kate; Serge; Serg","false","false","false","false","false","false","Reed Marcus","Sales view (1)","0.01%","",""
"Palooza Register Date","palooza_register_date","string","","contactinformation","true","","false","false","false","false","false","false","Reed Marcus","Sales view (2)","0.96%","",""
"Partner Affiliate","partner_affiliate","string","","contactinformation","true","","false","false","false","false","false","false","Christopher Cooper","Form (1); Inbounddb lists (3); Automation platform flow (1); Properties v3 card (1)","0.02%","5/14/25 1:31 PM EDT","Forms"
"Partner Application Type","partner_application_type__c","string","","contactinformation","true","","false","false","false","false","false","false","Christopher Cooper","Form (1); Rollup property (2); Integration (1)","0.01%","11/23/25 5:40 PM EST","Forms"
"Partner Referrer - Account [Key, Score]","partner_referrer__account_score","number","","contactinformation","true","","false","false","false","false","false","false","Christopher Cooper","Automation platform flow (1); Sales view (5); Properties v3 card (1)","0.06%","11/21/25 3:13 PM EST","Workflow"
"Partner Type","partner_type","string","","contactinformation","true","","false","false","false","false","false","false","Reed Marcus","Automation platform flow (1); Report (1); Sales view (9)","0.58%","9/4/24 7:42 AM EDT","Workflow"
"Partnership","partnership","string","","contactinformation","true","","false","false","false","false","false","false","Marko Pavlovic","Form (2); Inbounddb lists (2); Automation platform flow (1)","0.16%","11/23/25 5:38 PM EST","Forms"
"Partnership Type ","partnership_type","enumeration","","contactinformation","true","Individual Partner; Channel Partner; Strategic Partner; Accountant Partner [HIDDEN]","false","false","false","false","false","false","Reed Marcus","Form (1); Inbounddb lists (1); Report (1)","0.75%","5/23/25 1:40 PM EDT","Forms"
"Pass to SDR","pass_to_sdr","enumeration","","contactinformation","true","Yes (true); No (false)","false","false","false","false","false","false","Reed Marcus","Integration (1); Sales view (12)","97.17%","11/23/25 6:11 PM EST","Salesforce"
"# Pending Docs","pending_docs","number","","contactinformation","false","","true","false","false","false","false","false","Reed Marcus","Calculated property (1); Report (6)","96.27%","10/6/25 11:48 AM EDT","Migration"
"Permission Set","permission_set","string","","contactinformation","true","","false","false","false","false","false","false","Reed Marcus","Sales view (8)","0.08%","",""
"Persistent UTM Tracker | User Journey Tracking","persistent_utm_tracker___user_journey_tracking","string","","contactinformation","false","","true","false","true","false","false","false","Christopher Cooper","","0.38%","11/23/25 6:31 PM EST","HubSpot Calculation"
"Phone Number","phone","string","A contact's primary phone number","contactinformation","true","","false","true","false","false","false","true","HubSpot","Form (149); Inbounddb lists (3); Automation platform flow (4); Email (1); Report (5); Integration (1); Sales view (179); Dashboard (1); Properties v3 card (3)","71.92%","11/23/25 6:50 PM EST","Integration"
"Deal - PIC","pic___deal","string","","contactinformation","false","","true","false","true","false","false","false","Reed Marcus","Sales view (1)","6.61%","11/23/25 6:28 PM EST","HubSpot Calculation"
"PIC [L3: Marketing Inbound] | Contact (String)","pic_l3__marketing_inbound","string","","contactinformation","true","","false","false","false","false","false","false","Christopher Cooper","Automation platform flow (1); Sales view (7)","0%","",""
"PIC [02.L3: Source] | Contact - (Data String)","pic_l3__source_contact_data_string","string","","contactinformation","true","","false","false","false","false","false","false","Christopher Cooper","Form (10); Automation platform flow (2); Sales view (14); Properties v3 card (1)","5%","11/23/25 6:33 PM EST","Workflow"
"<ARCHIVE> PIC Sync [L3: Source] | Contact - Proxy (Cloned)","pic_sync__l3__source____contact___proxy__cloned_","string","Utilizes the following formula – checks the following values of the UTM in order (returns BLANK if empty): Source | Medium | Campaign | Term | Content. 

When UTM is NULL returns Organic Search Platform 
OR the Drill Down result of Original Source
---
if(is_known([properties.utm_source]), 
concatenate(if(is_known([properties.utm_source]), [properties.utm_source], """"), 
"" | "", 
if(is_known([properties.utm_medium]), [properties.utm_medium], """"), 
"" | "", 
if(is_known([properties.utm_campaign]), [properties.utm_campaign], """"), 
"" | "", 
if(is_known([properties.utm_term]), [properties.utm_term], """"), 
"" | "", 
if(is_known([properties.utm_content]), [properties.utm_content], """")), 

if(contains([properties.hs_analytics_source], ""Organic Search""), 
[properties.hs_analytics_source_data_2], 
[properties.hs_analytics_source_data_1]
)
) 
","contactinformation","false","","true","false","true","false","false","false","Christopher Cooper","Sales view (2); Properties v3 card (1)","100%","11/23/25 6:37 PM EST","HubSpot Calculation"
"Pipeline Stage","pipeline_stage","enumeration","This represents the status of a Direct Sales user within the application process. Placement is based on the record's current deal stage and any other data points regarding engagement with Rho. ","contactinformation","false","Phase 1 | Prospect (Prospect); Phase 2 | Engaged (Engaged); Phase 3 | Validation (Validation); Phase 4| Choice (Choice); Phase 5 | Retention (Retention); Phase 6 | Lost (Lost)","false","false","false","false","false","false","Christopher Cooper","Inbounddb lists (21); Automation platform flow (9); Report (3); Sales view (14); Properties v3 card (1)","99.99%","11/23/25 6:47 PM EST","Workflow"
"Pipeline Stage | Partner","pipeline_stage___partner","enumeration","Represent the stage of a Partner in relation to their status in relation to adding client accounts to the Rho platform. The criteria are as follows: 

Partner Account Stages (From Top of Funnel To Bottom)

>Potential: Prospective partner that has not activated its first business account (firm or client), regardless of whether or not there is an account in onboarding

>Enrolled: On Partner Portal but not activated yet

>New: Activated 1st client regardless of whether or not there is an additional account in onboarding

>Ramping: Activated 2nd client

>Dormant: Has not activated a new business account in 90 days","contactinformation","false","Prospect; Qualified Prospect; Engaged; Choice; Retention; Lapsed; Lost","false","false","false","false","false","false","Christopher Cooper","Inbounddb lists (6); Automation platform flow (1); Report (2); Sales view (12); Properties v3 card (1)","1.35%","11/22/25 9:43 PM EST","Workflow"
"Pipeline Stage: Change Count","pipeline_stage__change_count","number","","contactinformation","false","","false","false","false","false","false","false","Christopher Cooper","Inbounddb lists (1); Automation platform flow (2); Sales view (8)","99.99%","11/23/25 6:48 PM EST","Workflow"
"Pipeline Stage: Change Date","pipeline_stage__change_date","datetime","","contactinformation","false","","false","false","false","false","false","false","Christopher Cooper","Automation platform flow (1); Sales view (8)","24.81%","11/23/25 6:48 PM EST","Workflow"
"Pipeline Stage: Change Log","pipeline_stage__change_log","string","","contactinformation","false","","false","false","false","false","false","false","Christopher Cooper","Inbounddb lists (1); Automation platform flow (2); Sales view (1)","98.52%","11/23/25 6:48 PM EST","Workflow"
"Pipeline Stage: Initial Date","pipeline_stage__initial_date","datetime","","contactinformation","false","","false","false","false","false","false","false","Christopher Cooper","Automation platform flow (1)","85.59%","3/11/25 11:03 AM EDT","Workflow"
"Pipeline Stage: Marketing Eligible","pipeline_stage__marketing_eligible","enumeration","","contactinformation","false","Yes (true); No (false)","false","false","false","false","false","false","Christopher Cooper","Inbounddb lists (2); Automation platform flow (4); Report (1); Sales view (8); Properties v3 card (1)","100%","11/23/25 6:42 PM EST","Workflow"
"Pipeline Stage: Prior Stage","pipeline_stage__prior_stage","enumeration","","contactinformation","false","Prospect; Engaged; Validation; Choice; Retention; Lost","false","false","false","false","false","false","Christopher Cooper","Automation platform flow (1)","24.81%","11/23/25 6:48 PM EST","Workflow"
"Playground?","playground_","enumeration","","contactinformation","true","Yes (true); No (false)","false","false","false","false","false","false","Reed Marcus","Inbounddb lists (1); Automation platform flow (3); Sales view (5)","1.1%","9/30/25 10:22 AM EDT","Workflow"
"Please specify:","please_specify","string","","contactinformation","true","","false","false","false","false","false","false","Reed Marcus","Form (4); Rollup property (1); Automation platform flow (1); Report (5); Sales view (9)","0.73%","11/23/25 9:56 AM EST","Forms"
"Pre-qualification completed","pre_qualification_completed","enumeration","","contactinformation","true","Yes (true); No (false)","false","false","false","false","false","false","Reed Marcus","Form (1); Sales view (3)","3.47%","11/23/25 5:38 PM EST","Forms"
"Pre-qualification started","pre_qualification_started","enumeration","","contactinformation","true","Yes (true); No (false)","false","false","false","false","false","false","Reed Marcus","Form (1); Automation platform flow (1); Sales view (3)","3.47%","11/23/25 5:38 PM EST","Forms"
"~Presence","presence","string","","contactinformation","true","","false","false","false","false","false","false","Reed Marcus","Form (1); Sales view (8); Properties v3 card (2)","0.94%","9/30/25 10:21 AM EDT","Forms"
"Current Card Provider","primary_card","string","","contactinformation","true","","false","false","false","false","false","false","Reed Marcus","Form (2); Email (1); Integration (1); Sales view (1)","0.35%","7/25/25 12:05 PM EDT","Forms"
"PIC [L1: Channel] | Contact - Proxy","primary_inbound_channel__l1____contact___proxy","enumeration","","contactinformation","true","Events; Sales; Direct; Paid Marketing; Partners; Investors; Customer Referrals; Uncategorized (Unknown)","false","false","false","false","false","false","Christopher Cooper","Automation platform flow (2); Report (1); Sales view (7); Properties v3 card (1)","7.39%","11/23/25 6:33 PM EST","Workflow"
"PIC [L2: Medium] | Contact - Proxy","primary_inbound_channel__l2__medium____contact___proxy__cloned_","enumeration","","contactinformation","true","Events; Sales; Direct (Owned) (Direct-Owned); Affiliates; Organic Search (Organic_Search); Organic Social (Organic_Social); Paid Search (Paid_Search); Paid Social (Unknown); Paid Affiliates; Paid Influencers; Sponsorships; Promotions; Partners; Investors; Referral; Uncategorized","false","false","false","false","false","false","Christopher Cooper","Calculated property (1); Automation platform flow (2); Sales view (5)","6.27%","11/23/25 5:53 PM EST","Workflow"
"PIC [L3: FALLBACK VALUE -pB2, PAID] |  Reference Calculation","primary_inbound_channel__l3__fallback_value__pb2__paid_____reference_calculation__cloned_","string","","contactinformation","false","","true","false","true","false","false","false","Christopher Cooper","Calculated property (2); Sales view (4); Properties v3 card (1)","100%","11/23/25 6:37 PM EST","HubSpot Calculation"
"PIC [L3: FALLBACK VALUE -pB1, Other] |  Reference Calculation","primary_inbound_channel__l3__fallback_value__pb__other_____reference_calculation","string","","contactinformation","false","","true","false","true","false","false","false","Christopher Cooper","Calculated property (2); Sales view (4); Properties v3 card (1)","100%","11/23/25 6:37 PM EST","HubSpot Calculation"
"PIC Sync [L3: Source] | Contact - Proxy","primary_inbound_channel__l3__source____contact___proxy","string","Utilizes the following formula – checks the following values of the UTM in order (returns BLANK if empty): Source | Medium | Campaign | Term | Content. 

When UTM is NULL returns Organic Search Platform 
OR the Drill Down result of Original Source
---
if(is_known([properties.utm_source]), 
concatenate(if(is_known([properties.utm_source]), [properties.utm_source], """"), 
"" | "", 
if(is_known([properties.utm_medium]), [properties.utm_medium], """"), 
"" | "", 
if(is_known([properties.utm_campaign]), [properties.utm_campaign], """"), 
"" | "", 
if(is_known([properties.utm_term]), [properties.utm_term], """"), 
"" | "", 
if(is_known([properties.utm_content]), [properties.utm_content], """")), 

if(contains([properties.hs_analytics_source], ""Organic Search""), 
[properties.hs_analytics_source_data_2], 
[properties.hs_analytics_source_data_1]
)
) 
","contactinformation","false","","true","false","true","false","false","false","Christopher Cooper","Rollup property (1); Automation platform flow (2); Sales view (8); Properties v3 card (1)","9.62%","11/23/25 6:11 PM EST","HubSpot Calculation"
"PIC [L3: FALLBACK VALUE -pC2, PAID SEARCH] |  Reference Calculation","primary_inbound_channel_l3_fallback_value_pc1_paid_search_reference_calculation","string","","contactinformation","false","","true","false","true","false","false","false","Christopher Cooper","Calculated property (1); Sales view (4); Properties v3 card (1)","0.65%","11/23/25 6:09 PM EST","HubSpot Calculation"
"PIC [L3: FALLBACK VALUE -pC1, PAID SOCIAL] |  Reference Calculation","primary_inbound_channel_l3_fallback_value_pc1_paid_social_reference_calculation","string","","contactinformation","false","","true","false","true","false","false","false","Christopher Cooper","Calculated property (1); Sales view (4)","5.06%","11/23/25 6:09 PM EST","HubSpot Calculation"
"PIC [L3: FALLBACK VALUE -pA] |  Reference Calculation","primary_inbound_channel_l3_organic_value_reference_calculation","string","","contactinformation","false","","true","false","true","false","false","false","Christopher Cooper","Calculated property (1); Sales view (7)","100%","11/23/25 6:37 PM EST","HubSpot Calculation"
"Hand Raiser?","priority_inbound","enumeration","","contactinformation","true","Yes (true); No (false)","false","false","false","false","false","false","Reed Marcus","Sales view (4)","0.02%","",""
"Priority Inbound?","priority_inbound_new","enumeration","","contactinformation","true","Yes (true); No (false)","false","false","false","false","false","false","Reed Marcus","Form (1); Inbounddb lists (1); Sales view (15)","0.56%","",""
"~Promo Code","promo_code","string","","contactinformation","true","","false","false","false","false","false","false","Reed Marcus","Form (1); Rollup property (2); Automation platform flow (1); Sales view (12); Properties v3 card (2)","0.03%","9/8/24 10:50 PM EDT","Forms"
"Prospect Status | Contact (Boolean)","prospect_status_contact_boolean","enumeration","","contactinformation","true","Yes (true); No (false)","false","false","false","false","false","false","Christopher Cooper","","0%","",""
"Old rb","proxy_revenue_property__cloned_","string","","contactinformation","true","","false","false","false","false","false","false","Reed Marcus","Sales view (2)","26.68%","",""
"Qualified Lead? ","qualified_lead_","enumeration","","contactinformation","true","Yes (true); No (false)","false","false","false","false","false","false","Reed Marcus","Inbounddb lists (1); Automation platform flow (12); Sales view (84); Properties v3 card (1)","39.59%","11/23/25 6:45 PM EST","Workflow"
"Recipient Address","recipient_address","string","","contactinformation","true","","false","false","false","false","false","false","Christopher Cooper","Form (1); Automation platform flow (1); Sales view (1)","0%","",""
"Recipient Address 2","recipient_address_2","string","","contactinformation","true","","false","false","false","false","false","false","Christopher Cooper","Form (1); Automation platform flow (1); Sales view (1)","0.01%","11/21/25 10:01 PM EST","Forms"
"Recipient City","recipient_city","string","","contactinformation","true","","false","false","false","false","false","false","Christopher Cooper","Form (1); Automation platform flow (1); Sales view (1)","0.01%","11/21/25 10:01 PM EST","Forms"
"Recipient Company","recipient_company","string","","contactinformation","true","","false","false","false","false","false","false","Christopher Cooper","Form (1); Automation platform flow (1); Sales view (1)","0.02%","11/21/25 10:01 PM EST","Forms"
"Recipient Phone","recipient_phone","string","","contactinformation","true","","false","false","false","false","false","false","Christopher Cooper","Form (1); Automation platform flow (1); Sales view (1)","0%","11/21/25 10:01 PM EST","Forms"
"Recipient Postal Code","recipient_postal_code","string","","contactinformation","true","","false","false","false","false","false","false","Christopher Cooper","Form (1); Automation platform flow (1); Sales view (1)","0.01%","11/21/25 10:01 PM EST","Forms"
"Recipient State","recipient_state","string","","contactinformation","true","","false","false","false","false","false","false","Christopher Cooper","Form (1); Automation platform flow (1); Sales view (1)","0%","",""
"Recipient Zip","recipient_zip","string","","contactinformation","true","","false","false","false","false","false","false","Christopher Cooper","","0%","",""
"Reddit Lead | Growth Forms","reddit_lead__growth_forms","enumeration","","contactinformation","true","Yes (true); No (false)","false","false","false","false","false","false","Christopher Cooper","Automation platform flow (1)","0%","7/30/25 1:26 PM EDT","Integration"
"SoR Contest | Referral Code","referral_code","string","","contactinformation","true","","false","false","false","false","false","false","Christopher Cooper","Form (9); Rollup property (2); Inbounddb lists (1); Automation platform flow (1); Sales view (2); Properties v3 card (2)","0.03%","8/26/25 6:14 PM EDT","Workflow"
"YCombinator Referral Program | Code","referralcode","string","","contactinformation","true","","false","false","false","false","false","false","Christopher Cooper","","0%","",""
"referrer - app","referrer","string","","contactinformation","true","","false","false","false","false","false","false","Reed Marcus","Form (11); Inbounddb lists (1); Automation platform flow (4); Sales view (23); Properties v3 card (1)","2.2%","11/23/25 3:27 PM EST","Forms"
"Partner Referrer - Account","referrer___a","enumeration","","contactinformation","true","Navan (0018X00003EjkdmQAB); NAHB (0013k00003LQS4aAAH); Gusto (0013k00002jrmGwAAI); Events (0018X00003CiPEeQAN); Kruze Consulting (0013k00002qJPH2AAO); TYL Construction (001TP000005YkQXYA0); CFO Alliance (001TP0000045lX7YAI); Creative Juice (001TP0000018nUQYAY); Better Money LLC (0018X00003NUaSXQA1); Phoenix Development (0018X00003MztPYQAZ); Igninition Consulting (0018X00003HQliOQAT); LP24 Alpha, Inc. (0018X00003ElzdmQAB); JTB Homes, LLC (0018X00003AKXsnQAH); Tyler Majors - Partner (0018X000039GLSOQA4); Mary Helen Barber - Partner (0018X0000332b7AQAQ); Mastercard (0013k00003KZf1xAAD); Designworks Investments, LLC (0013k00003D6wYdAAJ); CFO Plans Inc.  (0013k00003ARan5AAD); Gold Bond Inc (0013k00003AIgBQAA1); Prohairesis Technology Services LLC (0013k00002rv36FAAQ); POLUCO LLC (0013k00002qKldhAAC); NerdWallet (Startup Card) (0018X00003HQmH6QAL); IEC (0018X00003KImt5QAD); 0013k00002jp9sgAAA [HIDDEN]; Spray Foam Genie (001TP000008yLt1YAE); 001TP000007uCfEYAU; Fury (001TP000000aadIYAQ); 0018X00003HQwi5QAD; Justworks (0018X00003EKTjnQAH); Iron Hill Brewery, LLC (0018X0000356ZReQAM); Haven - customer (001TP000007AQWhYAO) [HIDDEN]; 0013k00002jrlNoAAI [HIDDEN]; 0018X00003KIDjOQAX [HIDDEN]; Spray Foam Genie - Augusta (001TP000003sylSYAQ) [HIDDEN]; Haven (001TP00000Bl4wHYAR); Fondo - Partner (0013k00003LmwQ7AAJ); 001TP00000EKMPfYAP [HIDDEN]; 001TP00000FObnNYAT [HIDDEN]; 001TP00000ADNvaYAH [HIDDEN]; 001TP00000Dl5FKYAZ [HIDDEN]; Lvl Up Ventures - Partner (001TP00000DwzjbYAB); 001TP00000EMQgZYAX [HIDDEN]; Thrive - Partner (001TP00000HCLOgYAP); Maera - Partner (001TP00000Gy49CYAR); Aprio - Partner (001TP00000Dl1zQYAR) [HIDDEN]; 001TP00000ICdUhYAL [HIDDEN]; Antler - Partner (001TP00000Ii36HYAR) [HIDDEN]; 001TP00000CL7hCYAT [HIDDEN]; 0018X000036eWjaQAE [HIDDEN]; 001TP00000BZymOYAT [HIDDEN]; 001TP00000JkeUFYAZ [HIDDEN]; 001TP00000JaCmAYAV [HIDDEN]; 0013k00002jp0mxAAA [HIDDEN]; City Light VC (001TP00000JorixYAB); 001TP00000K8ovSYAR [HIDDEN]; DigitalKala - Partner (001TP00000JFuyFYAT); 0013k00003D4alaAAB [HIDDEN]; 0013k000033Vwk5AAC [HIDDEN]; Susa Ventures (001TP00000KStCZYA1); 001TP00000KlTazYAF [HIDDEN]; 001TP0000031pDGYAY [HIDDEN]; Entrepreneur Ventures - Partner (001TP00000JyDVlYAN); AngelList - Partner (001TP00000L8TyQYAV); 001TP00000FxmMlYAJ [HIDDEN]; 001TP00000L5FQbYAN [HIDDEN]; 001TP000009fKZ9YAM [HIDDEN]; 0013k00003M4eAOAAZ [HIDDEN]; 001TP00000K6i9LYAR [HIDDEN]; Blue Ridge Labs - Partner (001TP00000LtQ2dYAF); 001TP00000Hg7ReYAJ [HIDDEN]; 0013k000032AeLaAAK [HIDDEN]; Span Ventures - Partner (001TP00000MDptEYAT); 0018X00003HR8W4QAL [HIDDEN]; Exceptional Capital - Partner (001TP00000ME6X9YAL); Stackpack (001TP00000MB2BeYAL); 001TP000008DaYvYAK [HIDDEN]; 001TP00000DkqrHYAR [HIDDEN]; Parallel - Partner (001TP00000MuxYlYAJ); Roadrunner Venture Studios (001TP00000MlQAWYA3); BDO Alliance - Partner (001TP00000Mr9bZYAR) [HIDDEN]; 001TP00000NgPJaYAN [HIDDEN]; The Nucleus Network - Partner (001TP00000JCg71YAD); 001TP000009fKrLYAU [HIDDEN]; Clerky - Partner (001TP00000DxBG6YAN); KMG Advisers - Partner (001TP00000MbtX9YAJ); FirstBase (001TP00000MYYvTYAX); 001TP00000JvxgPYAR [HIDDEN]; 001TP00000NiLczYAF [HIDDEN]; AF Tech Fund - Partner (001TP00000H0PO2YAN); TechWalk - Partner (001TP00000P1uy9YAB); 0018X00003ApQT3QAN [HIDDEN]; Crew Finance - Partner (001TP00000GkYU1YAN); 001TP00000GnH6YYAV [HIDDEN]; 001TP00000KAR3SYAX [HIDDEN]; Dime Campus, Inc. (Partner) (0013k000033XPMzAAO) [HIDDEN]; 001TP000009fKjLYAU [HIDDEN]; 001TP00000QRirUYAT [HIDDEN]; 001TP00000R4nKLYAZ [HIDDEN]; 0013k000033W4WMAA0 [HIDDEN]; Mayfield Fund - Partner (0013k00003BiqG0AAJ); Oddbird VC - Partner (001TP00000RSQ9hYAH); Bee Partners - Partner (001TP00000INPFaYAP); E14 Fund - Partner (001TP00000RSR49YAH); Link Ventures - Partner (001TP00000IBTYLYA5); Pillar VC - Partner (0018X00003EjjopQAB); Rebel Ventures - Partner (001TP00000RSPaEYAX); Alchemist Accelerator - Partner (001TP00000RS4E5YAL); 001TP00000G0WmfYAF [HIDDEN]; SignalFire - Partner (0013k00002xpft2AAA); Epakon Capital - Partner (001TP00000RX7hjYAD); Kindred Ventures - Partner (001TP00000RX5JBYA1); Pegasus Accelerator - Partner (001TP00000RX88xYAD); Mangusta Capital - Partner (001TP00000MPeFeYAL); LeapYear - Partner (001TP00000RX6grYAD); Deal Flow X Change - Partner (001TP00000RXA5yYAH); Keel Accelerator - Partner (001TP00000RCs0IYAT); Carta Inc. - Partner (0013k00002jrlGJAAY); Pulley - Partner (0013k000033XQmuAAG); The Westly Group - Partner (001TP00000RLG7CYAX); 001TP00000RMcTiYAL [HIDDEN]; Browne Consulting Group - Partner (0013k00003ASN0JAAX) [HIDDEN]; Stripe - Partner (0013k00002jrk6yAAA); Alif - Partner (001TP00000RoX9MYAV); Alumni Ventures - Partner (001TP00000MYgwDYAT); Techstars - Partner (001TP00000S9LLFYA3); 645 Ventures - Partner (001TP00000S94VoYAJ); NY Ventures - Partner (001TP00000NeRluYAF); Marl Accelerator - Partner (001TP00000RoYgUYAV); Pioneer Fund - Partner (001TP00000SC5NCYA1); Ejad Labs - Partner (001TP00000SByIWYA1); 0018X00003ClwzcQAB [HIDDEN]; 001TP00000RQoeQYAT [HIDDEN]; 0013k00002jrk6wAAA [HIDDEN]; Shakti VC - Partner (001TP00000SfzfOYAR); 001TP00000HnwqfYAB [HIDDEN]; WeFunder - Partner (001TP00000T2YHvYAN); Inspired Capital - Partner (0018X000031h1yYQAQ); 001TP00000LiksgYAB [HIDDEN]; 001TP00000IQbCsYAL [HIDDEN]; Nexus Venture Counsel - Partner (001TP00000TKUm2YAH); a16z speedrun - Partner (001TP00000PC3GgYAL); StartX - Partner (001TP00000TODuhYAH); Infinity VC - Partner (001TP00000QvG5xYAF); Initialized Capital - Partner (0018X0000396FegQAE); Cake Equity - Partner (001TP00000TOHF7YAP); Post-Exit Founders (PEF) - Partner (001TP00000TOIEPYA5); Bessemer VC - Partner (001TP00000TPU3qYAH); Montage Ventures - Partner (001TP00000TPQRfYAP); 001TP00000N7ivAYAR [HIDDEN]; Shulman Rogers - Partner (0013k00003CPmQLAA1) [HIDDEN]; 001TP00000J6Nn6YAF [HIDDEN]; Brickyard - Partner (001TP00000TVhuPYAT); Cowboy Ventures - Partner (001TP00000N2FHBYA3); SF1 VC - Partner (001TP00000TVetKYAT); Greycroft - Partner (0013k00002jrzQ8AAI); Pioneer Square Labs - Partner (001TP00000TVP1SYAX); Unusual Ventures - Partner (0018X00003Cin9bQAB); Perceptive Ventures (perceptive-vc) - Partner (001TP00000TVamUYAT); Acme VC - Partner (001TP00000TVaRXYA1); Aito Capital - Partner (001TP00000TjHSGYA3); Position Ventures - Partner (001TP00000RLG7MYAX); Convoi Ventures - Partner (001TP00000TjDi4YAF); Founder Institute - Partner (001TP00000TjOyLYAV); Depth VC - Partner (001TP00000TjH5eYAF); Sound Ventures - Partner (001TP00000SiIFPYA3); MaC Venture Capital - Partner (001TP00000SzmjMYAR); HFO - Partner (001TP00000TmyZ8YAJ); 500 Global - Partner (001TP000000av7HYAQ); Peercheque - Partner (001TP00000TtdxmYAB); Also Capital - Partner (001TP00000TtpilYAB); Wischoff Ventures - Partner (001TP00000P1ZRyYAN); Civilization Ventures - Partner (001TP00000TuK1lYAF); Furey - Parter (0018X00002zSHBLQA4) [HIDDEN]; ENIAC Ventures (eniac-vc)- Partner (001TP00000U81VWYAZ); Warp - Partner (001TP00000U7zqJYAR); ST Venture Labs - Partner (001TP00000U84WbYAJ); Startup CPG - Partner (0013k00003IcV0CAAV) [HIDDEN]; Flex Capital - Partner (001TP00000U6TW1YAN); Hustle Fund - Partner (001TP00000ClRx7YAF); Afore Capital - Partner (001TP00000UkanBYAR); Plug and Play - Partner (001TP00000UkbUjYAJ); air AI - Partner (001TP00000UkRP9YAN); Founders Inc. (finc) - Partner (001TP00000UkPtPYAV); 001TP00000Lznz3YAB [HIDDEN]; 001TP00000HBfkPYAT [HIDDEN]; 0018X000033vXahQAE [HIDDEN]; Beat Ventures (BeatVC) - Partner (001TP00000V6xDFYAZ); Select (www.meetselect.com) - Partner (001TP00000DSiHfYAL); Berkeley SkyDeck - Partner (001TP00000V6yIzYAJ); Neo Accelerator - Partner (001TP00000V6yhBYAR); Venrock - Partner (001TP000000augEYAQ); J2 Ventures - Partner (001TP00000V6rcUYAR); Pace Capital - Partner (001TP00000V6nSRYAZ); 001TP00000ACZFaYAP [HIDDEN]; Flybridge - Partner (001TP000000auo9YAA); Intercom - Partner (0018X00003BexTRQAZ); NextEra Energy - Partner (0018X00003JEMf2QAH); Genesis Fund - Partner (001TP00000SiKxfYAF); US Venture Partners - Partner (USVP) (001TP00000Vx3HlYAJ); Nebius for Startups - Partner (001TP00000Vx4KHYAZ); Movi - Partner (001TP00000Vx5Y5YAJ); New Enterprise Associates - Partner (NEA) (0013k00003HsNeKAAV); CPG Wire - Partner (001TP00000VxB2PYAV); VHS Ventures - Partner (001TP00000VxBvFYAV); 001TP000009fKSJYA2 [HIDDEN]; Thiel Fellows - Partner (001TP00000WRlMzYAL); Founders Network - Partner (0013k00003LPPTMAA5); 001TP000007CX0zYAG [HIDDEN]; South Park Commons - Partner (001TP00000WXFkEYAX); Workhouse - Partner (001TP00000WaziTYAR); Pear VC - Partner (0013k000032Ad9cAAC); 001TP00000IQ25TYAT [HIDDEN]; 001TP00000GNJlYYAX [HIDDEN]; 001TP00000EBCXGYA5 [HIDDEN]; Doola - Partner (0018X000036fs6sQAA); Bamboo Crowd - Partner (001TP00000J3NupYAF); M13 - Partner (001TP00000Ws22QYAR); DFJ - Partner (0013k00003CPpBPAA1); BestMoney - Partner (001TP00000Ws44DYAR); Andrew Yeung - Partner (001TP00000WrwJbYAJ); ZFellows - Partner (001TP00000WryjaYAB); Entrepreneur First - Partner (001TP00000Q8MKYYA3); 001TP00000WgnQ7YAJ [HIDDEN]; Shelf Made CPG - Partner (001TP00000VLbynYAD); La Familia Foundation - Partner (001TP00000X0hd8YAB); Residency - Partner (001TP00000X0tnuYAB); Coeus Collective - Partner (001TP00000X0iUJYAZ); Nido Ventures - Partner (001TP00000X0nKLYAZ); Yesterday Podcast - Partner (001TP00000XXly1YAD); 0018X000038ZeqnQAC [HIDDEN]; 0013k00003M36ToAAJ [HIDDEN]; Aoun - Partner (001TP00000XesjRYAR); 001TP00000XTWO5YAP [HIDDEN]; TruStage Ventures - Partner (001TP000004tkJ6YAI); 0013k00003Ky42aAAB [HIDDEN]; 0018X00003ClwqTQAR [HIDDEN]; HOF Capital - Partner (001TP00000Qt5sxYAB); RTP Global - Partner (001TP00000Xp3aOYAR); Monday Girl - Partner (001TP00000XpGXZYA3); Boston Tech Event Newsletter - Partner (001TP00000Xp5FbYAJ); Fidelity Private Shares - Partner (001TP00000UlKUfYAN); XYZ Venture Capital - Partner (001TP00000JQwSTYA1); Dragonfruit Ventures - Partner (001TP00000Xp0XhYAJ); 001TP00000PwpqEYAR [HIDDEN]; 0018X000039dSXJQA2 [HIDDEN]; 001TP00000RMtKrYAL [HIDDEN]; 0018X000031JhgMQAS [HIDDEN]; 0018X000039cA2AQAU [HIDDEN]; Palantir Startup Fellowship - Partner (001TP00000Y4FUnYAN); 001TP00000AD8iLYAT [HIDDEN]; 001TP00000PfUtNYAV [HIDDEN]; 0018X000034st7eQAA [HIDDEN]; 001TP00000VbWyNYAV [HIDDEN]; 001TP00000TAqEOYA1 [HIDDEN]; 001TP00000ROb0TYAT [HIDDEN]; Augmentation Labs - Partner (001TP00000YOIWTYA5); Torch Capital - Partner (0013k00002lPduyAAC); Lerer Hippeau - Partner (001TP00000YOG04YAH); Soxton AI - Partner (001TP00000YOIgBYAX); Colibri Equity Ventures - Partner (001TP00000YOFQYYA5); Engine - Partner (001TP00000YOEKqYAP); Kyber Knight Capital - Partner (001TP00000VRUuxYAH); Hat-Trick Capital - Partner (001TP00000YOLcPYAX); Black Flag - Partner (001TP00000YOB3dYAH); Generating Alpha - Partner (001TP00000YqHfYYAV); 001TP000008BUG5YAO [HIDDEN]; Wing VC - Partner (001TP00000Yz609YAB); Primary VC - Partner (001TP00000Yz9ytYAB); Vine Ventures - Partner (001TP00000Yz5dWYAR); Draper Startup House Accelerator - Partner (001TP00000QX6V5YAL); The Collective (NY) - Partner (001TP00000Yz8ZnYAJ); Redpoint Ventures - Partner (0013k00002jrk1IAAQ); Starburst Aerospace - Partner (0013k000033IQumAAG); Nova Global - Partner (001TP00000Yz2nnYAB); Contra - Partner (001TP00000Z04c9YAB); 001TP00000Fl2dfYAB [HIDDEN]; EisnerAmper - Partner (001TP000009fKZtYAM); 001TP00000YxsfCYAR [HIDDEN]; 001TP00000ZgcSvYAJ [HIDDEN]; Biography Podcast - Partner (001TP00000ZrvGBYAZ); JustPaid - Partner (001TP00000ZrnCyYAJ); AIX Ventures - Partner (001TP00000Zs6PGYAZ); Cantos - Partner (001TP00000Zs3eJYAR); 0013k00003FPntLAAT [HIDDEN]; 001TP000009ffN0YAI [HIDDEN]; 001TP00000ToVb3YAF [HIDDEN]; SemperVirens Ventures - Partner (001TP00000JQwSWYA1); CPG Connect - Partner (001TP00000aNyErYAK); 2048 Ventures - Partner (001TP00000aSOqhYAG); Bullpen Capital - Partner (001TP00000aSDldYAG); Launchpad GVL - Partner (001TP00000aSShNYAW); Long Journey Ventures - Partner (001TP00000aSTQXYA4); Discipulus Ventures - Partner (001TP00000TgTcsYAF); Harlem Capital - Partner (001TP00000N4vgmYAB); Outlander VC - Partner (001TP00000AOfKSYA1); chemistry vc - Partner (001TP00000TnVdIYAV); Graham & Walker - Partner (0013k00003HDi1mAAD); Coho VC - Partner (001TP00000aiTb3YAE); Topology VC - Partner (001TP00000aiVD3YAM); Companyon Ventures (companyon-vc) - Partner (001TP00000SzxWTYAZ); 0018X00003BIrJ4QAL [HIDDEN]; 0013k000032U0a9AAC [HIDDEN]; 001TP00000ODNqdYAH [HIDDEN]; 0013k00002z4hXeAAI [HIDDEN]; 0013k000033XWh0AAG [HIDDEN]; 001TP00000F8DHXYA3 [HIDDEN]; 001TP00000WphLSYAZ [HIDDEN]; Julian.capital - Partner (001TP00000OryAeYAJ); MoFo - Partner (0018X00003CkDTNQA3); The Current Agency - Partner (001TP00000aulh6YAA); IndieBio - Partner (001TP00000aupxZYAQ); Stackpoint Ventures - Partner (001TP00000ZkLIKYA3); Pareto Holdings - Partner (001TP00000auo2FYAQ); Humans - Partner (001TP00000ZNBxwYAH); Paperboy Ventures - Partner (001TP00000auiWKYAY); SKU - Partner (001TP00000auwm9YAA); Headline - Partner (001TP00000aulSYYAY); True Wealth Ventures - Partner (001TP00000aurktYAA); Perkins Coie - Partner (001TP00000ZgYQvYAN); 001TP00000IaznuYAB [HIDDEN]; Provenance - Partner (001TP000009gDwrYAE); Gullie - Partner (001TP00000bNphFYAS); Endurance - Partner (001TP00000bPSa5YAG); 001TP00000DkqrBYAR [HIDDEN]; Dry Atlas - Partner (001TP00000bYQ9GYAW); Giant VC - Partner (001TP00000TH2EPYA1); Forerunner - Partner (0013k00003APSWnAAP); Granato Law - Partner (001TP00000bkHa1YAE); Sweet Spot Capital - Partner (001TP00000bkhHZYAY); Decibel - Partner (001TP00000bk1tSYAQ); Wave Function Ventures - Partner (001TP00000bkFWbYAM); Deel - Partner (0013k00003Dk5sGAAR); Profluence - Partner  (001TP00000bqFKDYA2); GoAhead Ventures - Partner  (001TP00000bqAysYAE); Quake Capital - Partner  (001TP00000bpqH4YAI); Glimpse - Partner  (001TP00000bqJE9YAM); 001TP00000bJx2KYAS [HIDDEN]; 001TP00000G7411YAB [HIDDEN]; Drive Capital - Partner (001TP00000bzDT0YAM); 1871 - Partner (0013k00003DkMy5AAF); 001TP00000Muq0sYAB [HIDDEN]; 0013k00003HuCjfAAF [HIDDEN]; 001TP00000c5iFZYAY [HIDDEN]","false","false","false","false","false","false","Reed Marcus","Form (23); Inbounddb lists (6); Automation platform flow (4); Integration (1); Sales view (15); Properties v3 card (2)","2.22%","11/23/25 5:40 PM EST","Salesforce"
"Referrer - Account ID","referrer___account_id","string","","contactinformation","true","","false","false","false","false","false","false","Rho Email Proofing","Form (1); Automation platform flow (1); Sales view (1)","0.01%","10/21/25 8:31 AM EDT","Import"
"referrer_url","referrer_url","string","","contactinformation","true","","false","false","false","false","false","false","Reed Marcus","Form (7); Sales view (5)","0%","",""
"remarket - smb","remarket___smb","enumeration","","contactinformation","true","Yes (true); No (false)","false","false","false","false","false","false","Reed Marcus","Inbounddb lists (1)","0%","",""
"remarket - startup","remarket___startup","enumeration","","contactinformation","true","Yes (true); No (false)","false","false","false","false","false","false","Reed Marcus","Inbounddb lists (1)","0.02%","",""
"Remove from sms ","remove_from_sms","enumeration","","contactinformation","true","Yes (true); No (false)","false","false","false","false","false","false","Reed Marcus","Inbounddb lists (1)","0%","",""
"olddd","revenue_bucket","enumeration","","contactinformation","true","$0-$100K; $100K-$1M; <$1M; $1M-$10M","false","false","false","false","false","false","Reed Marcus","Automation platform flow (1)","0%","",""
"Rho Banks Inbound","rho_banks_inbound","enumeration","","contactinformation","true","Yes (true); No (false)","false","false","false","false","false","false","Reed Marcus","","0.01%","",""
"Rho Banks NYC","rho_banks_nyc","enumeration","","contactinformation","true","Yes (true); No (false)","false","false","false","false","false","false","Reed Marcus","Inbounddb lists (2); Automation platform flow (5); Report (3); Sales view (21); Dashboard (1)","3.24%","11/23/25 5:38 PM EST","Workflow"
"IBS - Hubspot submit Rep ","rho_contact","enumeration","","contactinformation","true","General Day 1 (General); Katherine; Alex; Alec; Colin; Brendan; Miles; Connor; Pomeroy; Kyle; Devyn; Drew; Reed; Anthony; General Day 2; General Day 3; General - Rho Party; Justin; Kate; Lauren","false","false","false","false","false","false","Reed Marcus","Form (12); Sales view (1)","0.02%","11/25/24 4:49 PM EST","Forms"
"Rho Offering?","rho_offering_","enumeration","","contactinformation","true","Yes (true); No (false)","false","false","false","false","false","false","Reed Marcus","Sales view (7)","0.63%","",""
"Rho Referral Code","rho_referral_code","number","","contactinformation","true","","false","false","false","false","false","false","Christopher Cooper","","0%","",""
"Rho Use Case","rho_use_case","enumeration","","contactinformation","true","AP; Budgets; Bulk Payments; Checking Account; Charge Card; Expense Management; Debit Card; Partner Influenced; Rho Prime; Treasury Account; Accounting Integration; RhoPrime; Global Wires","false","false","false","false","false","false","Reed Marcus","Automation platform flow (1)","3.11%","11/21/25 7:14 PM EST","Workflow"
"Routing Channel","routing_channel","string","","contactinformation","true","","false","false","false","false","false","false","Reed Marcus","Automation platform flow (1); Integration (1); Sales view (9); Dashboard (1)","2.85%","11/23/25 5:50 PM EST","Salesforce"
"RQL rate","rql__","number","","contactinformation","false","","true","false","true","false","false","false","Reed Marcus","Report (1)","10.39%","10/6/25 11:22 AM EDT","HubSpot Calculation"
"# RQLs","rqls","number","","contactinformation","false","","true","false","false","false","false","false","Reed Marcus","Calculated property (1); Report (1)","96.27%","10/6/25 11:48 AM EDT","Migration"
"Safe Note Generator | Submission Date","safe_note_generator___submission_date","datetime","","contactinformation","true","","false","false","false","false","false","false","Christopher Cooper","Automation platform flow (1)","0.02%","11/23/25 4:39 PM EST","Workflow"
"Safe Note Generator | Submission Log","safe_note_generator___submission_log","string","","contactinformation","true","","false","false","false","false","false","false","Christopher Cooper","Automation platform flow (1)","0.02%","11/23/25 2:46 PM EST","Workflow"
"Safe Type | Safe Note Generator","safe_type__safe_note_generator","string","","contactinformation","true","","false","false","false","false","false","false","Christopher Cooper","Form (1); Automation platform flow (1)","0.03%","11/23/25 5:02 PM EST","Forms"
"SAL?","sal_","enumeration","","contactinformation","true","Yes (true); No (false)","false","false","false","false","false","false","Reed Marcus","Automation platform flow (2); Sales view (3)","8.03%","11/23/25 6:44 PM EST","Workflow"
"SAL Date","sal_date","date","","contactinformation","true","","false","false","false","false","false","false","Reed Marcus","Automation platform flow (2); Sales view (2)","7.76%","11/23/25 6:44 PM EST","Workflow"
"Sales Outreach Status","sales_outreach_status","string","","contactinformation","true","","false","false","false","false","false","false","Reed Marcus","Automation platform flow (1); Sales view (10); Properties v3 card (1)","0.32%","",""
"Navan Sales Rep Email","sales_rep_email","string","","contactinformation","true","","false","false","false","false","false","false","Reed Marcus","Form (2); Email (1); Integration (1); Sales view (1)","0.03%","7/25/25 12:05 PM EDT","Forms"
"Navan Sales Rep Name","sales_rep_name","string","","contactinformation","true","","false","false","false","false","false","false","Reed Marcus","Form (2); Email (1); Integration (1); Sales view (1)","0.03%","7/25/25 12:05 PM EDT","Forms"
"Navan Sales Rep Phone Number","sales_rep_phone_number","string","","contactinformation","true","","false","false","false","false","false","false","Reed Marcus","Form (2); Email (1); Integration (1); Sales view (1)","0.03%","7/25/25 12:05 PM EDT","Forms"
"Salesforce Inclusion","salesforce_inclusion","enumeration","","contactinformation","true","Yes (true); No (false)","false","false","false","false","false","false","Reed Marcus","Form (110); Inbounddb lists (5); Automation platform flow (11); Sales view (69); Properties v3 card (2)","96.96%","11/23/25 6:37 PM EST","Integration"
"Salesforce Inclusion (string)","salesforce_inclusion_string","string","","contactinformation","true","","false","false","false","false","false","false","Rho Email Proofing","Form (18); Inbounddb lists (1); Automation platform flow (4); Sales view (12)","6.25%","11/23/25 6:13 PM EST","Workflow"
"Salesforce Lead Link","salesforce_lead","string","","contactinformation","false","","true","false","true","false","false","false","Reed Marcus","Automation platform flow (3); Properties v3 card (1)","8.69%","11/23/25 6:28 PM EST","HubSpot Calculation"
"Salesforce Contact Link","salesforce_link","string","","contactinformation","false","","true","false","true","false","false","false","Reed Marcus","Automation platform flow (2); Sales view (2); Properties v3 card (1)","86.47%","11/23/25 6:28 PM EST","HubSpot Calculation"
"Salesmsg SMS count","salesmsg_sms_count","number","","contactinformation","true","","false","false","false","false","false","false","Reed Marcus","Properties v3 card (1)","0%","",""
"Salutation","salutation","string","The title used to address a contact","contactinformation","true","","false","false","false","false","false","true","HubSpot","Integration (1)","0.04%","11/13/25 5:19 PM EST","Salesforce"
"scratchpad_hubspot","scratchpad_hubspot","string","","contactinformation","true","","false","false","false","false","false","false","Reed Marcus","Integration (1); Sales view (1)","19.17%","11/22/25 5:12 AM EST","Salesforce"
"Owner Change Date","sdr_assignment_time","date","","contactinformation","true","","false","false","false","false","false","false","Reed Marcus","Automation platform flow (1); Integration (1); Sales view (2); Properties v3 card (1)","3.44%","11/21/25 10:57 AM EST","Salesforce"
"SDR Meeting Date","sdr_meeting_date","date","","contactinformation","true","","false","false","false","false","false","false","Reed Marcus","Sales view (18)","0%","",""
"SDR Meeting Held","sdr_meeting_held","enumeration","","contactinformation","true","Yes (true); No (false)","false","false","false","false","false","false","Reed Marcus","Integration (1); Sales view (15)","22.77%","11/23/25 6:11 PM EST","Salesforce"
"SDR Meeting No show?","sdr_meeting_no_show_","enumeration","","contactinformation","true","Yes (true); No (false)","false","false","false","false","false","false","Reed Marcus","Sales view (4)","0%","",""
"SDR Meeting Outcome","sdr_meeting_outcome","enumeration","","contactinformation","true","Meeting Held; Meeting Missed","false","false","false","false","false","false","Reed Marcus","Sales view (14)","0%","",""
"Sector","sector","string","","contactinformation","true","","false","false","false","false","false","false","Reed Marcus","Inbounddb lists (1); Automation platform flow (1); Report (6); Sales view (11)","62.31%","11/21/25 2:16 PM EST","Workflow"
"Segment","segment","enumeration","","contactinformation","true","Micro (1-5); SMB (6-50); Low MM (51-250); High MM (251+)","false","false","false","false","false","false","Reed Marcus","Automation platform flow (4); Sales view (16)","79.34%","11/23/25 6:21 PM EST","Workflow"
"Signup Bucket","self_serve_bucket","enumeration","","contactinformation","true","Bucket 1: Completed App - MQL; Bucket 2: Abandoned App - MQL; Bucket 3: Completed App - Non-MQL; Bucket 4: Abandoned App - Non-MQL; Bucket 5: Contact Sales - Meeting Set; Bucket 6: Contact Sales - No meeting; Bucket 7: gmail - abandoned app (Bucket 7: gmail - non mql); Bucket 9: Compliance disqualified (Bucket 5: Compliance disqualified); Bucket 10: Credit Disqualified (Bucket 8: Credit Disqualified); Bucket 11: Unqualified  (Bucket 6: Unqualified); Bucket 8: Disqualified - Company fit; ","false","false","false","false","false","false","Reed Marcus","Automation platform flow (2); Sales view (38)","8.77%","11/23/25 6:37 PM EST","Workflow"
"Self-Serve/CS Pipeline?","self_serve_cs_pipeline_","enumeration","","contactinformation","true","Yes (true); No (false)","false","false","false","false","false","false","Reed Marcus","Automation platform flow (1)","11.18%","11/23/25 6:11 PM EST","Workflow"
"self-serve info","self_serve_type","enumeration","","contactinformation","true","Email Only; Email and Phone; Contact Sales [HIDDEN]","false","false","false","false","false","false","Reed Marcus","Integration (1)","9.2%","11/22/25 5:12 AM EST","Salesforce"
"Sent Linkedin Message","sent_linkedin_message","enumeration","","contactinformation","true","Yes (true); No (false)","false","false","false","false","false","false","Reed Marcus","Sales view (1)","0%","8/15/24 2:13 PM EDT","Workflow"
"Sent to compliance?","sent_to_compliance_","enumeration","","contactinformation","true","Yes (true); No (false)","false","false","false","false","false","false","Reed Marcus","Automation platform flow (1); Sales view (4)","0.26%","4/14/25 3:21 PM EDT","Workflow"
"Sent to compliance date","sent_to_compliance_date","date","","contactinformation","true","","false","false","false","false","false","false","Reed Marcus","Automation platform flow (1); Integration (1)","0.25%","4/14/25 3:21 PM EDT","Salesforce"
"SFDC Last Activity Date","sfdc_last_activity_date","date","","contactinformation","true","","false","false","false","false","false","false","Reed Marcus","Calculated property (2); Integration (1); Sales view (7)","10.24%","11/23/25 6:11 PM EST","Salesforce"
"SFDC Lead?","sfdc_lead_","enumeration","","contactinformation","true","Yes (true); No (false)","false","false","false","false","false","false","Reed Marcus","Automation platform flow (1)","22.76%","11/23/25 6:11 PM EST","Workflow"
"Signatory Name | Safe Note Generator","signatory_name___safe_note_generator","string","","contactinformation","true","","false","false","false","false","false","false","Christopher Cooper","Automation platform flow (1)","0%","",""
"Signatory Title | Safe Note Generator","signatory_title___safe_note_generator","string","","contactinformation","true","","false","false","false","false","false","false","Christopher Cooper","","0%","",""
"Signup Conversion Page","signup_conversion_page","enumeration","","contactinformation","true","Homepage; Accounts Payable - Website Page (Accounts Payable); Corporate Cards - Website Page (Corporate Cards); Commercial Banking - Website Page (Commercial Banking); Contact Sales - Website Page (Contact Sales); Corporate Cards LP; Google Ads LP (Google Ads 1 CTA Page); Publications LP; Gusto LP; NAHB LP; Blog Articles (Blog Article); Treasury - Website Page (Treasury); Global Payments - Website Page (Global Payments); Expense Management - Website Page (Expense Management); Pricing; For CEOs; For Accountants; For Controllers; For Employees; For Fractional CFOs; For CFOs; Quickbooks Integration; Netsuite Integration; Microsoft 365 Integration; Sage Integration; FAQs; Rewards; Case Studies; Grow General LP; Direct Signup Page; Offline; EPG LP (EPG Landing Page); IEC LP; Commercial Banking LP; General LP; Accounts Payable LP; Startup Banking LP; Technology LP; Marketing LP; Construction LP; Professional Services LP; Healthcare LP; Mercury Competitor LP; Bill.com Competitor LP; TaxTaker LP; Linkedin Ad Form Submit; Sales Meeting Form; Ramp Competitor LP; Expense Management LP; Private Equity LP; Navan LP; Facebook ad form submit; Middle Market Week LP; Grow - Website Page (Grow - New LP); Newsroom website page; Terms of Service website page; NYC website page (Startup NYC); Chess Whitepaper page; About Page; g2; expense policy guide download (expense policy download); PE whitepaper download; IBS event form; Partners page; Startup website page; CFO Compensation Page; Nerd Wallet LP; Careers page; Contact Sales - Startups; NYC Expedition Form; JustWorks Referral Form; Capterra Form","false","false","false","false","false","false","Reed Marcus","Form (62); Automation platform flow (6); Report (5); Integration (1); Sales view (105); Properties v3 card (1)","4.8%","11/23/25 6:35 PM EST","Workflow"
"Signup Lead Score","signup_lead_score","number","","contactinformation","true","","false","false","false","false","false","false","Reed Marcus","Automation platform flow (1); Integration (1)","3.31%","4/14/25 3:21 PM EDT","Salesforce"
"Signup Lead Score - Text","signup_lead_score___text","string","","contactinformation","true","","false","false","false","false","false","false","Reed Marcus","Automation platform flow (1)","3.31%","4/14/25 3:22 PM EDT","Workflow"
"Signup Product Intent","signup_product_intent","enumeration","","contactinformation","true","Credit; Banking; Startup Banking; Accounts Payable; Treasury; Expense Management; General","false","false","false","false","false","false","Reed Marcus","Automation platform flow (1); Sales view (1)","6.28%","11/23/25 6:11 PM EST","Workflow"
"Signup Status","signup_status","enumeration","","contactinformation","true","Started Application; Completed Application; Abandoned","false","false","false","false","false","false","Reed Marcus","Integration (1)","0%","",""
"# Signups","signups","number","","contactinformation","false","","true","false","false","false","false","false","Reed Marcus","Calculated property (1); Report (4); Sales view (1)","96.27%","10/6/25 11:48 AM EDT","Migration"
"Size ","size","enumeration","","contactinformation","true","Startup; Small; Medium  (Medium); Large","false","false","false","false","false","false","Reed Marcus","Inbounddb lists (3); Report (4); Sales view (1)","69.69%","",""
"SMS Opt Out/In","sms_opt_in_out","string","Contacts Opt Out/In status","contactinformation","true","","false","false","false","false","false","false","Christopher Cooper","","0%","",""
"SoR | Submission Date","sor___submission_date","date","","contactinformation","true","","false","false","false","false","false","false","Christopher Cooper","","0.03%","8/12/25 4:36 PM EDT","Import"
"SoR Contest | Referrer – Email","sor_contest___referrer___email","string","","contactinformation","true","","false","false","false","false","false","false","Christopher Cooper","Automation platform flow (1); Sales view (7); Properties v3 card (1)","0%","8/15/25 4:49 PM EDT","Workflow"
"SoR Contest | Referrer – Last Name","sor_contest___referrer___last_name","string","","contactinformation","true","","false","false","false","false","false","false","Christopher Cooper","Automation platform flow (1); Sales view (1)","0%","8/15/25 4:49 PM EDT","Workflow"
"SoR Contest | Referrer – Create Date","sor_contest___referrer__create_date","datetime","","contactinformation","true","","false","false","false","false","false","false","Christopher Cooper","Automation platform flow (1)","0%","",""
"SoR Contest | Referrer – Referral Count","sor_contest___referrer__referral_count","number","","contactinformation","true","","false","false","false","false","false","false","Christopher Cooper","Automation platform flow (1)","0.01%","8/26/25 6:15 PM EDT","Workflow"
"SoR Contest | New Referrer","sor_contest__new_referrer","enumeration","","contactinformation","true","Yes; No","false","false","false","false","false","false","Christopher Cooper","Form (1); Automation platform flow (1); Sales view (8); Properties v3 card (1)","0.03%","8/18/25 5:33 AM EDT","Workflow"
"SoR Contest | Referrer – First Name","sor_contest__referrer__first_name","string","","contactinformation","true","","false","false","false","false","false","false","Christopher Cooper","Automation platform flow (1); Sales view (1)","0%","8/15/25 4:49 PM EDT","Workflow"
"SoR Contest | Referrer – Link","sor_contest__referrer__link","string","","contactinformation","false","","false","false","false","false","false","false","Christopher Cooper","Automation platform flow (1)","0%","8/15/25 4:49 PM EDT","Workflow"
"SoR Contest | Referrer – Log","sor_contest__referrer__log","string","","contactinformation","false","","false","false","false","false","false","false","Christopher Cooper","","0%","",""
"SoR Contest | Referrer (Sub) Code","sor_contest__referrer_sub_code","string","","contactinformation","true","","false","false","false","false","false","false","Christopher Cooper","","0%","7/1/25 5:11 PM EDT","Workflow"
"SoR Referral Program | Approved Client","sor_referral_program__approved_client","enumeration","","contactinformation","true","Yes; No","false","false","false","false","false","false","Christopher Cooper","Automation platform flow (1); Sales view (2); Properties v3 card (1)","0%","8/6/25 3:41 PM EDT","CRM UI"
"Spara Transcript","spara_transcript","string","","contactinformation","false","","false","false","false","false","false","false","Katarina Lazic","Integration (1)","0.11%","11/23/25 3:09 PM EST","Integration"
"SQL?","sql_","enumeration","","contactinformation","true","Yes (true); No (false)","false","false","false","false","false","false","Reed Marcus","Automation platform flow (4); Report (7); Sales view (25); Properties v3 card (1)","7.09%","11/23/25 6:44 PM EST","Workflow"
"Startup Event Name","startup_event_name","enumeration","","contactinformation","true","How I Raised My Seed - 1.31.24; Founder Coffee Meetup - 2.1.24; How I Raised My Seed - 3.19.24; Founder + Investor Breakfast - 3.28.24; Founder + Investor Breakfast - 5.2.24; Founder + Investor Breakfast - 3.29; Founder Happy Hour - 5.15.24; How I Raised My Seed - 5.21.24 (How I Raised My Seed - May 21); Techpalooza - 6.6.24 (Techpalooza June 6)","false","false","false","false","false","false","Reed Marcus","Sales view (2)","0.25%","",""
"Startup Event Type","startup_event_type","enumeration","","contactinformation","true","Founder Series event; Happy Hour Event; Dinner Event; Tech Week Event","false","false","false","false","false","false","Reed Marcus","","0.25%","",""
"Startup Lead Channel","startup_lead_channel","enumeration","","contactinformation","true","NY - VC Backed Founders; Series A Founders; Checkwriters Applications - 2024","false","false","false","false","false","false","Reed Marcus","Sales view (2)","0%","",""
"Startup Lead Source","startup_lead_source","enumeration","","contactinformation","true","Event Series (Founder Series event); Startup List; Rho Banks Website Capture","false","false","false","false","false","false","Reed Marcus","Report (1); Sales view (2)","0.89%","",""
"State/Region","state","string","The contact's state of residence. This might be set via import, form, or integration.","contactinformation","true","","false","false","false","false","false","true","HubSpot","Form (5); Inbounddb lists (2); Automation platform flow (1); Integration (1); Sales view (16)","74.13%","11/23/25 5:04 PM EST","Forms"
"State of Governance | Safe Note Generator","state_of_governance___safe_note_generator","string","","contactinformation","true","","false","false","false","false","false","false","Christopher Cooper","Form (1); Sales view (1)","0.03%","11/23/25 4:39 PM EST","Forms"
"State of Incorporation | Safe Note Generator","state_of_incorporation___safe_note_generator","string","","contactinformation","true","","false","false","false","false","false","false","Christopher Cooper","Form (1); Sales view (1)","0.03%","11/23/25 4:39 PM EST","Forms"
"Street Address 2","street_address_2","string","","contactinformation","true","","false","false","false","false","false","false","Christopher Cooper","Form (1); Sales view (1)","0%","",""
"Sync to objects","sync_to_objects","enumeration","","contactinformation","true","Yes (true); No (false)","false","false","false","false","false","false","Reed Marcus","Automation platform flow (5)","0%","",""
"Tell us about what you're building","tell_us_about_what_you_re_building","string","","contactinformation","true","","false","false","false","false","false","false","Reed Marcus","","0%","",""
"Term/Drilldown-2","term_drilldown_2","string","","contactinformation","true","","false","false","false","false","false","false","Reed Marcus","Automation platform flow (2); Report (3); Sales view (71); Properties v3 card (2)","1.22%","11/23/25 2:31 PM EST","Workflow"
"Time to touch","time_to_touch","number","","contactinformation","false","","true","false","true","false","false","false","Reed Marcus","Sales view (1); Properties v3 card (1)","3.39%","11/23/25 4:43 PM EST","HubSpot Calculation"
"Timestamp: UVPA","timestamp__uvpa","date","","contactinformation","true","","false","false","false","false","false","false","Reed Marcus","Automation platform flow (1); Sales view (1)","0.09%","",""
"Today's Date","today_s_date","date","","contactinformation","true","","false","false","false","false","false","false","Reed Marcus","Calculated property (3); Automation platform flow (3); Sales view (2)","100%","11/23/25 6:38 PM EST","Workflow"
"Total Associated Companies","total_associated_companies","number","","contactinformation","false","","true","false","true","false","false","false","Christopher Cooper","Inbounddb lists (3); Sales view (8)","100%","11/23/25 6:37 PM EST","HubSpot Calculation"
"Total Associated Deals","total_associated_deals","number","","contactinformation","false","","true","false","true","false","false","false","Christopher Cooper","Inbounddb lists (4); Automation platform flow (1); Sales view (8)","100%","11/23/25 6:37 PM EST","HubSpot Calculation"
"Total Money Raised","total_money_raised","string","","contactinformation","true","","false","false","false","false","false","false","Reed Marcus","Form (1); Automation platform flow (1); Sales view (4)","8.1%","11/23/25 6:49 PM EST","Workflow"
"Total Spend | Month-to-Date","total_spend___month_to_date","number","","contactinformation","false","","true","false","true","false","false","false","Christopher Cooper","Sales view (1)","3.37%","11/23/25 3:14 PM EST","HubSpot Calculation"
"Twitter Username","twitterhandle","string","The contact's Twitter handle.","contactinformation","true","","false","true","false","false","false","true","HubSpot","Form (1)","0%","",""
"Unqualified?","unqualified_","enumeration","","contactinformation","true","Yes (true); No (false)","false","false","false","false","false","false","Reed Marcus","Inbounddb lists (2); Automation platform flow (5); Sales view (55); Properties v3 card (1)","16.12%","11/21/25 10:57 AM EST","Workflow"
"Upcoming Call Date","upcoming_call_date","date","","contactinformation","true","","false","false","false","false","false","false","Reed Marcus","Automation platform flow (1); Email (1); Sales view (2)","1.73%","10/15/25 3:01 PM EDT","Workflow"
"User Flow, FORMS | Acquisition Path (States)","user_flow__forms___acquisition_path__states_c","enumeration","","contactinformation","true","Marketing Prospect (MQL); Direct-to-App (PQL); Marketing Converted (MCL)","false","false","false","false","false","false","Christopher Cooper","Automation platform flow (1); Sales view (3)","0.68%","11/23/25 6:13 PM EST","Workflow"
"User Flow, FORMS | Last App Submission","user_flow__forms__last_app_submission__c","date","","contactinformation","true","","false","false","false","false","false","false","Christopher Cooper","Automation platform flow (1); Sales view (2)","0.52%","11/23/25 6:09 PM EST","Workflow"
"User Flow, FORMS | Last Marketing Submission","user_flow__forms__last_marketing_submission_c","date","","contactinformation","true","","false","false","false","false","false","false","Christopher Cooper","Automation platform flow (1); Sales view (2)","0.4%","11/23/25 6:12 PM EST","Workflow"
"User Flow, FORMS | Acquisition Path","user_flow_forms__acquisition_path_c","string","","contactinformation","true","","false","false","false","false","false","false","Christopher Cooper","Automation platform flow (1); Sales view (3)","0.75%","11/23/25 6:12 PM EST","Workflow"
"User Flow, FORMS | Acquisition Path, LOG","user_flow_forms__acquisition_path_log_c","string","","contactinformation","true","","false","false","false","false","false","false","Christopher Cooper","Automation platform flow (1); Sales view (2)","0.74%","11/23/25 6:45 PM EST","Workflow"
"Google pMax | Asset Grouping","utm_asset_group","enumeration","","contactinformation","true","Cards (cards); Expense Management (expense_management); Generic (generic); Small Business (small_business); Startups (startups); Business Banking (business_banking); Accountants (accountants); Other (other)","false","false","false","false","false","false","Christopher Cooper","Automation platform flow (1); Report (1); Sales view (1)","0.13%","11/23/25 2:40 PM EST","Workflow"
"campaign/drilldown-1","utm_campaign_drilldown_1","string","","contactinformation","true","","false","false","false","false","false","false","Reed Marcus","Automation platform flow (3); Report (1); Sales view (71); Properties v3 card (2)","1.47%","11/23/25 6:12 PM EST","Workflow"
"UTM Check (Calc)","utm_check__calc_","number","","contactinformation","false","","true","false","true","false","false","false","Christopher Cooper","Rollup property (1); Sales view (2)","100%","11/23/25 6:37 PM EST","HubSpot Calculation"
"UUID","uuid","string","","contactinformation","true","","false","false","false","false","false","false","Reed Marcus","Form (1); Inbounddb lists (2); Automation platform flow (1); Integration (1); Sales view (18); Properties v3 card (1)","4.81%","11/23/25 6:05 PM EST","Forms"
"# UVPA","uvpa","number","","contactinformation","false","","true","false","false","false","false","false","Reed Marcus","Report (3)","96.27%","10/6/25 11:48 AM EDT","Migration"
"VC-Backed-sfdc","vc_backed_sfdc","enumeration","","contactinformation","true","Yes (true); No (false)","false","false","false","false","false","false","Reed Marcus","Automation platform flow (1); Sales view (2)","13.99%","",""
"VC Company?","vc_company","enumeration","","contactinformation","true","Yes (true); No (false)","false","false","false","false","false","false","Reed Marcus","Automation platform flow (1)","0.9%","",""
"Verified Contact","verified_contact","enumeration","","contactinformation","true","Yes; No","false","false","false","false","false","false","Reed Marcus","Automation platform flow (1); Report (2)","4.8%","11/23/25 5:57 PM EST","Workflow"
"Was this article helpful?","was_this_article_helpful_","enumeration","","contactinformation","true","Yes; No","false","false","false","false","false","false","Unknown user","","0%","",""
"Website URL","website","string","Associated company website.","contactinformation","true","","false","true","false","false","false","true","HubSpot","Form (23); Inbounddb lists (1); Automation platform flow (1); Report (3); Integration (1); Sales view (126); Properties v3 card (3)","93.52%","11/23/25 6:38 PM EST","Integration"
"What's the toughest problem you have solved?","what_s_the_toughest_problem_you_have_solved_","string","","contactinformation","true","","false","false","false","false","false","false","Reed Marcus","Form (1); Integration (1)","0.07%","1/30/25 12:03 PM EST","Salesforce"
"What stage is your company in?","what_stage_is_your_company_in_","enumeration","","contactinformation","true","Pre-seed; Seed; Series A; Series C+; Bootstrapped; Seed, Pre-seed; Pre-seed, Seed; Pre-seed, Seed, Series A; Series B; Seed, Pre-seed, Series A; Seed, Series A; Series A, Seed; Seed, Series A, Series B; Series C+, Pre-seed; Bootstrapped, Pre-seed; Series A, Seed, Series B, Series C+, Bootstrapped; Series B, Series C+; Pre-seed, Bootstrapped; Series A, Series B, Series C+; Series A, Seed, Pre-seed; Irrelevant; Series A, Series B; Series A, Series B, Series C+, Bootstrapped; Series E; Series D; A; N/a; Public; b; Pre seed; B-Extended; C; Consultant; Gently; IPA; N/A (work with Seed stage primarily); Na; Pre-seed -> Series A; Redesign Health; Seed (closed co, now looking for new opportunity); seed through B; Series A-C; Thread Health Inc.; We haven't done a priced round","false","false","false","false","false","false","Reed Marcus","Form (1); Integration (1); Sales view (1)","0.21%","5/27/25 12:41 PM EDT","Salesforce"
"WhatsApp Opt Out/In","whatsapp_opt_in_out","string","WhatsApp Opt Out/In status","contactinformation","true","","false","false","false","false","false","false","Christopher Cooper","","0%","",""
"When was your company founded?","when_was_your_company_founded_","string","","contactinformation","true","","false","false","false","false","false","false","Reed Marcus","Form (1); Integration (1); Sales view (1)","0.07%","1/30/25 12:03 PM EST","Salesforce"
"Which of the following describes you? - Startups","which_of_the_following_describes_you____startups","enumeration","","contactinformation","true","Service Provider, Founder; Founder; Startup Employee; Founder, Startup Employee; Fund Investor; Aspiring Founder; Aspiring Startup Employee, Aspiring Founder; Aspiring Founder, Angel Investor, Fund Investor; Service Provider; Founder, Angel Investor; Founder, Aspiring Founder; Founder, Startup Employee, Service Provider; Angel Investor, Fund Investor; Fund Investor, Aspiring Founder; Founder, Angel Investor, Service Provider; Aspiring Startup Employee; Angel Investor; Aspiring Founder, Startup Employee; Founder, Service Provider; Fund Investor, Angel Investor, Startup Employee; Aspiring Founder, Aspiring Startup Employee; Angel Investor, Founder, Service Provider; Founder, Angel Investor, Fund Investor; Founder, Angel Investor, Startup Employee; Founder, Fund Investor; Founder, Fund Investor, Angel Investor; Fund Investor, Founder; Startup Employee, Founder; Fund Investor, Angel Investor; Angel Investor, Aspiring Founder; Aspiring Founder, Angel Investor; Aspiring Founder, Fund Investor","false","false","false","false","false","false","Reed Marcus","Automation platform flow (1); Sales view (2)","0.09%","",""
"Activated?","won_","enumeration","","contactinformation","true","Yes (true); No (false)","false","false","false","false","false","false","Reed Marcus","Automation platform flow (1)","2.85%","11/23/25 3:43 PM EST","Workflow"
"Would you like our team to reach out for a brief conversation about Rho?","would_you_like_our_team_to_reach_out_for_a_brief_conversation_about_rho_","enumeration","","contactinformation","true","Yes (true); No (false)","false","false","false","false","false","false","Reed Marcus","Form (2); Sales view (7)","0.04%","6/18/25 11:35 PM EDT","Forms"
"SoR Referral Program | Applicant Lead","ycombinator_referral_program___applicant","enumeration","","contactinformation","true","Yes; No","false","false","false","false","false","false","Christopher Cooper","Automation platform flow (1); Sales view (7); Properties v3 card (1)","0.01%","8/26/25 6:13 PM EDT","Workflow"
"SoR Referral Program | Client Check","ycombinator_referral_program___client","enumeration","","contactinformation","true","Yes; No","false","false","false","false","false","false","Christopher Cooper","Automation platform flow (1); Properties v3 card (1)","0.01%","8/26/25 6:14 PM EDT","Workflow"
"Postal Code","zip","string","The contact's zip code. This might be set via import, form, or integration.","contactinformation","true","","false","true","false","false","false","true","HubSpot","Form (7); Automation platform flow (1); Integration (1); Sales view (4)","27.7%","11/23/25 5:04 PM EST","Forms"
"Cumulative time in ""Partner (Lifecycle Stage Pipeline)""","hs_v2_cumulative_time_in_122346888","number","The cumulative time in seconds spent by the contact in the 'Partner' stage, 'Lifecycle Stage Pipeline' pipeline","contactlcs","false","","true","true","false","false","false","true","HubSpot","","0.25%","10/23/25 8:07 PM EDT","HubSpot Calculation"
"Cumulative time in ""Sales Qualified Lead (Lifecycle Stage Pipeline)""","hs_v2_cumulative_time_in_136573598","number","The cumulative time in seconds spent by the contact in the 'Sales Qualified Lead' stage, 'Lifecycle Stage Pipeline' pipeline","contactlcs","false","","true","true","false","false","false","true","HubSpot","","0%","",""
"Cumulative time in ""Sales Accepted Lead (Lifecycle Stage Pipeline)""","hs_v2_cumulative_time_in_140133170","number","The cumulative time in seconds spent by the contact in the 'Sales Accepted Lead' stage, 'Lifecycle Stage Pipeline' pipeline","contactlcs","false","","true","true","false","false","false","true","HubSpot","","0.78%","11/23/25 10:46 AM EST","HubSpot Calculation"
"Cumulative time in ""Sales Prospect (Lifecycle Stage Pipeline)""","hs_v2_cumulative_time_in_87313234","number","The cumulative time in seconds spent by the contact in the 'Sales Prospect' stage, 'Lifecycle Stage Pipeline' pipeline","contactlcs","false","","true","true","false","false","false","true","HubSpot","","40.29%","11/23/25 6:37 PM EST","HubSpot Calculation"
"Cumulative time in ""Inbound Lead (Lifecycle Stage Pipeline)""","hs_v2_cumulative_time_in_88314952","number","The cumulative time in seconds spent by the contact in the 'Inbound Lead' stage, 'Lifecycle Stage Pipeline' pipeline","contactlcs","false","","true","true","false","false","false","true","HubSpot","","12.54%","11/23/25 6:28 PM EST","HubSpot Calculation"
"Cumulative time in ""Marketing Qualified Lead (Lifecycle Stage Pipeline)""","hs_v2_cumulative_time_in_95095142","number","The cumulative time in seconds spent by the contact in the 'Marketing Qualified Lead' stage, 'Lifecycle Stage Pipeline' pipeline","contactlcs","false","","true","true","false","false","false","true","HubSpot","","14.49%","11/23/25 5:11 PM EST","HubSpot Calculation"
"Cumulative time in ""Customer (Lifecycle Stage Pipeline)""","hs_v2_cumulative_time_in_customer","number","The cumulative time in seconds spent by the contact in the 'Customer' stage, 'Lifecycle Stage Pipeline' pipeline","contactlcs","false","","true","true","false","false","false","true","HubSpot","","0.35%","11/21/25 10:57 AM EST","HubSpot Calculation"
"Cumulative time in ""Marketing Lead (Lifecycle Stage Pipeline)""","hs_v2_cumulative_time_in_lead","number","The cumulative time in seconds spent by the contact in the 'Marketing Lead' stage, 'Lifecycle Stage Pipeline' pipeline","contactlcs","false","","true","true","false","false","false","true","HubSpot","","59.45%","11/21/25 4:06 PM EST","HubSpot Calculation"
"Cumulative time in ""Opportunity (Lifecycle Stage Pipeline)""","hs_v2_cumulative_time_in_opportunity","number","The cumulative time in seconds spent by the contact in the 'Opportunity' stage, 'Lifecycle Stage Pipeline' pipeline","contactlcs","false","","true","true","false","false","false","true","HubSpot","","3.12%","11/23/25 6:44 PM EST","HubSpot Calculation"
"Cumulative time in ""Other (Lifecycle Stage Pipeline)""","hs_v2_cumulative_time_in_other","number","The cumulative time in seconds spent by the contact in the 'Other' stage, 'Lifecycle Stage Pipeline' pipeline","contactlcs","false","","true","true","false","false","false","true","HubSpot","","0.01%","8/27/24 3:58 PM EDT","Record Merge"
"Cumulative time in ""Blog Subscriber (Lifecycle Stage Pipeline)""","hs_v2_cumulative_time_in_subscriber","number","The cumulative time in seconds spent by the contact in the 'Blog Subscriber' stage, 'Lifecycle Stage Pipeline' pipeline","contactlcs","false","","true","true","false","false","false","true","HubSpot","","0%","",""
"Date entered ""Partner (Lifecycle Stage Pipeline)""","hs_v2_date_entered_122346888","datetime","The date and time when the contact entered the 'Partner' stage, 'Lifecycle Stage Pipeline' pipeline","contactlcs","false","","true","true","false","false","false","true","HubSpot","Properties v3 card (1)","1.86%","11/23/25 6:37 PM EST","HubSpot Calculation"
"Date entered ""Sales Accepted Lead (Lifecycle Stage Pipeline)""","hs_v2_date_entered_140133170","datetime","The date and time when the contact entered the 'Sales Accepted Lead' stage, 'Lifecycle Stage Pipeline' pipeline","contactlcs","false","","true","true","false","false","false","true","HubSpot","","2.01%","11/23/25 6:44 PM EST","HubSpot Calculation"
"Date entered ""Sales Prospect (Lifecycle Stage Pipeline)""","hs_v2_date_entered_87313234","datetime","The date and time when the contact entered the 'Sales Prospect' stage, 'Lifecycle Stage Pipeline' pipeline","contactlcs","false","","true","true","false","false","false","true","HubSpot","Properties v3 card (1)","93.26%","11/23/25 6:37 PM EST","HubSpot Calculation"
"Date entered ""Inbound Lead (Lifecycle Stage Pipeline)""","hs_v2_date_entered_88314952","datetime","The date and time when the contact entered the 'Inbound Lead' stage, 'Lifecycle Stage Pipeline' pipeline","contactlcs","false","","true","true","false","false","false","true","HubSpot","Properties v3 card (1)","14.2%","11/23/25 6:11 PM EST","HubSpot Calculation"
"Date entered ""Marketing Qualified Lead (Lifecycle Stage Pipeline)""","hs_v2_date_entered_95095142","datetime","The date and time when the contact entered the 'Marketing Qualified Lead' stage, 'Lifecycle Stage Pipeline' pipeline","contactlcs","false","","true","true","false","false","false","true","HubSpot","Properties v3 card (1)","14.95%","11/23/25 5:11 PM EST","HubSpot Calculation"
"Date entered ""Customer (Lifecycle Stage Pipeline)""","hs_v2_date_entered_customer","datetime","The date and time when the contact entered the 'Customer' stage, 'Lifecycle Stage Pipeline' pipeline","contactlcs","false","","true","true","false","false","false","true","HubSpot","Calculated property (1); Sales view (2); Properties v3 card (1)","4.19%","11/23/25 3:43 PM EST","HubSpot Calculation"
"Date entered ""Marketing Lead (Lifecycle Stage Pipeline)""","hs_v2_date_entered_lead","datetime","The date and time when the contact entered the 'Marketing Lead' stage, 'Lifecycle Stage Pipeline' pipeline","contactlcs","false","","true","true","false","false","false","true","HubSpot","Automation platform flow (1); Sales view (1); Properties v3 card (1)","63.5%","11/6/25 3:03 PM EST","HubSpot Calculation"
"Date entered ""Opportunity (Lifecycle Stage Pipeline)""","hs_v2_date_entered_opportunity","datetime","The date and time when the contact entered the 'Opportunity' stage, 'Lifecycle Stage Pipeline' pipeline","contactlcs","false","","true","true","false","false","false","true","HubSpot","Sales view (2); Properties v3 card (1)","12.02%","11/23/25 6:28 PM EST","HubSpot Calculation"
"Date entered ""Other (Lifecycle Stage Pipeline)""","hs_v2_date_entered_other","datetime","The date and time when the contact entered the 'Other' stage, 'Lifecycle Stage Pipeline' pipeline","contactlcs","false","","true","true","false","false","false","true","HubSpot","Properties v3 card (1)","0.25%","11/21/25 10:57 AM EST","HubSpot Calculation"
"Date entered ""Blog Subscriber (Lifecycle Stage Pipeline)""","hs_v2_date_entered_subscriber","datetime","The date and time when the contact entered the 'Blog Subscriber' stage, 'Lifecycle Stage Pipeline' pipeline","contactlcs","false","","true","true","false","false","false","true","HubSpot","Calculated property (1); Properties v3 card (1)","0%","",""
"Date exited ""Partner (Lifecycle Stage Pipeline)""","hs_v2_date_exited_122346888","datetime","The date and time when the contact exited the 'Partner' stage, 'Lifecycle Stage Pipeline' pipeline","contactlcs","false","","true","true","false","false","false","true","HubSpot","","0.25%","10/23/25 8:07 PM EDT","HubSpot Calculation"
"Date exited ""Sales Qualified Lead (Lifecycle Stage Pipeline)""","hs_v2_date_exited_136573598","datetime","The date and time when the contact exited the 'Sales Qualified Lead' stage, 'Lifecycle Stage Pipeline' pipeline","contactlcs","false","","true","true","false","false","false","true","HubSpot","","0%","",""
"Date exited ""Sales Accepted Lead (Lifecycle Stage Pipeline)""","hs_v2_date_exited_140133170","datetime","The date and time when the contact exited the 'Sales Accepted Lead' stage, 'Lifecycle Stage Pipeline' pipeline","contactlcs","false","","true","true","false","false","false","true","HubSpot","","0.78%","11/23/25 10:46 AM EST","HubSpot Calculation"
"Date exited ""Sales Prospect (Lifecycle Stage Pipeline)""","hs_v2_date_exited_87313234","datetime","The date and time when the contact exited the 'Sales Prospect' stage, 'Lifecycle Stage Pipeline' pipeline","contactlcs","false","","true","true","false","false","false","true","HubSpot","","40.24%","11/23/25 6:37 PM EST","HubSpot Calculation"
"Date exited ""Inbound Lead (Lifecycle Stage Pipeline)""","hs_v2_date_exited_88314952","datetime","The date and time when the contact exited the 'Inbound Lead' stage, 'Lifecycle Stage Pipeline' pipeline","contactlcs","false","","true","true","false","false","false","true","HubSpot","","12.53%","11/23/25 6:28 PM EST","HubSpot Calculation"
"Date exited ""Marketing Qualified Lead (Lifecycle Stage Pipeline)""","hs_v2_date_exited_95095142","datetime","The date and time when the contact exited the 'Marketing Qualified Lead' stage, 'Lifecycle Stage Pipeline' pipeline","contactlcs","false","","true","true","false","false","false","true","HubSpot","","14.49%","11/23/25 5:11 PM EST","HubSpot Calculation"
"Date exited ""Customer (Lifecycle Stage Pipeline)""","hs_v2_date_exited_customer","datetime","The date and time when the contact exited the 'Customer' stage, 'Lifecycle Stage Pipeline' pipeline","contactlcs","false","","true","true","false","false","false","true","HubSpot","","0.35%","11/21/25 10:57 AM EST","HubSpot Calculation"
"Date exited ""Marketing Lead (Lifecycle Stage Pipeline)""","hs_v2_date_exited_lead","datetime","The date and time when the contact exited the 'Marketing Lead' stage, 'Lifecycle Stage Pipeline' pipeline","contactlcs","false","","true","true","false","false","false","true","HubSpot","","59.43%","11/21/25 4:06 PM EST","HubSpot Calculation"
"Date exited ""Opportunity (Lifecycle Stage Pipeline)""","hs_v2_date_exited_opportunity","datetime","The date and time when the contact exited the 'Opportunity' stage, 'Lifecycle Stage Pipeline' pipeline","contactlcs","false","","true","true","false","false","false","true","HubSpot","","3.11%","11/23/25 6:44 PM EST","HubSpot Calculation"
"Date exited ""Other (Lifecycle Stage Pipeline)""","hs_v2_date_exited_other","datetime","The date and time when the contact exited the 'Other' stage, 'Lifecycle Stage Pipeline' pipeline","contactlcs","false","","true","true","false","false","false","true","HubSpot","","0.01%","8/27/24 3:26 PM EDT","Record Merge"
"Date exited ""Blog Subscriber (Lifecycle Stage Pipeline)""","hs_v2_date_exited_subscriber","datetime","The date and time when the contact exited the 'Blog Subscriber' stage, 'Lifecycle Stage Pipeline' pipeline","contactlcs","false","","true","true","false","false","false","true","HubSpot","","0%","",""
"Latest time in ""Partner (Lifecycle Stage Pipeline)""","hs_v2_latest_time_in_122346888","number","The total time in seconds spent by the contact in the 'Partner' stage, 'Lifecycle Stage Pipeline' pipeline since it last entered this stage","contactlcs","false","","true","true","false","false","false","true","HubSpot","","0.25%","10/23/25 8:07 PM EDT","HubSpot Calculation"
"Latest time in ""Sales Qualified Lead (Lifecycle Stage Pipeline)""","hs_v2_latest_time_in_136573598","number","The total time in seconds spent by the contact in the 'Sales Qualified Lead' stage, 'Lifecycle Stage Pipeline' pipeline since it last entered this stage","contactlcs","false","","true","true","false","false","false","true","HubSpot","","0%","",""
"Latest time in ""Sales Accepted Lead (Lifecycle Stage Pipeline)""","hs_v2_latest_time_in_140133170","number","The total time in seconds spent by the contact in the 'Sales Accepted Lead' stage, 'Lifecycle Stage Pipeline' pipeline since it last entered this stage","contactlcs","false","","true","true","false","false","false","true","HubSpot","","0.78%","11/23/25 10:46 AM EST","HubSpot Calculation"
"Latest time in ""Sales Prospect (Lifecycle Stage Pipeline)""","hs_v2_latest_time_in_87313234","number","The total time in seconds spent by the contact in the 'Sales Prospect' stage, 'Lifecycle Stage Pipeline' pipeline since it last entered this stage","contactlcs","false","","true","true","false","false","false","true","HubSpot","","40.24%","11/23/25 6:37 PM EST","HubSpot Calculation"
"Latest time in ""Inbound Lead (Lifecycle Stage Pipeline)""","hs_v2_latest_time_in_88314952","number","The total time in seconds spent by the contact in the 'Inbound Lead' stage, 'Lifecycle Stage Pipeline' pipeline since it last entered this stage","contactlcs","false","","true","true","false","false","false","true","HubSpot","","12.53%","11/23/25 6:28 PM EST","HubSpot Calculation"
"Latest time in ""Marketing Qualified Lead (Lifecycle Stage Pipeline)""","hs_v2_latest_time_in_95095142","number","The total time in seconds spent by the contact in the 'Marketing Qualified Lead' stage, 'Lifecycle Stage Pipeline' pipeline since it last entered this stage","contactlcs","false","","true","true","false","false","false","true","HubSpot","","14.49%","11/23/25 5:11 PM EST","HubSpot Calculation"
"Latest time in ""Customer (Lifecycle Stage Pipeline)""","hs_v2_latest_time_in_customer","number","The total time in seconds spent by the contact in the 'Customer' stage, 'Lifecycle Stage Pipeline' pipeline since it last entered this stage","contactlcs","false","","true","true","false","false","false","true","HubSpot","","0.35%","11/21/25 10:57 AM EST","HubSpot Calculation"
"Latest time in ""Marketing Lead (Lifecycle Stage Pipeline)""","hs_v2_latest_time_in_lead","number","The total time in seconds spent by the contact in the 'Marketing Lead' stage, 'Lifecycle Stage Pipeline' pipeline since it last entered this stage","contactlcs","false","","true","true","false","false","false","true","HubSpot","","59.43%","11/21/25 4:06 PM EST","HubSpot Calculation"
"Latest time in ""Opportunity (Lifecycle Stage Pipeline)""","hs_v2_latest_time_in_opportunity","number","The total time in seconds spent by the contact in the 'Opportunity' stage, 'Lifecycle Stage Pipeline' pipeline since it last entered this stage","contactlcs","false","","true","true","false","false","false","true","HubSpot","","3.11%","11/23/25 6:44 PM EST","HubSpot Calculation"
"Latest time in ""Other (Lifecycle Stage Pipeline)""","hs_v2_latest_time_in_other","number","The total time in seconds spent by the contact in the 'Other' stage, 'Lifecycle Stage Pipeline' pipeline since it last entered this stage","contactlcs","false","","true","true","false","false","false","true","HubSpot","","0.01%","8/27/24 3:26 PM EDT","Record Merge"
"Latest time in ""Blog Subscriber (Lifecycle Stage Pipeline)""","hs_v2_latest_time_in_subscriber","number","The total time in seconds spent by the contact in the 'Blog Subscriber' stage, 'Lifecycle Stage Pipeline' pipeline since it last entered this stage","contactlcs","false","","true","true","false","false","false","true","HubSpot","","0%","",""
"Full Name | DataOps","full_name__daops","string","","contactscripted","false","","true","false","true","false","false","false","Christopher Cooper","Automation platform flow (2)","0.45%","11/23/25 4:39 PM EST","HubSpot Calculation"
"Member has accessed private content","hs_membership_has_accessed_private_content","number","1 if a member has accessed any private content, 0 or null if not","contactscripted","false","","true","true","true","false","false","true","HubSpot","","17.89%","11/23/25 6:37 PM EST","HubSpot Calculation"
"Registered member","hs_registered_member","number","Whether or not a contact is registered","contactscripted","false","","true","true","true","false","false","true","HubSpot","","99.99%","11/23/25 6:37 PM EST","HubSpot Calculation"
"Application Status","application_status","string","","conversioninformation","true","","false","false","false","false","false","false","Unknown user","Form (1); Report (3); Integration (1); Sales view (3); Properties v3 card (1)","3.49%","11/23/25 5:38 PM EST","Forms"
"BM CA Date","bm_ca_date","date","","conversioninformation","true","","false","false","false","false","false","false","Reed Marcus","Automation platform flow (1); Sales view (3)","0%","9/20/24 2:59 PM EDT","Workflow"
"BM CL Date","bm_cl_date","date","","conversioninformation","true","","false","false","false","false","false","false","Reed Marcus","Automation platform flow (1)","0.03%","4/28/25 12:54 PM EDT","Workflow"
"BM UPA Date","bm_upa_date","date","","conversioninformation","true","","false","false","false","false","false","false","Reed Marcus","Automation platform flow (1); Sales view (3)","0.03%","4/27/25 7:23 AM EDT","Workflow"
"BM VP Date","bm_vp_date","date","","conversioninformation","true","","false","false","false","false","false","false","Reed Marcus","Automation platform flow (1); Sales view (3)","0.02%","4/27/25 7:41 AM EDT","Workflow"
"~ Business Structure","business_structure","string","","conversioninformation","true","","false","false","false","false","false","false","Reed Marcus","Form (1); Automation platform flow (1); Report (1); Integration (1); Sales view (47); Properties v3 card (2)","3.37%","11/23/25 5:38 PM EST","Forms"
"Create Opportunity?","create_opportunity_","enumeration","","conversioninformation","true","Yes; No","false","false","false","false","false","false","Katarina Lazic","Automation platform flow (1); Integration (1); Sales view (2)","14.72%","11/23/25 6:37 PM EST","Integration"
"Form Details","form_details","string","","conversioninformation","true","","false","false","false","false","false","false","Christopher Cooper","Form (5); Sales view (4)","0%","",""
"Facebook click id","hs_facebook_click_id","string","","conversioninformation","false","","false","true","false","false","false","true","HubSpot","Automation platform flow (1); Sales view (7)","0.05%","11/18/25 10:33 AM EST","Ads"
"Google ad click id","hs_google_click_id","string","","conversioninformation","false","","false","true","false","false","false","true","HubSpot","Inbounddb lists (1); Automation platform flow (1); Integration (1); Sales view (16); Properties v3 card (1)","1.4%","11/23/25 5:32 PM EST","Ads"
"IP Timezone","hs_ip_timezone","string","The timezone reported by a contact's IP address. This is automatically set by HubSpot and can be used for segmentation and reporting.","conversioninformation","false","","true","true","false","false","false","true","HubSpot","","14.22%","11/23/25 6:11 PM EST","IP Address Location"
"Influenced Inbound Channel","influenced_inbound_channel","enumeration","","conversioninformation","true","Direct (Main Website); Linkedin Ads; Google Ads; Facebook Ads; Gusto; Proxima; NAHB; Niural; CFMA; EPG; Construction LP (Construction); Morning Brew (Morning Brew LP); SaasCFO; CFO Dive; Capital XYZ; Youtube Ads; Youtube Organic; Linkedin Organic; Affiliates; Twitter Organic; Facebook Organic; Twitter Ads; Bing Ads; Email Campaigns; Google Search; Bing Search; Web Widget; Instagram Organic; Offline; Press; Zendesk; IEC; capchase; TaxTaker","false","false","false","false","false","false","Reed Marcus","Automation platform flow (1); Properties v3 card (1)","0.14%","11/21/25 8:04 PM EST","Workflow"
"IP City","ip_city","string","The city reported by a contact's IP address. This is automatically set by HubSpot and can be used for segmentation and reporting.","conversioninformation","false","","true","true","false","false","false","true","HubSpot","Inbounddb lists (1); Automation platform flow (3); Sales view (8)","11.68%","11/23/25 6:11 PM EST","IP Address Location"
"IP Country","ip_country","string","The country reported by a contact's IP address. This is automatically set by HubSpot and can be used for segmentation and reporting.","conversioninformation","false","","true","true","false","false","false","true","HubSpot","Automation platform flow (2); Sales view (17); Properties v3 card (2)","14.22%","11/23/25 6:11 PM EST","IP Address Location"
"IP Country Code","ip_country_code","string","The country code reported by a contact's IP address. This is automatically set by HubSpot and can be used for segmentation and reporting.","conversioninformation","false","","true","true","false","false","false","true","HubSpot","Sales view (2)","14.22%","11/23/25 6:11 PM EST","IP Address Location"
"IP State/Region","ip_state","string","The state or region reported by a contact's IP address. This is automatically set by HubSpot and can be used for segmentation and reporting.","conversioninformation","false","","true","true","false","false","false","true","HubSpot","Automation platform flow (1); Report (1); Sales view (11)","13.9%","11/23/25 6:11 PM EST","IP Address Location"
"IP State Code/Region Code","ip_state_code","string","The state code or region code reported by a contact's IP address. This is automatically set by HubSpot and can be used for segmentation and reporting.","conversioninformation","false","","true","true","false","false","false","true","HubSpot","Automation platform flow (3); Sales view (1)","13.89%","11/23/25 6:11 PM EST","IP Address Location"
"Number of Form Submissions","num_conversion_events","number","The number of forms this contact has submitted","conversioninformation","false","","true","true","true","false","false","true","HubSpot","Calculated property (2); Inbounddb lists (2); Automation platform flow (2); Sales view (4); Properties v3 card (1)","100%","11/23/25 6:37 PM EST","HubSpot Calculation"
"Number of Unique Forms Submitted","num_unique_conversion_events","number","The number of different forms this contact has submitted","conversioninformation","false","","true","true","true","false","false","true","HubSpot","Automation platform flow (1); Sales view (9)","100%","11/23/25 6:37 PM EST","HubSpot Calculation"
"Pre-qualification Outcome","pre_qualification_outcome","string","","conversioninformation","true","","false","false","false","false","false","false","Reed Marcus","Form (1); Inbounddb lists (1); Automation platform flow (7); Report (3); Integration (1); Sales view (45); Properties v3 card (1)","3.02%","11/23/25 5:04 PM EST","Forms"
"Recent Conversion Date","recent_conversion_date","datetime","The date this contact last submitted a form","conversioninformation","false","","true","true","true","false","false","true","HubSpot","Inbounddb lists (1); Automation platform flow (5); Report (2); Sales view (89); Properties v3 card (1)","7.32%","11/23/25 6:11 PM EST","HubSpot Calculation"
"Recent Conversion","recent_conversion_event_name","string","The last form this contact submitted","conversioninformation","false","","true","true","true","false","false","true","HubSpot","Inbounddb lists (3); Automation platform flow (9); Integration (1); Sales view (132); Properties v3 card (1)","7.32%","11/23/25 6:11 PM EST","HubSpot Calculation"
"~ Source of Funds","source_of_funds","string","","conversioninformation","true","","false","false","false","false","false","false","Reed Marcus","Form (1); Automation platform flow (4); Report (5); Integration (1); Sales view (57); Properties v3 card (2)","3.32%","11/23/25 5:38 PM EST","Forms"
"Submission Page","submission_page","string","","conversioninformation","true","","false","false","false","false","false","false","Christopher Cooper","Form (13); Inbounddb lists (3); Automation platform flow (2); Report (2); Sales view (14); Properties v3 card (2)","0.47%","11/23/25 2:12 PM EST","Forms"
"Where did you hear about us?","where_did_you_hear_about_us_","string","Open-text field to add to forms for us to capture demand","conversioninformation","true","","false","false","false","false","false","false","Unknown user","","0%","",""
"Client Approved?","client_approved_","enumeration","","deal_information","true","Yes (true); No (false)","false","false","false","false","false","false","Reed Marcus","Automation platform flow (1); Sales view (2)","2.17%","11/23/25 6:44 PM EST","Workflow"
"Close Date","closedate","datetime","Date the  contact  became  a  customer. Set automatically when a deal or opportunity is marked as closed-won. It can also be set manually or programmatically.","deal_information","false","","false","true","false","false","false","true","HubSpot","","4.21%","11/23/25 3:43 PM EST","Salesforce"
"Company Linkedin","company_linkedin","string","","deal_information","true","","false","false","false","false","false","false","Christopher Cooper","","0.35%","6/24/25 8:16 AM EDT","Import"
"Company_Owner","company_owner_","enumeration","","deal_information","false","","true","false","true","true","false","false","Reed Marcus","Sales view (7)","91.12%","11/23/25 6:37 PM EST","HubSpot Calculation"
"Days To Close","days_to_close","number","Count of days elapsed between creation and being closed as a customer. Set automatically.","deal_information","false","","true","true","true","false","false","true","HubSpot","","3.86%","11/23/25 3:43 PM EST","HubSpot Calculation"
"Deal - Event","deal___event","enumeration","","deal_information","false","9/22 - Assembled Brands HH; 9/22 - SF Founder Dinner; 9/22 - Tropic Happy Hour; 10/22 - AFP Conference; 10/22 - Burkland VC Breakfast; 10/22 - Canvas Ventures VC Dinner; 11/22 - Left Lane VC Dinner; 12/22 - Burkland VC Breakfast; 12/22 - Escalon Holiday Party; 2/23 - Powwow Business Expo; 1/23 - CFO Focus; 2/23 - Saas Solutions Showcase; 6/23 - The CFO Leadership Conference East; 7/23 - CFMA Conference [HIDDEN]; 9/25 CFO Leadership West [HIDDEN]; 10/4- 21st Century Building Expo & Conference [HIDDEN]; 11/6 - ACG Middle Market Week [HIDDEN]; 1/23 - PEI New York CFO event [HIDDEN]; 10/2 - CFOLC West; 11/13 - Primary Ventures On the Business Mastery Day for Women in SaaS; 11/29 - Rho/TGV; Dealmax ACG 2024; Rho Banks NYC; IBS Event [HIDDEN]; NY Tech Week 2024 [HIDDEN]; Engage 2024 [HIDDEN]; Haven Happy Hour 6/20/24 [HIDDEN]; Hamptons House Weekend 2024 [HIDDEN]; NYC Coffee Chats July 2024 [HIDDEN]; Rho NYC Founder Breakfast July 2024 [HIDDEN]; 7/24/24 - LC Founder Lunch [HIDDEN]; 8/1/24 - Founder Fundraising Social [HIDDEN]; 8/1/24 - August Checkwriters [HIDDEN]; Bridging The Gap 2024 [HIDDEN]; Oceans Summer Soiree [HIDDEN]; 8/15/24 - August Founder & Investor Breakfast [HIDDEN]; 8/15/24 - B2C Dinner [HIDDEN]; 7/25/24 - Tech Breakfast [HIDDEN]; 8/23 Tech Breakfast Social [HIDDEN]; 8/29/24 Private Business Dinner [HIDDEN]; 9/5/24 Rho x Nucleus Dinner [HIDDEN]; 9/24 Rho Lounge [HIDDEN]; 9/19/24 - NextNYC Coffee Meetup [HIDDEN]; 9/13/24 - Primary Wellness [HIDDEN]; 9/11/24 - Primary Pre-seed Summit [HIDDEN]; 9/25/24 - South Park Common Dinner [HIDDEN]; 9/27/24 - Founder/Investor breakfast [HIDDEN]; 9/26/24 - Techstars HH [HIDDEN]; 9/25/24 - Yankees Game [HIDDEN]; 9/18/24 - Block Haus [HIDDEN]; 9/25/24 - Thrive [HIDDEN]; 10/3/24 - Reverse VC Night [HIDDEN]; 10/8/24 - Lunch and Learn w/Andy [HIDDEN]; 9/19/24 - ERA Happy Hour [HIDDEN]; 10/8/24 - Founder Roundtable [HIDDEN]; 9/26/24 - Series A Founder Lunch [HIDDEN]; 9/4/24 - Inside Antler [HIDDEN]; 9/20/24 - Tech breakfast social [HIDDEN]; 9/24/24 - Climate Week Founder Dinner [HIDDEN]; 9/18/24 - Hot 100 AI Conference [HIDDEN]; 10/10/24 - Inside Naya [HIDDEN]; 10/9/24 - Lynx Founder Dinner [HIDDEN]; 10/15/24 - How to Ask Event [HIDDEN]; 10/15/24 - Lynx Startup Summit [HIDDEN]; 10/16/24 - Lowenstein Dinner [HIDDEN]; 10/17/24 - Lynx Female Founder Event [HIDDEN]; 10/15/24 - Oceans Dinner [HIDDEN]; 10/15/24 - Lynx Summit Reception [HIDDEN]; 10/17/24 - NextNYC Coffee Meetups [HIDDEN]; 10/21/24 - Antler Humming Puppy Event [HIDDEN]; 10/16/24 - Geek VC event [HIDDEN]; 10/23/24 - Niural Finance Dinner [HIDDEN]; 10/23/24 - Checkwriters event [HIDDEN]; 10/23/24 - Antler Austin Dinner [HIDDEN]; 10/28/24 - Intuit Connect [HIDDEN]; 10/27/24 - AF Fund Dinner [HIDDEN]; 10/29/24 - Fundraising Pitch Deck Workshop Lynx [HIDDEN]; 10/24/24 - October to Remember Gala [HIDDEN]; 10/29/24 - Inside Harlem Capital Lynx [HIDDEN]; 11/5/24 - Fintech Fireside w/ Precursor Ventures [HIDDEN]; 10/30/24 - Harvard Founders Dinner [HIDDEN]; 10/29/24 - FATE Happy Hour [HIDDEN]; 11/6/24 - Makis and Martinis [HIDDEN]; 11/6/24 - B2B Founders Fundraising Dinner (Lynx) [HIDDEN]; 10/28/24 - AFA Summit [HIDDEN]; 11/12/24 - Inside Greycroft (Lynx) [HIDDEN]; 11/14/24 - Fondo Dinner [HIDDEN]; 12/3/24 - AI Founder and Operator Breakfast [HIDDEN]; 12/10/24 - AY Holiday Tech Breakfast [HIDDEN]; 12/10/24 - Rho x Nucleus Othership Event [HIDDEN]; 12/11/24 - Rho x AY Othership Event [HIDDEN]; 12/9/24 - DCPA Bowling Social [HIDDEN]; 12/12/24 - Inside Primary Ventures (Lynx) [HIDDEN]; 11/18/24 - Inside Venture Collective (Lynx) [HIDDEN]; 12/14/24 - Exceptional Capital Demo Day [HIDDEN]; 1/10/25 - SF 529 YC Party [HIDDEN]; 1/7/25 - Inside: Forum Ventures (Lynx) [HIDDEN]; 12/5/24 - Fondo Fly Fish Event [HIDDEN]; 12/12/24 - Lvl Up Holiday Party [HIDDEN]; 1/9/25 - Katya Kohen Lunch [HIDDEN]; 1/15/25 - NY Lynx Mixer [HIDDEN]; 1/9/25 - NY Morning Yoga W/ Shanti House [HIDDEN]; 1/18/25 - SF Founder Walk [HIDDEN]; 1/22/25 - SF Afore Mixer [HIDDEN]; 7/22/24 - Othership SPC session; 9/17/24 - AI Founder Social; 10/11/24 - AI Digital Twins event; 11/20/24 - LC NYC AI Night; 11/21/24 - SuperMomos founder breakfast; 11/13/24 - SaaS vs AI Betaworks/Autoplay; 11/21/24 - Bridge VC Dinner; 12/3/24 - Inside J2 (Lynx); 12/4/24 - VCBM x Carta x Rho Dinner; 12/10/24 - DCPA Private Dinner; 12/18/24 - 186 Ventures Dinner; 12/19/24 - Resident Lunch; 12/12/24 - Furey Dinner; 1/9/25 - NY Whisky Tasting with Firstmark; 1/15/25 - NY Rho x MS Event; 1/17/25 - Katya Kohen Lunch; 1/26/25 - NY AY Othership Event [HIDDEN]; 1/23/25 - SF AI Agent SignalFire dinner [HIDDEN]; 1/29/25 - NY Accountant Wellness Othership [HIDDEN]; 1/27/25 - SF District event [HIDDEN]; 1/28/25 - NY AY Platinum Party [HIDDEN]; 1/29/25 - NY Founders and Funders Casino Night [HIDDEN]; 2/10/25 - SF Fondo Dinner [HIDDEN]; 2/6/25 - SF Pizza and Poker Night with Afore [HIDDEN]; 2/7/25 - SF Socap.ai Founder Dinner [HIDDEN]; 2/5/25 - NY VC Winter Gathering Lynx [HIDDEN]; 2/11/25 - SF Murray Private VC/Dinner for 10 [HIDDEN]; 2/5/25 - SF AI Founder and VC Networking [HIDDEN]; 2/12/25 - NY Harvard Business Dinner [HIDDEN]; 2/18/25 - NY Future of AI Dinner w/ AY [HIDDEN]; 2/17/25 - SF Parallel Dinner [HIDDEN]; 2/19/25 - NY Consumer Builders Dinner w/Z [HIDDEN]; 2/24/25 - NY Parallel Dinner [HIDDEN]; 2/20/25 - SF Founders Poker Night Hosted by Rho & Embra [HIDDEN]; 2/21/25 - SF Private Founder Michelin Star Dinner [HIDDEN]; 2/12/25 - NY Tacos and Term Sheets Lunch (Lynx) [HIDDEN]; 2/28/25 - SF Fintech Investors & Founders Dinner [HIDDEN]; 2/26/25 - NY B3B Founders & Investors Lunch (Lynx) [HIDDEN]; 2/28/25 - NY Founder Breakfast Club (AY x Rho) [HIDDEN]; 2/25/25 - SF Tuerpentine Happy Hour [HIDDEN]; 2/27/25 - NY Wellness Event for Founders (Shanti House) [HIDDEN]; 3/5/25 - NY March NYC Founders/Investors Lunch (Lynx) [HIDDEN]; 1/31/25 - NY AY Founder Breakfast Club [HIDDEN]; 3/25 - SXSW [HIDDEN]; 3/6/25 - Austin Private Founder Michelin Star Dinner (Pre-SXSW) [HIDDEN]; 3/6/25 - SF MOSA Dinner [HIDDEN]; 3/9/25 - SF Founder Paintball [HIDDEN]; 3/6/25 - Austin SxSW Happy Hour Kickoff - by Rho, Navan & A/F Fund [HIDDEN]; 3/4/25 - NY Veridical/Punch Financial/Rho Dinner [HIDDEN]; 3/10/25 - SF Dropout Founder Dinner [HIDDEN]; 3/11/25 - Austin SXSW Rooftop Tech Mixer [HIDDEN]; 3/11/25 - SF Dinner Series: Early Stage Dinner w/OG [HIDDEN]; 3/14/25 - Austin Rho x Parallel Founder Poker & Pizza Night SXSW [HIDDEN]; 3/15/25 - SF Founder Paintball [HIDDEN]; 3/4/25 - NY CheckWriters event with NextNYC [HIDDEN]; 3/17/25 - NY The Future of AI in Marketing Dinner [HIDDEN]; 3/19/25 - NY Early Stage Founders Drinks and Bites (Torch/Equal) [HIDDEN]; 3/8/25 - Austin Mozi SXSW [HIDDEN]; 3/19/25 - SF AI CRM EF Panel [HIDDEN]; 3/14/25 - SF YC Founder Happy Hour [HIDDEN]; 3/17/25 - SF Founder Pizza Night [HIDDEN]; 3/20/25 - NY Coffee Meetup NextNYC [HIDDEN]; 3/20/25 - NY Book Talk and Reception [HIDDEN]; 3/21/25 - NY Founder Breakfast with AY [HIDDEN]; 3/24/25 - NY PNP Cohort Dinner [HIDDEN]; 3/26/25 - NY Early Stage Builders Dinner (Comma VC & Lit VC) [HIDDEN]; 3/26/25 - NY Nucleus Dinner [HIDDEN]; 3/11/25 - Austin AI Coworking @ Antler ATX during SXSW [HIDDEN]; 3/26/25 - NY All In: Founder & Investor Poker Night (Lynx) [HIDDEN]; 3/20/25 - SF Puzzle Gathering Event [HIDDEN]; 3/27/25 - SF Hardware Nation Hibachi Night [HIDDEN]; 2/26/25 - SF YC Founder Dinner [HIDDEN]; 3/8/25 - SF Padel Event [HIDDEN]; 4/1/25 - NY How I raised my Seed with NextNYC [HIDDEN]; 4/1/25 - NY Poker Night with AY [HIDDEN]; 4/1/25 - SF Founder Poker Night [HIDDEN]; 4/3/25 - NY Industry Drinks (Blackrock, TGV, Escalon) [HIDDEN]; 4/2/25 - NY Miss EmpowHer x Rho Private Dinner [HIDDEN]; 1/22/25 - NY Alumni Ventures Event [HIDDEN]; 4/3/25 - SF Precursor Happy Hour [HIDDEN]; 4/2/25 - SF Inception Studio Dinner [HIDDEN]; 3/26/25 - SF Longevity Dinner [HIDDEN]; 4/8/25 - SF Founder TopGolf Event [HIDDEN]; 4/8/25 - SF Evening at Home Founder Dinner [HIDDEN]; 4/9/25 - Boston Founder Dinner (Link Ventures) [HIDDEN]; 4/8/25 - Boston Link Ventures Lunch and Learn [HIDDEN]; 3/4/25 - SF Founder Poker Night [HIDDEN]; 4/9/25 - SF CMU Happy Hour [HIDDEN]; 4/11/25 - SF Savant Dinner [HIDDEN]; 4/10/25 - SF Puzzle Dinner [HIDDEN]; 2/27/25 - SF Menlo Ventures Poker Night [HIDDEN]; 4/11/25 - SF District Poker Night [HIDDEN]; 3/11/25 - LV HumanX Dinner [HIDDEN]; 4/2/25 - NY Consumer Tech Founders & Investors Lunch (Lynx) [HIDDEN]; 4/3/25 - SF SPC x Together AI Dinner [HIDDEN]; 3/25/25 - LA Just Go Grind Podcast [HIDDEN]; 4/16/25 - NY Span Ventures: a Monthly Dinner: Early Entrepreneurs and Investors [HIDDEN]; 4/16/25 - SF Signal Fire Poker Night [HIDDEN]; 4/15/25 - NY Dream Ventures Welcome Gathering W/Rho [HIDDEN]; 4/2/25 - SF SPC Poker Night [HIDDEN]; 4/16/25 - NY Valli Ventures Founders Supper Society [HIDDEN]; 4/22/25 - NY (Lynx) Connect & Capitalize Mixer [HIDDEN]; 4/10/25 - NY Founder and Funder Wine Tasting w/640 Oxford [HIDDEN]; 4/17/25 - Boston Early Stage Founder Dinner (MGMT) [HIDDEN]; 3/4/25 - NY Interplay x Rho Dinner [HIDDEN]; 4/17/25 - SF SPC Graduation Happy Hour [HIDDEN]; 4/23/25 - NY Consumer App Dinner [HIDDEN]; 4/22/25 - SF Founder Spring Social Event [HIDDEN]; 3/31/25 - SF Afore Founder Showcase [HIDDEN]; 4/23/25 - SF Vertical AI Happy Hour [HIDDEN]; 4/14/25 - NY Dinner & Drinks: Founders & Friends [HIDDEN]; 4/30/25 - SF Test 2 [HIDDEN]; 3/7/25 - Austin SXSW Last Call Event [HIDDEN]; 4/3/25 - NY Antler Dinner [HIDDEN]; 4/29/25 - SF YC Poker Night [HIDDEN]; 4/23/25 - NY Rho x NVIDIA | AI Founder & Investor Dinner [HIDDEN]; 5/1/25 - SF Supermomos Breakfast [HIDDEN]; 5/1/25 - SF Founders in Stealth [HIDDEN]; 5/2/25 - SF Vently Happy Hour [HIDDEN]; 5/6/25 - SF Stripe Sessions After Party [HIDDEN]; 5/2/25 - NY Coconut VC - Highline Dinner [HIDDEN]; 5/7/25 - NY Founders and Models Event [HIDDEN]; 5/8/25 - NY After Hours Cafe w/ Verci [HIDDEN]; 5/7/25 - NY FirstHand VC & Fidelity AI Dinner [HIDDEN]; 5/1/25 - SF Menlo + Neon Poker Night [HIDDEN]; 5/8/25 - SF Inception Dinner [HIDDEN]; 5/8/25 - Boston Startup Dinner [HIDDEN]; 5/11/25 - SF Founder Friends [HIDDEN]; 5/12/25 - NY Rho x Stage 2 Shuffle Event [HIDDEN]; 5/5/25 - SF Kindred Ventures Retreat [HIDDEN]; 5/8/25 - NY Steer Event [HIDDEN]; 5/18/25 - SF Off Chart Boat Day [HIDDEN]; 5/7/25 - NY Angel Hive x Rho Founder's Dinner [HIDDEN]; 5/20/25 - NY YC Founder Dinner w/Contour [HIDDEN]; 5/15/25 - SF Canadians in Tech [HIDDEN]; 5/16/25 - SF Founder Shabbat [HIDDEN]; 5/22/25 - NY Sip and Network W/ Rings AI [HIDDEN]; 5/22/25 - Boston Cambridge Catalyst Dinner [HIDDEN]; 5/23/25 - SF Paraform Pingpong Event [HIDDEN]; 5/21/25 - SF (Attending) Inception Studio Demo Day [HIDDEN]; 5/27/25 - NY Annual Alumni Ventures NYC CEO Dinner [HIDDEN]; 4/23/25 - NY Founder Breakfast (AY x GV x Rho) [HIDDEN]; 5/28/25 - NY Early-Stage Founder Dinner [Hosted by Rho & Nodes] [HIDDEN]; 4/25/25 - NY Accountant 2 Movie Screening [HIDDEN]; 5/29/25 - NY Founders Dinner w/Rho & Puzzle [HIDDEN]; 5/31/25 - SF DepthVC + Menlo Founder/VC Brunch [HIDDEN]; 5/29/25 - SF OddBird VC Vertical AI Dinner [HIDDEN]; 6/3/25 - NY Bytes and Bites [Stage 2] [HIDDEN]; 6/3/25 - NY NYTW VC/Founder Coffee Meetups [HIDDEN]; 6/3/25 - SF Obvious Ventures Dinner [HIDDEN]; 5/22/25 - SF Signal Fire, OpenAI, Langflow Trivia [HIDDEN]; 4/23/25 - NY Windmill x Rho Founder Dinner [HIDDEN]; 6/4/25 - NY NYTW VC/Founder Coffee Meetups [HIDDEN]; 6/4/25 - SF B2B Founder Poker Night [HIDDEN]; 6/2/25 - NY Consumer AI Breakfast Lightspeed Venture Partners, SPC and Rho [HIDDEN]; 6/5/25 - SF Afore Capital TopGolf [HIDDEN]; 6/6/25 - NY Rho Box at Yankee vs. Red Sox #NYTechWeek [HIDDEN]; 5/30/25 - SF Beatoven Event [HIDDEN]; 6/4/25 - SF Early Stage Founder Mixer [HIDDEN]; 6/11/25 - SF E14 Dinner [HIDDEN]; 5/3/25 - SF Founder Plunge Party [HIDDEN]; 6/4/25 - NY MIT/Harvard Founder NYTW Event [HIDDEN]; 6/12/25 - SF x25 Post Demo Day Detox [HIDDEN]; 5/20/25 - SF Climate Hardware Tech Mixer [HIDDEN]; 6/12/25 - SF GRIT Conference [HIDDEN]; 6/16/25 - NY Pre-Seed/Seed Founder Dinner - Truffle Pig x Rho [HIDDEN]; 6/18/25 - SF Valli Ventures Launch [HIDDEN]; 6/18/25 - SF Apollo Founder Dinner [HIDDEN]; 6/19/25 - SF Persian Founder VC Event [HIDDEN]; 6/21/25 - SF Quille Yacht Party [HIDDEN]; 6/26/25 - NY Founder Breakfast (Hosted by Andrew x Rho) [HIDDEN]; 6/25/25 - SF CRED Poker + Dinner [HIDDEN]; 6/25/25 - SF Art + Design Mixer w/ Capital F and True Ventures [HIDDEN]; 6/11/25 - NY Fizz x Rho x VSC - Consumer Tech is Dead Dinner [HIDDEN]; 4/30/25 - NY Harvard Business Dinner [HIDDEN]; 6/20/25 - SF Pioneer Fund Celebration [HIDDEN]; 7/1/25 - SF Canada Day BBQ [HIDDEN]; 6/27/25 - SF s25 Pre Batch Ping Pong Night [HIDDEN]; 6/10/25 - SF Healthcare Founder Dinner with Susa Ventures [HIDDEN]; 7/1/25 - NY Founder Dinner [Hosted by Rho x FoundHer House] [HIDDEN]; 6/26/25 - NY Rho x Workhouse Founder Happy Hour [HIDDEN]; 7/10/25 - SF AI Founders GTM Dinner [HIDDEN]; 7/11/25 - SF Rho x Delve Pingpong Event [HIDDEN]; 6/5/25 - NY VC/Founder Meetups NYTW [HIDDEN]; 7/16/25 - NY Movi Dinner [HIDDEN]; 7/17/25 - SF Rep Event: Suds Dinner [HIDDEN]; 7/16/25 - SF DepthVC B2B Founder Dinner [HIDDEN]; 7/17/25 - SF Greylock x Afore Founder Dinner [HIDDEN]; 7/22/25 - NY Bouquet Making + Pastry Night with Founders [HIDDEN]; 7/22/25 - NY Let's Break Bread Dinner [Hosted by Span VC] [HIDDEN]; 7/22/25 - SF InnoCrew Robotics + Hardware Founder Dinner [HIDDEN]; 7/16/25 - SF Rep Event: Founder Dinner with Tannagram x Rho [HIDDEN]; 6/28/25 - SF Rally with Rho [HIDDEN]; 7/22/25 - SF AI Founder Dinner @1097 [HIDDEN]; 7/15/25 - Boston Summer founder gathering hosted by Rho and Pillar VC [HIDDEN]; 7/23/25 - SF J2VP Founder Mixer [HIDDEN]; 6/30/25 - NY Startup CPG Dinner [HIDDEN]; 7/23/25 - NY Founder Dinner [Hosted by Rho, Afore Capital, & Primary Ventures] [HIDDEN]; 2/19/25 - NY Flybridge Panel [HIDDEN]; 7/23/25 - SF Antler Founder Dinner [HIDDEN]; 7/16/25 - NY Founder Breakfast Hosted by B_rderless [HIDDEN]; 6/25/25 - NY Checkwriters Event with NextNYC [HIDDEN]; 7/24/25 - SF UMich Alumni Dinner [HIDDEN]; 7/24/25 - SF Bee Partners x Defy VC Founder Dinner [HIDDEN]; 7/25/25 - NY Supermomos Private Founders Breakfast [HIDDEN]; 7/24/25 - NY InnoCrew Breakfast for Founders [HIDDEN]; 7/22/25 - SF Eragon AI Poker Night [HIDDEN]; 7/23/25 - SF Movi Partner Dinner [HIDDEN]; 7/28/25 - SF EF Summer Social Event [HIDDEN]; 6/25/25 - SF SCALE Sales Motion Event [HIDDEN]; 7/30/25 - SF Rep Event: Madrona VC Event [HIDDEN]; 7/29/25 - NY Emerging Managers + Founders: Amalfi Rooftop Cocktail Hour [HIDDEN]; 7/30/25 - SF MIT/Harvard Link Ventures Dinner [HIDDEN]; 7/29/25 - NY Founder Dinner Series w/ Coeus Collective [HIDDEN]; 7/25/25 - SF Rho House Send Off [HIDDEN]; 5/20/25 - San Diego Firm Growth Forum 2025 [HIDDEN]; 5/4/25 - LV BDO Evolve [HIDDEN]; 7/31/25 - SF Grace Gong x Rho SF Founders & VC dinner [HIDDEN]; 7/30/25 - SF Rep Dinner Revyl x Rho [HIDDEN]; 2/28/25 - NY Friday Founder Happy Hour [HIDDEN]; 8/6/25 - NY Gen AI Happy Hour [Hosted by Rho] [HIDDEN]; 7/31/25 - SF Supermomos Founders Breakfast [HIDDEN]; 7/24/25 - NY Fintech Dinner [hosted by Blox] [HIDDEN]; 8/6/25 - SF Unusual Ventures Dinner [HIDDEN]; 8/7/25 - NY Deep Tech Founder Dinner [Hosted by Rho x HAUS] [HIDDEN]; 5/7/25 - SF Eclipse Dinner [HIDDEN]; 4/29/25 - NY New AI Frontiers & A Hacker Night (Company Ventures) [HIDDEN]; 8/6/25 - Boston Pillar x Rho Red Sox Box [HIDDEN]; 8/7/25 - SF 125th Hardware Meet Up [HIDDEN]; 7/28/25 - NY Founder Wellness: take the plunge with the collective [HIDDEN]; 8/8/25 - SF Entelligence Launch [HIDDEN]; 8/7/25 - NY Early-Stage Poolside Founder Event [Hosted by Rho & Charge VC] [HIDDEN]; 1/21/25 - SF FIF Collective Events San Francisco [HIDDEN]; 8/8/25 - NY Founder Breakfast Club (Hosted by Andrew x Rho) [HIDDEN]; 8/13/25 - NY The Million Dollar Mixer [Hosted by Rho x NYC B2B x Afino] [HIDDEN]; 8/13/25 - SF The Drop In: Supper Club [HIDDEN]; 8/13/25 - SF Afore Hours [HIDDEN]; 8/14/25 - SF InnoCrew Founder Dinner [HIDDEN]; 8/6/25 - SF The General Party [HIDDEN]; 7/29/25 - SF Rep Dinner: Prompting Co [HIDDEN]; 8/13/25 - NY N(YC) Founder Happy Hour [HIDDEN]; 8/13/25 - NY Founders & Models #2 [HIDDEN]; 8/19/25 - NY AI Founders Supper Club (Hosted by The AI Furnace) [HIDDEN]; 8/19/25 - NY Founder Dinner [Hosted by BVP, Afore & Rho] [HIDDEN]; 7/31/25 - SF E14 Founder BBQ [HIDDEN]; 8/14/25 - SF The Drop Panel [HIDDEN]; 8/20/25 - LA Speedrun x Rho Event [HIDDEN]; 8/21/25 - SF HustleFund Founder Retreat [HIDDEN]; 8/13/25 - SF The Drop In - Panel [HIDDEN]; 8/5/25 - SF Summer of Rho x Human Behavior Swag Drop [HIDDEN]; 8/22/25 - SF Summer of Rho Founder Beach Club [HIDDEN]; 8/21/25 - NY Founder Dinner [Hosted By Rho & OneSixOne Ventures] [HIDDEN]; 8/4/25 - SF Internpalooza [HIDDEN]; 8/14/25 - NY Founder Rooftop Happy Hour [Hosted by Rho & Warp] [HIDDEN]; 8/5/25 - SF Turing House Dinner [HIDDEN]; 5/21/25 - SF SPC Poker [HIDDEN]; 8/27/25 - SF Position VC Founder Dinner [HIDDEN]; 8/27/25 - NY Founder & Friends Dinner [Hosted by Rho & The Nucleus Network] [HIDDEN]; 3/19/25 - NY MBA Ventures Event [HIDDEN]; 9/8/25 - SF Broadshade Investments Founder Dinner [HIDDEN]; 8/7/25 - SF Rho x Columbia Founder/VC Wine Tasting [HIDDEN]; 9/10/25 - NY Immigrant Founder Dinner [Hosted by Rho x Imera] [HIDDEN]; 9/10/25 - SF s25 Pioneer Fund Recharge [HIDDEN]; 9/10/25 - NY Gavin Boston Founder Dinner [Hosted by Rho] [HIDDEN]; 6/2/25 - NY Late Night Cafe @Soma [Hatch House] [HIDDEN]; 9/13/25 - SF Cherry Founder Boat Party [HIDDEN]; 9/16/25 - NY Junto Founder Dinner (Hosted by Andrew & Friends) [HIDDEN]; 9/17/25 - SF Early Stage VC Dinner [HIDDEN]; 9/8/25 - NY Inspired Capital x Palantir Startup Program Cocktails [HIDDEN]; 9/18/25 - SF Pally Poker night [HIDDEN]; 9/18/25 - SF Sempervirsen Founder Dinner [HIDDEN]; 9/17/25 - SF Burnt Launch Celebration [HIDDEN]; 9/16/25 - SF Highline Founder Dinner [HIDDEN]; 9/23/25 - NY Founder Dinner [Hosted by Rho x Draper House] [HIDDEN]; 9/23/25 - SF Afore Portfolio Showcase [HIDDEN]; 9/23/25 - SF Rho Founder Dinner [HIDDEN]; 9/17/25 - SF EchoHer Founder Dinner [HIDDEN]; 9/18/25 - NY Early-Stage Female Founders x Funders and Antler, Rho, and Apollo [HIDDEN]; 9/26/25 - SF Augmentation Labs Founder Dinner [HIDDEN]; 9/30/25 - NY Female Founder & Friends Breakfast [Hosted by Rho, Red Sea Ventures, & Headline] [HIDDEN]; 8/5/25 - NY Also Capital Dinner [HIDDEN]; 10/2/25 - SF Pasta Making w/ Women Who Invest [HIDDEN]; 9/17/25 - NY Outlander VC Dinner [HIDDEN]; 10/2/25 - SF Hardware Tech Dinner @ Westly Group [HIDDEN]; 8/30/25 - NY WeFit Labs Presents_ Health is Wealth [HIDDEN]; 10/1/25 - SF Pally YC Coworking [HIDDEN]; 10/2/25 - NY Founder Dinner [hosted by Rho & Cake Equity] [HIDDEN]; 10/1/25 - NY Hardware Dinner [HIDDEN]; 7/22/25 - NY Junto Founder Dinner (Hosted by AY & Friends) [HIDDEN]; 10/8/25 - SF SFTW: 100 Women in AI Celebration [HIDDEN]; 10/9/25 - SF SFTW: Founder Flight Club [HIDDEN]; 10/10/25 - SF Manufacturing Week Happy Hour [HIDDEN]; 4/8/25 - NY Lynx Startup Fundraising Summit [HIDDEN]; 10/9/25 - SF SFTW: EveryoneismovingtoSanFrancisco [HIDDEN]; 10/8/25 - SF SFTW: Heavy Beats and Heavy Industries [HIDDEN]; 10/14/25 - NY DAUs and Donuts: Growth & Consumer Tech Breakfast [Hosted by Charge VC & Rho] [HIDDEN]; 10/15/25 - NY Puzzle Dinner [HIDDEN]; 10/16/25 - NY NextNYC Coffee Chat [HIDDEN]; 10/8/25 - SF SFTW: HustleFund Office Hours [HIDDEN]; 10/15/25 - SF Rho Founder Dinner [HIDDEN]; 10/15/25 - SF Audacious Ventures Founder Dinner [HIDDEN]; 10/14/25 - LA LATW: DeepTechDefense Mixer w/ J2VP + Wilson Sonsini [HIDDEN]; 10/16/25 - SF Sierra Investments + Bold Start Founder Dinner [HIDDEN]; 10/16/25 - SF V11 x Link Ventures Dinner [HIDDEN]; 10/2/25 - SF Candle Flame Mixer [HIDDEN]; 10/16/25 - SF Ergo Founder Dinner [HIDDEN]; 10/7/25 - SF SFTW Supermomos Breakfast [HIDDEN]; 10/14/25 - SF LATW: VC Hoops Tournament [HIDDEN]; 10/9/25 - SF SFTW Consumer AI Founder Dinner - Afore x Forerunner [HIDDEN]; 10/9/25 - NY Founder/VC Happy Hour [Hosted by Rho x Invest with Cherub x Seed28] [HIDDEN]; 1/23/25 - NY NextNYC Coffee Meetup [HIDDEN]; 10/6/25 - SF SFTW: Female Founder Brunch w/ Capital Collective [HIDDEN]; 10/21/25 - NYC Shanti House Juice Bar Event [HIDDEN]; 9/22/25 - NY Padel Tournament [Hosted by Rho x Signalfire x Lerer Hippeau] [HIDDEN]; 10/21/25 - SF Future of AI Dinner - M13 x Swift [HIDDEN]; 10/23/25 - SF Monday Girl x Rho Female Founder Sauna [HIDDEN]; 10/2/25 - SF Rho x The Collective Founder Game Night [HIDDEN]; 9/9/25 - NY PuttShack Event with Techstars [HIDDEN]; 10/27/25 - SF EF Social Mixer [HIDDEN]; 5/13/25 - SF Manufacturing AI Dinner [HIDDEN]; 7/17/25 - NY Coffee Chat with NextNYC [HIDDEN]; 10/24/25 - NYC Founder Breakfast (Hosted by Fibe, GV, Rho) [HIDDEN]; 8/13/25 - SF Rho x YC Lunch [HIDDEN]; 10/28/25 - SF Neuro x Topology VC Founder Dinner [HIDDEN]; 9/19/25 - SF F25 YC Pre Batch Alchemy Springs [HIDDEN]; 9/24/25 - Boston C-House Dinner Lead List [HIDDEN]; 10/29/25 - NYC Monday Girl Dinner [HIDDEN]; 10/29/25 - NYC ERA Mentor + Founder Happy Hour [HIDDEN]; 10/21/25 - NYC 0-1 Founder Dinner (Hosted by Andrew & Friends) [HIDDEN]; 6/12/25 - NY Founder Ascent [Rho x Menlo Ventures] [HIDDEN]; 3/3/25 - SF Turpentine Coworking [HIDDEN]; 10/24/25 - NYC SOGAL Breakfast [HIDDEN]; 6/7/25 - NY VC/Startup 4x4 Basketball Tournament [HIDDEN]; 11/4/25 - NYC Headline Dinner [HIDDEN]; 11/5/25 - SF Beat Ventures x Pioneer Labs TopGolf [HIDDEN]; 11/5/25 - SF YC & FRIENDS – PICKLEBALL [HIDDEN]; 10/27/25 - SF Wischoff Ventures Founder Dinner [HIDDEN]; 10/1/25 - NY YC Founder Dinner [Hosted by Rho] [HIDDEN]; 11/5/25 - SF Savant Conference Mixer [HIDDEN]; 10/15/25 - Boston Startup Dinner [HIDDEN]; 10/20/25 - Boston SPC F-Prime & Rho Boston Event [HIDDEN]; 10/30/25 - NYC Friends in Funding [Hosted by Friend of a Founder x Rho] [HIDDEN]; 11/6/25 - SF Outlander VC's Defense & Dual-Use Mixer [HIDDEN]; 11/6/25 - SF Founders Table - Vesting x Rho [HIDDEN]; 4/22/25 - NY TechStars Boston Event [HIDDEN]; 11/10/25 - LA Founder & Investor Lunch [Rho x Nucleus Network] [HIDDEN]; 11/11/25 - SF Early-stage Founder Dinner [Rho & HUMN] [HIDDEN]; 9/28/25 - SF YC Puppy Yoga [HIDDEN]; 11/11/25 - LA Founder & Investor Dinner [Rho x Alpha Edison x Act One Ventures] [HIDDEN]; 11/11/25 - SF Founder Dinner w- Sound Ventures x NEA x Anthropic [HIDDEN]; 10/14/25 - LA LATW: M13 x Speedrun B2B Mixer [HIDDEN]; 11/12/25 - SF The Most Exclusive SF Founders Dinner of All Time #2 [HIDDEN]; 8/14/25 - NY ERA Happy Hour [HIDDEN]; 11/12/25 - SF Grace Gong x Rho x Turing Founders & VCs dinner [HIDDEN]; 9/4/25 - SF The General Party Mixer [HIDDEN]; 11/11/25 - LA CPG Founder Breakfast [hosted by Rho] [HIDDEN]; 11/13/25 - SF Private ConTech Founder Dinner [Rho x GoBob] [HIDDEN]; 11/12/25 - SF Sierra x Rho VC Friendsgiving [HIDDEN]; 11/15/25 - SF DECODE Post-Conference Dinner Attendees 2025 [HIDDEN]; 11/14/25 - SF Deep Tech Founder Dinner [Rho x Outlander x Draper] [HIDDEN]; 11/12/25 - NYC Founder Breakfast Club (Hosted by Andrew x Rho) [HIDDEN]; 7/15/25 - SF Rho Early Stage VC Community Dinner [HIDDEN]; 9/24/25 - SF Series A Founder Dinner [HIDDEN]; 11/17/25 - SF Project E Founder Dinner [HIDDEN]; 8/13/25 - SF The Drop In: Morning Yoga [HIDDEN]; 7/15/25 - NY SPANVentures. presents, The Portfolio Roundtable [HIDDEN]; 11/18/25 - SF Puzzle Founder Dinner [HIDDEN]; 11/12/25 - NYC AI Founders Supper Club (Hosted by The AI Furnace) [HIDDEN]; 11/19/25 - SF Founder TopGolf [hosted by Rho x Afore Capital] [HIDDEN]; 11/19/25 - NYC Junto Founder Dinner (Hosted by Andrew & Friends) [HIDDEN]; 11/18/25 - NYC Snacks & Sips [Hosted by Rho x Girl Math Capital] [HIDDEN]; 11/19/25 - SF Scrappy Founders Go Karting - Guests [HIDDEN]; 11/12/25 - NYC Collect & Connect by Vaultik x Rho [HIDDEN]; 11/19/25 - SF Andrew Boos Founder Dinner [HIDDEN]; 11/18/25 - NYC Kanso x Rho: The Founders Table [HIDDEN]","true","false","true","false","false","false","Reed Marcus","Automation platform flow (1); Sales view (12)","0.69%","11/22/25 3:57 PM EST","HubSpot Calculation"
"12 mo. Estimated GP (last month)","deal_amount__last_mo__x_12_","number","","deal_information","true","","false","false","false","false","false","false","Reed Marcus","Sales view (1); Properties v3 card (2)","3.81%","3/10/25 4:35 PM EDT","Workflow"
"Deal Name","deal_name","string","","deal_information","true","","false","false","false","false","false","false","Reed Marcus","Automation platform flow (2); Sales view (17)","9.98%","11/23/25 6:29 PM EST","Workflow"
"Deal Owner","deal_owner","enumeration","","deal_information","false","","false","false","false","true","false","false","Reed Marcus","Automation platform flow (5); Sales view (34)","10.48%","11/23/25 6:29 PM EST","Workflow"
"Deal_Owner","deal_owner_","enumeration","","deal_information","false","","true","false","true","true","false","false","Reed Marcus","Sales view (7)","7.56%","11/23/25 6:28 PM EST","HubSpot Calculation"
"old2","deal_primary_inbound_channel","string","","deal_information","true","","false","false","false","false","false","false","Reed Marcus","Sales view (5)","1.93%","",""
"Company First Deal Created Date","first_company_deal_created_date","date","","deal_information","true","","false","false","false","false","false","false","Reed Marcus","Automation platform flow (6); Sales view (12); Properties v3 card (1)","14.61%","11/23/25 6:38 PM EST","Workflow"
"First Deal Created Date","first_deal_created_date","datetime","Date first deal was created for contact. Set automatically.","deal_information","false","","true","true","false","false","false","true","HubSpot","Inbounddb lists (1); Sales view (3)","7.56%","11/23/25 6:28 PM EST","HubSpot Calculation"
"Buying Role","hs_buying_role","enumeration","Role the contact plays during the sales process. Contacts can have multiple roles, and can share roles with others.","deal_information","true","Blocker (BLOCKER) [READ-ONLY]; Budget Holder (BUDGET_HOLDER) [READ-ONLY]; Champion (CHAMPION) [READ-ONLY]; Decision Maker (DECISION_MAKER) [READ-ONLY]; End User (END_USER) [READ-ONLY]; Executive Sponsor (EXECUTIVE_SPONSOR) [READ-ONLY]; Influencer (INFLUENCER) [READ-ONLY]; Legal & Compliance (LEGAL_AND_COMPLIANCE) [READ-ONLY]; Other (OTHER) [READ-ONLY]","false","true","false","false","false","true","HubSpot","","0%","",""
"ICP Category [Contact]","icp_category","string","","deal_information","true","","false","false","false","false","false","false","Reed Marcus","Inbounddb lists (6); Automation platform flow (6); Report (10); Integration (1); Sales view (79); Dashboard (3); Properties v3 card (2)","86.48%","11/23/25 6:11 PM EST","Salesforce"
"Last Deal Pipeline","last_deal_pipeline","enumeration","","deal_information","true","Salesforce - Upsell Opportunity (19cab31f-7086-4e04-9575-b98405eb85ee); Salesforce - Potential Partnership (ab6d19f7-01b9-4717-b991-41c7d5e721f8); Salesforce - Potential Client (c60e483b-e1da-4227-8a70-90486d2c1698); Sales Pipeline (default); Salesforce - Self-serve Signup (e335a8b5-6ef8-4257-a065-40738ab03a14)","false","false","false","false","false","false","Reed Marcus","Automation platform flow (1); Sales view (8); Properties v3 card (1)","11.52%","11/23/25 6:29 PM EST","Workflow"
"Number of Associated Deals","num_associated_deals","number","Count of deals associated with this contact. Set automatically by HubSpot.","deal_information","false","","true","true","false","false","false","true","HubSpot","Inbounddb lists (1); Report (1); Sales view (18)","7.56%","11/23/25 6:28 PM EST","HubSpot Calculation"
"Opportunity Source","opportunity_source","string","","deal_information","true","","false","false","false","false","false","false","Reed Marcus","Form (10); Inbounddb lists (1); Automation platform flow (2); Sales view (25); Properties v3 card (2)","8.43%","11/23/25 6:29 PM EST","Workflow"
"Recent Deal Amount","recent_deal_amount","number","Amount of last closed won deal associated with a contact. Set automatically.","deal_information","false","","true","true","false","false","false","true","HubSpot","Properties v3 card (2)","0.49%","11/22/25 5:13 AM EST","HubSpot Calculation"
"Recent Deal Close Date","recent_deal_close_date","datetime","Date last deal associated with contact was closed-won. Set automatically.","deal_information","false","","true","true","false","false","false","true","HubSpot","","1%","11/23/25 3:44 PM EST","HubSpot Calculation"
"SQL Date","sql_date","date","","deal_information","true","","false","false","false","false","false","false","Reed Marcus","Calculated property (2); Automation platform flow (3); Report (2); Sales view (16); Properties v3 card (1)","8.69%","11/23/25 6:44 PM EST","Workflow"
"Account Activated Date","timestamp__account_activated","date","","deal_information","true","","false","false","false","false","false","false","Reed Marcus","Inbounddb lists (2); Automation platform flow (1); Report (5); Sales view (1); Properties v3 card (1)","3.99%","11/23/25 3:43 PM EST","Workflow"
"Client Approved Date","timestamp__account_created","date","","deal_information","true","","false","false","false","false","false","false","Reed Marcus","Inbounddb lists (2); Automation platform flow (1); Report (10); Sales view (8); Dashboard (2); Properties v3 card (1)","2.18%","11/23/25 6:44 PM EST","Workflow"
"Timestamp: Closed Lost","timestamp__closed_lost","date","","deal_information","false","","true","false","true","false","false","false","Reed Marcus","Sales view (6); Properties v3 card (1)","5.61%","11/23/25 6:44 PM EST","HubSpot Calculation"
"Timestamp: SAL date","timestamp__sal_date","date","","deal_information","true","","false","false","false","false","false","false","Reed Marcus","Sales view (1)","0.36%","",""
"Invalid email address","hs_email_bad_address","bool","The email address associated with this contact is invalid.","emailinformation","false","True (true); False (false)","true","true","false","false","false","true","HubSpot","","0.05%","11/21/25 6:00 AM EST","Email Activity"
"Marketing emails bounced","hs_email_bounce","number","The number of marketing emails that bounced for the current email address. This is automatically set by HubSpot.","emailinformation","false","","true","true","false","false","false","true","HubSpot","Inbounddb lists (8); Automation platform flow (1); Report (1); Sales view (7); Properties v3 card (1)","3.36%","11/23/25 6:00 AM EST","Email Activity"
"Marketing emails clicked","hs_email_click","number","The number of marketing emails which have had link clicks for the current email address. This is automatically set by HubSpot.","emailinformation","false","","true","true","false","false","false","true","HubSpot","Contact scoring ruleset (1); Calculated property (2); Rollup property (1); Inbounddb lists (1); Automation platform flow (2); Sales view (16); Properties v3 card (1)","0.65%","11/23/25 4:00 PM EST","Email Activity"
"Email address quarantine reason","hs_email_customer_quarantined_reason","enumeration","The reason why the email address has been quarantined.","emailinformation","false","Suspension Remediation (SUSPENSION_REMEDIATION) [READ-ONLY]; Blocklist Remediation (BLOCKLIST_REMEDIATION) [READ-ONLY]; Trust & Safety Remediation (TRUST_SAFETY_REMEDIATION) [READ-ONLY]","false","true","false","false","false","true","HubSpot","","0%","",""
"Marketing emails delivered","hs_email_delivered","number","The number of marketing emails delivered for the current email address. This is automatically set by HubSpot.","emailinformation","false","","true","true","false","false","false","true","HubSpot","Inbounddb lists (4); Automation platform flow (1); Sales view (10); Properties v3 card (1)","39.71%","11/23/25 6:52 PM EST","Email Activity"
"First marketing email click date","hs_email_first_click_date","datetime","The date of the earliest link click for any marketing email to the current email address. This is automatically set by HubSpot.","emailinformation","false","","true","true","false","false","false","true","HubSpot","","0.65%","11/23/25 3:59 PM EST","Email Activity"
"First marketing email open date","hs_email_first_open_date","datetime","The date of the earliest open for any marketing email to the current email address. This is automatically set by HubSpot.","emailinformation","false","","true","true","false","false","false","true","HubSpot","Automation platform flow (1); Report (1)","9.1%","11/23/25 6:41 PM EST","Email Activity"
"First marketing email reply date","hs_email_first_reply_date","datetime","The date of the earliest reply for any marketing email to the current email address. This is automatically set by HubSpot.","emailinformation","false","","true","true","false","false","false","true","HubSpot","","0%","10/9/25 2:03 PM EDT","Email Activity"
"First marketing email send date","hs_email_first_send_date","datetime","The date of the earliest delivery for any marketing email to the current email address. This is automatically set by HubSpot.","emailinformation","false","","true","true","false","false","false","true","HubSpot","Inbounddb lists (1); Sales view (7)","39.71%","11/23/25 6:16 PM EST","Email Activity"
"Email hard bounce reason","hs_email_hard_bounce_reason_enum","enumeration","The issue that caused a contact to hard bounce from your emails. If this is an error or a temporary issue, you can unbounce this contact from the contact record.","emailinformation","false","Content (CONTENT) [READ-ONLY]; Mailbox full (MAILBOX_FULL) [READ-ONLY]; Other (OTHER) [READ-ONLY]; Policy (POLICY) [READ-ONLY]; Spam (SPAM) [READ-ONLY]; Unknown user (UNKNOWN_USER) [READ-ONLY]","true","true","false","false","false","true","HubSpot","Inbounddb lists (8); Automation platform flow (1); Sales view (8)","5.84%","11/23/25 6:00 AM EST","Email Activity"
"Last marketing email click date","hs_email_last_click_date","datetime","The date of the most recent link click for any marketing email to the current email address. This is automatically set by HubSpot.","emailinformation","false","","true","true","false","false","false","true","HubSpot","Automation platform flow (1); Sales view (13)","0.65%","11/23/25 3:59 PM EST","Email Activity"
"Last marketing email name","hs_email_last_email_name","string","The name of the last marketing email sent to the current email address. This is automatically set by HubSpot.","emailinformation","false","","true","true","false","false","false","true","HubSpot","Automation platform flow (3); Report (1); Integration (1); Sales view (38); Properties v3 card (1)","42.24%","11/23/25 6:52 PM EST","Email Activity"
"Last marketing email open date","hs_email_last_open_date","datetime","The date of the most recent open for any marketing email to the current email address. This is automatically set by HubSpot.","emailinformation","false","","true","true","false","false","false","true","HubSpot","Contact scoring ruleset (1); Inbounddb lists (1); Automation platform flow (1); Report (1); Sales view (6)","9.1%","11/23/25 6:50 PM EST","Email Activity"
"Last marketing email reply date","hs_email_last_reply_date","datetime","The date of the latest reply for any marketing email to the current email address. This is automatically set by HubSpot.","emailinformation","false","","true","true","false","false","false","true","HubSpot","","0%","10/9/25 2:03 PM EDT","Email Activity"
"Last marketing email send date","hs_email_last_send_date","datetime","The date of the most recent delivery for any marketing email to the current email address. This is automatically set by HubSpot.","emailinformation","false","","true","true","false","false","false","true","HubSpot","Inbounddb lists (1); Automation platform flow (3); Report (2); Integration (1); Sales view (42); Properties v3 card (1)","39.71%","11/23/25 6:52 PM EST","Email Activity"
"Marketing emails opened","hs_email_open","number","The number of marketing emails opened for the current email address. This is automatically set by HubSpot.","emailinformation","false","","true","true","false","false","false","true","HubSpot","Contact scoring ruleset (1); Calculated property (2); Inbounddb lists (3); Automation platform flow (2); Report (2); Sales view (18); Properties v3 card (1)","9.1%","11/23/25 6:50 PM EST","Email Activity"
"Unsubscribed from all email","hs_email_optout","bool","Indicates that the current email address has opted out of all email.","emailinformation","false","True (true); False (false)","true","true","false","false","false","true","HubSpot","Inbounddb lists (21); Automation platform flow (1); Report (2); Sales view (19); Properties v3 card (1)","3.18%","11/21/25 7:29 PM EST","Salesforce"
"Opted out of email: Rho | Partner Newsletter","hs_email_optout_213494338","enumeration","Indicates that the current email address has opted out of this email type.","emailinformation","false","No (false); Yes (true)","true","true","false","false","false","true","HubSpot","","0.66%","11/21/25 7:29 PM EST","Salesforce"
"Opted out of email: Signup subscription","hs_email_optout_216934964","enumeration","Indicates that the current email address has opted out of this email type.","emailinformation","false","Yes (true); No (false)","true","true","false","false","false","true","HubSpot","","0.66%","11/21/25 7:29 PM EST","Salesforce"
"Opted out of email: Marketing Information","hs_email_optout_332245389","enumeration","Indicates that the current email address has opted out of this email type.","emailinformation","false","Yes (true); No (false)","true","true","false","false","false","true","HubSpot","","0.41%","11/23/25 5:16 AM EST","Email Activity"
"Email Address Quarantined","hs_email_quarantined","bool","Indicates that the current email address has been quarantined for anti-abuse reasons and any marketing email sends to it will be blocked. This is automatically set by HubSpot.","emailinformation","false","True (true); False (false)","true","true","false","false","false","true","HubSpot","","0.28%","10/7/25 1:30 PM EDT","Email Activity"
"Email address automated quarantine reason","hs_email_quarantined_reason","enumeration","The automated reason why the email address has been quarantined.","emailinformation","false","Suspicious List Import (ON_LIST_IMPORT) [READ-ONLY]; High Hard Bounce Rate (HIGH_HARD_BOUNCE_RATE) [READ-ONLY]; Multiple Cancelled Campaigns (MULTIPLE_CANCELLED_CAMPAIGNS) [READ-ONLY]; Suspicious Form Activity (FORM_ABUSE) [READ-ONLY]; Recipient Complaint (RECIPIENT_COMPLAINT) [READ-ONLY]; Suspension Remediation (SUSPENSION_REMEDIATION) [READ-ONLY]; Blocklist Remediation (BLOCKLIST_REMEDIATION) [READ-ONLY]; Trust & Safety Remediation (TRUST_SAFETY_REMEDIATION) [READ-ONLY]; Other (OTHER) [READ-ONLY]; Undeliverable Email Address (UNDELIVERABLE_ADDRESS) [READ-ONLY]; Microsoft Undeliverable - Microsoft reports that address is inactive (MICROSOFT_UNDELIVERABLE)","true","true","false","false","false","true","HubSpot","","0.28%","10/7/25 1:30 PM EDT","Email Activity"
"Marketing emails replied","hs_email_replied","number","The number of marketing emails replied to by the current email address. This is automatically set by HubSpot.","emailinformation","false","","true","true","false","false","false","true","HubSpot","","0%","10/9/25 2:03 PM EDT","Email Activity"
"Sends Since Last Engagement","hs_email_sends_since_last_engagement","number","The number of marketing emails that have been sent to the current email address since the last engagement (open or link click). This is automatically set by HubSpot.","emailinformation","false","","true","true","false","false","false","true","HubSpot","Contact scoring ruleset (1); Inbounddb lists (3); Automation platform flow (1); Sales view (6)","42.24%","11/23/25 6:52 PM EST","Email Activity"
"Marketing email confirmation status","hs_emailconfirmationstatus","enumeration","The status of a contact's eligibility to receive marketing email. This is automatically set by HubSpot.","emailinformation","false","Confirmed; Confirmation Pending; Confirmation Email Sent; User clicked confirmation; HubSpot Rep. marked confirmed; Customer marked confirmed; Confirmed from previous behavior; Confirmed due to form","true","true","false","false","false","true","HubSpot","","0%","",""
"Enriched Email Bounce Detected (Deprecated)","hs_enriched_email_bounce_detected","bool","Bounce Detected attribute is no longer being populated/updated after 10/31/2025. In order to receive signals about an email address becoming undeliverable or no longer valid for the contact, please use Intent Signals.","emailinformation","false","Yes (true); No (false)","false","true","false","false","false","true","HubSpot","","0%","",""
"Legal basis for processing contact's data","hs_legal_basis","enumeration","Legal basis for processing contact's data; 'Not applicable' will exempt the contact from GDPR protections","emailinformation","false","Legitimate interest - Lead (Legitimate interest – prospect/lead) [READ-ONLY]; Legitimate interest - Customer (Legitimate interest – existing customer) [READ-ONLY]; Legitimate interest - Other (Legitimate interest - other) [READ-ONLY]; Performance of a contract [READ-ONLY]; Freely given consent from contact [READ-ONLY]; Not applicable [READ-ONLY]","false","true","false","false","false","true","HubSpot","Properties v3 card (1)","0.02%","",""
"Quarantined Emails","hs_quarantined_emails","string","Lists all emails associated with this contact that have been quarantined, with a source and reason.","emailinformation","false","","true","true","false","false","false","true","HubSpot","","0.29%","10/7/25 1:30 PM EDT","Email Activity"
"Recipient Email","recipient_email","string","","emailinformation","true","","false","false","false","false","false","false","Christopher Cooper","Form (1); Automation platform flow (1); Sales view (1)","0.01%","11/21/25 6:09 AM EST","Forms"
"Company size - LN/FB","company_size","string","Contact's company size. Required for the Facebook Ads Integration. Automatically synced from the Lead Ads tool.","facebook_ads_properties","true","","false","false","false","false","false","true","HubSpot","Form (68); Inbounddb lists (2); Automation platform flow (3); Report (10); Integration (1); Sales view (87); Properties v3 card (1)","67.62%","11/23/25 6:38 PM EST","Integration"
"Date of birth","date_of_birth","string","Contact's date of birth. Required for the Facebook Ads Integration. Automatically synced from the Lead Ads tool.","facebook_ads_properties","true","","false","false","false","false","false","true","HubSpot","Form (2)","0.02%","",""
"Degree","degree","string","Contact's degree. Required for the Facebook Ads Integration. Automatically synced from the Lead Ads tool.","facebook_ads_properties","true","","false","false","false","false","false","true","HubSpot","","0%","",""
"Field of study","field_of_study","string","Contact's field of study. Required for the Facebook Ads Integration. Automatically synced from the Lead Ads tool.","facebook_ads_properties","true","","false","false","false","false","false","true","HubSpot","","0%","",""
"Gender","gender","string","Contact's gender. Required for the Facebook Ads Integration. Automatically synced from the Lead Ads tool.","facebook_ads_properties","true","","false","false","false","false","false","true","HubSpot","","0%","",""
"Graduation date","graduation_date","string","Contact's graduation date. Required for the Facebook Ads Integration. Automatically synced from the Lead Ads tool.","facebook_ads_properties","true","","false","false","false","false","false","true","HubSpot","","0%","",""
"Job function","job_function","string","Contact's job function. Required for the Facebook Ads Integration. Automatically synced from the Lead Ads tool.","facebook_ads_properties","true","","false","false","false","false","false","true","HubSpot","","0%","",""
"Marital Status","marital_status","string","Contact's marital status. Required for the Facebook Ads Integration. Automatically synced from the Lead Ads tool.","facebook_ads_properties","true","","false","false","false","false","false","true","HubSpot","","0%","",""
"Military status","military_status","string","Contact's military status. Required for the Facebook Ads Integration. Automatically synced from the Lead Ads tool.","facebook_ads_properties","true","","false","false","false","false","false","true","HubSpot","","0%","",""
"School","school","string","Contact's school. Required for the Facebook Ads Integration. Automatically synced from the Lead Ads tool.","facebook_ads_properties","true","","false","false","false","false","false","true","HubSpot","","0%","",""
"Seniority","seniority","string","Contact's seniority. Required for the Facebook Ads Integration. Automatically synced from the Lead Ads tool.","facebook_ads_properties","true","","false","false","false","false","false","true","HubSpot","","1.35%","",""
"Start date","start_date","string","Contact's start date. Required for the Facebook Ads Integration. Automatically synced from the Lead Ads tool.","facebook_ads_properties","true","","false","false","false","false","false","true","HubSpot","","0%","",""
"Work email","work_email","string","Contact's work email. Required for the Facebook Ads Integration. Automatically synced from the Lead Ads tool.","facebook_ads_properties","true","","false","false","false","false","false","true","HubSpot","Form (3)","0%","",""
"Business Email","business_email","string","Lead Ad Properties","lead_ads","true","","false","false","false","false","false","false","Unknown user","Form (2)","0%","4/9/25 11:38 AM EDT","Integration"
"Business Size - Linkedin","business_size","string","Lead Ad Properties","lead_ads","true","","false","false","false","false","false","false","Unknown user","Form (1)","0%","",""
"Estimated Monthly Card Spend","estimated_monthly_card_spend","string","Lead Ad Properties","lead_ads","true","","false","false","false","false","false","false","Unknown user","Form (2)","0%","",""
"Estimated Monthly Card Spend ($)","estimated_monthly_card_spend_","string","Lead Ad Properties","lead_ads","true","","false","false","false","false","false","false","Unknown user","Form (5)","0%","",""
"How big is your company?","how_big_is_your_company","string","Lead Ad Properties","lead_ads","true","","false","false","false","false","false","false","Unknown user","Form (5)","0.01%","",""
"Inbound Channel Bucket","inbound_channel_bucket","string","Lead Ad Properties","lead_ads","true","","false","false","false","false","false","false","Unknown user","Form (8); Sales view (3); Properties v3 card (1)","0.01%","4/29/25 3:06 AM EDT","Forms"
"Lead Source [Deprecated]","lead_source","string","Lead Ad Properties","lead_ads","true","","false","false","false","false","false","false","Unknown user","Form (40); Report (1); Properties v3 card (1)","0.22%","11/23/25 10:32 AM EST","Forms"
"Level 1 Channel","level_1_channel","string","Lead Ad Properties","lead_ads","true","","false","false","false","false","false","false","Unknown user","Form (2)","0%","4/30/25 3:06 PM EDT","Forms"
"Level 2 Channel","level_2_channel","string","Lead Ad Properties","lead_ads","true","","false","false","false","false","false","false","Unknown user","Form (2)","0%","4/30/25 3:06 PM EDT","Forms"
"Level 3 Channel","level_3_channel","string","Lead Ad Properties","lead_ads","true","","false","false","false","false","false","false","Unknown user","Form (2)","0%","4/30/25 3:06 PM EDT","Forms"
"LinkedIn Consent","linkedin_consent_checkbox_would_you_like_our_team_to_reach_out_for_a_brief_conversation_about_rho","enumeration","Lead Ad Properties","lead_ads","true","No (false); Yes (true)","false","false","false","false","false","false","Unknown user","Form (2); Sales view (4)","0%","",""
"LinkedIn profile URL","linkedin_profile_link","string","Lead Ad Properties","lead_ads","true","","false","false","false","false","false","false","Unknown user","Form (7); Report (2); Integration (1); Sales view (25)","56.92%","11/23/25 6:38 PM EST","Integration"
"Loan amount requested","loan_amount_requested","string","Lead Ad Properties","lead_ads","true","","false","false","false","false","false","false","Unknown user","Form (1)","0%","",""
"Primary_Inbound_Channel","primary_inbound_channel","string","Lead Ad Properties","lead_ads","true","","false","false","false","false","false","false","Unknown user","Form (28)","0.21%","4/29/25 3:06 AM EDT","Forms"
"Requested Loan Amount","requested_loan_amount","string","Lead Ad Properties","lead_ads","true","","false","false","false","false","false","false","Unknown user","Form (2)","0%","",""
"utm_campaign (sfdc)","utm_campaign","string","Lead Ad Properties","lead_ads","true","","false","false","false","false","false","false","Unknown user","Form (138); Calculated property (4); Inbounddb lists (15); Automation platform flow (18); Report (11); Integration (1); Sales view (134); Properties v3 card (4)","5.18%","11/23/25 6:09 PM EST","Forms"
"utm_content (sfdc)","utm_content","string","Lead Ad Properties","lead_ads","true","","false","false","false","false","false","false","Unknown user","Form (134); Calculated property (2); Inbounddb lists (3); Automation platform flow (10); Report (4); Integration (1); Sales view (123); Properties v3 card (3)","3.8%","11/23/25 2:12 PM EST","Forms"
"utm_funnel (sfdc)","utm_funnel","string","","lead_ads","true","","false","false","false","false","false","false","Christopher Cooper","Form (14); Calculated property (1); Inbounddb lists (3); Automation platform flow (4); Report (1); Sales view (5); Properties v3 card (1)","0.07%","11/23/25 10:32 AM EST","Forms"
"utm_medium (sfdc)","utm_medium","string","Lead Ad Properties","lead_ads","true","","false","false","false","false","false","false","Unknown user","Form (120); Calculated property (2); Inbounddb lists (9); Automation platform flow (12); Report (4); Integration (1); Sales view (118); Properties v3 card (3)","5.07%","11/23/25 6:09 PM EST","Forms"
"utm_ref (sfdc)","utm_ref","string","Lead Ad Properties","lead_ads","true","","false","false","false","false","false","false","Christopher Cooper","Form (16); Calculated property (2); Inbounddb lists (3); Automation platform flow (4); Report (1); Sales view (5); Properties v3 card (1)","0.5%","11/23/25 6:31 PM EST","Workflow"
"utm_source (sfdc)","utm_source","string","Lead Ad Properties","lead_ads","true","","false","false","false","false","false","false","Unknown user","Form (133); Calculated property (6); Inbounddb lists (18); Automation platform flow (26); Report (3); Integration (1); Sales view (136); Properties v3 card (4)","5.39%","11/23/25 6:09 PM EST","Forms"
"utm_term (sfdc)","utm_term","string","Lead Ad Properties","lead_ads","true","","false","false","false","false","false","false","Unknown user","Form (113); Calculated property (2); Inbounddb lists (7); Automation platform flow (10); Report (16); Integration (1); Sales view (127); Properties v3 card (4)","3.5%","11/23/25 2:12 PM EST","Forms"
"Would you like to our team to reach out for a brief conversation about Rho? - FB","would_you_like_to_our_team_to_reach_out_for_a_brief_conversation_about_rho","string","Lead Ad Properties","lead_ads","true","","false","false","false","false","false","false","Unknown user","Form (1); Sales view (3)","0.01%","",""
"Browser","browser","string","The browser this viewer viewed your demo with.","navattic","false","","false","false","false","false","false","false","Reed Marcus","Sales view (1)","0.01%","9/18/24 10:57 AM EDT","Integration"
"Checklist Id","checklist_id","string","The ID of the most recently viewed checklist.","navattic","false","","false","false","false","false","false","false","Reed Marcus","Sales view (1)","0%","",""
"Checklist Name","checklist_name","string","The name of the most recently viewed checklist.","navattic","false","","false","false","false","false","false","false","Reed Marcus","Sales view (1)","0%","",""
"Current Url","current_url","string","The url at the time of the last event.","navattic","false","","false","false","false","false","false","false","Reed Marcus","Sales view (1)","0.01%","9/18/24 11:09 AM EDT","Integration"
"Device","device","string","The type of device the user is using.","navattic","false","","false","false","false","false","false","false","Reed Marcus","Sales view (1)","0%","",""
"Flow Id","flow_id","string","The ID of the most recently viewed flow.","navattic","false","","false","false","false","false","false","false","Reed Marcus","Sales view (1)","0.01%","8/7/24 10:11 AM EDT","Integration"
"Flow Name","flow_name","string","The name of the most recently viewed flow.","navattic","false","","false","false","false","false","false","false","Reed Marcus","Sales view (1)","0.01%","9/18/24 10:57 AM EDT","Integration"
"Os","os","string","The operating system the user is using.","navattic","false","","false","false","false","false","false","false","Reed Marcus","Sales view (1)","0.01%","9/18/24 10:57 AM EDT","Integration"
"Path","path","string","The path at the time of the last event.","navattic","false","","false","false","false","false","false","false","Reed Marcus","Sales view (1)","0.01%","8/7/24 10:11 AM EDT","Integration"
"Project Id","project_id","string","The ID of the most recently viewed project.","navattic","false","","false","false","false","false","false","false","Reed Marcus","Sales view (1)","0.01%","8/7/24 10:11 AM EDT","Integration"
"Project Name","project_name","string","The name of the most recently viewed project.","navattic","false","","false","false","false","false","false","false","Reed Marcus","Sales view (1)","0.01%","9/18/24 10:57 AM EDT","Integration"
"Screen Height","screen_height","number","The height of the user's screen.","navattic","false","","false","false","false","false","false","false","Reed Marcus","Sales view (1)","0.01%","9/18/24 10:57 AM EDT","Integration"
"Screen Width","screen_width","number","The width of the user's screen.","navattic","false","","false","false","false","false","false","false","Reed Marcus","Sales view (1)","0.01%","9/18/24 10:57 AM EDT","Integration"
"Session Id","session_id","string","The ID of the most recently viewed session.","navattic","false","","false","false","false","false","false","false","Reed Marcus","Sales view (1)","0.01%","8/7/24 10:11 AM EDT","Integration"
"Step Id","step_id","string","The ID of the most recently viewed step.","navattic","false","","false","false","false","false","false","false","Reed Marcus","Sales view (1)","0.01%","8/7/24 10:12 AM EDT","Integration"
"Step Index","step_index","number","The index of the most recently viewed step.","navattic","false","","false","false","false","false","false","false","Reed Marcus","Sales view (1)","0.01%","9/18/24 11:09 AM EDT","Integration"
"Step Name","step_name","string","The name of the most recently viewed step.","navattic","false","","false","false","false","false","false","false","Reed Marcus","Sales view (1)","0.01%","8/7/24 10:12 AM EDT","Integration"
"First Closed Order ID","hs_first_closed_order_id","number","The id of the associated order that was first to be closed","order_information","false","","true","true","false","false","false","true","HubSpot","","0%","",""
"First Order Closed Date","hs_first_order_closed_date","datetime","Date first order was closed. Set Automatically","order_information","false","","true","true","false","false","false","true","HubSpot","","0%","",""
"Recent Closed Order Date","hs_recent_closed_order_date","datetime","Date last order was closed. Set automatically.","order_information","false","","true","true","false","false","false","true","HubSpot","","0%","",""
"Contact unworked","hs_is_unworked","bool","Contact  has  not  been  assigned  or  has  not  been  engaged  after  last  owner  assignment/re-assignment","sales_properties","false","True (true); False (false)","true","true","false","false","false","true","HubSpot","","100%","11/23/25 6:37 PM EST","HubSpot Calculation"
"Lead Status","hs_lead_status","enumeration","The contact's sales, prospecting or outreach status","sales_properties","true","New (NEW); Open (OPEN); In Progress (IN_PROGRESS); Open Deal (OPEN_DEAL); Unqualified (UNQUALIFIED); Attempted to Contact (ATTEMPTED_TO_CONTACT); Connected (CONNECTED); Bad Timing (BAD_TIMING)","false","true","false","false","false","true","HubSpot","Report (1); Sales view (28); Properties v3 card (1)","0%","",""
"Owner assigned date","hubspot_owner_assigneddate","datetime","The most recent timestamp of when an owner was assigned to this record. This value is set automatically by HubSpot.","sales_properties","false","","true","true","false","false","false","true","HubSpot","Calculated property (1); Automation platform flow (1); Sales view (1); Properties v3 card (1)","97.45%","11/23/25 6:54 PM EST","Workflow"
"Contact owner","hubspot_owner_id","enumeration","The owner of a contact. This can be any HubSpot user or Salesforce integration user, and can be set manually or via Workflows.","sales_properties","false","","false","true","false","true","false","true","HubSpot","Rollup property (1); Inbounddb lists (10); Automation platform flow (11); Email (4); Report (4); Integration (1); Sales view (201); Dashboard (3); Properties v3 card (4)","97.45%","11/23/25 6:54 PM EST","Workflow"
"HubSpot Team","hubspot_team_id","enumeration","The team of the owner of a contact.","sales_properties","false","","true","true","false","true","false","true","HubSpot","Dashboard (2)","5.53%","11/23/25 5:50 PM EST","Salesforce"
"HubSpot Score","hubspotscore","number","The number that shows qualification of contacts to sales readiness. It can be set in HubSpot's Lead Scoring app.","sales_properties","false","","true","true","false","false","false","true","HubSpot","Automation platform flow (3); Report (3); Integration (1); Sales view (36); Data highlights card (1); Properties v3 card (2)","96.27%","10/6/25 11:48 AM EDT","Migration"
"Tag","apollo_tag","string","","salesforceinformation","true","","false","false","false","false","false","false","Reed Marcus","Inbounddb lists (1); Automation platform flow (2); Integration (1); Sales view (8); Properties v3 card (1)","28.47%","11/21/25 10:44 AM EST","Salesforce"
"Application completed?","application_completed","enumeration","","salesforceinformation","true","Yes (true); No (false)","false","false","false","false","false","false","Reed Marcus","Automation platform flow (2); Sales view (95)","67.39%","",""
"Application completed date","application_completed_date","date","","salesforceinformation","true","","false","false","false","false","false","false","Reed Marcus","Automation platform flow (1); Sales view (1)","1.04%","",""
"Application started?","application_started","enumeration","","salesforceinformation","true","Yes (true); No (false)","false","false","false","false","false","false","Reed Marcus","Sales view (57)","67.57%","",""
"Application started date","application_started_date","date","","salesforceinformation","true","","false","false","false","false","false","false","Reed Marcus","Sales view (2)","3.57%","",""
"Blog Subscriber?","blog_subscriber_","enumeration","","salesforceinformation","true","Yes (true); No (false)","false","false","false","false","false","false","Reed Marcus","Integration (1)","22.77%","11/23/25 6:11 PM EST","Salesforce"
"CalendlyCreated","calendlycreated__c","enumeration","","salesforceinformation","true","No (false); Yes (true)","false","false","false","false","false","false","Unknown user","","9.18%","",""
"Call Attempts","call_attempts","number","","salesforceinformation","true","","false","false","false","false","false","false","Reed Marcus","Automation platform flow (2); Sales view (48); Properties v3 card (1)","2.37%","",""
"Campaign ID","campaign_id","string","","salesforceinformation","true","","false","false","false","false","false","false","Unknown user","Inbounddb lists (2); Automation platform flow (1); Integration (1); Sales view (8)","5.43%","11/22/25 3:54 PM EST","Salesforce"
"Clearbit Funding","clearbit_funding__c","number","","salesforceinformation","true","","false","false","false","false","false","false","Unknown user","Integration (1); Sales view (6)","0%","",""
"CB old ","clearbit_revenue__c","string","","salesforceinformation","true","","false","false","false","false","false","false","Unknown user","Sales view (37)","2.54%","",""
"Company Headcount","company_headcount__c","enumeration","","salesforceinformation","true","1-10 employees; 11-50 employees; 51-100 employees; 101-250 employees; 251+ employees","false","false","false","false","false","false","Unknown user","Integration (1); Sales view (3); Properties v3 card (1)","3.27%","11/23/25 6:11 PM EST","Salesforce"
"Consent to marketing communications","consent_communications__c","enumeration","","salesforceinformation","true","No (false); Yes (true)","false","false","false","false","false","false","Unknown user","Inbounddb lists (1); Automation platform flow (2); Integration (1)","97.2%","11/23/25 6:11 PM EST","Salesforce"
"Consent to process data","consent_process_data__c","enumeration","","salesforceinformation","true","No (false); Yes (true)","false","false","false","false","false","false","Unknown user","Form (1); Integration (1)","97.19%","11/23/25 6:11 PM EST","Salesforce"
"Contact LinkedIn URL","contact_linkedin_url__c","string","","salesforceinformation","true","","false","false","false","false","false","false","Unknown user","Form (1); Report (1); Sales view (5)","2.62%","6/24/25 12:59 PM EDT","Forms"
"Contact Outreach ID","contact_outreach_id__c","string","","salesforceinformation","true","","false","false","false","false","false","false","Unknown user","Integration (1)","68.33%","11/20/25 2:56 PM EST","Salesforce"
"Date Lead Came Inbound","date_account_came_inbound","date","","salesforceinformation","true","","false","false","false","false","false","false","Reed Marcus","Contact scoring ruleset (2); Rollup property (1); Inbounddb lists (12); Automation platform flow (61); Report (128); Integration (1); Association card (1); Sales view (253); Data highlights card (1); Dashboard (9); Properties v3 card (2); Association v3 card (1)","11.26%","11/23/25 6:11 PM EST","Workflow"
"Direct Mail Campaign Sent","direct_mail_campaign_sent__c","enumeration","","salesforceinformation","true","No (false); Yes (true)","false","false","false","false","false","false","Unknown user","Integration (1)","87.97%","11/23/25 6:28 PM EST","Salesforce"
"Disqualified Detail Reason","disqualified_detail_reason__c","string","","salesforceinformation","true","","false","false","false","false","false","false","Unknown user","Integration (1); Sales view (2)","0.84%","10/27/25 6:44 PM EDT","Salesforce"
"Disqualified Reason","disqualified_reason__c","enumeration","","salesforceinformation","true","Company Fit; Contact Details; Compliance; Disqualified Inbound; Test Lead; Remove - Unresponsive [HIDDEN]; Restricted Business Structure [HIDDEN]; Blacklisted Email [HIDDEN]; Restricted Industry [HIDDEN]","false","false","false","false","false","false","Unknown user","Inbounddb lists (3); Automation platform flow (5); Integration (1); Sales view (36); Properties v3 card (2)","5.69%","11/21/25 11:08 AM EST","Salesforce"
"Email Attempts","email_attempts","number","","salesforceinformation","true","","false","false","false","false","false","false","Reed Marcus","Automation platform flow (1); Sales view (40); Properties v3 card (1)","3.5%","7/3/24 9:42 AM EDT","Salesforce"
"~Sign Up Flow Employees - Application","employeescountrange","enumeration","","salesforceinformation","true","1-5; 6-10; 11-50; 51-100; 101-200; 201-500; 501+; 1-10 [HIDDEN]; 51-200 [HIDDEN]; 501-1000 [HIDDEN]; 1000+ [HIDDEN]","false","false","false","false","false","false","Reed Marcus","Form (19); Inbounddb lists (3); Automation platform flow (4); Email (1); Report (1); Integration (1); Sales view (58); Properties v3 card (2)","4.34%","11/23/25 6:11 PM EST","Forms"
"Estimated Card Spend - old","estimated_card_spend__c","number","","salesforceinformation","true","","false","false","false","false","false","false","Unknown user","Sales view (3)","2.83%","",""
"Estimated Funding Amount","estimated_funding_amount__c","number","","salesforceinformation","true","","false","false","false","false","false","false","Unknown user","Integration (1)","0%","",""
"Event","event","enumeration","","salesforceinformation","true","9/22 - Assembled Brands HH; 9/22 - SF Founder Dinner; 9/22 - Tropic Happy Hour; 10/22 - AFP Conference; 10/22 - Burkland VC Breakfast; 10/22 - Canvas Ventures VC Dinner; 11/22 - Left Lane VC Dinner; 12/22 - Burkland VC Breakfast; 12/22 - Escalon Holiday Party; 2/23 - Powwow Business Expo; 1/23 - CFO Focus; 2/23 - Saas Solutions Showcase; 6/23 - The CFO Leadership Conference East; 7/23 - CFMA Conference; 10/2 - CFOLC West; 10/4- 21st Century Building Expo & Conference; 11/29 - Rho/TGV; 11/13 - Primary Ventures On the Business Mastery Day for Women in SaaS; 1/23 - PEI New York CFO event; Dealmax ACG 2024; Rho Banks NYC; IBS Event; 11/6 - ACG Middle Market Week; Engage 2024 [HIDDEN]; NY Tech Week 2024; 9/25 CFO Leadership West; Haven Happy Hour 6/20/24 [HIDDEN]; Bridging The Gap 2024 [HIDDEN]; Hamptons House Weekend 2024 [HIDDEN]; NYC Coffee Chats July 2024 [HIDDEN]; Rho NYC Founder Breakfast July 2024 [HIDDEN]; 7/22/24 - Othership SPC session [HIDDEN]; 7/24/24 - LC Founder Lunch [HIDDEN]; 7/25/24 - Tech Breakfast [HIDDEN]; 8/1/24 - August Checkwriters [HIDDEN]; 8/1/24 - Founder Fundraising Social [HIDDEN]; Oceans Summer Soiree [HIDDEN]; 8/15/24 - August Founder & Investor Breakfast [HIDDEN]; 8/15/24 - B2C Dinner [HIDDEN]; 8/23 Tech Breakfast Social [HIDDEN]; 8/29/24 Private Business Dinner [HIDDEN]; 9/5/24 Rho x Nucleus Dinner [HIDDEN]; 9/24 Rho Lounge [HIDDEN]; 9/19/24 - NextNYC Coffee Meetup; 9/13/24 - Primary Wellness [HIDDEN]; 9/11/24 - Primary Pre-seed Summit [HIDDEN]; 9/25/24 - South Park Common Dinner [HIDDEN]; 9/27/24 - Founder/Investor breakfast [HIDDEN]; 9/25/24 - Yankees Game [HIDDEN]; 9/25/24 - Thrive [HIDDEN]; 10/3/24 - Reverse VC Night [HIDDEN]; 10/8/24 - Lunch and Learn w/Andy [HIDDEN]; 9/19/24 - ERA Happy Hour [HIDDEN]; 10/8/24 - Founder Roundtable [HIDDEN]; 9/26/24 - Series A Founder Lunch [HIDDEN]; 9/4/24 - Inside Antler [HIDDEN]; 9/20/24 - Tech breakfast social [HIDDEN]; 9/24/24 - Climate Week Founder Dinner [HIDDEN]; 9/18/24 - Hot 100 AI Conference [HIDDEN]; 10/10/24 - Inside Naya [HIDDEN]; 10/9/24 - Lynx Founder Dinner [HIDDEN]; 10/15/24 - How to Ask Event [HIDDEN]; 10/15/24 - Lynx Startup Summit [HIDDEN]; 10/16/24 - Lowenstein Dinner [HIDDEN]; 10/17/24 - Lynx Female Founder Event [HIDDEN]; 10/15/24 - Oceans Dinner [HIDDEN]; 10/15/24 - Lynx Summit Reception [HIDDEN]; 10/17/24 - NextNYC Coffee Meetups [HIDDEN]; 10/16/24 - Geek VC event [HIDDEN]; 10/21/24 - Antler Humming Puppy Event [HIDDEN]; 10/23/24 - Niural Finance Dinner [HIDDEN]; 10/23/24 - Checkwriters event [HIDDEN]; 10/23/24 - Antler Austin Dinner [HIDDEN]; 10/28/24 - Intuit Connect [HIDDEN]; 10/27/24 - AF Fund Dinner [HIDDEN]; 10/29/24 - Fundraising Pitch Deck Workshop Lynx [HIDDEN]; 10/24/24 - October to Remember Gala [HIDDEN]; 10/29/24 - Inside Harlem Capital Lynx [HIDDEN]; 11/5/24 - Fintech Fireside w/ Precursor Ventures [HIDDEN]; 10/30/24 - Harvard Founders Dinner [HIDDEN]; 10/29/24 - FATE Happy Hour [HIDDEN]; 10/28/24 - AFA Summit [HIDDEN]; 11/6/24 - Makis and Martinis [HIDDEN]; 11/6/24 - B2B Founders Fundraising Dinner (Lynx) [HIDDEN]; 11/12/24 - Inside Greycroft (Lynx) [HIDDEN]; 11/18/24 - Inside Venture Collective (Lynx) [HIDDEN]; 11/14/24 - Fondo Dinner [HIDDEN]; 11/20/24 - LC NYC AI Night [HIDDEN]; 11/21/24 - SuperMomos founder breakfast [HIDDEN]; 11/13/24 - SaaS vs AI Betaworks/Autoplay [HIDDEN]; 11/21/24 - Bridge VC Dinner [HIDDEN]; 12/3/24 - AI Founder and Operator Breakfast; 12/3/24 - Inside J2 (Lynx); 12/5/24 - Fondo Fly Fish Event; 12/4/24 - VCBM x Carta x Rho Dinner; 12/10/24 - AY Holiday Tech Breakfast; 12/10/24 - Rho x Nucleus Othership Event; 12/11/24 - Rho x AY Othership Event; 12/9/24 - DCPA Bowling Social [HIDDEN]; 12/10/24 - DCPA Private Dinner [HIDDEN]; 12/12/24 - Inside Primary Ventures (Lynx); 12/14/24 - Exceptional Capital Demo Day; 12/18/24 - 186 Ventures Dinner; 12/12/24 - Lvl Up Holiday Party [HIDDEN]; 12/19/24 - Resident Lunch [HIDDEN]; 1/10/25 - SF 529 YC Party; 1/7/25 - Inside: Forum Ventures (Lynx); 12/12/24 - Furey Dinner [HIDDEN]; 1/9/25 - Katya Kohen Lunch [HIDDEN]; 1/9/25 - NY Morning Yoga W/ Shanti House; 1/9/25 - NY Whisky Tasting with Firstmark; 1/15/25 - NY Rho x MS Event; 1/17/25 - Katya Kohen Lunch [HIDDEN]; 1/22/25 - SF Afore Mixer; 1/18/25 - SF Founder Walk; 1/15/25 - NY Lynx Mixer; 9/17/24 - AI Founder Social; 9/18/24 - Block Haus; 9/26/24 - Techstars HH; 10/11/24 - AI Digital Twins event; 1/22/25 - NY Lynx Fundraising Dinner [HIDDEN]; 1/23/25 - NY NextNYC Coffee Meetup [HIDDEN]; 1/22/25 - NY Span VC Dinner [HIDDEN]; 1/22/25 - Katya Kohen Breakfast [HIDDEN]; 1/23/25 - SF AI Agent SignalFire dinner [HIDDEN]; 1/22/25 - NY Alumni Ventures Event [HIDDEN]; 1/26/25 - NY AY Othership Event [HIDDEN]; 1/27/25 - SF District event [HIDDEN]; 1/28/25 - SF Supermomos breakfast; 1/21/25 - SF FIF Collective Events San Francisco [HIDDEN]; 1/29/25 - NY Accountant Wellness Othership [HIDDEN]; 1/28/25 - NY AY Platinum Party [HIDDEN]; 1/31/25 - NY AY Founder Breakfast Club; 2/1/25 - Accountant Program: Knicks v. Lakers [HIDDEN]; 1/21/25 - BDO Alliance January NYC Area Meeting [HIDDEN]; 2/3/25 - SF Swift VC Dinner; 1/29/25 - NY Founders and Funders Casino Night; 2/6/25 - SF Pizza and Poker Night; 2/6/25 - SF Pizza and Poker Night with Afore [HIDDEN]; 2/6/25 - NY Founders Lunch [HIDDEN]; 2/7/25 - SF Socap.ai Founder Dinner; 2/10/25 - SF Fondo Dinner; 2/5/25 - SF AI Founder and VC Networking; 2/5/25 - NY VC Winter Gathering Lynx; 2/11/25 - SF Murray Private VC/Dinner for 10; 1/30/25 - NY Primary VC Awards [HIDDEN]; 2/12/25 - NY Tacos and Term Sheets Lunch (Lynx); 2/26/25 - SF YC Founder Dinner; 2/12/25 - NY Harvard Business Dinner; 2/13/25 - SF The Winning Play speaker event; 2/17/25 - SF Parallel Dinner; 2/18/25 - NY Future of AI Dinner w/ AY; 2/19/25 - NY Consumer Builders Dinner w/Z; 2/19/25 - NY Inside Bowery Capital (Talk & Lunch) Lynx; 2/19/25 - NY February Founder's Sauna Club w/AY; 2/20/25 - NY Coffee Meetups NextNYC; 2/20/25 - NY Founders and Funders Poker Night; 2/19/25 - NY Flybridge Panel; 2/20/25 - SF Founders Poker Night Hosted by Rho & Embra; 2/22/25 - SF Barry's Burn Class; 2/24/25 - NY Parallel Dinner; 2/25/25 - NY Post Exit Founder Fireside Chat; 2/28/25 - NY Founder Breakfast Club (AY x Rho); 2/21/25 - SF Private Founder Michelin Star Dinner; 2/26/25 - NY B3B Founders & Investors Lunch (Lynx); 2/27/25 - NY Politics of Fintech Innovation Summit (Lynx); 2/27/25 - NY Wellness Event for Founders (Shanti House); 2/25/25 - SF Tuerpentine Happy Hour; 2/28/25 - SF Fintech Investors & Founders Dinner; 2/27/25 - SF Menlo Ventures Poker Night; 2/28/25 - NY Friday Founder Happy Hour; 2/28/25 - SF Founders Inc Poker Night [HIDDEN]; 3/3/25 - SF Turpentine Coworking; 3/4/25 - SF Founder Poker Night; 3/4/25 - NY Interplay x Rho Dinner; 3/5/25 - NY March NYC Founders/Investors Lunch (Lynx); 3/6/25 - NY SxSW Happy Hour Kickoff - by Rho, Navan & A/F Fund; 3/6/25 - SF MOSA Dinner; 3/25 - SXSW; 3/4/25 - NY Veridical/Punch Financial/Rho Dinner; 3/6/25 - Austin Private Founder Michelin Star Dinner (Pre-SXSW); 3/6/25 - Austin SxSW Happy Hour Kickoff - by Rho, Navan & A/F Fund; 3/4/25 - NY CheckWriters event with NextNYC; 3/9/25 - SF Founder Paintball; 3/10/25 - SF Dropout Founder Dinner; 3/11/25 - LV HumanX Dinner; 3/11/25 - SF Dinner Series: Early Stage Dinner w/OG; 3/11/25 - Austin SXSW Rooftop Tech Mixer; 3/11/25 - Austin AI Coworking @ Antler ATX during SXSW; 3/8/25 - Austin Founder TechWalk SXSW Edition | Sponsored by Rho; 3/8/25 - SF Padel Event; 3/8/25 - Austin Mozi SXSW; 3/9/25 - Austin The Prelude at Lumos House SXSW; 3/14/25 - Austin Rho x Parallel Founder Poker & Pizza Night SXSW; 3/15/25 - SF Founder Paintball; 3/8/25 - Austin Small Business, Big Journey Ranch Party; 3/14/25 - SF YC Founder Happy Hour; 3/17/25 - NY The Future of AI in Marketing Dinner; 3/11/25 - Austin Responsible AI Investors Event SXSW; 3/17/25 - SF Founder Pizza Night; 3/18/25 - SF Nirual x Rho Poker Night; 3/19/25 - SF AI CRM EF Panel; 3/20/25 - NY Coffee Meetup NextNYC; 3/19/25 - NY Early Stage Founders Drinks and Bites (Torch/Equal); 3/19/25 - NY Perplexity NEA SPC Rho Dinner; 3/20/25 - NY Book Talk and Reception; 3/20/25 - Boston Annual CEO Dinner with Alumni Ventures; 3/20/25 - SF Puzzle Gathering Event; 3/19/25 - NY MBA Ventures Event; 3/21/25 - NY Founder Breakfast with AY; 3/24/25 - NY PNP Cohort Dinner; 3/25/25 - LA Just Go Grind Podcast; 3/25/25 - LA Tax Season Recharge Dinner; 3/26/25 - NY AI Review Launch Series (Company Ventures); 3/26/25 - NY All In: Founder & Investor Poker Night (Lynx); 3/26/25 - NY Early Stage Builders Dinner (Comma VC & Lit VC); 3/26/25 - NY Nucleus Dinner; 3/26/25 - SF Longevity Dinner; 3/31/25 - NY Spa Day for Women Leaders in Accounting; 3/27/25 - LA Crew x Rho Dinner; 3/27/25 - SF Hardware Nation Hibachi Night; 4/1/25 - NY Poker Night with AY; 4/1/25 - NY How I raised my Seed with NextNYC; 3/28/25 - SF Founders Barry's Class; 3/31/25 - SF Afore Founder Showcase; 4/2/25 - NY Miss EmpowHer x Rho Private Dinner; 4/2/25 - NY Consumer Tech Founders & Investors Lunch (Lynx); 4/3/25 - NY Industry Drinks (Blackrock, TGV, Escalon); 4/1/25 - SF Founder Poker Night; 4/1/25 - SF Murder Mystery Event; 4/2/25 - SF SPC Poker Night; 4/2/25 - SF Inception Studio Dinner; 4/3/25 - SF Precursor Happy Hour; 4/8/25 - Boston Link Ventures Lunch and Learn; 4/8/25 - NY Lynx Startup Fundraising Summit; 4/8/25 - SF Evening at Home Founder Dinner; 4/8/25 - SF Founder TopGolf Event; 4/9/25 - Boston Founder Dinner (Link Ventures); 4/9/25 - NY Rho x Aprio Dinner; 4/3/25 - SF SPC x Together AI Dinner; 4/9/25 - SF CMU Happy Hour; 4/10/25 - NY Founder and Funder Wine Tasting w/640 Oxford; 4/11/25 - SF Savant Dinner; 4/10/25 - SF Puzzle Dinner; 4/11/25 - SF District Poker Night; 4/14/25 - NY Dinner & Drinks: Founders & Friends; 4/15/25 - NY Test Event [HIDDEN]; 4/15/25 - NY Dream Ventures Welcome Gathering W/Rho; 3/7/25 - Austin SXSW Last Call Event; 4/16/25 - NY Valli Ventures Founders Supper Society; 4/16/25 - NY Span Ventures: a Monthly Dinner: Early Entrepreneurs and Investors; 4/16/25 - SF Signal Fire Poker Night; 4/1/25 - NY Inspired Happy Hour; 4/17/25 - SF SPC Graduation Happy Hour; 4/17/25 - NY Glimpse Series A Launch Party; 4/17/25 - NY Coffee Meetups (NextNYC); 4/17/25 - Boston Early Stage Founder Dinner (MGMT); 4/17/25 - SF AI Happy Hour w/ Zencoder; 4/22/25 - NY (Lynx) Connect & Capitalize Mixer; 4/22/25 - SF Founder Spring Social Event; 4/23/25 - SF Vertical AI Happy Hour; 4/22/25 - NY SMB Builders Summit; 4/22/25 - NY TechStars Boston Event; 4/23/25 - NY Founder Breakfast (AY x GV x Rho); 4/24/25 - SF Townstrides Dinner; 4/24/25 - NY Fintech Week Dinner - hosted by Rho, Pathlight, and Quinnovation; 4/24/25 - NY PE Platform Dinner [Hosted by Rho, PIKA, & Avoca]; 4/23/25 - NY Rho x NVIDIA | AI Founder & Investor Dinner; 4/23/25 - NY Consumer App Dinner; 4/23/25 - NY NextNYC Checkwriters; 4/25/25 - NY Accountant 2 Movie Screening; 4/25/25 - Scottsdale AF Fund Demo Day; 4/29/25 - NY Test 1; 4/30/25 - SF Test 2; 4/29/25 - NY Founders Dinner (by FounderSquare & Rho); 4/29/25 - NY New AI Frontiers & A Hacker Night (Company Ventures); 4/29/25 - SF YC Poker Night; 4/30/25 - NY Harvard Business Dinner; 5/1/25 - Boston Rho x Clockwork: Post-Tax Season Recovery Dinner; 4/23/25 - NY Windmill x Rho Founder Dinner; 4/3/25 - NY Antler Dinner; 4/29/25 - Boston Harvard/VentureWorks Founder Dinner; 5/1/25 - SF Supermomos Breakfast; 5/1/25 - SF Menlo + Neon Poker Night; 5/1/25 - SF Founders in Stealth; 5/2/25 - SF Vently Happy Hour; 5/2/25 - NY Coconut VC - Highline Dinner; 5/2/25 - NY Oceans x Harvard Ventures Dinner Party; 5/3/25 - SF Founder Plunge Party; 5/6/25 - SF Stripe Sessions After Party; 5/7/25 - SF Eclipse Dinner; 5/7/25 - NY Angel Hive x Rho Founder's Dinner; 5/7/25 - NY Founders and Models Event; 5/8/25 - NY After Hours Cafe w/ Verci; 5/8/25 - Boston Startup Dinner; 5/7/25 - NY FirstHand VC & Fidelity AI Dinner; 5/8/25 - SF Inception Dinner; 5/20/25 - San Diego Firm Growth Forum 2025 [HIDDEN]; 5/5/25 - SF Kindred Ventures Retreat; 5/10/25 - SF Alchemist Alumni Dinner; 5/11/25 - SF Founder Friends; 5/12/25 - Boston Port.co Dinner; 5/12/25 - NY Rho x Stage 2 Shuffle Event; 5/13/25 - NY Salon Dinner w/Movi; 5/13/25 - SF Manufacturing AI Dinner; 5/15/25 - SF Canadians in Tech; 5/8/25 - NY Steer Event; 5/16/25 - SF Founder Shabbat; 5/16/25 - NY Rho Partner Program Hosts: Yankees vs. Mets; 5/16/25 - NY World Series of Poker with FirstMark; 5/18/25 - SF Off Chart Boat Day; 5/20/25 - NY YC Founder Dinner w/Contour; 5/4/25 - LV BDO Evolve; 5/20/25 - SF Climate Hardware Tech Mixer; 5/27/25 - Orlando Aprio Alliance Summit; 5/21/25 - NY Demo Night with Company Ventures; 5/22/25 - NY Sip and Network W/ Rings AI; 5/21/25 - SF SPC Poker; 5/22/25 - SF Signal Fire, OpenAI, Langflow Trivia; 5/22/25 - Boston Cambridge Catalyst Dinner; 5/23/25 - SF Paraform Pingpong Event; 5/21/25 - SF (Attending) Inception Studio Demo Day; 5/27/25 - NY Annual Alumni Ventures NYC CEO Dinner; 5/27/25 - SF Delve YC Dinner; 5/28/25 - NY Founder Breakfast with Michael & Kass Lazerow, Buddy Media Founders (Red Sea Ventures); 5/28/25 - NY Early-Stage Founder Dinner [Hosted by Rho & Nodes]; 5/28/25 - SF Parallel Fireside Chat; 5/29/25 - SF OddBird VC Vertical AI Dinner; 5/29/25 - NY Founders Dinner w/Rho & Puzzle; 5/31/25 - SF DepthVC + Menlo Founder/VC Brunch; 6/2/25 - NY Consumer AI Breakfast Lightspeed Venture Partners, SPC and Rho; 6/3/25 - NY NYTW VC/Founder Coffee Meetups; 6/3/25 - SF Obvious Ventures Dinner; 6/3/25 - NY Bytes and Bites [Stage 2]; 6/3/25 - NYC Reimagined Tech Week Event; 5/13/25 - NY Pepper x Rho: Founder and Fire; 6/4/25 - NY NYTW VC/Founder Coffee Meetups; 5/30/25 - SF Beatoven Event; 6/4/25 - SF B2B Founder Poker Night; 6/4/25 - SF Early Stage Founder Mixer; 6/5/25 - SF Afore Capital TopGolf; 5/10/25 - NY BBVC Presents, A Monthly Dinner focused on B2B Saas; 6/4/25 - NY MIT/Harvard Founder NYTW Event; 6/6/25 - NY Rho Box at Yankee vs. Red Sox #NYTechWeek; 6/5/25 - NY VC/Founder Meetups NYTW; 6/7/25 - NY VC/Startup 4x4 Basketball Tournament; 6/1/25 - NY Hatch House Welcome Dinner; 6/2/25 - NY Late Night Cafe @Soma [Hatch House]; 6/11/25 - NY Fizz x Rho x VSC - Consumer Tech is Dead Dinner; 6/12/25 - NY Founder Ascent [Rho x Menlo Ventures]; 6/10/25 - SF Healthcare Founder Dinner with Susa Ventures; 6/11/25 - SF E14 Dinner; 6/12/25 - SF x25 Post Demo Day Detox; 6/12/25 - SF Epakon YC Dinner Founder; 6/12/25 - SF GRIT Conference; 6/13/25 - SF Highline x Revyl Michelin Dinner; 6/13/25 - SF Cerebral Valley x25 After Party; 6/16/25 - NY Pre-Seed/Seed Founder Dinner - Truffle Pig x Rho; 6/18/25 - SF Valli Ventures Launch; 6/18/25 - SF Apollo Founder Dinner; 6/19/25 - SF Persian Founder VC Event; 6/11/25 - NY Lerer Hippeau Summer Party; 6/20/25 - SF Pioneer Fund Celebration; 6/21/25 - SF Pride Luncheon; 6/21/25 - SF Quille Yacht Party; 6/23/25 - NY Building for Critical Industries Founders Dinner BAIN x SPC x Rho; 6/23/25 - NY Comma Capital x Turmerik.ai x Rho Dinner; 6/16/25 - NY Founder Dinner [hosted by Rho x CrowdVolt]; 6/17/25 - Boston Biotech Founders Dinner | Hosted by MDSS, TurmerikAI & Rho; 6/17/25 - NY Founder Ideas Dinner [Hosted by Rho, NEA, and Stripe]; 6/23/25 - NY Founder, Funder & Allocator Dinner (hosted by Papa Bear Ventures & Rho); 6/24/25 - NY Top Fund Dinner [Hosted by Rho & Coolwater Capital]; 6/26/25 - NY Founder Breakfast (Hosted by Andrew x Rho); 6/25/25 - SF SCALE Sales Motion Event; 6/25/25 - SF Art + Design Mixer w/ Capital F and True Ventures; 6/25/25 - NY Checkwriters Event with NextNYC; 6/25/25 - NY Founder Dinner [hosted Rho x Colle Capital]; 6/25/25 - SF CRED Poker + Dinner; 6/26/25 - NY Rho x Workhouse Founder Happy Hour; 6/26/25 - NY Female Founder Dinner in Boston [Hosted by Rho & Transcending Glass]; 6/27/25 - SF s25 Pre Batch Ping Pong Night; 6/28/25 - SF Rally with Rho; 7/1/25 - NY Founder Dinner [Hosted by Rho x FoundHer House]; 7/1/25 - SF Canada Day BBQ; 6/30/25 - NY Startup CPG Dinner; 7/9/25 - NY Demo Night with Company Ventures; 7/10/25 - SF AI Founders GTM Dinner; 7/22/25 - Denver Bridging the Gap; 7/11/25 - SF Rho x Delve Pingpong Event; 7/10/25 - NY Founder Dinner [Hosted by Rho x Afore x FirstMark]; 7/12/25 - SF La Famila Reunion; 7/15/25 - NY SPANVentures. presents, The Portfolio Roundtable; 7/15/25 - NY Hatch House - Co-Founder & Team Matching Mixer with Female Engineers and Founders; 7/15/25 - Boston Summer founder gathering hosted by Rho and Pillar VC; 7/15/25 - Boston Women Tech Meetup TechCrunch All Stage; 7/15/25 - SF Comma VC Healthcare Founder Dinner; 7/15/25 - SF Rho Early Stage VC Community Dinner; 7/16/25 - NY Founder Breakfast Hosted by B_rderless; 7/16/25 - SF DepthVC B2B Founder Dinner; 7/16/25 - NY Movi Dinner; 7/16/25 - SF Rho X Capital Collective VC Dinner; 7/16/25 - SF Rep Event: Founder Dinner with Tannagram x Rho; 7/17/25 - SF Greylock x Afore Founder Dinner; 7/17/25 - SF Rep Event: Suds Dinner; 7/17/25 - NY Coffee Chat with NextNYC; 7/22/25 - NY Let's Break Bread Dinner [Hosted by Span VC]; 7/22/25 - NY Junto Founder Dinner (Hosted by AY & Friends); 7/22/25 - NY Bouquet Making + Pastry Night with Founders; 7/22/25 - SF InnoCrew Robotics + Hardware Founder Dinner; 7/22/25 - SF AI Founder Dinner @1097; 7/22/25 - SF Eragon AI Poker Night; 7/22/25 - Boston Founder Dinner [Hosted by Rho x Augmentation Lab x Link Ventures]; 7/24/25 - NY Fintech Dinner [hosted by Blox]; 7/23/25 - SF Antler Founder Dinner; 7/23/25 - SF J2VP Founder Mixer; 7/1/25 - SF EF Office Hours; 7/17/25 - SF Link Ventures Attendee List; 7/23/25 - NY Founder Dinner [Hosted by Rho, Afore Capital, & Primary Ventures]; 7/24/25 - SF Bee Partners x Defy VC Founder Dinner; 7/24/25 - SF UMich Alumni Dinner; 7/25/25 - NY Supermomos Private Founders Breakfast; 7/23/25 - SF Movi Partner Dinner; 7/24/25 - NY InnoCrew Breakfast for Founders; 7/25/25 - SF Rho House Send Off; 7/23/25 - NY Pace Capital Dinner; 7/28/25 - SF EF Summer Social Event; 7/22/25 - SF Sherwood Bday; 7/26/25 - NY Collective Basketball Tournament; 7/28/25 - NY Founder Wellness: take the plunge with the collective; 7/29/25 - NY Emerging Managers + Founders: Amalfi Rooftop Cocktail Hour; 7/29/25 - NY Founder Dinner Series w/ Coeus Collective; 7/29/25 - SF Rep Dinner: Prompting Co; 7/29/25 - SF MIT/Harvard Mixer - Link Ventures; 7/30/25 - SF Rep Event: Madrona VC Event; 7/30/25 - SF Rep Dinner Revyl x Rho; 7/28/25 - SF EF Lunch; 7/30/25 - SF MIT/Harvard Link Ventures Dinner; 7/30/25 - NY Founder Poker Night with Keel; 7/31/25 - SF Grace Gong x Rho SF Founders & VC dinner; 7/30/25 - NY A Celebration of Women in Accounting | Withum, Rho & Fintech is Femme; 7/31/25 - SF Supermomos Founders Breakfast; 8/1/25 - NY VC Knockout_ Female VC Boxing Spectacular; 7/31/25 - SF E14 Founder BBQ; 7/31/25 - SF Veris AI Mixer; 8/4/25 - NY E14 BBQ; 8/5/25 - SF Turing House Dinner; 8/6/25 - SF Founders in Motion Dinner; 8/5/25 - NY Also Capital Dinner; 8/6/25 - Boston Pillar x Rho Red Sox Box; 8/5/25 - SF Summer of Rho x Human Behavior Swag Drop; 8/6/25 - NY Gen AI Happy Hour [Hosted by Rho]; 8/6/25 - SF The General Party; 8/7/25 - SF 125th Hardware Meet Up; 8/6/25 - SF Unusual Ventures Dinner; 8/7/25 - NY Early-Stage Poolside Founder Event [Hosted by Rho & Charge VC]; 8/7/25 - NY Deep Tech Founder Dinner [Hosted by Rho x HAUS]; 8/8/25 - NY Founder Breakfast Club (Hosted by Andrew x Rho); 8/8/25 - SF Entelligence Launch; 8/7/25 - SF Rho x Columbia Founder/VC Wine Tasting; 8/8/25 - SF Sigma Poker Night; 8/8/25 - NY Summer of Rho Accountant Happy Hour List; 8/13/25 - SF The Drop In: Morning Yoga; 8/13/25 - NY Founders & Models #2; 8/13/25 - NY The Million Dollar Mixer [Hosted by Rho x NYC B2B x Afino]; 8/13/25 - SF The Drop In: Supper Club; 8/13/25 - SF The Drop In - Panel; 8/13/25 - SF NextEra x USVP Founder Dinner; 8/13/25 - SF Rho x YC Lunch; 8/13/25 - SF Afore Hours; 8/14/25 - SF The Drop In Supper Club; 8/14/25 - SF The Next in Hardware Dinner; 8/14/25 - SF The Drop In Morning Yoga; 8/14/25 - SF The Drop Panel; 8/14/25 - SF InnoCrew Founder Dinner; 8/14/25 - NY Founder Rooftop Happy Hour [Hosted by Rho & Warp]; 8/13/25 - NY N(YC) Founder Happy Hour; 8/4/25 - SF Internpalooza; 8/12/25 - SF Aprio Founder Box; 8/14/25 - SF RTP Global Founder Dinner; 8/16/25 - SF HYBRD Founder Workout; 8/14/25 - NY ERA Happy Hour; 8/17/25 - NY [No Pitch Series] Monster Trucks with RRE Ventures; 8/18/25 - Boston The AI Collective Boston _ How Leaders in AI View AI Agents; 8/19/25 - NY AI Founders Supper Club (Hosted by The AI Furnace); 8/19/25 - NY Founder Dinner [Hosted by BVP, Afore & Rho]; 8/20/25 - LA Speedrun x Rho Event; 8/21/25 - NY Founder Dinner [Hosted by Rho x Workhouse]; 8/21/25 - NY Founder Dinner [Hosted By Rho & OneSixOne Ventures]; 8/19/25 - SF AI Design Summit; 8/21/25 - SF YC Lunch; 8/21/25 - SF HustleFund Founder Retreat; 8/22/25 - SF Summer of Rho Founder Beach Club; 8/27/25 - SF YC Pingpong - promptingco; 8/27/25 - SF Position VC Founder Dinner; 8/27/25 - SF Virta Ventures Happy Hour; 8/16/25 - NY Brderless x Rho Founder Breakfast; 8/26/25 - NYC Founder Dinner [Hosted by Rho & Bright Ventures]; 8/27/25 - NY Founder & Friends Dinner [Hosted by Rho & The Nucleus Network]; 8/27/25 - NY US Open; 8/28/25 - NY Charcuterie & Shop (Phia x Foundess); 8/28/25 - NY Highline Michelin Star Dinner NY - George Munguia; 8/30/25 - NY WeFit Labs Presents_ Health is Wealth; 9/3/25 - NY HBS MS/MBA Welcome & Welcome Back - (Rho x Underscore); 9/4/25 - SF The General Party Mixer; 8/27/25 - LA B Capital x Rho Summer Friday Mixer; 9/8/25 - SF Broadshade Investments Founder Dinner; 9/8/25 - NY Early Stage Founder Poker Night [Hosted by Rho x Plug N Play]; 9/8/25 - NY CPG Founder Dinner [Hosted by Rho x Lucky Ox]; 9/9/25 - NY PuttShack Event with Techstars; 9/9/25 - NY Crème de la Tech dinner; 9/10/25 - SF s25 Pioneer Fund Recharge; 9/10/25 - NY Unlock Capital Founders & Funders Mixer; 9/10/25 - NY Immigrant Founder Dinner [Hosted by Rho x Imera]; 9/10/25 - NY Gavin Boston Founder Dinner [Hosted by Rho]; 9/11/25 - NY CT Capital Portfolio Dinner Hosted by Contrarian Thinking Capital and Rho; 9/13/25 - SF Cherry Founder Boat Party; 9/15/25 - NY Back to School Mixer [Hosted by Rho & Link Ventures]; 9/16/25 - NY Junto Founder Dinner (Hosted by Andrew & Friends); 9/16/25 - SF Highline Founder Dinner; 9/17/25 - SF Early Stage VC Dinner; 9/17/25 - SF EchoHer Founder Dinner; 9/17/25 - SF Burnt Launch Celebration; 9/17/25 - NY StartX & Standford Alumni Breakfast; 9/18/25 - NY Early-Stage Female Founders x Funders and Antler, Rho, and Apollo; 9/8/25 - NY Inspired Capital x Palantir Startup Program Cocktails; 9/16/25 - NY Celebration of Women in Accounting Wiss; 9/18/25 - NY Founder_Builder Dinner [Hosted by Rho & Link Ventures & Maverick Ventures]; 9/18/25 - SF Sempervirsen Founder Dinner; 9/18/25 - NY AI Café Featuring Sweet; 9/18/25 - SF Pally Poker night; 9/16/25 - NY Accountants - Great Food, Drinks & Vibes!; 9/19/25 - SF 2T Quantum Founder Dinner; 9/22/25 - NY Padel Tournament [Hosted by Rho x Signalfire x Lerer Hippeau]; 9/23/25 - NY Founder Dinner [Hosted by Rho x Draper House]; 9/23/25 - NY CEO Dinner at Lumos House; 9/23/25 - SF Afore Portfolio Showcase; 9/23/25 - SF Rho Founder Dinner; 9/24/25 - NY Early-Stage Founder Dinner in NYC [Hosted by Rho x Nexus Venture Counsel]; 9/24/25 - Boston C-House Dinner Lead List; 9/24/25 - NY City Light Capital Climate Adaptation- Moving to Action; 9/24/25 - NY Checkwriters Event with NextNYC; 9/24/25 - SF Series A Founder Dinner; 9/25/25 - SF Engineering Leader Dinner w/ NEA; 9/17/25 - NY Vertical sass founder & operator dinner [hosted by Rho x Torch Capital]; 9/17/25 - NY Outlander VC Dinner; 9/26/25 - SF Augmentation Labs Founder Dinner; 9/28/25 - SF YC Puppy Yoga; 9/29/25 - Boston AI Week Founder Dinner [Hosted by Rho, Founder Collective, & Glasswing VC]; 9/29/25 - Boston Founders & Funders Dinner at Mai Lead List; 9/30/25 - NY AI Founder Dinner [Hosted By Rho, Wing VC and Vine Ventures]; 9/30/25 - NY Female Founder & Friends Breakfast [Hosted by Rho, Red Sea Ventures, & Headline]; 9/25/25 - SF Movi Partners Dinner; 10/1/25 - SF Pally YC Coworking; 9/15-9/17/25 NY FounderCon; 10/1/25 - SF A Celebration of Women in Accounting | Fondo, Rho & Fintech is Femme; 10/2/25 - SF Pasta Making w/ Women Who Invest; 10/2/25 - SF Hardware Tech Dinner @ Westly Group; 10/2/25 - SF Rho x The Collective Founder Game Night; 10/2/25 - SF Candle Flame Mixer; 9/30/25 - NY Dream Ventures Dinner; 10/1/25 - NY Hardware Dinner; 10/1/25 - NY YC Founder Dinner [Hosted by Rho]; 10/2/25 - NY Founder Dinner [hosted by Rho & Cake Equity]; 10/2/25 - NY Founder Yoga + Happy Hour [Hosted by Rho & Exceptional Capital]; 10/4/25 - SF On the Green - Golf Event; 10/6/25 - NY Elpis Korean Founder Batch Dinner [Hosted by Rho]; 10/6/25 - SF TechWeek Founder TechWalk; 10/6/25 - SF SFTW: Female Founder Brunch w/ Capital Collective; 10/7/25 - SF SFTW Virio Breakfast; 9/30/25 - Boston AI & DeepTech Dinner hosted by 2048; 10/7/25 - SF SFTW Supermomos Breakfast; 10/7/25 - NY Span Ventures Dinner; 10/7/25 - SF SFTW Tech Week Dinner - Brycent x Rho; 10/7/25 - SF SFTW: Graham Walker GP Dinner; 10/8/25 - Boston Creators x Founders Dinner at Amber Road; 10/8/25 - NY YC Alumni & Friends Monthly #9 by Rho & NYC Founders Club; 10/8/25 - NY Founder Bowling Night [Hosted by Rho & Founder Institute]; 10/8/25 - SF SFTW: AIFounderShowcase; 10/8/25 - SF SFTW: 100 Women in AI Celebration; 10/8/25 - SF SFTW: Heavy Beats and Heavy Industries; 10/7/25 - SF SFTW Consumer AI Breakfast; 10/8/25 - SF A-Players x One Way Tea Ceremony Event; 10/9/25 - SF SFTW Consumer AI Founder Dinner - Afore x Forerunner; 10/9/25 - SF SFTW: Founder Flight Club; 10/9/25 - SF SFTW: AI Governance Panel; 10/9/25 - SF SFTW: EveryoneismovingtoSanFrancisco; 10/9/25 - NYC Supermomos Breakfast; 10/9/25 - NY Founder/VC Happy Hour [Hosted by Rho x Invest with Cherub x Seed28]; 10/10/25 - SF SFTW: Vega Connections; 10/10/25 - SF Manufacturing Week Happy Hour; 9/28/25 - Boston Fall 2025 Pitch Weekend ALL START-UPS; 10/3/25 - Boston Hackathon; 10/10/25 - SF SFTW: Harvard Founder Dinner; 10/14/25 - NY DAUs and Donuts: Growth & Consumer Tech Breakfast [Hosted by Charge VC & Rho]; 10/14/25 - LA LATW: DeepTechDefense Mixer w/ J2VP + Wilson Sonsini; 10/15/25 - Boston Startup Dinner; 10/14/25 - LA LATW: M13 x Speedrun B2B Mixer; 10/14/25 - NY V11 Consumer AI Dinner; 10/8/25 - SF SFTW: HustleFund Office Hours; 10/13/25 - Boston Soma Capital Dinner; 10/15/25 - NY AI Furnace Dinner; 10/14/25 - NY Daring Ventures VC Dinner; 10/14/25 - NY 2048 Biotech closing dinner; 10/9/25 - SF AI Café; 10/15/25 - SF IronSite x 8VC Founder Poker Night; 10/15/25 - SF Audacious Ventures Founder Dinner; 10/15/25 - LA LATW: AI Vertical SaaS Breakfast Panel; 10/15/25 - NY Puzzle Dinner; 10/15/25 - SF Rho Founder Dinner; 10/16/25 - NY NextNYC Coffee Chat; 10/16/25 - NY Breakfast with Trinet; 10/16/25 - Boston SBXI Dinner Lead List; 10/16/25 - SF Antler SF01 Family Dinner; 10/8/25 - SF SFTW: Antler Wellness Wednesday; 10/16/25 - SF Ergo Founder Dinner; 10/16/25 - SF V11 x Link Ventures Dinner; 10/16/25 - SF Sierra Investments + Bold Start Founder Dinner; 10/16/225 - NY RRE x Launch Yard Dinner; 10/14/25 - SF LATW: VC Hoops Tournament; 10/22/25 - Mesa, AZ Women Who Count; 10/20/25 - Boston SPC F-Prime & Rho Boston Event; 10/21/25 - NYC Shanti House Juice Bar Event; 10/21/25 - NYC PropTech Mixer [Hosted by Rho & Stackpoint]; 10/21/25 - NYC 0-1 Founder Dinner (Hosted by Andrew & Friends); 10/20/25 - NYC EmpowerHer: Own The Room Zoom Event; 10/17/25 - SF Drop Out Founder Mixer - Human Delta; 10/21/25 - SF Future of AI Dinner - M13 x Swift; 10/22/25 - SF Rep Dinner: Shirine; 10/21/25 - NYC EdTech Week CEO Social; 10/23/25 - SF Monday Girl x Rho Female Founder Sauna; 10/21/25 - SF VC Village Bay Area; 9/19/25 - SF F25 YC Pre Batch Alchemy Springs; 10/14/25 - LA Hustle Fund Portco Dinner; 10/23/25 - SF Chore x Rho Founder Dinner; 10/24/25 - NYC Founder Breakfast (Hosted by Fibe, GV, Rho); 10/24/25 - SF Canadian Diaspora Event; 10/24/25 - NYC VC Poker Night [Hosted by Rho & The Lang Center at Columbia Business School]; 10/23/25 - NYC Physical AI Dinner [Hosted by SPC & Outlander]; 10/10/25 - SF Harvard Ventures Dinner; 10/27/25 - SF EF Social Mixer; 10/27/25 - SF GSB VC Club Mixer; 10/27/25 - SF Wischoff Ventures Founder Dinner; 10/28/25 - SF Neuro x Topology VC Founder Dinner; 7/27/25 - LV Intuit Connect Partner Dinner; 10/29/25 - NYC Morpheus Dinner Lead List; 10/29/25 - NYC Monday Girl Dinner; 10/29/25 - Boston V11 x Link: AI Agents Dinner; 10/30/25 - NYC Founders Dinner at Tucci; 10/29/25 - Boston HBS Rho x Markit Dinner; 10/24/25 - NYC YC Dinner with Nova Flow; 10/24/25 - NYC SOGAL Breakfast; 10/29/25 - NYC Womensplain Event; 10/16/25 - NYC Voxxy Event; 10/29/25 - SF Hustle Fund Portco Dinner; 10/29/25 - NYC ERA Mentor + Founder Happy Hour; 10/26-10/29/25 - LV Intuit Connect; 11/5/25 - LA Cantos VC Dinner; 11/5/25 - SF Chemistry VC Founder Dinner; 11/5/25 - SF Beat Ventures x Pioneer Labs TopGolf; 10/26/25 -10/29/25 - LV Intuit Connect (Attendee Opt-In); 10/30/25 - NYC Friends in Funding [Hosted by Friend of a Founder x Rho]; 11/4/25 - NYC Headline Dinner; 11/5/25 - SF Savant Conference Mixer; 11/5/25 - SF Graham Walker Founder Day; 11/5/25 - SF YC & FRIENDS – PICKLEBALL; 11/6/25 - SF Choose Good Quests Private Dinner; 11/6/25 - SF Founders Table - Vesting x Rho; 11/6/25 - SF Symphony Concert [Hosted by Rho]; 11/6/25 - SF Outlander VC's Defense & Dual-Use Mixer; 11/6/25 - SF Outlander Private Dinner; 11/4/25 - NYC Stage 2 Capital Summit Happy Hour; 10/28/25 - SF Unshackled Ventures AGM 2025; 11/7/25 - SF Founder Dinner - Augmentation Lab x Rho; 11/7/25 - SF Vently Launch Party; 11/8/25 - SF Founder Workout Class - Rho x Fondo; 11/8/25 - SF Founders' Padel Meetup [Rho x District]; 11/8/25 - SF Yacht Party. Sunset. Alum of Y Combinators; 11/10/25 - LA Founder & Investor Lunch [Rho x Nucleus Network]; 11/11/25 - SF Early-stage Founder Dinner [Rho & HUMN]; 11/11/25 - SF Founder Dinner w- Sound Ventures x NEA x Anthropic; 11/11/25 - LA Founder & Investor Dinner [Rho x Alpha Edison x Act One Ventures]; 11/11/25 - SF The $2M Question - Webinar; 10/30/25 - NYC Super AI ML Summit 2025; 11/11/25 - NYC V11 x NYC: DeepTech Private Dinner; 11/12/25 - SF Rep Event (Andrea): Startup run club; 11/12/25 - SF Grace Gong x Rho x Turing Founders & VCs dinner; 11/12/25 - SF Sushi-Making Class [hosted by Rho x Kyber Knight]; 11/12/25 - SF The Most Exclusive SF Founders Dinner of All Time #2; 11/11/25 - LA CPG Founder Breakfast [hosted by Rho]; 11/12/25 - SF Founder Dinner [hosted by Rho x Bessemer Venture Partners]; 11/12/25 - NYC Collect & Connect by Vaultik x Rho; 11/12/25 - NYC AI Founders Supper Club (Hosted by The AI Furnace); 11/12/25 - NYC gen z founder friendsgiving; 11/13/25 - NYC Weird & Wonderful Cocktail Evening [Hosted by Rho x Banter Capital]; 11/12/25 - Boston Founder Game Night [Sean Robins & The Collective]; 11/12/25 - NYC Founder Breakfast Club (Hosted by Andrew x Rho); 11/14/25 - NYC Founders + Funders Breakfast [Hosted by Rho x Remedy]; 11/12/25 - SF Sierra x Rho VC Friendsgiving; 11/13/25 - SF Private ConTech Founder Dinner [Rho x GoBob]; 11/13/25 - SF Rep Dinner - Shirine - hosted by Rho x Persona; 11/13/25 - Boston dinner with C-house; 11/14/25 - NYC Simon Pastor Event; 11/17/25 - NYC Drinks and Bites with Correlation Ventures; 11/17/25 - NYC Founder Onboarding Dinner [Rho x Bytem x Loopini]; 11/17/25 - NYC The Rho Michelin Series; 11/14/25 - SF Deep Tech Founder Dinner [Rho x Outlander x Draper]; 11/15/25 - SF DECODE Post-Conference Dinner Attendees 2025; 11/17/25 - SF KyberKnight VC Dinner LA; 11/17/25 - SF Project E Founder Dinner; 11/18/25 - SF Shack15 Ventures DeepTech Dinner; 11/18/25 - SF Puzzle Founder Dinner; 11/19/25 - SF Scrappy Founders Go Karting - Guests; 11/19/25 - SF Founder TopGolf [hosted by Rho x Afore Capital]; 11/19/25 - NYC Junto Founder Dinner (Hosted by Andrew & Friends); 11/19/25 - Boston Founder Dinner [Rho x MGMT Boston]; 11/20/25 - SF Berkeley Founder + VC Mixer; 11/20/25 - SF Scrappy Founders Healthtech (femtech) Fundraising Roundtable; 11/20/25 - NYC next NYC VC/Founder Coffee Meetups; 11/20/25 - SF Healthtech (femtech) Fundraising Roundtable; 11/19/25 - SF Andrew Boos Founder Dinner; 11/19/25 - SF Rep Dinner (Shirine) - AWS Founder Dinner; 11/20/25 - NYC Founders Breakfast [Hosted by Rho x Project 2.8]; 11/20/25 - NYC Founders Dinner | Steam & Dreams; 11/20/25 - NYC The Rho Michelin Series; 11/18/25 - NYC Kanso x Rho: The Founders Table; 11/18/25 - NYC Snacks & Sips [Hosted by Rho x Girl Math Capital]; 11/21/25 - SF Afore Capital x AI Valley: Founder Poker Night; 11/21/25 - SF Pre-Game Happy Hour + Warriors Game; 11/22/25 - SF The Decision Upgrade - A YC Alumni Personal Offsite; 11/18/25 - NYC Breaking Barriers of VC Presents: A Founder Dinner; 11/23/25 - SF (Rep Event: Andrea) Tech Tee Times","false","false","false","false","false","false","Reed Marcus","Rollup property (1); Inbounddb lists (5); Automation platform flow (9); Integration (1); Sales view (31)","7.05%","11/22/25 3:54 PM EST","Salesforce"
"First Inbound Call","first_inbound_call","datetime","","salesforceinformation","true","","false","false","false","false","false","false","Reed Marcus","Sales view (8)","0.08%","",""
"First Meeting Created Date","first_meeting_created_date","date","","salesforceinformation","true","","false","false","false","false","false","false","Reed Marcus","Integration (1)","0.25%","11/23/25 1:25 AM EST","Salesforce"
"First Outbound Call","first_outbound_call","datetime","","salesforceinformation","true","","false","false","false","false","false","false","Reed Marcus","Properties v3 card (1)","2.36%","",""
"First Outbound Message","first_outbound_message","datetime","","salesforceinformation","true","","false","false","false","false","false","false","Reed Marcus","Properties v3 card (1)","0.04%","",""
"Lead Created Date","form_submission_date__c","date","","salesforceinformation","true","","false","false","false","false","false","false","Unknown user","Automation platform flow (3); Integration (1); Sales view (38); Properties v3 card (1)","65.25%","11/23/25 6:16 PM EST","Workflow"
"Funnel Stage","funnel_stage","enumeration","","salesforceinformation","true","Top; Middle; Bottom","false","false","false","false","false","false","Reed Marcus","Inbounddb lists (4); Automation platform flow (6); Report (10); Sales view (31); Dashboard (1); Properties v3 card (2)","95.99%","10/6/25 11:48 AM EDT","Workflow"
"Google Click ID","gclid__c","string","","salesforceinformation","true","","false","false","false","false","false","false","Unknown user","Sales view (6); Properties v3 card (1)","0.35%","8/8/25 2:39 PM EDT","CRM UI"
"Admin Record | GID Relationship","gid_relationship__c","string","","salesforceinformation","true","","false","false","false","false","false","false","Christopher Cooper","Inbounddb lists (2); Integration (1); Sales view (7)","1.39%","11/23/25 5:10 AM EST","Salesforce"
"Glencoco Dial Count - Last 30 Days","glencoco_dial_count__c","number","","salesforceinformation","true","","false","false","false","false","false","false","Unknown user","Integration (1)","0.01%","",""
"Glencoco Dial Count - All Time","glencoco_dial_count_all_time__c","number","","salesforceinformation","true","","false","false","false","false","false","false","Unknown user","Integration (1)","0.01%","",""
"Glencoco Last Activity","glencoco_last_activity__c","datetime","","salesforceinformation","true","","false","false","false","false","false","false","Unknown user","Integration (1)","0.01%","",""
"Glencoco Outcome","glencoco_outcome__c","enumeration","","salesforceinformation","true","Bad phone number; No pickups multiple attempts; Rejected by receptionist/gatekeeper; Intro rejected by decision-maker; Pitch rejected by decision-maker; Person data wrong; Not Qualified - Budget; Not Qualified - Authority; Not Qualified - Need; Not Qualified - Timing; Other; Meeting booked; Callback date set","false","false","false","false","false","false","Unknown user","Integration (1)","0%","",""
"Glencoco Test","glencoco_test__c","enumeration","","salesforceinformation","true","No (false); Yes (true)","false","false","false","false","false","false","Unknown user","Integration (1)","0.42%","",""
"Global Business ID","global_business_id__c","string","","salesforceinformation","true","","false","false","false","false","false","false","Unknown user","Form (1); Sales view (15)","0.01%","",""
"Google Click ID","google_click_id__c","string","","salesforceinformation","true","","false","false","false","false","false","false","Unknown user","Sales view (13); Properties v3 card (1)","0.64%","8/14/25 1:04 PM EDT","Import"
"Headcount","headcount__c","enumeration","","salesforceinformation","true","2-10; 11-50; 51-200; 201-500; 501-1000; 1001-5000; 5001-10000; 10001+","false","false","false","false","false","false","Unknown user","Integration (1); Sales view (3)","61.59%","11/23/25 5:11 PM EST","Salesforce"
" - OLD","how_did_you_first_hear_about_rho_","string","","salesforceinformation","true","","false","false","false","false","false","false","Reed Marcus","Form (2); Sales view (21)","0.01%","",""
"Inbound Submission Type","inbound_lead_type","enumeration","","salesforceinformation","true","Contact Sales Form (Contact Sales); Signup Page - Email Capture (Apply Now - Email Only); Signup Page - Name/Phone (Apply Now - Name/Phone); Meeting Booked Form","false","false","false","false","false","false","Reed Marcus","Sales view (14)","4.27%","",""
"Inbound Notes","inbound_notes","string","Notes on inbound form for SDR","salesforceinformation","true","","false","false","false","false","false","false","Reed Marcus","Form (57); Inbounddb lists (1); Automation platform flow (1); Email (1); Integration (1); Sales view (4)","0.06%","11/20/25 9:58 AM EST","Salesforce"
"Inbound SDR Notes","inbound_sdr_notes","string","Notes on inbound form for SDR","salesforceinformation","true","","false","false","false","false","false","false","Reed Marcus","Sales view (14)","0%","",""
"Inbound Signup Path","inbound_signup_type","enumeration","","salesforceinformation","true","Self-Serve; Contact Sales","false","false","false","false","false","false","Reed Marcus","Form (36); Automation platform flow (4); Integration (1); Sales view (68); Properties v3 card (2)","13.9%","11/23/25 6:11 PM EST","Forms"
"Industry","industry__c","string","","salesforceinformation","true","","false","false","false","false","false","false","Unknown user","Inbounddb lists (1); Automation platform flow (2); Integration (1); Sales view (12)","85.25%","11/23/25 6:38 PM EST","Integration"
"Initial MQL Date","initial_mql_date__c","date","","salesforceinformation","true","","false","false","false","false","false","false","Unknown user","","0.07%","3/11/25 5:50 AM EDT","Workflow"
"Initial Sequence Date","initial_sequence_date__c","date","","salesforceinformation","true","","false","false","false","false","false","false","Unknown user","Integration (1)","0%","",""
"Job Change Detected","job_change_detected__c","enumeration","","salesforceinformation","true","No (false); Yes (true)","false","false","false","false","false","false","Unknown user","Integration (1)","87.97%","11/23/25 6:28 PM EST","Salesforce"
"Job Change Detected Date","job_change_detected_date__c","date","","salesforceinformation","true","","false","false","false","false","false","false","Unknown user","Integration (1)","0.02%","5/13/25 1:46 PM EDT","Salesforce"
"Job Started Date","job_started_date__c","date","","salesforceinformation","true","","false","false","false","false","false","false","Unknown user","Integration (1)","0.02%","5/13/25 1:46 PM EDT","Salesforce"
"Key Partner Contact","key_partner_contact","enumeration","","salesforceinformation","true","Yes (true); No (false)","false","false","false","false","false","false","Katarina Lazic","Inbounddb lists (1); Integration (1); Sales view (8)","46.59%","11/23/25 6:28 PM EST","Salesforce"
"Last Call Completed","last_call_completed__c","date","","salesforceinformation","true","","false","false","false","false","false","false","Unknown user","Integration (1); Sales view (5); Properties v3 card (1)","5.79%","11/23/25 6:21 PM EST","Salesforce"
"Last Email Attempt","last_email_attempt","datetime","","salesforceinformation","true","","false","false","false","false","false","false","Reed Marcus","Sales view (3); Properties v3 card (1)","3.5%","7/3/24 9:42 AM EDT","Salesforce"
"Last Email Sent","last_email_sent__c","date","","salesforceinformation","true","","false","false","false","false","false","false","Unknown user","Integration (1); Sales view (9)","0.05%","",""
"Last Inbound Message","last_inbound_message","datetime","","salesforceinformation","true","","false","false","false","false","false","false","Reed Marcus","Sales view (27)","0.02%","",""
"Last Outbound Call","last_outbound_call","datetime","","salesforceinformation","true","","false","false","false","false","false","false","Reed Marcus","Sales view (3); Properties v3 card (1)","2.36%","",""
"Last Outbound Message","last_outbound_message","datetime","","salesforceinformation","true","","false","false","false","false","false","false","Reed Marcus","Properties v3 card (1)","0.04%","",""
"Latest Disposition","latest_disposition","string","","salesforceinformation","true","","false","false","false","false","false","false","Reed Marcus","Automation platform flow (3); Sales view (25)","1.65%","",""
"Lead Notes","lead_notes__c","string","","salesforceinformation","true","","false","false","false","false","false","false","Unknown user","Automation platform flow (1); Integration (1); Sales view (39)","0.41%","6/24/25 1:06 PM EDT","Salesforce"
"Lead Nurturing In Progress - Outreach Stage","lead_nurturing_in_progress___outreach_stage","enumeration","","salesforceinformation","true","Cold; Approaching; Working; Replied; Unresponsive; Do Not Contact; Bad Contact Info; Interested; Not Interested; Follow Up [HIDDEN]; Not Decision Maker [HIDDEN]; Bad Email [HIDDEN]; Opener/Pitch Rejected [HIDDEN]; Mark Finished [HIDDEN]; No Longer At Company [HIDDEN]; Bad Number [HIDDEN]; Bad Fit [HIDDEN]; Replied - Email [HIDDEN]","false","false","false","false","false","false","Reed Marcus","Automation platform flow (1)","14.45%","7/25/24 9:30 AM EDT","Workflow"
"Lead Reason","lead_reason__c","enumeration","","salesforceinformation","true","Website Get Started; Landing Page Form; Intercom; Content Download","false","false","false","false","false","false","Unknown user","Integration (1); Sales view (5)","0.02%","",""
"Lead Reason Detail","lead_reason_detail__c","enumeration","","salesforceinformation","true","General; Cards; AP; Expense Management; Banking/FX","false","false","false","false","false","false","Unknown user","Integration (1)","0.02%","",""
"Lead Source","leadsource","enumeration","","salesforceinformation","true","Calendly; Cold Outbound; Inbound; Intercom; Investor; Other; Partner; Partner Unpaid; Referral; Social; Warm Outbound; Events; Accounting; Sales; Marketing - General (Marketing); SDR; google [HIDDEN]; Seamless.AI [HIDDEN]; Apollo [HIDDEN]; Control Page Instapage [HIDDEN]; homepage [HIDDEN]; Facebook [HIDDEN]; blog_Q3_Rho_Roundup [HIDDEN]; Partner post-event page [HIDDEN]; kruzeconsulting [HIDDEN]; substack [HIDDEN]; signaturesatori [HIDDEN]; Crunchbase [HIDDEN]; newsletter [HIDDEN]; test [HIDDEN]; testing [HIDDEN]; evan [HIDDEN]; rho.co/sign-up [HIDDEN]; CapitalXYZ [HIDDEN]; Email [HIDDEN]; - [HIDDEN]; LinkedIn [HIDDEN]; BD [HIDDEN]; bankscom [HIDDEN]; BD (http://signup.rho.co/?utm_source=BD) [HIDDEN]; SaaSCFO [HIDDEN]; Partner Inbound; Partner Unpaid Outbound [HIDDEN]; Partner Outbound [HIDDEN]; Marketing - Inbound [HIDDEN]; Inform [HIDDEN]; Marketing_General (Marketing - General); Sales Outbound [HIDDEN]; Upsell; Paid Influencers; Sponsorships; Promotions; Birdie [HIDDEN]","false","false","false","false","false","false","Unknown user","Form (82); Inbounddb lists (4); Automation platform flow (24); Report (36); Integration (1); Sales view (119); Controlling conditional options field (4); Dashboard (1); Properties v3 card (4)","93.69%","11/23/25 6:12 PM EST","Workflow"
"Conversion Page","leadsource__c","string","","salesforceinformation","true","","false","false","false","false","false","false","Unknown user","Inbounddb lists (7); Automation platform flow (5); Report (1); Sales view (36); Properties v3 card (1)","11.43%","11/23/25 6:21 PM EST","Workflow"
"Status","leadstatus","enumeration","","salesforceinformation","true","New; Open; Attempting to reach; Contact Made; Meeting Set; Nurturing; Disqualified; Converted; MQL; Inbound (MQL) [HIDDEN]; Bounced; Contacted [HIDDEN]","false","false","false","false","false","false","Unknown user","Inbounddb lists (12); Automation platform flow (23); Report (8); Integration (1); Sales view (194); Data highlights card (1); Properties v3 card (3)","55.87%","11/23/25 6:28 PM EST","Salesforce"
"List Source","list_source__c","string","","salesforceinformation","true","","false","false","false","false","false","false","Unknown user","Integration (1)","6.32%","11/21/25 11:03 AM EST","Import"
"Manually update Origin Contact","manually_update_origin_contact__c","enumeration","","salesforceinformation","true","No (false); Yes (true)","false","false","false","false","false","false","Unknown user","","0.42%","",""
"marketing_consent","marketing_consent__c","enumeration","","salesforceinformation","true","No (false); Yes (true)","false","false","false","false","false","false","Unknown user","Inbounddb lists (14); Automation platform flow (3); Report (1); Integration (1); Sales view (8); Properties v3 card (1)","97.18%","11/23/25 6:29 PM EST","Workflow"
"Chili Meeting Type","meeting_type_cp","string","","salesforceinformation","true","","false","false","false","false","false","false","Reed Marcus","Automation platform flow (2); Integration (1); Sales view (22); Properties v3 card (3)","0.36%","11/21/25 2:15 PM EST","Salesforce"
"Mobile Phone","mobile_phone__c","string","","salesforceinformation","true","","false","false","false","false","false","false","Unknown user","Integration (1)","0.42%","2/3/25 11:31 AM EST","Salesforce"
"NAHB Active","nahb_active","enumeration","","salesforceinformation","true","Yes (true); No (false)","false","false","false","false","false","false","Reed Marcus","Integration (1)","97.16%","11/23/25 6:11 PM EST","Salesforce"
"Number of employees at firm","number_of_employees_at_firm","enumeration","","salesforceinformation","true","1 - 5; 6 - 25; 26 - 50; 51 - 100; 101 - 500","false","false","false","false","false","false","Unknown user","Form (1); Integration (1)","0.02%","11/21/25 11:33 AM EST","Forms"
"Number of Outbound Touches Last 30 Days","number_of_outbound_touches__c","number","","salesforceinformation","true","","false","false","false","false","false","false","Unknown user","Integration (1)","0.05%","",""
"Number of Outbound Touches All Time","number_of_outbound_touches_all_time__c","number","","salesforceinformation","true","","false","false","false","false","false","false","Unknown user","Integration (1)","0.05%","",""
"Employees","numberofemployees","number","","salesforceinformation","true","","false","false","false","false","false","false","Unknown user","Inbounddb lists (2); Automation platform flow (1); Sales view (13); Properties v3 card (1)","6.2%","4/14/25 3:21 PM EDT","Salesforce"
"Nurture Reason","nurture_reason__c","enumeration","","salesforceinformation","true","Unresponsive; Cleanup; Warm; Connected - Not Interested; Connected - Poor Timing; Connected - Hard No  (Connected - Hard No); Credit Disqualified  (Credit Disqualified); Timeline [HIDDEN]; Contact Details [HIDDEN]","false","false","false","false","false","false","Unknown user","Automation platform flow (2); Integration (1); Sales view (7); Properties v3 card (1)","14.31%","9/17/25 12:07 PM EDT","Salesforce"
"Nurture Reason Detail","nurture_reason_detail__c","string","","salesforceinformation","true","","false","false","false","false","false","false","Unknown user","Integration (1)","0.02%","10/15/24 9:36 AM EDT","Salesforce"
"Original Owner","original_owner","string","","salesforceinformation","true","","false","false","false","false","false","false","Reed Marcus","Automation platform flow (1); Report (1); Integration (1); Sales view (10)","1.76%","11/21/25 10:57 AM EST","Salesforce"
"Original ownership","original_ownership","string","","salesforceinformation","true","","false","false","false","false","false","false","Reed Marcus","Automation platform flow (1); Report (1); Integration (1); Sales view (1)","4.14%","11/23/25 1:33 AM EST","Salesforce"
"Originating Contact","originating_contact__c","enumeration","","salesforceinformation","true","No (false); Yes (true)","false","false","false","false","false","false","Unknown user","","0.42%","",""
"Other Email","other_email__c","string","","salesforceinformation","true","","false","false","false","false","false","false","Unknown user","Integration (1)","1.45%","11/21/25 8:00 PM EST","Salesforce"
"Actively being sequenced","outreach_actively_being_sequenced__c","enumeration","","salesforceinformation","true","No (false); Yes (true)","false","false","false","false","false","false","Unknown user","Automation platform flow (1); Integration (1); Sales view (32)","97.18%","11/23/25 6:11 PM EST","Salesforce"
"Current Sequence ID","outreach_current_sequence_id__c","string","","salesforceinformation","true","","false","false","false","false","false","false","Unknown user","Integration (1)","0%","",""
"Current Sequence Name","outreach_current_sequence_name__c","string","","salesforceinformation","true","","false","false","false","false","false","false","Unknown user","Integration (1); Sales view (45)","27.18%","11/22/25 5:12 AM EST","Salesforce"
"Current Sequence Status","outreach_current_sequence_status__c","string","","salesforceinformation","true","","false","false","false","false","false","false","Unknown user","Integration (1); Sales view (5)","27.18%","11/22/25 5:12 AM EST","Salesforce"
"Current Sequence Step Number","outreach_current_sequence_step_number__c","number","","salesforceinformation","true","","false","false","false","false","false","false","Unknown user","Integration (1); Sales view (4)","27.08%","11/22/25 5:12 AM EST","Salesforce"
"Current Sequence Step Type","outreach_current_sequence_step_type__c","string","","salesforceinformation","true","","false","false","false","false","false","false","Unknown user","Integration (1); Sales view (1)","23.23%","11/22/25 5:12 AM EST","Salesforce"
"Current Sequence Task Due Date","outreach_current_sequence_task_due_date__c","datetime","","salesforceinformation","true","","false","false","false","false","false","false","Unknown user","Integration (1)","22.13%","11/22/25 5:12 AM EST","Salesforce"
"Date Added to Sequence","outreach_date_added_to_sequence__c","date","","salesforceinformation","true","","false","false","false","false","false","false","Unknown user","Integration (1)","0%","",""
"Finished Sequences","outreach_finished_sequences__c","string","","salesforceinformation","true","","false","false","false","false","false","false","Unknown user","Integration (1); Sales view (6)","23.12%","11/22/25 5:12 AM EST","Salesforce"
"Initial Sequence ID","outreach_initial_sequence_id__c","string","","salesforceinformation","true","","false","false","false","false","false","false","Unknown user","Integration (1)","0%","",""
"Initial Sequence Name","outreach_initial_sequence_name__c","string","","salesforceinformation","true","","false","false","false","false","false","false","Unknown user","Integration (1); Sales view (2)","0%","",""
"Outreach Lead ID","outreach_lead_id__c","string","","salesforceinformation","true","","false","false","false","false","false","false","Unknown user","Integration (1); Sales view (1)","8.75%","9/18/25 2:45 PM EDT","Salesforce"
"Number of Active Sequences","outreach_number_of_active_sequences__c","string","","salesforceinformation","true","","false","false","false","false","false","false","Unknown user","Integration (1)","0%","",""
"Number of Active Tasks","outreach_number_of_active_tasks__c","number","","salesforceinformation","true","","false","false","false","false","false","false","Unknown user","Integration (1)","0%","",""
"Outreach Stage","outreach_stage__c","enumeration","","salesforceinformation","true","Cold; Approaching; Working; Replied - Email; Unresponsive; Do Not Contact; Bad Email; Interested; Not Interested; Mark Finished [HIDDEN]","false","false","false","false","false","false","Unknown user","Inbounddb lists (1); Automation platform flow (4); Integration (1); Sales view (61)","29.86%","11/22/25 5:12 AM EST","Salesforce"
"Partner GID","partner_gid","string","","salesforceinformation","true","","false","false","false","false","false","false","Katarina Lazic","Form (1); Automation platform flow (1); Integration (1); Sales view (8); Properties v3 card (1)","0.01%","11/23/25 5:40 PM EST","Forms"
"Partner Status","partner_status","string","","salesforceinformation","true","","false","false","false","false","false","false","Katarina Lazic","Inbounddb lists (12); Automation platform flow (1); Report (2); Integration (1); Sales view (15); Properties v3 card (1)","1.29%","11/22/25 9:42 PM EST","Salesforce"
"PartnerStack Lead Key","partnerstack_lead_key__c","string","","salesforceinformation","true","","false","false","false","false","false","false","Unknown user","Automation platform flow (1); Integration (1); Sales view (9); Properties v3 card (1)","0.01%","9/17/25 4:04 PM EDT","Salesforce"
"PartnerStack Partner Key","partnerstack_partner_key__c","string","","salesforceinformation","true","","false","false","false","false","false","false","Unknown user","Form (15); Automation platform flow (1); Integration (1); Sales view (1); Properties v3 card (1)","0.12%","11/14/25 9:35 AM EST","Salesforce"
"PE-Backed?","pe_backed_","enumeration","","salesforceinformation","true","Yes (true); No (false)","false","false","false","false","false","false","Reed Marcus","Integration (1)","80.26%","7/4/25 12:56 PM EDT","Salesforce"
"Primary Inbound Channel (Legacy)","primary_lead_channel","enumeration","","salesforceinformation","true","Direct_Traffic (Main Website); Linkedin Ads; Google Ads; Facebook Ads; Gusto; Proxima; NAHB; Niural; CFMA; EPG; Construction LP (Construction); Morning Brew (Morning Brew LP); SaasCFO; CFO Dive; Capital XYZ; Youtube Ads; Youtube Organic; Linkedin Organic; Other Affiliates (Affiliates); Twitter Organic; Facebook Organic; Twitter Ads; Bing Ads; Email Campaigns; Google Search; Bing Search; Web Widget; Instagram Organic; Offline; Press; Zendesk; IEC; capchase; TaxTaker; Direct Signup Page (Direct Application); CFOLC West; EIC Conference; Spark; Other Events; Navan Referral (Navan); CFOLCW; Middle Market Week; Direct Mail; SMS; g2; Rho Banks NYC (NYC Startup); NerdWallet (Nerd Wallet); Deal Max; PEI; PE Whitepaper Download; IBS; IBS Event; Kruze Consulting; Merchant Maverick; Digital Honey; Relayfi; Fit small business; Startup Savant; Cb Insights; Money Mint; Startup NYC [HIDDEN]; The financial brand; Help Me Build Credit; Commerce Caffeine; Business Bank Guide (Business Banking Guide); Land-Book; Built In; Capterra; CFO Compensation Survey; Linkedin Ads - CFO Compensation; Linkedin Ads - PE Whitepaper; BestMoney; Startup Website Pop Up; Substack; Karbon; Chat Open AI; Banks.com; Navan - Landing Page Signup; Other; Friend; Facebook/Instagram; Twitter; Events (Event); Word of Mouth/Referral; TikTok; Fury; Antler; JustWorks (Just Works); Techpalooza; Ice Cream Truck; Sound Bath Event (Tech Week - Sound Bath); Pepper Event (Tech Week - Pepper); Techpalooza - At Event (Techpalooza - Event Signup); NYC Expedition; Antler Event (Tech Week - Antler); Lynx AI Demo Day; NextNYC; Workplace Event; Coffee Meetup; Bullet Pitch Event (Bullet Pitch); Cofound X Rho Event; Andrew Yeung (Andrew yeung); Engage 2024; Out of Home; Direct Traffic; Pickleball Event; ChatGPT; Brave Search; InterPrime; Fintech Labs; Haven; Puzzle; 1000 Banks; Computer Science Fair; Happy Hour Event; Breakfast Event; 186 Ventures Kickoff; NY Seed Round; Podcast Ads; Bridging The Gap; reddit; Firstbase.io; Opening Bell; Tech Crunch; Beehiiv; Nico Ferreyra; Eight Sleep Fall 2024; LvL Up Ventures; Thrive - Partner; Maera - Partner; Accountants Landing Page; Fintel; Katya Kohen; Andy Cloyd; Super Connector; Hifive; South Park Commons; City Light VC; Susa Ventures; Top of Funnel Nurture; On Deck Founders; Entrepreneur Ventures; Helena Gagern; AngelList; OnlyCFO; Blue Ridge Labs; Span Ventures; Exceptional Capital; MyTechCEO; Z Fellows (Z Fellow); Stackpack; Stack Pack [HIDDEN]; Capchase; Direct; Product Hunt; Parallel; Entrepreneur First; Roadrunner Venture Studios; FirstBase; Partner Affiliate","false","false","false","false","false","false","Reed Marcus","Form (67); Rollup property (1); Inbounddb lists (6); Automation platform flow (34); Report (78); Integration (1); Sales view (198); Dashboard (5); Properties v3 card (2)","7.39%","11/23/25 6:14 PM EST","Workflow"
"Primer ID","primer_id__c","string","","salesforceinformation","true","","false","false","false","false","false","false","Unknown user","","0.42%","",""
"Rating","rating","enumeration","","salesforceinformation","true","Hot; Warm; Cold","false","false","false","false","false","false","Unknown user","Integration (1)","0%","",""
"Old - ref","referrer___account","string","","salesforceinformation","true","","false","false","false","false","false","false","Reed Marcus","Sales view (2)","0.56%","10/7/25 10:01 AM EDT","Import"
"Referrer - text","referrer__c","string","","salesforceinformation","true","","false","false","false","false","false","false","Unknown user","Form (12); Inbounddb lists (1); Automation platform flow (5); Sales view (12); Properties v3 card (1)","0.95%","11/23/25 5:39 PM EST","Workflow"
"Referrer Lookup","referrer_lookup__c","string","","salesforceinformation","true","","false","false","false","false","false","false","Christopher Cooper","Automation platform flow (1); Integration (1); Properties v3 card (1)","0%","11/19/25 1:46 PM EST","Salesforce"
"Revenue Bucket","rev_bucket","enumeration","","salesforceinformation","true","<$1M; $1-10M; $10-50M; $50-100M; $100-500M; $500M+; $1-5M; $5-10M; $100M+;  ($0-$100K); $100K-$1M; $1M-$5M; $5M-$20M; $20M-$50M; $50M-100M; $100M-$500M; $500M-$1B; $1B+","false","false","false","false","false","false","Reed Marcus","Automation platform flow (1)","5.51%","11/23/25 5:38 PM EST","Workflow"
"~Sign Up Flow Estimated Annual Revenue - Application","revenueforecastrange","enumeration","","salesforceinformation","true","<$1M; $1-10M; $10-50M; $50-100M; $100-500M; $500M+; $1-5M; $5-10M; $100M+","false","false","false","false","false","false","Reed Marcus","Form (3); Automation platform flow (4); Email (1); Integration (1); Sales view (48); Properties v3 card (2)","4.03%","11/23/25 5:38 PM EST","Forms"
"Salesforce Account ID","salesforceaccountid","string","","salesforceinformation","false","","true","true","false","false","false","true","HubSpot","Integration (1); Sales view (9); Properties v3 card (1)","86.8%","11/23/25 6:28 PM EST","Salesforce"
"Salesforce Campaign IDs","salesforcecampaignids","enumeration","","salesforceinformation","false","","true","true","false","true","false","true","HubSpot","Inbounddb lists (4); Automation platform flow (1); Email (1); Sales view (13)","48.5%","11/22/25 3:54 PM EST","Salesforce"
"Salesforce Contact ID","salesforcecontactid","string","","salesforceinformation","false","","true","true","false","false","false","true","HubSpot","Calculated property (1); Inbounddb lists (2); Automation platform flow (6); Sales view (40); Properties v3 card (1)","86.47%","11/23/25 6:28 PM EST","Salesforce"
"Salesforce Deleted","salesforcedeleted","bool","","salesforceinformation","false","No (false); Yes (true)","true","true","false","false","false","true","HubSpot","","97.18%","11/23/25 6:11 PM EST","Salesforce"
"Last Salesforce Sync Time","salesforcelastsynctime","datetime","","salesforceinformation","false","","true","true","false","false","false","true","HubSpot","Inbounddb lists (3); Automation platform flow (3); Report (2); Integration (1); Sales view (51); Properties v3 card (2)","97.17%","11/23/25 6:58 PM EST","Salesforce"
"Salesforce Lead ID","salesforceleadid","string","","salesforceinformation","false","","true","true","false","false","false","true","HubSpot","Calculated property (1); Inbounddb lists (1); Automation platform flow (1); Sales view (66); Properties v3 card (1)","8.69%","11/23/25 6:28 PM EST","Salesforce"
"Meeting set?","sdr_meeting_booked_","enumeration","","salesforceinformation","true","Yes (true); No (false)","false","false","false","false","false","false","Reed Marcus","Automation platform flow (6); Sales view (52); Properties v3 card (2)","9.79%","11/23/25 11:45 AM EST","Workflow"
"Tag-seamless","seamless_lists__c","string","","salesforceinformation","true","","false","false","false","false","false","false","Unknown user","Automation platform flow (1); Sales view (2)","26.04%","",""
"Clearbit Revenue","seamless_revenue__c","enumeration","","salesforceinformation","true","$0-$100K; $100K-$1M; $1M-$5M; $5M-$20M; $20M-$50M; $50M-100M; $100M-$500M; $500M-$1B; $1B+","false","false","false","false","false","false","Unknown user","Form (1); Automation platform flow (5); Report (6); Integration (1); Sales view (167); Properties v3 card (2)","10.46%","11/23/25 5:38 PM EST","Salesforce"
"Sign Up Flow Employees","sign_up_flow_employees__c","enumeration","","salesforceinformation","true","1-5; 6-10; 11-50; 51-100; 101-200; 201-500; 501+; 1000+ [HIDDEN]; 1-10 [HIDDEN]; 51-200 [HIDDEN]","false","false","false","false","false","false","Unknown user","Form (20); Inbounddb lists (3); Automation platform flow (2); Integration (1); Sales view (100)","3.26%","11/23/25 6:28 PM EST","Salesforce"
"Sign Up Flow Estimated Annual Revenue","sign_up_flow_estimated_annual_revenue__c","enumeration","","salesforceinformation","true","<$1M; $1-10M; $10-50M; $50-100M; $100-500M; $500M+; $5-10M; $1-5M; $100M+","false","false","false","false","false","false","Unknown user","Form (27); Automation platform flow (5); Integration (1); Sales view (92)","3.11%","11/23/25 5:50 PM EST","Salesforce"
"Sync to HubSpot","sync_to_hubspot","enumeration","","salesforceinformation","false","Yes (true); No (false)","false","false","false","false","false","false","Unknown user","Integration (1); Properties v3 card (1)","97.18%","11/23/25 6:11 PM EST","Salesforce"
"Timestamp: Attempting to Reach","timestamp_attempting_to_reach","datetime","","salesforceinformation","true","","false","false","false","false","false","false","Reed Marcus","Calculated property (1); Automation platform flow (3); Integration (1); Sales view (2); Properties v3 card (1)","3.39%","11/23/25 4:43 PM EST","Workflow"
"Timestamp: Contact Made","timestamp_contact_made","datetime","","salesforceinformation","true","","false","false","false","false","false","false","Reed Marcus","Automation platform flow (1); Integration (1); Properties v3 card (1)","1.57%","11/23/25 11:46 AM EST","Salesforce"
"Timestamp: Contacted","timestamp_contacted__c","datetime","","salesforceinformation","true","","false","false","false","false","false","false","Unknown user","Integration (1); Properties v3 card (1)","0%","",""
"Timestamp: Converted","timestamp_converted__c","datetime","","salesforceinformation","true","","false","false","false","false","false","false","Unknown user","Integration (1); Sales view (9); Properties v3 card (1)","12.22%","11/23/25 6:28 PM EST","Salesforce"
"Timestamp: Disqualified","timestamp_disqualified__c","datetime","","salesforceinformation","true","","false","false","false","false","false","false","Unknown user","Integration (1); Properties v3 card (1)","2.69%","11/21/25 10:57 AM EST","Salesforce"
"Timestamp: Meeting Set","timestamp_meeting_set","datetime","","salesforceinformation","true","","false","false","false","false","false","false","Reed Marcus","Integration (1); Sales view (1); Properties v3 card (1)","0.32%","11/23/25 11:45 AM EST","Salesforce"
"Timestamp: MQL","timestamp_mql__c","datetime","","salesforceinformation","true","","false","false","false","false","false","false","Unknown user","Integration (1); Sales view (29); Properties v3 card (1)","4.61%","9/18/25 2:44 PM EDT","Salesforce"
"Timestamp: New","timestamp_new__c","datetime","","salesforceinformation","true","","false","false","false","false","false","false","Unknown user","Integration (1); Sales view (1); Properties v3 card (1)","0.01%","",""
"Timestamp: Nurturing","timestamp_nurturing__c","datetime","","salesforceinformation","true","","false","false","false","false","false","false","Unknown user","Integration (1); Sales view (1); Properties v3 card (1)","3.07%","9/17/25 12:07 PM EDT","Salesforce"
"utm_ campaign [archive]","utm__campaign","string","Lead Ad Properties","salesforceinformation","true","","false","false","false","false","false","false","Unknown user","","0%","8/7/25 10:24 AM EDT","Forms"
"utm_ad","utm_ad__c","string","","salesforceinformation","true","","false","false","false","false","false","false","Unknown user","Calculated property (1); Automation platform flow (1); Report (1); Sales view (12)","2.21%","",""
"utm_campaign - [archive]","utm_campaign__c","string","","salesforceinformation","true","","false","false","false","false","false","false","Unknown user","Sales view (23)","2.99%","",""
"utm_content [archive]","utm_content__c","string","","salesforceinformation","true","","false","false","false","false","false","false","Unknown user","Sales view (21)","2.59%","",""
"utm_medium [archive]","utm_medium__c","string","","salesforceinformation","true","","false","false","false","false","false","false","Unknown user","Sales view (21)","3%","",""
"utm_source [archive]","utm_source__c","string","","salesforceinformation","true","","false","false","false","false","false","false","Unknown user","Sales view (22)","3.12%","",""
"utm_term - sfdc","utm_term__c","string","","salesforceinformation","true","","false","false","false","false","false","false","Unknown user","Sales view (21)","2.5%","",""
"VC-Backed?","vc_backed_","enumeration","","salesforceinformation","true","Yes (true); No (false)","false","false","false","false","false","false","Reed Marcus","Integration (1); Sales view (6)","80.26%","7/4/25 12:56 PM EDT","Salesforce"
"Which product are you interested in?","which_product_are_you_interested_in_","enumeration","","salesforceinformation","true","Corporate Cards (Cards); Expense Management; Accounts Payable; Corporate Banking (Banking); Global Payments; Treasury","false","false","false","false","false","false","Reed Marcus","Form (20); Integration (1); Sales view (2)","0.04%","4/14/25 3:21 PM EDT","Salesforce"
"Salesmsg: Calling Country Code","calling_country_code","string","","salesmsg","false","","false","false","false","false","false","false","Reed Marcus","","0%","",""
"Salesmsg: Carrier Name","carrier_name","string","","salesmsg","false","","false","false","false","false","false","false","Reed Marcus","","0%","",""
"Salesmsg: Country Code","country_code","string","","salesmsg","false","","false","false","false","false","false","false","Reed Marcus","","0%","",""
"Salesmsg: Inbox ID","inbox_id","string","","salesmsg","false","","false","false","false","false","false","false","Reed Marcus","","0%","",""
"Salesmsg: Last Activity Date","last_activity_date","datetime","","salesmsg","false","","false","false","false","false","false","false","Reed Marcus","","0.13%","8/20/24 3:37 PM EDT","Integration"
"Salesmsg: Last Call Date","last_call_date","datetime","","salesmsg","false","","false","false","false","false","false","false","Reed Marcus","","0%","8/20/24 3:37 PM EDT","Integration"
"Salesmsg: Last Call Outcome","last_call_outcome","enumeration","","salesmsg","false","Busy; Connected; Left voicemail; No answer; Wrong number","false","false","false","false","false","false","Reed Marcus","","0%","",""
"Salesmsg: Last Contacted Date","last_contacted_date","datetime","","salesmsg","false","","false","false","false","false","false","false","Reed Marcus","","0.13%","",""
"Salesmsg: Last SMS Received Message Body","last_inbound_message_body","string","","salesmsg","false","","false","false","false","false","false","false","Reed Marcus","","0.01%","",""
"Salesmsg: Last SMS Sent Message Body","last_outbound_message_body","string","","salesmsg","false","","false","false","false","false","false","false","Reed Marcus","Properties v3 card (1)","0.13%","",""
"Salesmsg: Last SMS Received Date","last_sms_received_date","datetime","","salesmsg","false","","false","false","false","false","false","false","Reed Marcus","","0.01%","",""
"Salesmsg: Last SMS Received Error","last_sms_received_error","string","","salesmsg","false","","false","false","false","false","false","false","Reed Marcus","","0%","",""
"Salesmsg: Last SMS Received ID","last_sms_received_id","string","","salesmsg","false","","false","false","false","false","false","false","Reed Marcus","","0.01%","",""
"Salesmsg: Last SMS Received Number","last_sms_received_number","string","","salesmsg","false","","false","false","false","false","false","false","Reed Marcus","","0.01%","",""
"Salesmsg: Last SMS Received Status","last_sms_received_status","enumeration","","salesmsg","false","Received (received); Failed (failed)","false","false","false","false","false","false","Reed Marcus","","0.01%","",""
"Salesmsg: Last SMS Sent Date","last_sms_sent_date","datetime","","salesmsg","false","","false","false","false","false","false","false","Reed Marcus","","0.13%","",""
"Salesmsg: Last SMS Sent Error","last_sms_sent_error","string","","salesmsg","false","","false","false","false","false","false","false","Reed Marcus","","0.04%","",""
"Salesmsg: Last SMS Sent ID","last_sms_sent_id","string","","salesmsg","false","","false","false","false","false","false","false","Reed Marcus","","0.13%","",""
"Salesmsg: Last SMS Sent Number","last_sms_sent_number","string","","salesmsg","false","","false","false","false","false","false","false","Reed Marcus","","0.13%","",""
"Salesmsg: Last SMS Sent Status","last_sms_sent_status","enumeration","","salesmsg","false","Accepted (accepted); Scheduled (scheduled); Queued (queued); Sending (sending); Sent (sent); Receiving (receiving); Received (received); Delivered (delivered); Undelivered (undelivered); Failed (failed); Read (read); Canceled (canceled)","false","false","false","false","false","false","Reed Marcus","","0.16%","",""
"Salesmsg: Last Used Call Phone Number","last_used_call_phone_number","string","","salesmsg","false","","false","false","false","false","false","false","Reed Marcus","","0%","8/20/24 3:37 PM EDT","Integration"
"Salesmsg: Last Used Tags","last_used_tags","string","","salesmsg","false","","false","false","false","false","false","false","Reed Marcus","Inbounddb lists (1)","0%","",""
"Salesmsg: Opt-in Date","opt_in_date","datetime","","salesmsg","false","","false","false","false","false","false","false","Reed Marcus","","0%","",""
"Salesmsg: Opt-in Status","opt_in_status","enumeration","","salesmsg","false","Single; Double; Opted-out (Unsubscribed)","false","false","false","false","false","false","Reed Marcus","","6.84%","8/30/24 4:09 PM EDT","Integration"
"Salesmsg: Opt-out Date","opt_out_date","datetime","","salesmsg","false","","false","false","false","false","false","false","Reed Marcus","","0%","",""
"Salesmsg: Phone Type","phone_type","string","","salesmsg","false","","false","false","false","false","false","false","Reed Marcus","","0%","",""
"Salesmsg: Total SMS Received Count","total_sms_received_count","number","","salesmsg","false","","false","false","false","false","false","false","Reed Marcus","","0.01%","",""
"Salesmsg: Total SMS Sent Count","total_sms_sent_count","number","","salesmsg","false","","false","false","false","false","false","false","Reed Marcus","","0.13%","",""
"Last message received content","last_message_received_content","string","Last message received content","sms_received","true","","false","false","false","false","false","false","Christopher Cooper","","0%","",""
"Last received SMS/MMS Date","last_received_sms","datetime","Last received SMS/MMS date","sms_received","true","","false","false","false","false","false","false","Christopher Cooper","Automation platform flow (1)","0%","10/2/25 3:28 PM EDT","Workflow"
"SMS Opt Out Date","sms_opt_out_date","datetime","SMS Opt Out Date","sms_received","true","","false","false","false","false","false","false","Christopher Cooper","","0%","",""
"Total SMS/MMS received","total_received_sms","number","Total no. of SMS received","sms_received","true","","false","false","false","false","false","false","Christopher Cooper","","0%","",""
"Last sent SMS/MMS Date","last_sent_sms","datetime","Last sent SMS/MMS date","sms_sent","true","","false","false","false","false","false","false","Christopher Cooper","Sales view (4)","0%","",""
"List of links click by contact","link_clicks","string","List of links click by contact","sms_sent","true","","false","false","false","false","false","false","Christopher Cooper","","0%","",""
"Total SMS/MMS sent","total_sent_sms","number","Total no. of SMS sent","sms_sent","true","","false","false","false","false","false","false","Christopher Cooper","Automation platform flow (1)","0%","10/2/25 3:28 PM EDT","Workflow"
"LinkedIn URL","hs_linkedin_url","string","The URL of the contact's LinkedIn page.","socialmediainformation","true","","false","false","false","false","false","true","HubSpot","Sales view (2)","0.16%","5/7/25 9:41 AM EDT","Import"
"Viral Loops | Check Referrals URL [SOR]","checkreferrals_vhkffvovvegkyvphp1nymdukkpq","string","The URL where the contacts can check their referrals.","vhkffvovvegkyvphp1nymdukkpq","true","","false","false","false","false","false","false","Christopher Cooper","Sales view (1); Properties v3 card (1)","0.04%","8/26/25 6:14 PM EDT","Integration"
"Total Conversions","conversions_vhkffvovvegkyvphp1nymdukkpq","number","The number of conversions of the contact.","vhkffvovvegkyvphp1nymdukkpq","false","","false","false","false","false","false","false","Christopher Cooper","Automation platform flow (1)","0.02%","8/26/25 6:14 PM EDT","Integration"
"Viral Loops | Fraud Risk [SOR]","fraudrisk_vhkffvovvegkyvphp1nymdukkpq","string","The risk level of an email.","vhkffvovvegkyvphp1nymdukkpq","false","","false","false","false","false","false","false","Christopher Cooper","Sales view (1); Properties v3 card (1)","0.04%","8/26/25 6:14 PM EDT","Integration"
"Viral Loops | new_referrer [SOR]","newreferrer_vhkffvovvegkyvphp1nymdukkpq","string","Viral Loops Custom Field: new_referrer","vhkffvovvegkyvphp1nymdukkpq","false","","false","false","false","false","false","false","Christopher Cooper","Sales view (1); Properties v3 card (1)","0%","",""
"Viral Loops | Referral Code [SOR]","referralcode_vhkffvovvegkyvphp1nymdukkpq","string","The referral code of the contact.","vhkffvovvegkyvphp1nymdukkpq","true","","false","false","false","false","false","false","Christopher Cooper","Rollup property (2); Inbounddb lists (2); Automation platform flow (1); Sales view (2); Properties v3 card (2)","0.04%","8/26/25 6:14 PM EDT","Integration"
"Viral Loops | Total Referrals [SOR]","referralcount_vhkffvovvegkyvphp1nymdukkpq","number","The number of the referrals of the contact.","vhkffvovvegkyvphp1nymdukkpq","false","","false","false","false","false","false","false","Christopher Cooper","Automation platform flow (1); Sales view (2); Properties v3 card (1)","0.04%","8/26/25 6:14 PM EDT","Integration"
"Viral Loops | Referrer Email [SOR]","referreremail_vhkffvovvegkyvphp1nymdukkpq","string","The Email of the Referrer.","vhkffvovvegkyvphp1nymdukkpq","false","","false","false","false","false","false","false","Christopher Cooper","Sales view (2); Properties v3 card (1)","0%","8/26/25 6:14 PM EDT","Integration"
"Viral Loops | Referrer Firstname [SOR]","referrerfirstname_vhkffvovvegkyvphp1nymdukkpq","string","The Firstname of the Referrer.","vhkffvovvegkyvphp1nymdukkpq","false","","false","false","false","false","false","false","Christopher Cooper","Sales view (2); Properties v3 card (1)","0%","8/26/25 6:14 PM EDT","Integration"
"Viral Loops | Referrer Lastname [SOR]","referrerlastname_vhkffvovvegkyvphp1nymdukkpq","string","The Lastname of the Referrer.","vhkffvovvegkyvphp1nymdukkpq","false","","false","false","false","false","false","false","Christopher Cooper","Sales view (2); Properties v3 card (1)","0%","8/26/25 6:14 PM EDT","Integration"
"Viral Loops | Referrer Referral Code [SOR]","referrerreferralcode_vhkffvovvegkyvphp1nymdukkpq","string","The referral code of the Referrer.","vhkffvovvegkyvphp1nymdukkpq","false","","false","false","false","false","false","false","Christopher Cooper","Inbounddb lists (1); Automation platform flow (1); Sales view (2); Properties v3 card (1)","0.01%","8/26/25 6:14 PM EDT","Integration"
"Viral Loops | Share URL [SOR]","sharingurl_vhkffvovvegkyvphp1nymdukkpq","string","The sharing URL of the contact.","vhkffvovvegkyvphp1nymdukkpq","true","","false","false","false","false","false","false","Christopher Cooper","Sales view (1); Properties v3 card (1)","0.04%","8/26/25 6:14 PM EDT","Integration"
"Viral Loops | Referral Code (Sync) [SOR]","vl_referral_code","string","The referral code of the contact.","vhkffvovvegkyvphp1nymdukkpq","true","","false","false","false","false","false","false","Christopher Cooper","Sales view (1); Properties v3 card (2)","0%","",""
"X Referrals","xreferrals_vhkffvovvegkyvphp1nymdukkpq","number","The number of referrals away from the next milestone.","vhkffvovvegkyvphp1nymdukkpq","false","","false","false","false","false","false","false","Christopher Cooper","Sales view (1)","0.04%","8/26/25 6:14 PM EDT","Integration"
"Check Referrals URL","checkreferrals_xd6szyxd0efuzwzuamh1gxy8kia","string","The URL where the contacts can check their referrals.","xd6szyxd0efuzwzuamh1gxy8kia","false","","false","false","false","false","false","false","Christopher Cooper","","0%","6/26/25 2:00 PM EDT","Integration"
"Days Left","daysleft_xd6szyxd0efuzwzuamh1gxy8kia","number","Days left until the expiration of the campaign.","xd6szyxd0efuzwzuamh1gxy8kia","false","","false","false","false","false","false","false","Christopher Cooper","","0%","6/26/25 2:00 PM EDT","Integration"
"Fraud Risk","fraudrisk_xd6szyxd0efuzwzuamh1gxy8kia","string","The risk level of an email.","xd6szyxd0efuzwzuamh1gxy8kia","false","","false","false","false","false","false","false","Christopher Cooper","","0%","",""
"Rank","rank_xd6szyxd0efuzwzuamh1gxy8kia","number","The current position in the waitlist","xd6szyxd0efuzwzuamh1gxy8kia","false","","false","false","false","false","false","false","Christopher Cooper","","0%","6/26/25 2:00 PM EDT","Integration"
"Referral Code","referralcode_xd6szyxd0efuzwzuamh1gxy8kia","string","The referral code of the contact.","xd6szyxd0efuzwzuamh1gxy8kia","false","","false","false","false","false","false","false","Christopher Cooper","","0%","7/8/25 10:31 AM EDT","CRM UI"
"Total Referrals","referralcount_xd6szyxd0efuzwzuamh1gxy8kia","number","The number of the referrals of the contact.","xd6szyxd0efuzwzuamh1gxy8kia","false","","false","false","false","false","false","false","Christopher Cooper","","0%","6/26/25 2:00 PM EDT","Integration"
"Referrer Email","referreremail_xd6szyxd0efuzwzuamh1gxy8kia","string","The Email of the Referrer.","xd6szyxd0efuzwzuamh1gxy8kia","false","","false","false","false","false","false","false","Christopher Cooper","","0%","",""
"Referrer Firstname","referrerfirstname_xd6szyxd0efuzwzuamh1gxy8kia","string","The Firstname of the Referrer.","xd6szyxd0efuzwzuamh1gxy8kia","false","","false","false","false","false","false","false","Christopher Cooper","","0%","",""
"Referrer Lastname","referrerlastname_xd6szyxd0efuzwzuamh1gxy8kia","string","The Lastname of the Referrer.","xd6szyxd0efuzwzuamh1gxy8kia","false","","false","false","false","false","false","false","Christopher Cooper","","0%","",""
"Referrer Referral Code","referrerreferralcode_xd6szyxd0efuzwzuamh1gxy8kia","string","The referral code of the Referrer.","xd6szyxd0efuzwzuamh1gxy8kia","false","","false","false","false","false","false","false","Christopher Cooper","Automation platform flow (1)","0%","",""
"Share URL","sharingurl_xd6szyxd0efuzwzuamh1gxy8kia","string","The sharing URL of the contact.","xd6szyxd0efuzwzuamh1gxy8kia","false","","false","false","false","false","false","false","Christopher Cooper","","0%","6/26/25 2:00 PM EDT","Integration"
"Check Referrals URL","checkreferrals_xnnplftpzdjhmj8gpsaauthnkzi","string","The URL where the contacts can check their referrals.","xnnplftpzdjhmj8gpsaauthnkzi","false","","false","false","false","false","false","false","Christopher Cooper","","0%","",""
"Fraud Risk","fraudrisk_xnnplftpzdjhmj8gpsaauthnkzi","string","The risk level of an email.","xnnplftpzdjhmj8gpsaauthnkzi","false","","false","false","false","false","false","false","Christopher Cooper","","0%","",""
"Referral Code","referralcode_xnnplftpzdjhmj8gpsaauthnkzi","string","The referral code of the contact.","xnnplftpzdjhmj8gpsaauthnkzi","false","","false","false","false","false","false","false","Christopher Cooper","","0%","",""
"Total Referrals","referralcount_xnnplftpzdjhmj8gpsaauthnkzi","number","The number of the referrals of the contact.","xnnplftpzdjhmj8gpsaauthnkzi","false","","false","false","false","false","false","false","Christopher Cooper","","0%","",""
"Referrer Email","referreremail_xnnplftpzdjhmj8gpsaauthnkzi","string","The Email of the Referrer.","xnnplftpzdjhmj8gpsaauthnkzi","false","","false","false","false","false","false","false","Christopher Cooper","","0%","",""
"Referrer Firstname","referrerfirstname_xnnplftpzdjhmj8gpsaauthnkzi","string","The Firstname of the Referrer.","xnnplftpzdjhmj8gpsaauthnkzi","false","","false","false","false","false","false","false","Christopher Cooper","","0%","",""
"Referrer Lastname","referrerlastname_xnnplftpzdjhmj8gpsaauthnkzi","string","The Lastname of the Referrer.","xnnplftpzdjhmj8gpsaauthnkzi","false","","false","false","false","false","false","false","Christopher Cooper","","0%","",""
"Referrer Referral Code","referrerreferralcode_xnnplftpzdjhmj8gpsaauthnkzi","string","The referral code of the Referrer.","xnnplftpzdjhmj8gpsaauthnkzi","false","","false","false","false","false","false","false","Christopher Cooper","","0%","",""
"Share URL","sharingurl_xnnplftpzdjhmj8gpsaauthnkzi","string","The sharing URL of the contact.","xnnplftpzdjhmj8gpsaauthnkzi","false","","false","false","false","false","false","false","Christopher Cooper","","0%","",""
"X Referrals","xreferrals_xnnplftpzdjhmj8gpsaauthnkzi","number","The number of referrals away from the next milestone.","xnnplftpzdjhmj8gpsaauthnkzi","false","","false","false","false","false","false","false","Christopher Cooper","","0%","",""
