"Name","Internal name","Type","Description","Group name","Form field","Options","Read only value","Read only definition","Calculated","External options","Deleted","HubSpot defined","Created user","Usages","Fill rate","Last Updated Time","Update Source"
"Time First Seen","hs_analytics_first_timestamp","datetime","The first activity for any contact associated with this company or organization","analyticsinformation","false","","true","true","false","false","false","true","HubSpot","Sales view (4); Properties v3 card (1)","79.27%","11/23/25 6:29 PM EST","HubSpot Calculation"
"Time Last Seen","hs_analytics_last_timestamp","datetime","Time last seen across all contacts associated with this company or organization","analyticsinformation","false","","true","true","false","false","false","true","HubSpot","Sales view (5); Properties v3 card (1)","7.44%","11/23/25 6:40 PM EST","HubSpot Calculation"
"Time of Last Session","hs_analytics_last_visit_timestamp","datetime","Time of the last session attributed to any contacts that are associated with this company record.","analyticsinformation","false","","true","true","false","false","false","true","HubSpot","Sales view (3); Properties v3 card (1)","8.43%","11/23/25 6:40 PM EST","HubSpot Calculation"
"Number of Pageviews","hs_analytics_num_page_views","number","Total number of page views across all contacts associated with this company or organization","analyticsinformation","false","","true","true","false","false","false","true","HubSpot","Sales view (3); Properties v3 card (1)","79.27%","11/23/25 6:40 PM EST","HubSpot Calculation"
"Number of Sessions","hs_analytics_num_visits","number","Total number of sessions across all contacts associated with this company or organization","analyticsinformation","false","","true","true","false","false","false","true","HubSpot","Sales view (1); Properties v3 card (1)","79.27%","11/23/25 6:40 PM EST","HubSpot Calculation"
"Affiliate Subchannel","affiliate_subchannel","string","","company_activity","true","","false","false","false","false","false","false","Reed Marcus","Automation platform flow (2); Properties v3 card (2)","3.51%","11/22/25 7:13 PM EST","Workflow"
"Application Completed Date","application_completed_date","date","","company_activity","true","","false","false","false","false","false","false","Reed Marcus","Automation platform flow (2); Properties v3 card (1)","1.15%","",""
"Date Lead Came Inbound","date_account_came_inbound","date","","company_activity","true","","false","false","false","false","false","false","Reed Marcus","Inbounddb lists (2); Automation platform flow (7); Integration (1); Sales view (13); Dashboard (1); Properties v3 card (2)","9.93%","11/23/25 6:28 PM EST","Salesforce"
"Date of last meeting booked in meetings tool","engagements_last_meeting_booked","datetime","Last Meeting Booked for any contact associated with this Company/Organization.","company_activity","false","","true","true","false","false","false","true","HubSpot","","0%","",""
"Campaign of last booking in meetings tool","engagements_last_meeting_booked_campaign","string","This UTM parameter shows which marketing campaign (e.g. a specific email) referred an associated contact to the meetings tool for their most recent booking. This property is only populated when you add tracking parameters to your meeting link.","company_activity","false","","true","true","false","false","false","true","HubSpot","","0%","",""
"Source of last booking in meetings tool","engagements_last_meeting_booked_source","string","This UTM parameter shows which site (e.g. Twitter) referred an associated contact to the meetings tool for their most recent booking. This property is only populated when you add tracking parameters to your meeting link.","company_activity","false","","true","true","false","false","false","true","HubSpot","","0%","",""
"Last Booked Meeting Date","hs_last_booked_meeting_date","datetime","The last date of booked meetings associated with the company","company_activity","false","","true","true","false","false","false","true","HubSpot","","0.03%","",""
"Last Logged Call Date","hs_last_logged_call_date","datetime","The last date of logged calls associated with the company","company_activity","false","","true","true","false","false","false","true","HubSpot","Properties v3 card (2)","0.1%","9/18/25 3:09 PM EDT","HubSpot Calculation"
"Last Logged Outgoing Email Date","hs_last_logged_outgoing_email_date","datetime","The last date of logged outgoing emails associated with the company","company_activity","false","","true","true","false","false","false","true","HubSpot","","4.79%","9/18/25 3:17 PM EDT","HubSpot Calculation"
"Last Open Task Date","hs_last_open_task_date","datetime","The last due date of open tasks associated with the company","company_activity","false","","true","true","false","false","false","true","HubSpot","","0.43%","11/20/25 1:07 PM EST","HubSpot Calculation"
"Last Engagement Date","hs_last_sales_activity_timestamp","datetime","The last time a contact engaged with your site or a form, document, meetings link, or tracked email. This doesn't include marketing emails or emails to multiple contacts.","company_activity","false","","true","true","false","false","false","true","HubSpot","","0.79%","11/22/25 8:22 PM EST","CRM UI"
"Last Modified Date","hs_lastmodifieddate","datetime","Most recent timestamp of any property update for this company. This includes HubSpot internal properties, which can be visible or hidden. This property is updated automatically.","company_activity","false","","true","true","false","false","false","true","HubSpot","","100%","11/23/25 6:57 PM EST","Workflow"
"Marketing Email Contact","marketing_email_contact","string","","company_activity","true","","false","false","false","false","false","false","Reed Marcus","Automation platform flow (2); Properties v3 card (1)","26.06%","11/20/25 4:32 PM EST","Workflow"
"Last Contacted","notes_last_contacted","datetime","The last time a call, chat conversation, LinkedIn message, postal mail, meeting, sales email, SMS, or WhatsApp message was logged for a company. This is set automatically by HubSpot based on user actions in the company record.","company_activity","false","","true","true","false","false","false","true","HubSpot","","5.02%","9/18/25 3:17 PM EDT","HubSpot Calculation"
"Last Activity Date","notes_last_updated","datetime","The last time a call, chat conversation, LinkedIn message, postal mail, meeting, note, sales email, SMS, or WhatsApp message was logged for a company. This is set automatically by HubSpot based on user actions in the company record.","company_activity","false","","true","true","false","false","false","true","HubSpot","Automation platform flow (4); Sales view (14); Properties v3 card (2)","17.17%","11/23/25 4:35 PM EST","HubSpot Calculation"
"Next Activity Date","notes_next_activity_date","datetime","Date of the next upcoming scheduled sales activity for this company record.","company_activity","false","","true","true","false","false","false","true","HubSpot","","0%","10/29/25 8:29 PM EDT","HubSpot Calculation"
"Number of times contacted","num_contacted_notes","number","The number of times a call, chat conversation, LinkedIn message, postal mail, meeting, sales email, SMS, or WhatsApp message was logged for a company record. This is set automatically by HubSpot based on user actions in the company record.","company_activity","false","","true","true","false","false","false","true","HubSpot","Properties v3 card (1)","15.48%","11/18/25 12:22 AM EST","HubSpot Calculation"
"Tracked Page Views (Last 30 Days)","hs_intent_page_views_last_30_days","number","Number of de-anonymized page views in the last 30 days","company_signals","false","","true","true","false","false","false","true","HubSpot","","0%","",""
"Intent Signals active","hs_intent_signals_enabled","bool","Indicates whether intent signal tracking is currently active for this record","company_signals","false","Yes (true); No (false)","true","false","false","false","false","true","HubSpot","","0%","",""
"Tracked Visitors (Last 30 Days)","hs_intent_visitors_last_30_days","number","Number of de-anonymized visitors in the last 30 days","company_signals","false","","true","true","false","false","false","true","HubSpot","","0%","",""
"Last Tracked Visit Time","hs_most_recent_de_anonymized_visit","datetime","Most recent de-anonymized visit","company_signals","false","","true","true","false","false","false","true","HubSpot","","0%","",""
"About Us","about_us","string","Short about-company","companyinformation","false","","false","true","false","false","false","true","HubSpot","","0%","",""
"Account Activated?","account_activated_","enumeration","","companyinformation","true","Yes (true); No (false)","false","false","false","false","false","false","Reed Marcus","Automation platform flow (1)","1.49%","11/23/25 3:43 PM EST","Workflow"
"Account Engagement Campaign","account_engagement_campaign","string","","companyinformation","true","","false","false","false","false","false","false","Reed Marcus","Automation platform flow (1); Sales view (1)","35.75%","12/3/24 3:01 PM EST","Workflow"
"Account Engagement Conversion Date","account_engagement_conversion_date","date","","companyinformation","true","","false","false","false","false","false","false","Reed Marcus","Automation platform flow (1); Sales view (1)","3.2%","",""
"Account Manager","account_manager","enumeration","","companyinformation","false","","false","false","false","true","false","false","Reed Marcus","Automation platform flow (1); Sales view (1)","0.24%","",""
"Account Manager Email","account_manager_email","string","","companyinformation","true","","false","false","false","false","false","false","Reed Marcus","Automation platform flow (1)","0.24%","",""
"Account Manager Name","account_manager_name","string","","companyinformation","true","","false","false","false","false","false","false","Reed Marcus","Automation platform flow (1)","0.24%","",""
"Account source from lead","account_source_from_lead","string","","companyinformation","true","","false","false","false","false","false","false","Reed Marcus","Automation platform flow (2)","88.51%","11/23/25 6:44 PM EST","Workflow"
"Accounts_Manager","accounts_manager","string","","companyinformation","true","","false","false","false","false","false","false","Reed Marcus","Integration (1); Sales view (2)","1.7%","11/23/25 3:58 PM EST","Salesforce"
"account source","accountsource","string","","companyinformation","true","","false","false","false","false","false","false","Reed Marcus","Automation platform flow (2); Integration (1); Sales view (4); Properties v3 card (2)","84.72%","11/23/25 6:44 PM EST","Salesforce"
"Street Address","address","string","Street address of the company or organization, including unit number.","companyinformation","true","","false","true","false","false","false","true","HubSpot","Automation platform flow (1)","71.82%","11/23/25 6:40 PM EST","Data Enrichment"
"Street Address 2","address2","string","Additional address of the company or organization.","companyinformation","true","","false","true","false","false","false","true","HubSpot","Automation platform flow (1)","22.34%","11/20/25 4:32 PM EST","Workflow"
"Annual Revenue","annualrevenue","number","The actual or estimated annual revenue of the company.","companyinformation","true","","false","true","false","false","false","true","HubSpot","Automation platform flow (2); Integration (1); Sales view (5); Properties v3 card (1)","25.75%","11/23/25 7:45 AM EST","Salesforce"
"Application Status - Deal","application_status___deal","string","","companyinformation","true","","false","false","false","false","false","false","Reed Marcus","Automation platform flow (1); Properties v3 card (1)","4.57%","11/23/25 5:50 PM EST","Workflow"
"campaign/drilldown-1","campaign_drilldown_1","string","","companyinformation","true","","false","false","false","false","false","false","Reed Marcus","Automation platform flow (2); Properties v3 card (1)","1.57%","11/23/25 2:21 PM EST","Workflow"
"City","city","string","City where the company is located.","companyinformation","true","","false","true","false","false","false","true","HubSpot","Inbounddb lists (1); Automation platform flow (2); Sales view (6); Properties v3 card (1)","74.71%","11/23/25 6:40 PM EST","Data Enrichment"
"Clearbit City","clearbit_city","string","","companyinformation","true","","false","false","false","false","false","false","Reed Marcus","Inbounddb lists (1); Sales view (1); Properties v3 card (1)","0%","",""
"Clearbit Employees","clearbit_employees","string","","companyinformation","true","","false","false","false","false","false","false","Reed Marcus","Inbounddb lists (2); Automation platform flow (1); Sales view (2); Properties v3 card (1)","0.01%","2/5/25 12:17 PM EST","Integration"
"Clearbit State","clearbit_state","string","","companyinformation","true","","false","false","false","false","false","false","Reed Marcus","Automation platform flow (1); Sales view (1); Properties v3 card (1)","0%","",""
"Close Date","closedate","datetime","The date the company or organization was closed as a customer","companyinformation","false","","false","true","false","false","false","true","HubSpot","Automation platform flow (1)","1.56%","11/23/25 3:43 PM EST","Salesforce"
"Companies in Motion","companies_in_motion","enumeration","","companyinformation","true","Yes (true); No (false)","false","false","false","false","false","false","Reed Marcus","Automation platform flow (1); Properties v3 card (1)","4.79%","11/21/25 6:42 PM EST","Workflow"
"Company: Growth Stage | ICP Categorization","company__growth_stage___icp_categorization","string","","companyinformation","false","","true","false","true","false","false","false","Christopher Cooper","Sales view (2)","10.4%","11/23/25 6:44 PM EST","HubSpot Calculation"
"Company Create Date","company_create_date","date","","companyinformation","true","","false","false","false","false","false","false","Reed Marcus","Automation platform flow (2); Sales view (2)","100%","11/23/25 6:28 PM EST","Workflow"
"Company Last activity date","company_last_activity_date","date","","companyinformation","true","","false","false","false","false","false","false","Reed Marcus","Inbounddb lists (1); Automation platform flow (2); Sales view (5); Properties v3 card (2)","34.08%","11/23/25 4:35 PM EST","Workflow"
"contact made?","contact_made_","enumeration","","companyinformation","true","Yes (true); No (false)","false","false","false","false","false","false","Reed Marcus","Automation platform flow (1)","5.34%","11/23/25 4:43 PM EST","Workflow"
"Contact Marketing Lead?","contact_marketing_lead_","enumeration","","companyinformation","true","Yes (true); No (false)","false","false","false","false","false","false","Reed Marcus","Automation platform flow (1); Sales view (1)","9.19%","11/21/25 2:16 PM EST","Workflow"
"Contact Owner","contact_owner","enumeration","","companyinformation","false","","true","false","true","true","false","false","Reed Marcus","Sales view (1)","83.14%","11/23/25 6:54 PM EST","HubSpot Calculation"
"Country/Region","country","string","Country in which the company or organization is located.","companyinformation","true","","false","false","false","false","false","true","HubSpot","Sales view (6)","76.26%","11/23/25 6:40 PM EST","Data Enrichment"
"Create Date","createdate","datetime","The date the company or organization was added to the database","companyinformation","false","","true","true","false","false","false","true","HubSpot","Automation platform flow (1); Sales view (9); Properties v3 card (2)","100%","11/23/25 6:28 PM EST","Salesforce"
"Days from Nurturing Start to In Motion","days_from_nurturing_start_to_in_motion","number","","companyinformation","false","","true","false","true","false","false","false","Reed Marcus","Properties v3 card (1)","4.07%","11/21/25 6:42 PM EST","HubSpot Calculation"
"Days to Close","days_to_close","number","The number of days between when the company record was created and when they closed as a customer.","companyinformation","false","","true","true","false","false","false","true","HubSpot","","1.56%","11/23/25 3:43 PM EST","HubSpot Calculation"
"Deal Close Date","deal_close_date","date","","companyinformation","true","","false","false","false","false","false","false","Reed Marcus","Automation platform flow (2); Properties v3 card (1)","10.48%","11/23/25 6:29 PM EST","Workflow"
"Description","description","string","A short statement about the company's mission and goals.","companyinformation","true","","false","true","false","false","false","true","HubSpot","Properties v3 card (1)","77.9%","11/23/25 6:49 PM EST","Data Enrichment"
"Company Domain Name","domain","string","The domain name of the company or organization","companyinformation","true","","false","true","false","false","false","true","HubSpot","Association card (1); Sales view (2); Properties v3 card (2); Association v3 card (1)","94.87%","11/23/25 5:35 PM EST","CRM Setting"
"Medium of last booking in meetings tool","engagements_last_meeting_booked_medium","string","This UTM parameter shows which channel (e.g. email) referred an associated contact to the meetings tool for their most recent booking. This property is only populated when you add tracking parameters to your meeting link.","companyinformation","false","","true","true","false","false","false","true","HubSpot","","0%","",""
"In Motion","first_activity_after_nurturing_date","date","","companyinformation","true","","false","false","false","false","false","false","Reed Marcus","Calculated property (1); Automation platform flow (1); Properties v3 card (1)","4.07%","11/21/25 6:42 PM EST","Workflow"
"First Contact Create Date","first_contact_createdate","datetime","The date that the first contact from this company entered the system, which could pre-date the company's create date","companyinformation","false","","true","true","false","false","false","true","HubSpot","Sales view (1)","79.29%","11/23/25 6:28 PM EST","HubSpot Calculation"
"In motion activity","first_sales_touch_after_nurturing_activity","enumeration","","companyinformation","true","Inbound Email; Outbound Email; Inbound Call; Outbound Call","false","false","false","false","false","false","Reed Marcus","Automation platform flow (1); Properties v3 card (1)","1.14%","11/20/25 12:17 PM EST","Workflow"
"Year Founded","founded_year","string","The year the company was created.","companyinformation","true","","false","true","false","false","false","true","HubSpot","","65.4%","11/23/25 6:40 PM EST","Data Enrichment"
"G2 Buyer Intent Activity Level","g2_buyer_intent_activity_level","enumeration","Activity level refers to how active an organization is on G2 by taking into account the total number of pages visited and time spent on G2.","companyinformation","false","Low (low); Medium (medium); High (high)","false","false","false","false","false","false","Reed Marcus","Sales view (3)","0.22%","7/2/24 8:31 AM EDT","Integration"
"G2 Buyer Intent Buying Stage","g2_buyer_intent_buying_stage","enumeration","Buying stage takes into account an organization's journey on G2. i.e., types of pages visited and the level of engagement on each page.","companyinformation","false","Awareness (awareness); Consideration (consideration); Decision (decision)","false","false","false","false","false","false","Reed Marcus","Sales view (5)","0.22%","7/2/24 8:31 AM EDT","Integration"
"G2 Buyer Intent Details","g2_buyer_intent_details","string","A summary of the most recent G2 page views for the company.","companyinformation","false","","false","false","false","false","false","false","Reed Marcus","Sales view (3)","0.22%","7/2/24 8:31 AM EDT","Integration"
"G2 Signals Page","g2_buyer_intent_g2_signals_page","string","The company's signals page from G2.","companyinformation","false","","false","false","false","false","false","false","Reed Marcus","Sales view (1)","0.16%","7/2/24 8:31 AM EDT","Integration"
"G2 Industry","g2_buyer_intent_industry","enumeration","The industry of the company sourced from G2.","companyinformation","false","Accounting (accounting); Advertising (advertising); Aerospace & Defense (aerospace_defense); Agricultural Products (agricultural_products); Airlines (airlines); Apparel, Accessories & Luxury Goods (apparel_accessories_luxury_goods); Architecture (architecture); Asset Management & Custody Banks (asset_management_custody_banks); Automation (automation); Automotive (automotive); Banking & Mortgages (banking_mortgages); Beverages (beverages); Biotechnology (biotechnology); Broadcasting (broadcasting); Building Materials (building_materials); Business Supplies (business_supplies); Casinos & Gaming (casinos_gaming); Chemicals (chemicals); Civil Engineering (civil_engineering); Cloud Services (cloud_services); Commercial Printing (commercial_printing); Commodity Chemicals (commodity_chemicals); Communications (communications); Computer Hardware (computer_hardware); Computer Networking (computer_networking); Construction (construction); Construction & Engineering (construction_engineering); Consulting (consulting); Consumer Electronics (consumer_electronics); Consumer Goods (consumer_goods); Containers & Packaging (containers_packaging); Corporate & Business (corporate_business); Cosmetics (cosmetics); Data Processing & Outsourced Services (data_processing_outsourced_services); Design (design); Distributors (distributors); Diversified Capital Markets (diversified_capital_markets); Education (education); Education Services (education_services); Electrical (electrical); Energy (energy); Eyewear (eyewear); Family Services (family_services); Finance (finance); Financial Services (financial_services); Food (food); Food Production (food_production); Food Retail (food_retail); Fundraising (fundraising); Gold (gold); Graphic Design (graphic_design); Ground Transportation (ground_transportation); Health & Wellness (health_wellness); Health Care (health_care); Health Care Services (health_care_services); Home Improvement Retail (home_improvement_retail); Homefurnishing Retail (homefurnishing_retail); Hotels, Restaurants & Leisure (hotels_restaurants_leisure); Household Appliances (household_appliances); Household Durables (household_durables); Human Resource & Employment Services (human_resource_employment_services); Industrial Machinery (industrial_machinery); Industrials & Manufacturing (industrials_manufacturing); Insurance (insurance); Integrated Telecommunication Services (integrated_telecommunication_services); Internet (internet); Internet Software & Services (internet_software_services); Investment Banking & Brokerage (investment_banking_brokerage); Legal Services (legal_services); Leisure Facilities (leisure_facilities); Life Sciences Tools & Services (life_sciences_tools_services); Machinery (machinery); Marine (marine); Mechanical Engineering (mechanical_engineering); Media (media); Metals & Mining (metals_mining); Movies & Entertainment (movies_entertainment); Nanotechnology (nanotechnology); Oil & Gas (oil_gas); Packaged Foods & Meats (packaged_foods_meats); Paper Products (paper_products); Payments (payments); Pharmaceuticals (pharmaceuticals); Pharmacy (pharmacy); Photography (photography); Public Relations (public_relations); Publishing (publishing); Real Estate (real_estate); Renewable Energy (renewable_energy); Research & Consulting Services (research_consulting_services); Restaurants (restaurants); Semiconductors (semiconductors); Shipping & Logistics (shipping_logistics); Specialized Consumer Services (specialized_consumer_services); Sporting Goods (sporting_goods); Technology Hardware, Storage & Peripherals (technology_hardware_storage_peripherals); Textiles (textiles); Tobacco (tobacco); Trading Companies & Distributors (trading_companies_distributors); Transportation (transportation); Utilities (utilities); Wireless Telecommunication Services (wireless_telecommunication_services)","false","false","false","false","false","false","Reed Marcus","Sales view (1)","0.15%","7/2/24 8:31 AM EDT","Integration"
"G2 Stack - Categories","g2_buyer_intent_stack_categories","enumeration","The G2 product category of the product being used.","companyinformation","false","","false","false","false","false","false","false","Reed Marcus","Sales view (1)","0%","",""
"G2 Stack - Last Identified","g2_buyer_intent_stack_last_identified","date","The most recent date the product was used, as confirmed by G2.","companyinformation","false","","false","false","false","false","false","false","Reed Marcus","Sales view (3)","0%","",""
"G2 Stack - Products","g2_buyer_intent_stack_products","string","The product the buyer is using.","companyinformation","false","","false","false","false","false","false","false","Reed Marcus","Sales view (3)","0%","",""
"G2 Product Name","g2_product_name","string","This property stores the name of a G2 product.","companyinformation","false","","false","false","false","false","false","false","Reed Marcus","Sales view (1)","0.18%","7/2/24 8:31 AM EDT","Integration"
"Heard about you known?","heard_about_you_known_","enumeration","","companyinformation","true","Yes (true); No (false)","false","false","false","false","false","false","Reed Marcus","Automation platform flow (1)","0.11%","11/13/25 11:09 AM EST","Workflow"
"Last Touch Converting Campaign","hs_analytics_last_touch_converting_campaign","string","The campaign responsible for the last touch creation of the first contact associated with this company","companyinformation","false","","true","true","false","true","false","true","HubSpot","","0.1%","11/23/25 6:28 PM EST","HubSpot Calculation"
"Latest Traffic Source","hs_analytics_latest_source","enumeration","Source of the last session attributed to any contacts that are associated with this company","companyinformation","false","Organic Search (ORGANIC_SEARCH); Paid Search (PAID_SEARCH); Email Marketing (EMAIL_MARKETING); Organic Social (SOCIAL_MEDIA); Referrals (REFERRALS); Other Campaigns (OTHER_CAMPAIGNS); Direct Traffic (DIRECT_TRAFFIC); Offline Sources (OFFLINE); Paid Social (PAID_SOCIAL); AI Referrals (AI_REFERRALS)","true","true","false","false","false","true","HubSpot","Properties v3 card (1)","84.23%","11/23/25 6:38 PM EST","HubSpot Calculation"
"Latest Traffic Source Data 1","hs_analytics_latest_source_data_1","string","Additional source details of the last session attributed to any contacts that are associated with this company","companyinformation","false","","true","true","false","false","false","true","HubSpot","Sales view (1); Properties v3 card (1)","84.23%","11/23/25 6:38 PM EST","HubSpot Calculation"
"Latest Traffic Source Data 2","hs_analytics_latest_source_data_2","string","Additional source details of the last session attributed to any contacts that are associated with this company","companyinformation","false","","true","true","false","false","false","true","HubSpot","Sales view (1); Properties v3 card (1)","79.98%","11/23/25 6:38 PM EST","HubSpot Calculation"
"Latest Traffic Source Timestamp","hs_analytics_latest_source_timestamp","datetime","Timestamp of when latest source occurred","companyinformation","false","","true","true","false","false","false","true","HubSpot","Sales view (1)","84.23%","11/23/25 6:40 PM EST","HubSpot Calculation"
"Original Traffic Source","hs_analytics_source","enumeration","Original source for the contact with the earliest activity for this company or organization","companyinformation","false","Organic Search (ORGANIC_SEARCH); Paid Search (PAID_SEARCH); Email Marketing (EMAIL_MARKETING); Organic Social (SOCIAL_MEDIA); Referrals (REFERRALS); Other Campaigns (OTHER_CAMPAIGNS); Direct Traffic (DIRECT_TRAFFIC); Offline Sources (OFFLINE); Paid Social (PAID_SOCIAL); AI Referrals (AI_REFERRALS)","false","true","false","false","false","true","HubSpot","Sales view (1); Properties v3 card (1)","84.23%","11/23/25 6:29 PM EST","HubSpot Calculation"
"Original Traffic Source Drill-Down 1","hs_analytics_source_data_1","string","Additional information about the original source for the contact with the earliest activity for this company or organization","companyinformation","false","","true","true","false","false","false","true","HubSpot","Sales view (1); Properties v3 card (1)","84.21%","11/23/25 6:29 PM EST","HubSpot Calculation"
"Original Traffic Source Drill-Down 2","hs_analytics_source_data_2","string","Additional information about the original source for the contact with the earliest activity for this company or organization","companyinformation","false","","true","true","false","false","false","true","HubSpot","Sales view (1); Properties v3 card (1)","81.23%","11/23/25 6:29 PM EST","HubSpot Calculation"
"Country/Region Code","hs_country_code","string","Two-letter country code for the company headquarters location.","companyinformation","false","","false","false","false","false","false","true","HubSpot","","1.5%","11/23/25 6:40 PM EST","Data Enrichment"
"Created by user ID","hs_created_by_user_id","number","The user who created this record. This value is set automatically by HubSpot.","companyinformation","false","","true","true","false","true","false","true","HubSpot","","0.83%","",""
"Employee range","hs_employee_range","string","Numeric range of company's employees. Useful for segmenting companies by size.","companyinformation","false","","false","false","false","false","false","true","HubSpot","","1.39%","11/23/25 6:49 PM EST","Data Enrichment"
"Industry group","hs_industry_group","string","Second tier of company industry classification.","companyinformation","false","","false","false","false","false","false","true","HubSpot","","1.75%","11/23/25 6:49 PM EST","Data Enrichment"
"Has been enriched","hs_is_enriched","bool","Indicates whether this object has ever had enriched properties written to it.","companyinformation","false","Yes (true); No (false)","true","true","false","false","false","true","HubSpot","","5.62%","11/23/25 4:39 PM EST","Data Enrichment"
"Company Keywords","hs_keywords","enumeration","A list of company vertical descriptors. Typically more granular than industry classification.","companyinformation","true",".NET Development (net_development); 3D Printing (3d_printing); Abrasives (abrasives); Academic Programs (academic_programs); Academic Research (academic_research); Academics (academics); Access Management (access_management); Accident Claims (accident_claims); Accountability (accountability); Accounting (accounting); Acoustics (acoustics); Addiction Treatment (addiction_treatment); Adhesive (adhesive); Adhesives (adhesives); Administrative Consulting (administrative_consulting); Administrative Support (administrative_support); AdTech (adtech); Adult Clothing (adult_clothing); Adult Entertainment (adult_entertainment); Advanced Analytics (advanced_analytics); Advanced Manufacturing (advanced_manufacturing); Adventure Activities (adventure_activities); Advertising (advertising); Advertising & Marketing (advertising_marketing); Advertising Campaigns (advertising_campaigns); Advertising Management (advertising_management); Advice and Advisory Services (advice_and_advisory_services); Advisory Commissions (advisory_commissions); Advocacy (advocacy); Advocacy Group (advocacy_group); Aerospace & Defense (aerospace_defense); Aerospace Manufacturing (aerospace_manufacturing); Aesthetic Medicine (aesthetic_medicine); Affordable Healthcare Services (affordable_healthcare_services); After Sales Service (after_sales_service); After School Programs (after_school_programs); Agency (agency); Agile Development (agile_development); Agribusiness (agribusiness); Agricultural Equipment (agricultural_equipment); Agricultural Production (agricultural_production); Agriculture (agriculture); Air Bags (air_bags); Air Force (air_force); Air Quality and Filtration (air_quality_and_filtration); Air-Conditioning (airconditioning); Aircraft (aircraft); Airlines (airlines); Airport Services (airport_services); Alarm (alarm); Alcohol (alcohol); Ale (ale); Allergen-Free (allergenfree); Alternative Investments and Assets (alternative_investments_and_assets); Alternative Medicine (alternative_medicine); Aluminum Products (aluminum_products); Amazon Services (amazon_services); Ambulance (ambulance); Ambulatory (ambulatory); Ambulatory Services (ambulatory_services); Ammunition (ammunition); Amusement (amusement); Amusement Parks (amusement_parks); Analytics (analytics); Analytics & Reporting (analytics_reporting); Animal Care (animal_care); Animal Exhibit (animal_exhibit); Animal Fat (animal_fat); Animal Food (animal_food); Animal Grooming (animal_grooming); Animal Health (animal_health); Animal Hospitals (animal_hospitals); Animal Nutrition (animal_nutrition); Animal Production (animal_production); Animal Slaughtering (animal_slaughtering); Animal Training (animal_training); Animals & Pets (animals_pets); Animation (animation); Animation and Character Design (animation_and_character_design); Answering Services (answering_services); Anthracite (anthracite); Anti-Corruption (anticorruption); Apiculture (apiculture); APIs (apis); Apparel & Fashion (apparel_fashion); Apparel & Footwear (apparel_footwear); Application Development (application_development); Appointment Booking (appointment_booking); Appraisers (appraisers); AR/VR (ar_vr); Arcades (arcades); Archeology (archeology); Architectural Manufacturing (architectural_manufacturing); Architectural Planning (architectural_planning); Architectural Woodwork (architectural_woodwork); Architecture (architecture); Archiving (archiving); Armored Car (armored_car); Army (army); Art (art); Artificial Intelligence (artificial_intelligence); Artisanal Products (artisanal_products); Artists and Musicians (artists_and_musicians); Arts (arts); Arts & Crafts (arts_crafts); Arts & Culture (arts_culture); Assessments Services (assessments_services); Asset Based Lending (asset_based_lending); Asset Management (asset_management); Asset Recovery (asset_recovery); Asset Tracking (asset_tracking); Assistance Services (assistance_services); Athletes (athletes); Athletic Apparel (athletic_apparel); Athletics (athletics); ATM Services (atm_services); Attendance Tracking (attendance_tracking); Attractions (attractions); Auctions (auctions); Audio (audio); Audio Accessibility (audio_accessibility); Audio Devices (audio_devices); Audio Production (audio_production); Audio/Visual (audio_visual); Audio/Visual Equipment (audio_visual_equipment); Audiologists (audiologists); Audiotape Manufacturing (audiotape_manufacturing); Audiotapes (audiotapes); Audiovisual Services (audiovisual_services); Auditing (auditing); Authorized Reseller (authorized_reseller); Auto Dealership (auto_dealership); Auto Parts (auto_parts); Automation (automation); Automation Software (automation_software); Automobile Dealers (automobile_dealers); Automotive (automotive); Automotive Exhaust (automotive_exhaust); Automotive Financing (automotive_financing); Automotive Industry (automotive_industry); Automotive Insurance (automotive_insurance); Automotive Maintenance (automotive_maintenance); Automotive Parts & Accessories (automotive_parts_accessories); Automotive Services (automotive_services); Autonomous Vehicles (autonomous_vehicles); Aviation (aviation); Aviation Components (aviation_components); B2B (b2b); B2B Marketing & Services (b2b_marketing_services); B2C (b2c); B2C Marketing (b2c_marketing); B2G (b2g); Back Office Services (back_office_services); Background Checks (background_checks); Backup & Recovery (backup_recovery); Backup Power (backup_power); Baked Goods (baked_goods); Ball Clay (ball_clay); Bank Holding (bank_holding); Banking (banking); Banking & Mortgages (banking_mortgages); Bar & Grill (bar_grill); Barber (barber); Barber Shops (barber_shops); Bathroom Accessories (bathroom_accessories); Batteries (batteries); Battery (battery); Beachfront Properties (beachfront_properties); Beams (beams); Bean Farming (bean_farming); Beauty Products (beauty_products); Bed-and-Breakfast (bedandbreakfast); Bee (bee); Beet Sugar (beet_sugar); Behavioral Science (behavioral_science); Belt conveyor systems (belt_conveyor_systems); Berry (berry); Bespoke Design & Manufacturing (bespoke_design_manufacturing); Beverages (beverages); Bicycle (bicycle); Bicycles (bicycles); Billing Management (billing_management); Binding (binding); Biofuels (biofuels); Biotech (biotech); Biotechnology (biotechnology); Bituminous Coal (bituminous_coal); BizOps Tracking (bizops_tracking); Blending (blending); Block Ice (block_ice); Blockchain (blockchain); Blogging (blogging); Blood banks (blood_banks); Blueprint (blueprint); Boarding Houses (boarding_houses); Boat (boat); Boating (boating); Bolts (bolts); Book Publishing (book_publishing); Books and Graphic Novels (books_and_graphic_novels); Borate (borate); Botanical Gardens (botanical_gardens); Bottled Water (bottled_water); Box (box); Brake System (brake_system); Brand Management (brand_management); Branding (branding); Brandy (brandy); Breakfast Cereal (breakfast_cereal); Brewery (brewery); Brick (brick); Bridal Wear (bridal_wear); Broadband (broadband); Broadcasting (broadcasting); Broilers (broilers); Brokerage (brokerage); Brokers (brokers); Brooms (brooms); Buckles (buckles); Budget Optimization (budget_optimization); Buffets (buffets); Building Equipment (building_equipment); Building Management (building_management); Building Materials (building_materials); Building Safety (building_safety); Building Services (building_services); Buildings (buildings); Bulk Paper (bulk_paper); Bulk Stations (bulk_stations); Burial Casket (burial_casket); Burial Services (burial_services); Bus (bus); Business Associations (business_associations); Business Center (business_center); Business Efficiency (business_efficiency); Business Ethics (business_ethics); Business Financial Services (business_financial_services); Business Formation (business_formation); Business Growth (business_growth); Business Intelligence (business_intelligence); Business Lifecycle Management (business_lifecycle_management); Business Management and Planning (business_management_and_planning); Business Organizations (business_organizations); Business Partnerships (business_partnerships); Business Process Services (business_process_services); Business Service Centers (business_service_centers); Business Supplies (business_supplies); Cable Networks (cable_networks); Cables & Wires (cables_wires); Cacao (cacao); CAD Software (cad_software); Cafe (cafe); Cafeterias (cafeterias); Call Center (call_center); Cameras (cameras); Campaign Optimization (campaign_optimization); Camper (camper); Campgrounds (campgrounds); Cancer Awareness (cancer_awareness); Candy (candy); Cane Sugar (cane_sugar); Cannabis (cannabis); Canned Soups (canned_soups); Canning (canning); Capital Management (capital_management); Car Washes (car_washes); Carbon (carbon); Carbonated Waters (carbonated_waters); Cardiology (cardiology); Care Facilities (care_facilities); Career Development (career_development); Cargo Delivery (cargo_delivery); Carpentry (carpentry); Cartographic (cartographic); Catering (catering); Cattle (cattle); CDs (cds); Cellular (cellular); Cement and Concrete (cement_and_concrete); Cemeteries (cemeteries); Ceramic (ceramic); CFO Services (cfo_services); Charity (charity); Charter School (charter_school); Charter Services (charter_services); Chemical Products (chemical_products); Chemicals (chemicals); Chewing Tobacco (chewing_tobacco); Chicken (chicken); Child Care (child_care); Childrens Clothing (childrens_clothing); Chiropractors (chiropractors); Cigar (cigar); Cigarettes (cigarettes); Cinemas (cinemas); Circuit Boards (circuit_boards); Citrus (citrus); City Administration (city_administration); Civic Clubs (civic_clubs); Civic Engagement (civic_engagement); Civil Engineering (civil_engineering); Civil Rights (civil_rights); Claims Adjusting (claims_adjusting); Class Action (class_action); Clay (clay); Cleaning Services (cleaning_services); Cleanup (cleanup); Clearinghouse (clearinghouse); Client Management (client_management); Climate Change (climate_change); Clinical Care (clinical_care); Clinics (clinics); Clothing (clothing); Cloud Services (cloud_services); Cloud Solutions (cloud_solutions); CNC Machinery (cnc_machinery); Coaching (coaching); Coffee (coffee); Collaboration (collaboration); College Preparation (college_preparation); Colleges (colleges); Combustors (combustors); Commerce (commerce); Commercial Art (commercial_art); Commercial Bakeries (commercial_bakeries); Commercial Construction (commercial_construction); Commercial Machinery (commercial_machinery); Commercial Property (commercial_property); Commercial Services (commercial_services); Commercial Vehicles (commercial_vehicles); Commodity (commodity); Communication Strategy (communication_strategy); Communication Systems (communication_systems); Communications (communications); Communications Equipment (communications_equipment); Community (community); Community Health (community_health); Community Housing (community_housing); Commuter Rail (commuter_rail); Competitions (competitions); Compliance & Certifications (compliance_certifications); Compost (compost); Computer Hardware (computer_hardware); Computer Networking (computer_networking); Computer Programming (computer_programming); Computer Science (computer_science); Computer Vision (computer_vision); Computers (computers); Computing Infrastructure (computing_infrastructure); Concentrate (concentrate); Condensed (condensed); Conferences (conferences); Construction (construction); Construction Contractors & Services (construction_contractors_services); Consulates (consulates); Consultancy (consultancy); Consulting (consulting); Consulting & Professional Services (consulting_professional_services); Consumer Credit (consumer_credit); Consumer Discretionary (consumer_discretionary); Consumer Electronics (consumer_electronics); Consumer Goods (consumer_goods); Consumer Products (consumer_products); Consumer Staples (consumer_staples); Container (container); Content Management (content_management); Contract Management (contract_management); Contract Research (contract_research); Contracting Services (contracting_services); Contractors (contractors); Convenience Stores (convenience_stores); Convention (convention); Cookie (cookie); Cooks (cooks); Cooperatives (cooperatives); Copy Shops (copy_shops); Copyright (copyright); Corn (corn); Corporate & Business (corporate_business); Corporate Citizenship (corporate_citizenship); Corporate Events (corporate_events); Corporate Governance (corporate_governance); Corporate Identity (corporate_identity); Corporate Learning (corporate_learning); Correctional Institutions (correctional_institutions); Corrosion Control (corrosion_control); Cosmetics (cosmetics); Costume Rental (costume_rental); Counseling (counseling); Countertop (countertop); Country Clubs (country_clubs); Couriers (couriers); Courts (courts); COVID-19 (covid19); Coworking (coworking); CPA Services (cpa_services); Cracker (cracker); Creative Arts (creative_arts); Creative Communication (creative_communication); Credit (credit); Credit Analysis (credit_analysis); Credit Bureaus (credit_bureaus); Credit Intermediation (credit_intermediation); Crisis Management (crisis_management); CRM Solutions (crm_solutions); Crop Activities (crop_activities); Crop Farming (crop_farming); Crop Harvesting (crop_harvesting); Cross-Channel Marketing (crosschannel_marketing); Crude Petroleum (crude_petroleum); Cruise Lines (cruise_lines); Crypto (crypto); Cultivating (cultivating); Cultural Activities (cultural_activities); Custom Apparel (custom_apparel); Customer Care (customer_care); Customer Loyalty Program (customer_loyalty_program); Customer Support (customer_support); Cut and Sew (cut_and_sew); Cut Stock (cut_stock); Cutlery (cutlery); Cybersecurity (cybersecurity); Daily Deals (daily_deals); Dairy Production (dairy_production); Dairy Products (dairy_products); Dairy Substitutes (dairy_substitutes); Damage Restoration (damage_restoration); Dance (dance); Data & Analytics (data_analytics); Data Security (data_security); Data-Driven Marketing (datadriven_marketing); Datacenter Services (datacenter_services); Dating (dating); Day Spas (day_spas); Debt Management (debt_management); Decarbonization (decarbonization); Decorating (decorating); Defense & Security (defense_security); Dehydrated (dehydrated); Delivery (delivery); Delivery Services (delivery_services); Dental Care (dental_care); Dentists (dentists); Design (design); Design and Architectural Services (design_and_architectural_services); Design Services (design_services); Detective (detective); Detergent (detergent); DevOps (devops); Dialysis Centers (dialysis_centers); Diapers (diapers); Diet (diet); Digital Advertising (digital_advertising); Digital Content (digital_content); Digital Marketing (digital_marketing); Dimension Stone (dimension_stone); Dining (dining); Dinner Theaters (dinner_theaters); Direct Insurance (direct_insurance); Direct Mail (direct_mail); Directory (directory); Disability Services (disability_services); Disc (disc); Disposable Plastics (disposable_plastics); Distilleries (distilleries); Distribution (distribution); Distribution and Wholesalers (distribution_and_wholesalers); Document Automation (document_automation); Document Copying (document_copying); Doors & Windows (doors_windows); Dormitories (dormitories); Dough (dough); Dressing (dressing); Dried (dried); Drilling (drilling); Drinking Places (drinking_places); Drive-In (drivein); Driving Schools (driving_schools); Drug Retailers (drug_retailers); Dry (dry); Dry Goods (dry_goods); Dry Pasta (dry_pasta); Dry Pea (dry_pea); Drycleaning (drycleaning); Durable Goods (durable_goods); Dwellings (dwellings); Dye (dye); E-commerce (ecommerce); E-Commerce & Marketplaces (ecommerce_marketplaces); E-commerce Solutions (ecommerce_solutions); E-Learning (elearning); E-mail Marketing (email_marketing); Eco-Friendly (ecofriendly); Economic Programs (economic_programs); EdTech (edtech); Education (education); Education & Training (education_training); Education Services (education_services); Egg Production (egg_production); Elderly (elderly); Electric Housewares (electric_housewares); Electric Lamp (electric_lamp); Electric Lighting (electric_lighting); Electric Power (electric_power); Electric Vehicles (electric_vehicles); Electrical (electrical); Electrical Appliance (electrical_appliance); Electrical Installations (electrical_installations); Electrical Maintenance (electrical_maintenance); Electrical Services (electrical_services); Electrical Supplies (electrical_supplies); Electricians (electricians); Electricity Production (electricity_production); Electrodes (electrodes); Electronic Health Record (electronic_health_record); Electronic Parts (electronic_parts); Electronics (electronics); Electronics Repair (electronics_repair); Elementary (elementary); Elevators (elevators); Embroidery (embroidery); Emergency Care (emergency_care); Employee Management (employee_management); Employer Organizations (employer_organizations); Employment (employment); End of Life Care (end_of_life_care); Energy (energy); Energy & Utilities (energy_utilities); Energy Access (energy_access); Energy Analysis (energy_analysis); Energy Exploration (energy_exploration); Engine Equipment (engine_equipment); Engineered Wood (engineered_wood); Engineering (engineering); Engines (engines); English Language Education (english_language_education); Enterprise (enterprise); Enterprise Solutions (enterprise_solutions); Entertainers (entertainers); Entertainment & Recreation (entertainment_recreation); Entrepreneurial (entrepreneurial); Environment (environment); Equine (equine); Equity (equity); ERP Software (erp_software); Escrow (escrow); Estate Agent (estate_agent); Ethnic Foods (ethnic_foods); Ethyl Alcohol (ethyl_alcohol); Evaporated (evaporated); Event Planning (event_planning); Event Space (event_space); Events (events); Events and Festivals (events_and_festivals); Evidence-Based Medicine (evidencebased_medicine); Excavating (excavating); Excellent Service (excellent_service); Exchanges (exchanges); Exclusive Products (exclusive_products); Executive Development (executive_development); Exercise Therapy (exercise_therapy); Exhibits (exhibits); Experienced Professionals (experienced_professionals); Experiential (experiential); Expertise (expertise); Explosives (explosives); Export Management (export_management); Exterior Cleaning (exterior_cleaning); Exterior Lighting (exterior_lighting); Extermination (extermination); Extract (extract); Eye Care (eye_care); Eyewear (eyewear); Fabric (fabric); Facilities (facilities); Facilities Management (facilities_management); Faith-Based (faithbased); Family Focused (family_focused); Family Law (family_law); Family Planning (family_planning); Family Services (family_services); Farm Labor (farm_labor); Farm Products (farm_products); Farmers Market (farmers_market); Farming (farming); Fashion (fashion); Fast Casual Dining (fast_casual_dining); Fast Turnaround (fast_turnaround); Fats (fats); Feedlots (feedlots); Ferrous Metal (ferrous_metal); Fiber (fiber); Field Bean (field_bean); Film (film); Film & TV Production (film_tv_production); Film Developing (film_developing); Filtration Systems (filtration_systems); Finance (finance); Financial Accounting (financial_accounting); Financial Advisers (financial_advisers); Financial Contracts (financial_contracts); Financial Education (financial_education); Financial Forecasting (financial_forecasting); Financial Investment (financial_investment); Financial Markets (financial_markets); Financial Services (financial_services); Financial Support (financial_support); Financial Trading (financial_trading); Financial Transactions (financial_transactions); Financial Vehicles (financial_vehicles); Financing Services (financing_services); Fine Art (fine_art); Finfish (finfish); FinTech (fintech); Fire Prevention (fire_prevention); Firearms (firearms); First Nations (first_nations); Fish (fish); Fishery (fishery); Fitness (fitness); Fitness Center (fitness_center); Fitness Training (fitness_training); Flavoring (flavoring); Flavorings (flavorings); Flexible Work (flexible_work); Flight (flight); Floor Covering (floor_covering); Flooring (flooring); Floral Arrangements (floral_arrangements); Florists (florists); Flour (flour); Flour Mixes (flour_mixes); Fluid Control (fluid_control); Fluid Milk (fluid_milk); Foil Stamping (foil_stamping); Food (food); Food & Beverage Industry (food_beverage_industry); Food & Drink (food_drink); Food and Beverage Distribution (food_and_beverage_distribution); Food Crops (food_crops); Food Delivery (food_delivery); Food Ingredients (food_ingredients); Food Manufacturing (food_manufacturing); Food Production (food_production); Food Products (food_products); Food Service (food_service); Food, Beverage & Tobacco (food_beverage_tobacco); Footwear (footwear); Foreign Trade (foreign_trade); Forest Nurseries (forest_nurseries); Forestry (forestry); Formal and Evening Wear (formal_and_evening_wear); Forums (forums); Fossil Fuel (fossil_fuel); Foundries (foundries); Fragrance (fragrance); Franchising (franchising); Freelancing (freelancing); Freight Management (freight_management); Fresh Fruit (fresh_fruit); Frozen Dessert (frozen_dessert); Frozen Fruit (frozen_fruit); Fruit (fruit); Fruit Food (fruit_food); Fuel (fuel); Full Service Agency (full_service_agency); Fundraising (fundraising); Funds (funds); Furnace (furnace); Furniture (furniture); Furniture Repair (furniture_repair); Gambling (gambling); Gambling & Casinos (gambling_casinos); Game Development (game_development); Game Preserves (game_preserves); Games (games); Gaming (gaming); Garages (garages); Garden (garden); Garden Equipment (garden_equipment); Garden Supplies (garden_supplies); Gardeners (gardeners); Gasket (gasket); Gasoline (gasoline); Gasoline Stations (gasoline_stations); Gathering (gathering); General Medical (general_medical); General Merchandise (general_merchandise); Generator (generator); Genomics (genomics); Geodetic (geodetic); Geophysical (geophysical); Gifts (gifts); Gig & Sharing Economy (gig_sharing_economy); Ginning (ginning); Glass (glass); Glass Products (glass_products); Glazing (glazing); Glue (glue); Goat (goat); Golf (golf); Government (government); Government Contracting (government_contracting); Government Relations (government_relations); Government Support (government_support); Grain (grain); Grain Elevators (grain_elevators); Granite (granite); Grantmaking (grantmaking); Grape (grape); Graphic Design (graphic_design); Graphite (graphite); Gravel (gravel); Grease (grease); Green Business (green_business); Greenhouse (greenhouse); Greeting Card (greeting_card); Grinding Wheels (grinding_wheels); Grocery (grocery); Ground Transportation (ground_transportation); Group Activities (group_activities); Groves (groves); Gypsum (gypsum); Hair (hair); Hair Care (hair_care); Handbags (handbags); Handtools (handtools); Harbor (harbor); Hardware Development (hardware_development); Hatcheries (hatcheries); Hay (hay); Health (health); Health & Drug Screening (health_drug_screening); Health & Safety (health_safety); Health & Wellness (health_wellness); Health and Wellness (health_and_wellness); Health Care (health_care); Health Care Services (health_care_services); Health Centers (health_centers); Health Insurance (health_insurance); Health Practitioners (health_practitioners); Health Programs (health_programs); Healthcare (healthcare); Healthcare Monitoring (healthcare_monitoring); Healthcare Products (healthcare_products); Healthy Eating (healthy_eating); Heat Exchanger (heat_exchanger); Heating & Cooling (heating_cooling); Higher Education (higher_education); Highway Construction (highway_construction); Hiring Services (hiring_services); Historical Studies (historical_studies); HMO (hmo); Hobby Goods (hobby_goods); Hog (hog); Holding Companies (holding_companies); Holistic Care (holistic_care); Home & Furniture (home_furniture); Home & Garden (home_garden); Home and Garden Equipment (home_and_garden_equipment); Home and Kitchen Appliances (home_and_kitchen_appliances); Home Appliance Repair (home_appliance_repair); Home Centers (home_centers); Home Decor (home_decor); Home Healthcare (home_healthcare); Home Improvement (home_improvement); Home Ownership (home_ownership); Horses (horses); Hoses (hoses); Hosiery (hosiery); Hospitality (hospitality); Hostels (hostels); Hosting Services (hosting_services); Hotel Accommodations (hotel_accommodations); Hotel Management (hotel_management); Hotels (hotels); Hotels & Resorts (hotels_resorts); Household (household); Household Appliance (household_appliance); Housing (housing); HR Management (hr_management); HRTech (hrtech); Human Resources (human_resources); HVAC (hvac); Hydraulics (hydraulics); Hydrocarbons (hydrocarbons); Hydroelectric (hydroelectric); Identity Protection (identity_protection); Illustrations (illustrations); Import & Export (import_export); In-Vitro (invitro); Incinerators (incinerators); Industrial Distribution (industrial_distribution); Industrial Equipment (industrial_equipment); Industrial Gas (industrial_gas); Industrial Paper Supplies (industrial_paper_supplies); Industrial Sand (industrial_sand); Industrial Services (industrial_services); Industrials & Manufacturing (industrials_manufacturing); Information (information); Information Technology & Services (information_technology_services); Infrastructure (infrastructure); Inns (inns); Inorganic Chemical (inorganic_chemical); Insights & Analytics (insights_analytics); Inspection Services (inspection_services); Installation Services (installation_services); Institutional Furniture (institutional_furniture); Instruction (instruction); Insulation (insulation); Insurance (insurance); Insurance Funds (insurance_funds); Intangible Assets (intangible_assets); Integrated Circuits (integrated_circuits); Integration Services (integration_services); Intellectual Property (intellectual_property); Interactive Media (interactive_media); Interior Decor (interior_decor); International Affairs (international_affairs); International Business (international_business); International Relations (international_relations); International Trade (international_trade); Internet (internet); Internet of Things (internet_of_things); Internet Services (internet_services); Internet Software & Services (internet_software_services); Inventory (inventory); Inventory Management (inventory_management); Investigative Services (investigative_services); Investing (investing); Investment (investment); Investment Banking (investment_banking); Investment Management (investment_management); iOS Development (ios_development); Iron (iron); ISP (isp); IT Architecture (it_architecture); IT Management (it_management); IT Solutions (it_solutions); Jewelry (jewelry); Jewelry, Watches & Luxury Goods (jewelry_watches_luxury_goods); Judiciary (judiciary); Junior Colleges (junior_colleges); Justice (justice); Kaolin (kaolin); Kidney Dialysis (kidney_dialysis); Kitchen Cabinet (kitchen_cabinet); Kitchenware (kitchenware); Knowledge Base (knowledge_base); Labeling (labeling); Labor & Employment Law (labor_employment_law); Labor Unions (labor_unions); Laboratory Instrument (laboratory_instrument); Laboratory Services (laboratory_services); Laminated Wood (laminated_wood); Land Development (land_development); Land Subdivision (land_subdivision); Landfill (landfill); Landscaping (landscaping); Language (language); Language Learning (language_learning); Laser Scanning (laser_scanning); Laser Treatment (laser_treatment); Launderers (launderers); Law (law); Law Enforcement (law_enforcement); Lawn (lawn); Lawn and Garden (lawn_and_garden); Lead (lead); Leadership Development (leadership_development); Learning & Development (learning_development); Leasing (leasing); Leather (leather); Leather Goods (leather_goods); LEED (leed); Legacy Systems (legacy_systems); Legal Assistance (legal_assistance); Legal Defense (legal_defense); Legal Professionals (legal_professionals); Legal Services (legal_services); Legislative Bodies (legislative_bodies); Leisure (leisure); Lending Services (lending_services); Liberal Arts Education (liberal_arts_education); Libraries (libraries); Library (library); Licensing (licensing); Life Sciences (life_sciences); Lifestyle Brands (lifestyle_brands); Light Bulbs (light_bulbs); Light Gauge (light_gauge); Lighting (lighting); Lignite (lignite); Lime Manufacturing (lime_manufacturing); Limestone (limestone); Limousine (limousine); Listing Services (listing_services); Litigation (litigation); Live Entertainment (live_entertainment); Loan Brokers (loan_brokers); Local Business (local_business); Local Community (local_community); Local Cuisine (local_cuisine); Locksmiths (locksmiths); Logging (logging); Logistics (logistics); Logo (logo); Low & No Code (low_no_code); Lubricating Oil (lubricating_oil); Lubrication (lubrication); Luxury Goods (luxury_goods); Machine Learning (machine_learning); Machine Shops (machine_shops); Machine Tools (machine_tools); Machinery (machinery); Maids (maids); Mail Delivery (mail_delivery); Mailbox Rental (mailbox_rental); Mailing List (mailing_list); Maintenance (maintenance); Malt (malt); Managed Services (managed_services); Management Services (management_services); Manufacturing (manufacturing); Mapping (mapping); Marinas (marinas); Marine Services (marine_services); Maritime (maritime); Market Research (market_research); Market Strategy (market_strategy); Marketing (marketing); Marketing & Advertising (marketing_advertising); Marketplace (marketplace); Massage (massage); Material Handling (material_handling); Materials Recovery (materials_recovery); Materials Testing (materials_testing); Maternity Care (maternity_care); Mattress (mattress); Mayonnaise (mayonnaise); Meat Byproduct (meat_byproduct); Mechanical Engineering (mechanical_engineering); Mechanical Services (mechanical_services); Media (media); Media & Entertainment (media_entertainment); Media and Technology Distribution (media_and_technology_distribution); Medical Care (medical_care); Medical Centers (medical_centers); Medical Conditions (medical_conditions); Medical Data & Billing (medical_data_billing); Medical Devices (medical_devices); Medical Diagnostics (medical_diagnostics); Medical Imaging (medical_imaging); Medical Laboratories (medical_laboratories); Medical Supplies (medical_supplies); Medicine (medicine); Medicines (medicines); MedTech (medtech); Melon (melon); Memorabilia (memorabilia); Mental Health (mental_health); Mentorship Programs (mentorship_programs); Menu Planning (menu_planning); Mergers and Acquisitions (mergers_and_acquisitions); Messengers (messengers); Metal Can (metal_can); Metal Coating (metal_coating); Metal Container (metal_container); Metal Engraving (metal_engraving); Metal Fabrication (metal_fabrication); Metal Heat Treating (metal_heat_treating); Metal Manufacturing (metal_manufacturing); Metal Merchant (metal_merchant); Metal Ore (metal_ore); Metal Tank (metal_tank); Metal Valve Manufacturing (metal_valve_manufacturing); Metal Work (metal_work); Metals (metals); Metals and Alloys (metals_and_alloys); Military (military); Mills (mills); Mineral Ore (mineral_ore); Mineral Wool (mineral_wool); Mining (mining); Mining & Metals (mining_metals); Miniwarehouses (miniwarehouses); Mobile (mobile); Mobile App Development (mobile_app_development); Mobile Communication (mobile_communication); Mobile Food (mobile_food); Mobile Technologies (mobile_technologies); Money Transmission (money_transmission); Monitoring Services (monitoring_services); Monitoring Systems (monitoring_systems); Motels (motels); Motion Picture (motion_picture); Motor and Generator (motor_and_generator); Motor Home (motor_home); Motor Vehicle (motor_vehicle); Motor Vehicle Parts (motor_vehicle_parts); Motorcycle (motorcycle); Motorcycles (motorcycles); Movies & Entertainment (movies_entertainment); Movies & TV (movies_tv); Moving & Storage (moving_storage); Moving Stairways (moving_stairways); Multilingual (multilingual); Museums (museums); Mushroom (mushroom); Music (music); Music Accessories (music_accessories); Music Lessons (music_lessons); Music Stores (music_stores); Musical Groups (musical_groups); Nail Salons (nail_salons); Nannies (nannies); Nanotechnology (nanotechnology); Napkins (napkins); National Security (national_security); Natural Gas (natural_gas); Nature Conservation (nature_conservation); Nature Parks (nature_parks); Navigation (navigation); Navigation Systems (navigation_systems); Navigational Services (navigational_services); Navy (navy); Needlework (needlework); Network Management (network_management); Networking (networking); News & Media (news_media); News Dealers (news_dealers); Nickel (nickel); Nightlife (nightlife); Non-Profit & Philanthropy (nonprofit_philanthropy); Nonalcoholic Beverage (nonalcoholic_beverage); Noncitrus Fruit (noncitrus_fruit); Nondepository Credit (nondepository_credit); Nondurable Goods (nondurable_goods); Nonferrous Metal (nonferrous_metal); Nonmetallic Mineral Manufacturing (nonmetallic_mineral_manufacturing); Nonmetallic Minerals (nonmetallic_minerals); Nonprofit Support (nonprofit_support); Nonresidential (nonresidential); Notary (notary); Novelty (novelty); Nut (nut); Nutrition Services (nutrition_services); OEM (oem); Off-Road Vehicles (offroad_vehicles); Office Buildings (office_buildings); Office Machinery (office_machinery); Office Productivity (office_productivity); Offshoring (offshoring); Oil & Gas (oil_gas); Oils (oils); Oilseed (oilseed); Omnichannel Solutions (omnichannel_solutions); Online Business (online_business); Open Source (open_source); Open-End Investment Funds (openend_investment_funds); Operations and Workflow (operations_and_workflow); Ophthalmic Equipment (ophthalmic_equipment); Ophthalmic Goods (ophthalmic_goods); Optical Goods (optical_goods); Optometrists (optometrists); Orange (orange); Orchards (orchards); Organ Banks (organ_banks); Organic Products (organic_products); Organized Labor (organized_labor); Organizers (organizers); Ornamental Manufacturing (ornamental_manufacturing); Outdoor Activities (outdoor_activities); Outdoor and Casual Apparel (outdoor_and_casual_apparel); Outdoor Gear (outdoor_gear); Outdoor Power Equipment (outdoor_power_equipment); Outdoor Structures & Accessories (outdoor_structures_accessories); Outpatient (outpatient); Outsourcing (outsourcing); Outsourcing Services (outsourcing_services); Owner Focused (owner_focused); P2P Lending (p2p_lending); PaaS (paas); Packaging (packaging); Packaging & Containers (packaging_containers); Pain and Anxiety Management (pain_and_anxiety_management); Paint (paint); Painting (painting); Pallet (pallet); Paper (paper); Paper & Forest Products (paper_forest_products); Paper Bag (paper_bag); Paper Goods (paper_goods); Paper Machinery (paper_machinery); Paper Mills (paper_mills); Paperboard (paperboard); Paralegal (paralegal); Parking (parking); Parking Management (parking_management); Parole (parole); Particleboard (particleboard); Passenger (passenger); Passenger Car (passenger_car); Patient Management (patient_management); Patrol Services (patrol_services); Payment Processing (payment_processing); Payments (payments); Peace Advocacy (peace_advocacy); Peanut (peanut); Peanut Butter (peanut_butter); Performance Coaching (performance_coaching); Performers (performers); Performing Arts (performing_arts); Periodical (periodical); Perishable (perishable); Personal Care (personal_care); Personalized Learning (personalized_learning); Personalized Medicine (personalized_medicine); Personalized Service (personalized_service); Personalized Shopping (personalized_shopping); Pest Control (pest_control); Pesticide (pesticide); Pharmaceuticals (pharmaceuticals); Pharmacy (pharmacy); Phosphate Rock (phosphate_rock); Photocopying (photocopying); Photofinishing (photofinishing); Photographic Services (photographic_services); Photography (photography); Photography Equipment (photography_equipment); Physical Sciences (physical_sciences); Piece Goods (piece_goods); Pig Farming (pig_farming); Pigment (pigment); Pipe Manufacturing (pipe_manufacturing); Pipeline (pipeline); Placement Agencies (placement_agencies); Planing (planing); Plant-based Products (plantbased_products); Planting (planting); Plastic Bags (plastic_bags); Plastic Bottles (plastic_bottles); Plastic Products (plastic_products); Plastics (plastics); Plumbing (plumbing); Plumbing Products (plumbing_products); Plumbing Services (plumbing_services); Pneumatics and Compressors (pneumatics_and_compressors); Podcasts (podcasts); Podiatrists (podiatrists); Point of Sale (point_of_sale); Police (police); Police Protection (police_protection); Political Organization (political_organization); Political Organizations (political_organizations); Politics (politics); Polling (polling); Pornography (pornography); Port (port); Portrait (portrait); Postal Service (postal_service); Postharvest (postharvest); Postproduction (postproduction); Potash (potash); Potato (potato); Power Boiler (power_boiler); Power Distribution (power_distribution); Power Generation (power_generation); Power Lines (power_lines); Power Supplies (power_supplies); Power Train (power_train); Power Transmission (power_transmission); Precious Metals (precious_metals); Precision Engineering (precision_engineering); Prefabricated (prefabricated); Prepared Food (prepared_food); Prevention and Intervention (prevention_and_intervention); Pricing Strategies (pricing_strategies); Primary & Secondary Education (primary_secondary_education); Printing (printing); Printing Ink (printing_ink); Printing Services (printing_services); Private Equity (private_equity); Private Households (private_households); Private Label Products (private_label_products); Private Mail Centers (private_mail_centers); Probation (probation); Process Improvement (process_improvement); Procurement (procurement); Product Management (product_management); Production (production); Production Management (production_management); Professional Organizations (professional_organizations); Professional Schools (professional_schools); Professional Services (professional_services); Professional Supplies (professional_supplies); Project Management (project_management); Promoters (promoters); Promotional Marketing (promotional_marketing); Property Appraisal (property_appraisal); Property Buying (property_buying); Property Development (property_development); Property Management (property_management); Property Managers (property_managers); Property Rentals (property_rentals); Propulsion (propulsion); Prosecution (prosecution); Protection Products and Services (protection_products_and_services); Protective Equipment (protective_equipment); Psychiatric (psychiatric); Public Assistance (public_assistance); Public Figures (public_figures); Public Opinion (public_opinion); Public Order (public_order); Public Policy (public_policy); Public Relations (public_relations); Publishers (publishers); Publishing (publishing); Pulp Mills (pulp_mills); Pumping Equipment (pumping_equipment); Pumps (pumps); Purses (purses); Racetracks (racetracks); Racing Sports (racing_sports); Radio (radio); Radio Networks (radio_networks); Radium (radium); Rail (rail); Railroads (railroads); Railway (railway); Ranching (ranching); Real Estate (real_estate); Real Estate Finance (real_estate_finance); Recipes (recipes); Reconstituted Wood (reconstituted_wood); Record Production (record_production); Recreation (recreation); Recreational Activities (recreational_activities); Recreational Vehicle (recreational_vehicle); Recruiting (recruiting); Recycling (recycling); Referral Marketing (referral_marketing); Refineries (refineries); Refining (refining); Refractory Minerals (refractory_minerals); Refrigeration (refrigeration); Regulation (regulation); Regulatory Affairs (regulatory_affairs); REITs (reits); Relief Services (relief_services); Religion (religion); Religious Studies (religious_studies); Remediation Services (remediation_services); Remodelers (remodelers); Remote Collaboration (remote_collaboration); Removal Services (removal_services); Renewable and Alternative Energy (renewable_and_alternative_energy); Renewable Energy (renewable_energy); Renewables & Environment (renewables_environment); Renovations (renovations); Rental Services (rental_services); Repair & Maintenance (repair_maintenance); Replacement (replacement); Repossession (repossession); Resawing (resawing); Research (research); Research & Consulting Services (research_consulting_services); Research & Innovation (research_innovation); Research Services (research_services); Reservation (reservation); Residential (residential); Residential Care (residential_care); Resin (resin); Restaurant Services (restaurant_services); Restaurants (restaurants); Restoration Services (restoration_services); Retail (retail); Retail Bakeries (retail_bakeries); Retail Store (retail_store); Retirement Communities (retirement_communities); Reupholstery (reupholstery); Rice (rice); Ridesharing (ridesharing); Risk Analysis (risk_analysis); Road Services (road_services); Roasted Nuts (roasted_nuts); Roofing (roofing); Royalty (royalty); Rubber Products (rubber_products); RV (rv); RV Parks (rv_parks); SaaS (saas); Safes (safes); Safety & Security (safety_security); Safety Audits (safety_audits); Sales & Marketing (sales_marketing); Sales Development (sales_development); Sales Financing (sales_financing); Salon & Spa (salon_spa); Sand (sand); Sandpaper (sandpaper); Sanitary Paper (sanitary_paper); Sanitation (sanitation); Sanitization Services (sanitization_services); Satellite (satellite); Sauce (sauce); Savings & Investing (savings_investing); Sawmills (sawmills); Scales (scales); Schedule Management (schedule_management); Scheduled Freight (scheduled_freight); Scholarship Programs (scholarship_programs); Scientific (scientific); Scientific & Academic Research (scientific_academic_research); Search Engine Advertising (search_engine_advertising); Seasoning (seasoning); Secondary Market (secondary_market); Secondhand (secondhand); Secretarial (secretarial); Securities (securities); Security (security); Security and Alarm Systems (security_and_alarm_systems); Security Services (security_services); Self-employment (selfemployment); Senior Care (senior_care); Sensors (sensors); Septic Tank (septic_tank); Service Centers (service_centers); Services (services); Servicing (servicing); Sewage (sewage); Sewer (sewer); Sheep (sheep); Shellfish (shellfish); Ship Building (ship_building); Shipbuilding (shipbuilding); Shipping (shipping); Shipping & Logistics (shipping_logistics); Signage (signage); Signs (signs); Silverware (silverware); Single-Family (singlefamily); Skills Development (skills_development); Skin Care (skin_care); Skylight (skylight); Sleep Products (sleep_products); Smart Home (smart_home); Smart Infrastructure (smart_infrastructure); SMS & Push Notifications (sms_push_notifications); Snack Food (snack_food); Soap (soap); Social Advocacy (social_advocacy); Social Enterprise (social_enterprise); Social Media Advertising (social_media_advertising); Social Sciences (social_sciences); Society (society); Soda (soda); Soft Drink (soft_drink); Software (software); Software Development (software_development); Software Installation (software_installation); Software Testing (software_testing); Softwood (softwood); Soil Preparation (soil_preparation); Solar Energy (solar_energy); Solid Waste (solid_waste); Sound Recording (sound_recording); Sourcing (sourcing); Souvenir (souvenir); Soybean (soybean); Space Exploration (space_exploration); Space Research (space_research); Space Vehicles (space_vehicles); Special Needs (special_needs); Specialized Consumer Services (specialized_consumer_services); Specialty Canning (specialty_canning); Specialty Hospitals (specialty_hospitals); Speech (speech); Spice (spice); Spiritual Development (spiritual_development); Sponsorships (sponsorships); Sporting Goods (sporting_goods); Sports (sports); Sports & Fitness (sports_fitness); Spring and Wire (spring_and_wire); Staffing & Recruiting (staffing_recruiting); Staffing Solutions (staffing_solutions); Starch (starch); Startup Funding (startup_funding); Startups (startups); Steam (steam); Steel Wire (steel_wire); Steering (steering); Stenotype (stenotype); Stone Work (stone_work); Storage Device (storage_device); Storage Services (storage_services); Storage Tanks (storage_tanks); Stores (stores); Storytelling (storytelling); Strategic Planning (strategic_planning); Strawberry (strawberry); Streaming Services (streaming_services); Structural Members (structural_members); Structural Metal (structural_metal); Student Activities (student_activities); Studios (studios); Subscription Business (subscription_business); Subway (subway); Sugar Beet (sugar_beet); Sugarcane (sugarcane); Supercenters (supercenters); Supermarkets (supermarkets); Supplier Management (supplier_management); Suppliers (suppliers); Supply Chain Solutions (supply_chain_solutions); Support (support); Support Services (support_services); Surgery (surgery); Surgical Hospital (surgical_hospital); Surgical Hospitals (surgical_hospitals); Surveying (surveying); Sustainability (sustainability); Swimming Pools (swimming_pools); Switchboard (switchboard); Synthetic Rubber (synthetic_rubber); Syrup (syrup); System Monitoring (system_monitoring); Tailored Clothing (tailored_clothing); Talent Agencies (talent_agencies); Talent Management (talent_management); Tape Recorders (tape_recorders); Tattoo (tattoo); Tax Law (tax_law); Tax Services (tax_services); Taxi (taxi); Tea (tea); Tech Accessories (tech_accessories); Tech Innovation (tech_innovation); Technical Services (technical_services); Technology (technology); Technology Consulting (technology_consulting); Telecom (telecom); Telecommunications (telecommunications); Telemarketing (telemarketing); Telemedicine (telemedicine); Telephone (telephone); Teleproduction (teleproduction); Television (television); Television Stations (television_stations); Temperature-Controlled Services (temperature_controlled_services); Temples (temples); Temporary Help (temporary_help); Temporary Shelters (temporary_shelters); Test Preparation (test_preparation); Testing & Analysis (testing_analysis); Textile Mills (textile_mills); Textiles (textiles); Theater (theater); Theaters (theaters); Therapeutics (therapeutics); Therapists (therapists); Threat Detection (threat_detection); Ticketing (ticketing); Tidal (tidal); Tile (tile); Tires (tires); Tobacco (tobacco); Tools (tools); Topographic (topographic); Tortilla (tortilla); Tours and Sightseeing (tours_and_sightseeing); Toys (toys); Tract Operations (tract_operations); Trade Agents (trade_agents); Trade Schools (trade_schools); Trade Shows (trade_shows); Trailers (trailers); Training (training); Training & Workshops (training_workshops); Transit Systems (transit_systems); Translation (translation); Translation Services (translation_services); Transmission (transmission); Transportation (transportation); Trapping (trapping); Trauma Care (trauma_care); Travel & Leisure (travel_leisure); Travel & Tourism (travel_tourism); Travel Agencies (travel_agencies); Travel Arrangement (travel_arrangement); Travel Packages (travel_packages); Travel Trailer (travel_trailer); Tree Nut (tree_nut); Tree Production (tree_production); Tribal Governments (tribal_governments); Truck (truck); Truck Stops (truck_stops); Truck Trailer (truck_trailer); Trucking (trucking); Truss (truss); Trusts (trusts); Turbine (turbine); Turkey (turkey); Tutoring Services (tutoring_services); TV Production (tv_production); UI/UX Design (ui_ux_design); Under Cover (under_cover); Union Employees (union_employees); Uranium (uranium); Urban Planning (urban_planning); Urban Transit (urban_transit); Used Car (used_car); Used Merchandise (used_merchandise); Utilities (utilities); Utility Trailer (utility_trailer); Vacation Camps (vacation_camps); Vacations (vacations); Valet (valet); Valves (valves); Vanadium (vanadium); Vape Shops (vape_shops); Variety Stores (variety_stores); Varnish (varnish); Vegetable (vegetable); Vending (vending); Veneer (veneer); Venture Capital (venture_capital); Veterans Affairs (veterans_affairs); Veterinary (veterinary); Video Creation (video_creation); Video Games (video_games); Video Security (video_security); Virtual Assistants (virtual_assistants); Visual Design, Multimedia Design (visual_design_multimedia_design); Vitamins & Supplements (vitamins_supplements); Vocational (vocational); VOIP (voip); Volunteer Services (volunteer_services); VPS (vps); Wall Covering (wall_covering); Wallpaper (wallpaper); Warehouse Clubs (warehouse_clubs); Warehousing (warehousing); Waste Management (waste_management); Watches (watches); Water (water); Water Management (water_management); Water Transportation (water_transportation); Weapons (weapons); Web & Client Portals (web_client_portals); Web Design (web_design); Web Search (web_search); Web Services & Apps (web_services_apps); Weddings (weddings); Weight Reducing (weight_reducing); Welding Equipment (welding_equipment); Wheat (wheat); Wholesale (wholesale); Wind (wind); Window Treatment (window_treatment); Windows (windows); Windows & Coverings (windows_coverings); Wine (wine); Winery (winery); Wire (wire); Wired (wired); Wireless (wireless); Wireless Communications (wireless_communications); Wiring Device (wiring_device); Wiring Supplies (wiring_supplies); Women's Empowerment (womens_empowerment); Wood Chips (wood_chips); Worker Safety (worker_safety); Worker's Compensation (workers_compensation); Workforce Management (workforce_management); Workspace (workspace); Writers (writers); Writing & Editing (writing_editing); Writing Paper (writing_paper); Youth Programs (youth_programs); Zinc (zinc); Zoos (zoos)","false","false","false","false","false","true","HubSpot","","1.79%","11/23/25 6:52 PM EST","Data Enrichment"
"Linkedin handle","hs_linkedin_handle","string","Company's LinkedIn page handle","companyinformation","false","","false","false","false","false","false","true","HubSpot","","1.1%","11/23/25 6:40 PM EST","Data Enrichment"
"Logo URL","hs_logo_url","string","URL of the company logo","companyinformation","false","","false","false","false","false","false","true","HubSpot","","10.87%","11/23/25 4:39 PM EST","Data Enrichment"
"Merged Company IDs","hs_merged_object_ids","enumeration","The list of Company record IDs that have been merged into this Company. This value is set automatically by HubSpot.","companyinformation","false","","true","true","false","false","false","true","HubSpot","","0%","",""
"Number of child companies","hs_num_child_companies","number","The number of child companies of this company","companyinformation","false","","true","true","false","false","false","true","HubSpot","","99.99%","11/23/25 6:28 PM EST","HubSpot Calculation"
"Record ID","hs_object_id","number","The unique ID for this record. This value is set automatically by HubSpot.","companyinformation","false","","true","true","false","false","false","true","HubSpot","Rollup property (1); Inbounddb lists (2); Sales view (3)","100%","11/23/25 6:28 PM EST","Salesforce"
"Record source detail 1","hs_object_source_detail_1","string","First level of detail on how this record was created.","companyinformation","false","","true","true","false","false","false","true","HubSpot","","11.95%","11/23/25 5:35 PM EST","HubSpot Processing"
"Record source detail 2","hs_object_source_detail_2","string","Second level of detail on how this record was created.","companyinformation","false","","true","true","false","false","false","true","HubSpot","","0%","",""
"Record source detail 3","hs_object_source_detail_3","string","Third level of detail on how this record was created.","companyinformation","false","","true","true","false","false","false","true","HubSpot","","0%","",""
"Record source","hs_object_source_label","enumeration","How this record was created.","companyinformation","false","","true","true","false","true","false","true","HubSpot","","100%","11/23/25 6:28 PM EST","Salesforce"
"Parent Company","hs_parent_company_id","number","The parent company of this company","companyinformation","false","","true","true","false","true","false","true","HubSpot","","0%","",""
"Quick context","hs_quick_context","string","","companyinformation","false","","false","true","false","false","false","true","HubSpot","","0%","",""
"Revenue range","hs_revenue_range","string","Numeric estimate of the company’s annual revenue by range.","companyinformation","false","","false","false","false","false","false","true","HubSpot","","1.31%","11/23/25 6:49 PM EST","Data Enrichment"
"Shared teams","hs_shared_team_ids","enumeration","Additional teams whose users can access the Company based on their permissions. This can be set manually or through Workflows or APIs.","companyinformation","false","","false","true","false","true","false","true","HubSpot","","0%","",""
"Shared users","hs_shared_user_ids","enumeration","Additional users that can access the Company based on their permissions. This can be set manually or through Workflows and APIs.","companyinformation","false","","false","true","false","true","false","true","HubSpot","","0%","",""
"State/Region Code","hs_state_code","string","The company's state or region code.","companyinformation","false","","false","false","false","false","false","true","HubSpot","","1.43%","11/23/25 6:40 PM EST","Data Enrichment"
"Updated by user ID","hs_updated_by_user_id","number","The user who last updated this record. This value is set automatically by HubSpot.","companyinformation","false","","true","true","false","true","false","true","HubSpot","","77.58%","9/18/25 9:55 AM EDT","CRM UI Bulk Action"
"Hubspot-VC","hubspot_vc","enumeration","","companyinformation","true","Yes; No","false","false","false","false","false","false","Reed Marcus","Automation platform flow (2)","1.41%","11/23/25 5:38 PM EST","Workflow"
"Inbound notes - Company","inbound_notes___company","string","","companyinformation","true","","false","false","false","false","false","false","Unknown user","","0%","",""
"Inbound Signup Path","inbound_signup_path","enumeration","","companyinformation","true","Contact Sales; Self-Serve","false","false","false","false","false","false","Reed Marcus","Automation platform flow (2); Sales view (2); Properties v3 card (2)","14.33%","11/23/25 6:29 PM EST","Workflow"
"Industry","industry","enumeration","The type of business the company performs. By default, this property has approximately 150 pre-defined options to select from. While these options cannot be deleted, you can add new custom options to meet your needs.","companyinformation","true","Accounting (ACCOUNTING) [READ-ONLY]; Agriculture; Airlines/Aviation (AIRLINES_AVIATION) [READ-ONLY]; Airlines, Airports & Air Services; Alternative Dispute Resolution (ALTERNATIVE_DISPUTE_RESOLUTION) [READ-ONLY]; Alternative Medicine (ALTERNATIVE_MEDICINE) [READ-ONLY]; Animation (ANIMATION) [READ-ONLY]; Apparel & Fashion (APPAREL_FASHION) [READ-ONLY]; Architecture & Planning (ARCHITECTURE_PLANNING) [READ-ONLY]; Arts and Crafts (ARTS_AND_CRAFTS) [READ-ONLY]; Automotive (AUTOMOTIVE) [READ-ONLY]; Aviation & Aerospace (AVIATION_AEROSPACE) [READ-ONLY]; Blood & Organ Banks; Banking (BANKING) [READ-ONLY]; Biotechnology (BIOTECHNOLOGY) [READ-ONLY]; Broadcast Media (BROADCAST_MEDIA) [READ-ONLY]; Business Services; Building Materials (BUILDING_MATERIALS) [READ-ONLY]; Business Supplies and Equipment (BUSINESS_SUPPLIES_AND_EQUIPMENT) [READ-ONLY]; Capital Markets (CAPITAL_MARKETS) [READ-ONLY]; Chemicals (CHEMICALS) [READ-ONLY]; Civic & Social Organization (CIVIC_SOCIAL_ORGANIZATION) [READ-ONLY]; Consulting; Civil Engineering (CIVIL_ENGINEERING) [READ-ONLY]; Commercial Real Estate (COMMERCIAL_REAL_ESTATE) [READ-ONLY]; Computer & Network Security (COMPUTER_NETWORK_SECURITY) [READ-ONLY]; Computer Games (COMPUTER_GAMES) [READ-ONLY]; Computer Hardware (COMPUTER_HARDWARE) [READ-ONLY]; Dental Offices; Computer Networking (COMPUTER_NETWORKING) [READ-ONLY]; Computer Software (COMPUTER_SOFTWARE) [READ-ONLY]; Education; Elderly Care Services; Internet (INTERNET) [READ-ONLY]; Construction (CONSTRUCTION) [READ-ONLY]; Electrical; Consumer Electronics (CONSUMER_ELECTRONICS) [READ-ONLY]; Consumer Goods (CONSUMER_GOODS) [READ-ONLY]; Consumer Services (CONSUMER_SERVICES) [READ-ONLY]; Cosmetics (COSMETICS) [READ-ONLY]; Dairy (DAIRY) [READ-ONLY]; Defense & Space (DEFENSE_SPACE) [READ-ONLY]; Design (DESIGN) [READ-ONLY]; Education Management (EDUCATION_MANAGEMENT) [READ-ONLY]; E-Learning (E_LEARNING) [READ-ONLY]; Electrical/Electronic Manufacturing (ELECTRICAL_ELECTRONIC_MANUFACTURING) [READ-ONLY]; Entertainment (ENTERTAINMENT) [READ-ONLY]; Environmental Services (ENVIRONMENTAL_SERVICES) [READ-ONLY]; Government; Events Services (EVENTS_SERVICES) [READ-ONLY]; Executive Office (EXECUTIVE_OFFICE) [READ-ONLY]; Facilities Services (FACILITIES_SERVICES) [READ-ONLY]; Farming (FARMING) [READ-ONLY]; Financial Services (FINANCIAL_SERVICES) [READ-ONLY]; Fine Art (FINE_ART) [READ-ONLY]; Fishery (FISHERY) [READ-ONLY]; HVAC; Food & Beverages (FOOD_BEVERAGES) [READ-ONLY]; Food Production (FOOD_PRODUCTION) [READ-ONLY]; Fund-Raising (FUND_RAISING) [READ-ONLY]; Furniture (FURNITURE) [READ-ONLY]; Gambling & Casinos (GAMBLING_CASINOS) [READ-ONLY]; Glass, Ceramics & Concrete (GLASS_CERAMICS_CONCRETE) [READ-ONLY]; Government Administration (GOVERNMENT_ADMINISTRATION) [READ-ONLY]; Government Relations (GOVERNMENT_RELATIONS) [READ-ONLY]; Graphic Design (GRAPHIC_DESIGN) [READ-ONLY]; Health, Wellness and Fitness (HEALTH_WELLNESS_AND_FITNESS) [READ-ONLY]; Higher Education (HIGHER_EDUCATION) [READ-ONLY]; Hospital & Health Care (HOSPITAL_HEALTH_CARE) [READ-ONLY]; Manufacturing; Hospitality (HOSPITALITY) [READ-ONLY]; Human Resources (HUMAN_RESOURCES) [READ-ONLY]; Media; Import and Export (IMPORT_AND_EXPORT) [READ-ONLY]; Medical & Surgical Hospitals; Individual & Family Services (INDIVIDUAL_FAMILY_SERVICES) [READ-ONLY]; Industrial Automation (INDUSTRIAL_AUTOMATION) [READ-ONLY]; Information Services (INFORMATION_SERVICES) [READ-ONLY]; Medical Specialists; Information Technology and Services (INFORMATION_TECHNOLOGY_AND_SERVICES) [READ-ONLY]; Mental Health & Rehabilitation Facilities; Insurance (INSURANCE) [READ-ONLY]; International Affairs (INTERNATIONAL_AFFAIRS) [READ-ONLY]; International Trade and Development (INTERNATIONAL_TRADE_AND_DEVELOPMENT) [READ-ONLY]; Investment Banking (INVESTMENT_BANKING) [READ-ONLY]; Investment Management (INVESTMENT_MANAGEMENT) [READ-ONLY]; Judiciary (JUDICIARY) [READ-ONLY]; Nonprofit Organization Management; Law Enforcement (LAW_ENFORCEMENT) [READ-ONLY]; Law Practice (LAW_PRACTICE) [READ-ONLY]; Legal Services (LEGAL_SERVICES) [READ-ONLY]; Physicians Clinics; Legislative Office (LEGISLATIVE_OFFICE) [READ-ONLY]; Leisure, Travel & Tourism (LEISURE_TRAVEL_TOURISM) [READ-ONLY]; Libraries (LIBRARIES) [READ-ONLY]; Professional Services; Logistics and Supply Chain (LOGISTICS_AND_SUPPLY_CHAIN) [READ-ONLY]; Luxury Goods & Jewelry (LUXURY_GOODS_JEWELRY) [READ-ONLY]; Machinery (MACHINERY) [READ-ONLY]; Management Consulting (MANAGEMENT_CONSULTING) [READ-ONLY]; Maritime (MARITIME) [READ-ONLY]; Market Research (MARKET_RESEARCH) [READ-ONLY]; Marketing and Advertising (MARKETING_AND_ADVERTISING) [READ-ONLY]; Mechanical or Industrial Engineering (MECHANICAL_OR_INDUSTRIAL_ENGINEERING) [READ-ONLY]; Roofing; Media Production (MEDIA_PRODUCTION) [READ-ONLY]; Security Products & Services; Medical Devices (MEDICAL_DEVICES) [READ-ONLY]; Medical Practice (MEDICAL_PRACTICE) [READ-ONLY]; Mental Health Care (MENTAL_HEALTH_CARE) [READ-ONLY]; Military (MILITARY) [READ-ONLY]; Technology; Mining & Metals (MINING_METALS) [READ-ONLY]; Motion Pictures and Film (MOTION_PICTURES_AND_FILM) [READ-ONLY]; Museums and Institutions (MUSEUMS_AND_INSTITUTIONS) [READ-ONLY]; Music (MUSIC) [READ-ONLY]; Trucking, Moving & Storage; Nanotechnology (NANOTECHNOLOGY) [READ-ONLY]; Newspapers (NEWSPAPERS) [READ-ONLY]; Non-Profit Organization Management (NON_PROFIT_ORGANIZATION_MANAGEMENT) [READ-ONLY]; Oil & Energy (OIL_ENERGY) [READ-ONLY]; Online Media (ONLINE_MEDIA) [READ-ONLY]; Outsourcing/Offshoring (OUTSOURCING_OFFSHORING) [READ-ONLY]; Package/Freight Delivery (PACKAGE_FREIGHT_DELIVERY) [READ-ONLY]; Packaging and Containers (PACKAGING_AND_CONTAINERS) [READ-ONLY]; Paper & Forest Products (PAPER_FOREST_PRODUCTS) [READ-ONLY]; Performing Arts (PERFORMING_ARTS) [READ-ONLY]; Pharmaceuticals (PHARMACEUTICALS) [READ-ONLY]; Philanthropy (PHILANTHROPY) [READ-ONLY]; Photography (PHOTOGRAPHY) [READ-ONLY]; Plastics (PLASTICS) [READ-ONLY]; Political Organization (POLITICAL_ORGANIZATION) [READ-ONLY]; Primary/Secondary Education (PRIMARY_SECONDARY_EDUCATION) [READ-ONLY]; Printing (PRINTING) [READ-ONLY]; Professional Training & Coaching (PROFESSIONAL_TRAINING_COACHING) [READ-ONLY]; Program Development (PROGRAM_DEVELOPMENT) [READ-ONLY]; Public Policy (PUBLIC_POLICY) [READ-ONLY]; Public Relations and Communications (PUBLIC_RELATIONS_AND_COMMUNICATIONS) [READ-ONLY]; Public Safety (PUBLIC_SAFETY) [READ-ONLY]; Publishing (PUBLISHING) [READ-ONLY]; Railroad Manufacture (RAILROAD_MANUFACTURE) [READ-ONLY]; Ranching (RANCHING) [READ-ONLY]; Real Estate (REAL_ESTATE) [READ-ONLY]; Recreational Facilities and Services (RECREATIONAL_FACILITIES_AND_SERVICES) [READ-ONLY]; Religious Institutions (RELIGIOUS_INSTITUTIONS) [READ-ONLY]; Renewables & Environment (RENEWABLES_ENVIRONMENT) [READ-ONLY]; Research (RESEARCH) [READ-ONLY]; Restaurants (RESTAURANTS) [READ-ONLY]; Retail (RETAIL) [READ-ONLY]; Security and Investigations (SECURITY_AND_INVESTIGATIONS) [READ-ONLY]; Semiconductors (SEMICONDUCTORS) [READ-ONLY]; Shipbuilding (SHIPBUILDING) [READ-ONLY]; Sporting Goods (SPORTING_GOODS) [READ-ONLY]; Sports (SPORTS) [READ-ONLY]; Staffing and Recruiting (STAFFING_AND_RECRUITING) [READ-ONLY]; Supermarkets (SUPERMARKETS) [READ-ONLY]; Telecommunications (TELECOMMUNICATIONS) [READ-ONLY]; Textiles (TEXTILES) [READ-ONLY]; Think Tanks (THINK_TANKS) [READ-ONLY]; Tobacco (TOBACCO) [READ-ONLY]; Translation and Localization (TRANSLATION_AND_LOCALIZATION) [READ-ONLY]; Transportation/Trucking/Railroad (TRANSPORTATION_TRUCKING_RAILROAD) [READ-ONLY]; Utilities (UTILITIES) [READ-ONLY]; Venture Capital & Private Equity (VENTURE_CAPITAL_PRIVATE_EQUITY) [READ-ONLY]; Veterinary (VETERINARY) [READ-ONLY]; Warehousing (WAREHOUSING) [READ-ONLY]; Wholesale (WHOLESALE) [READ-ONLY]; Wine and Spirits (WINE_AND_SPIRITS) [READ-ONLY]; Wireless (WIRELESS) [READ-ONLY]; Writing and Editing (WRITING_AND_EDITING) [READ-ONLY]; Banks [HIDDEN]; Beverages [HIDDEN]; Construction & Engineering [HIDDEN]; Consumer Discretionary [HIDDEN]; Consumer Staples [HIDDEN]; Distributors [HIDDEN]; Diversified Financial Services [HIDDEN]; Diversified Telecommunication Services [HIDDEN]; Electric Utilities [HIDDEN]; Electrical Equipment [HIDDEN]; Food & Beverage [HIDDEN]; Food Products [HIDDEN]; Health Care Providers & Services [HIDDEN]; Holding Companies & Conglomerates [HIDDEN]; Holding Company [HIDDEN]; Hospital and Health Care [HIDDEN]; Hospitals and Health Care [HIDDEN]; Hotels, Restaurants & Leisure [HIDDEN]; Industrial Conglomerates [HIDDEN]; Internet Software & Services [HIDDEN]; Leisure Products [HIDDEN]; Mechanical or industrial Engineering [HIDDEN]; N/A [HIDDEN]; Organizations [HIDDEN]; Other [HIDDEN]; Retailing [HIDDEN]; Software [HIDDEN]; Software Development [HIDDEN]; Textiles, Apparel & Luxury Goods [HIDDEN]; Trading Companies & Distributors [HIDDEN]; Transportation [HIDDEN]; Venture Capital and Private Equity Principals [HIDDEN]; arts & crafts [HIDDEN]; business supplies & equipment [HIDDEN]; civic & social organization [HIDDEN]; food & beverages [HIDDEN]; fund-raising [HIDDEN]; health, wellness & fitness [HIDDEN]; import & export [HIDDEN]; individual & family services [HIDDEN]; information technology & services [HIDDEN]; international trade & development [HIDDEN]; logistics & supply chain [HIDDEN]; marketing & advertising [HIDDEN]; motion pictures & film [HIDDEN]; museums & institutions [HIDDEN]; packaging & containers [HIDDEN]; public relations & communications [HIDDEN]; railroad manufacture [HIDDEN]; recreational facilities & services [HIDDEN]; security & investigations [HIDDEN]; staffing & recruiting [HIDDEN]; translation & localization [HIDDEN]; wine & spirits [HIDDEN]; writing & editing [HIDDEN]; Specialty Retail [HIDDEN]; IT Services [HIDDEN]; Diversified Consumer Services [HIDDEN]; Road & Rail [HIDDEN]; Gas Utilities [HIDDEN]; Renewable Electricity [HIDDEN]; Specialized Consumer Services [HIDDEN]; Education Services [HIDDEN]; Air Freight & Logistics [HIDDEN]; Cryptocurrency Trading/Exchange [HIDDEN]; Non profit [HIDDEN]; Lagal Services [HIDDEN]; Energy, Utilities & Waste [HIDDEN]; Electronics [HIDDEN]; Hospitals & Health Care [HIDDEN]; IT Services and IT Consulting [HIDDEN]; Aerospace & Defense [HIDDEN]; Household Durables [HIDDEN]; Health, Wellness, and Fitness [HIDDEN]; Metals & Mining [HIDDEN]; Personal Products [HIDDEN]; Leisure, Travel, & Tourism [HIDDEN]; Commercial Services & Supplies [HIDDEN]; Airlines, Airports, Aviation, & Air Services [HIDDEN]; Airlines [HIDDEN]; Wireless Telecommunication Services [HIDDEN]; Food & Staples Retailing [HIDDEN]; Family Services [HIDDEN]; Electronic Equipment, Instruments & Components [HIDDEN]; CPG Analytics [HIDDEN]; Health Care Equipment & Supplies [HIDDEN]; Industrials [HIDDEN]; Technology Hardware, Storage & Peripherals [HIDDEN]; Cybersecurity [HIDDEN]; AI Security [HIDDEN]; Wealth management B2B SaaS [HIDDEN]; Wealth Tech [HIDDEN]; Finance [HIDDEN]; Non Profit Organization Management [HIDDEN]; Communications Equipment [HIDDEN]; Semiconductors & Semiconductor Equipment [HIDDEN]; Consumer Mental Health Software, AI [HIDDEN]; Art+Tech+Data Science [HIDDEN]; Advanced Personal Financial Planning [HIDDEN]; EDGE Career Development [HIDDEN]; SOC & Third-Party Risk [HIDDEN]; TECH+/Accounting & Finance Technology [HIDDEN]; Practitioners/Practice Management [HIDDEN]; Fund Raising [HIDDEN]; Venture Capital or Private Equity Firm [HIDDEN]; Technology Provider [HIDDEN]; FinTech [HIDDEN]; Consumer [HIDDEN]; Sports AI [HIDDEN]; SaaS, Life Science, AI [HIDDEN]; Marine [HIDDEN]; al Products [HIDDEN]; Life Sciences Tools & Services [HIDDEN]; Constech [HIDDEN]; CPG [HIDDEN]; Technology Hardware, Storage & Periph... [HIDDEN]; Healthcare [HIDDEN]; Containers & Packaging [HIDDEN]; Hardware Manufacturing [HIDDEN]; Confectionery and Nut Retailers [HIDDEN]; Automotive Body, Paint, and Interior Repair and Maintenance [HIDDEN]; Tobacco, Electronic Cigarette, and Other Smoking Supplies Retailers [HIDDEN]; Marketing Consulting Services [HIDDEN]; Administrative Management and General Management Consulting Services [HIDDEN]; Interior Design Services [HIDDEN]; Other Management Consulting Services [HIDDEN]; Independent Artists, Writers, and Performers [HIDDEN]; Offices of Physicians (except Mental Health Specialists) [HIDDEN]; Office Furniture (except Wood) Manufacturing [HIDDEN]; Roofing Contractors [HIDDEN]; Offices of Other Holding Companies [HIDDEN]; Home Health Care Services [HIDDEN]; Offices of Optometrists [HIDDEN]; Soft Drink Manufacturing [HIDDEN]; Human Resources Consulting Services [HIDDEN]; Snack and Nonalcoholic Beverage Bars [HIDDEN]; Software Publishers [HIDDEN]; Engineering Services [HIDDEN]; Educational Support Services [HIDDEN]; Soap and Other Detergent Manufacturing [HIDDEN]; All Other Support Services [HIDDEN]; Clothing and Clothing Accessories Retailers [HIDDEN]; General Freight Trucking, Long-Distance, Truckload [HIDDEN]; Industrial Building Construction [HIDDEN]; Electrical Contractors and Other Wiring Installation Contractors [HIDDEN]; Miscellaneous Intermediation [HIDDEN]; General Automotive Repair [HIDDEN]; Breweries [HIDDEN]; Water and Sewer Line and Related Structures Construction [HIDDEN]; Facilities Support Services [HIDDEN]; Other Specialized Design Services [HIDDEN]; Cut and Sew Apparel Manufacturing (except Contractors) [HIDDEN]; Automatic Environmental Control Manufacturing for Residential, Commercial, and Appliance Use [HIDDEN]; All Other Specialty Trade Contractors [HIDDEN]; Offices of Mental Health Practitioners (except Physicians) [HIDDEN]; Commercial and Institutional Building Construction [HIDDEN]; Land Subdivision [HIDDEN]; Fitness and Recreational Sports Centers [HIDDEN]; Industrial Design Services [HIDDEN]; Custom Computer Programming Services [HIDDEN]; Audio and Video Equipment Manufacturing [HIDDEN]; Other Foundation, Structure, and Building Exterior Contractors [HIDDEN]; Computer Systems Design Services [HIDDEN]; Electronics and Appliance Retailers [HIDDEN]; Professional and Management Development Training [HIDDEN]; Media Streaming Distribution Services, Social Networks, and Other Media Networks and Content Providers [HIDDEN]; Media Representatives [HIDDEN]; Offices of Certified Public Accountants [HIDDEN]; Offices of Real Estate Agents and Brokers [HIDDEN]; Wood Office Furniture Manufacturing [HIDDEN]; Other Sound Recording Industries [HIDDEN]; All Other Legal Services [HIDDEN]; Other Commercial and Industrial Machinery and Equipment Rental and Leasing [HIDDEN]; Insurance Agencies and Brokerages [HIDDEN]; Small Electrical Appliance Manufacturing [HIDDEN]; Residential Remodelers [HIDDEN]; Painting and Wall Covering Contractors [HIDDEN]; All Other Health and Personal Care Retailers [HIDDEN]; All Other Professional, Scientific, and Technical Services [HIDDEN]; Clothing and Clothing Accessories Merchant Wholesalers [HIDDEN]; All Other Miscellaneous Manufacturing [HIDDEN]; Temporary Help Services [HIDDEN]; Telecommunications Resellers [HIDDEN]; Mattress Manufacturing [HIDDEN]; Limited-Service Restaurants [HIDDEN]; Other Similar Organizations (except Business, Professional, Labor, and Political Organizations) [HIDDEN]; Miscellaneous Financial Investment Activities [HIDDEN]; Other Financial Vehicles [HIDDEN]; Home Furnishing Merchant Wholesalers [HIDDEN]; Automotive Parts and Accessories Retailers [HIDDEN]; Advertising Agencies [HIDDEN]; Furniture Merchant Wholesalers [HIDDEN]; Janitorial Services [HIDDEN]; Other Activities Related to Real Estate [HIDDEN]; Lessors of Residential Buildings and Dwellings [HIDDEN]; All Other Miscellaneous Retailers [HIDDEN]; All Other Miscellaneous Ambulatory Health Care Services [HIDDEN]; All Other Miscellaneous Food Manufacturing [HIDDEN]; Plumbing, Heating, and Air-Conditioning Contractors [HIDDEN]; Motion Picture and Video Production [HIDDEN]; Junior Colleges [HIDDEN]; General Freight Trucking, Local [HIDDEN]; Offices of All Other Miscellaneous Health Practitioners [HIDDEN]; Full-Service Restaurants [HIDDEN]; Nail Salons [HIDDEN]; All Other Business Support Services [HIDDEN]; Offices of Dentists [HIDDEN]; Other Miscellaneous Nondurable Goods Merchant Wholesalers [HIDDEN]; Instruments and Related Products Manufacturing for Measuring, Displaying, and Controlling Industrial Process Variables [HIDDEN]; Air-Conditioning and Warm Air Heating Equipment and Commercial and Industrial Refrigeration Equipment Manufacturing [HIDDEN]; All Other Travel Arrangement and Reservation Services [HIDDEN]; Offices of Lawyers [HIDDEN]; Sales Financing [HIDDEN]; Remediation Services [HIDDEN]; All Other Amusement and Recreation Industries [HIDDEN]; Switchgear and Switchboard Apparatus Manufacturing [HIDDEN]; Other Computer Related Services [HIDDEN]; Psychiatric and Substance Abuse Hospitals [HIDDEN]; Sports Teams and Clubs [HIDDEN]; Roofing, Siding, and Insulation Material Merchant Wholesalers [HIDDEN]; Vocational Rehabilitation Services [HIDDEN]; Travel Agencies [HIDDEN]; Direct Life Insurance Carriers [HIDDEN]; Web Search Portals and All Other Information Services [HIDDEN]; All Other Specialty Food Retailers [HIDDEN]; Musical Groups and Artists [HIDDEN]; Medical Laboratories [HIDDEN]; Photography Studios, Portrait [HIDDEN]; Masonry Contractors [HIDDEN]; All Other General Merchandise Retailers [HIDDEN]; Apparel Accessories and Other Apparel Manufacturing [HIDDEN]; Other Scientific and Technical Consulting Services [HIDDEN]; Process, Physical Distribution, and Logistics Consulting Services [HIDDEN]; Lessors of Other Real Estate Property [HIDDEN]; Truck, Utility Trailer, and RV (Recreational Vehicle) Rental and Leasing [HIDDEN]; Research and Development in the Physical, Engineering, and Life Sciences (except Nanotechnology and Biotechnology) [HIDDEN]; Other Building Equipment Contractors [HIDDEN]; Offices of Physical, Occupational and Speech Therapists, and Audiologists [HIDDEN]; Drinking Places (Alcoholic Beverages) [HIDDEN]; Surgical Appliance and Supplies Manufacturing [HIDDEN]; Other Accounting Services [HIDDEN]; Commercial and Industrial Machinery and Equipment (except Automotive and Electronic) Repair and Maintenance [HIDDEN]; Manufactured Home (Mobile Home) Manufacturing [HIDDEN]; Corporate, Subsidiary, and Regional Managing Offices [HIDDEN]; Satellite Telecommunications [HIDDEN]; Services for the Elderly and Persons with Disabilities [HIDDEN]; Linen Supply [HIDDEN]; Limousine Service [HIDDEN]; New Car Dealers [HIDDEN]; Computing Infrastructure Providers, Data Processing, Web Hosting, and Related Services [HIDDEN]; New Single-Family Housing Construction (except For-Sale Builders) [HIDDEN]; Highway, Street, and Bridge Construction [HIDDEN]; Beauty Salons [HIDDEN]; Computer Training [HIDDEN]; Support Activities for Oil and Gas Operations [HIDDEN]; Amusement and Theme Parks [HIDDEN]; Portfolio Management and Investment Advice [HIDDEN]; Computer Facilities Management Services [HIDDEN]; Graphic Design Services [HIDDEN]; All Other Miscellaneous Textile Product Mills [HIDDEN]; Carpet and Upholstery Cleaning Services [HIDDEN]; All Other Transportation Equipment Manufacturing [HIDDEN]; Consumer Lending [HIDDEN]; Power and Communication Line and Related Structures Construction [HIDDEN]; Employment Placement Agencies [HIDDEN]; Indoor and Outdoor Display Advertising [HIDDEN]; Perishable Prepared Food Manufacturing [HIDDEN]; Nonresidential Property Managers [HIDDEN]; Freight Transportation Arrangement [HIDDEN]; Flat Glass Manufacturing [HIDDEN]; Other Personal and Household Goods Repair and Maintenance [HIDDEN]; Advertising Material Distribution Services [HIDDEN]; Golf Courses and Country Clubs [HIDDEN]; Car Washes [HIDDEN]; All Other Miscellaneous General Purpose Machinery Manufacturing [HIDDEN]; Caterers [HIDDEN]; Plastics Materials and Basic Forms and Shapes Merchant Wholesalers [HIDDEN]; Business Associations [HIDDEN]; Other Direct Insurance (except Life, Health, and Medical) Carriers [HIDDEN]; Financial Transactions Processing, Reserve, and Clearinghouse Activities [HIDDEN]; Other Gambling Industries [HIDDEN]; School and Employee Bus Transportation [HIDDEN]; Residential Property Managers [HIDDEN]; Landscaping Services [HIDDEN]; Other Motion Picture and Video Industries [HIDDEN]; Dry Pea and Bean Farming [HIDDEN]; All Other Insurance Related Activities [HIDDEN]; Reupholstery and Furniture Repair [HIDDEN]; Office Administrative Services [HIDDEN]; Document Preparation Services [HIDDEN]; Diet and Weight Reducing Centers [HIDDEN]; Investment Banking and Securities Intermediation [HIDDEN]; Seafood Product Preparation and Packaging [HIDDEN]; Promoters of Performing Arts, Sports, and Similar Events with Facilities [HIDDEN]; Other Support Activities for Road Transportation [HIDDEN]; Other Performing Arts Companies [HIDDEN]; Other Activities Related to Credit Intermediation [HIDDEN]; Motion Picture and Video Distribution [HIDDEN]; Pharmaceutical Preparation Manufacturing [HIDDEN]; Drywall and Insulation Contractors [HIDDEN]; Radio Broadcasting Stations [HIDDEN]; Medicinal and Botanical Manufacturing [HIDDEN]; Special Needs Transportation [HIDDEN]; Drafting Services [HIDDEN]; Promoters of Performing Arts, Sports, and Similar Events without Facilities [HIDDEN]; Fish and Seafood Merchant Wholesalers [HIDDEN]; Residential Intellectual and Developmental Disability Facilities [HIDDEN]; Open-End Investment Funds [HIDDEN]; Motor Vehicle Supplies and New Parts Merchant Wholesalers [HIDDEN]; Child Care Services [HIDDEN]; Oil and Gas Pipeline and Related Structures Construction [HIDDEN]; Household Appliances, Electric Housewares, and Consumer Electronics Merchant Wholesalers [HIDDEN]; General Line Grocery Merchant Wholesalers [HIDDEN]; All Other Outpatient Care Centers [HIDDEN]; Lessors of Miniwarehouses and Self-Storage Units [HIDDEN]; Wholesale Trade Agents and Brokers [HIDDEN]; Jewelry and Silverware Manufacturing [HIDDEN]; Commercial Printing (except Screen and Books) [HIDDEN]; All Other Plastics Product Manufacturing [HIDDEN]; Exterminating and Pest Control Services [HIDDEN]; Religious Organizations [HIDDEN]; Other Building Finishing Contractors [HIDDEN]; Other Services to Buildings and Dwellings [HIDDEN]; All Other Consumer Goods Rental [HIDDEN]; Supermarkets and Other Grocery Retailers (except Convenience Retailers) [HIDDEN]; Telemarketing Bureaus and Other Contact Centers [HIDDEN]; Fiber Optic Cable Manufacturing [HIDDEN]; Sporting Goods Retailers [HIDDEN]; Offices of Physicians, Mental Health Specialists [HIDDEN]; Marketing Research and Public Opinion Polling [HIDDEN]; Administration of Education Programs [HIDDEN]; Other Snack Food Manufacturing [HIDDEN]; Nursing Care Facilities (Skilled Nursing Facilities) [HIDDEN]; Manufactured (Mobile) Home Dealers [HIDDEN]; Commercial Banking [HIDDEN]; Cosmetics, Beauty Supplies, and Perfume Retailers [HIDDEN]; Retail Bakeries [HIDDEN]; Fabricated Pipe and Pipe Fitting Manufacturing [HIDDEN]; All Other Personal Services [HIDDEN]; Commercial Screen Printing [HIDDEN]; Civic and Social Organizations [HIDDEN]; Used Merchandise Retailers [HIDDEN]; Wood Kitchen Cabinet and Countertop Manufacturing [HIDDEN]; New Multifamily Housing Construction (except For-Sale Builders) [HIDDEN]; Direct Health and Medical Insurance Carriers [HIDDEN]; Shoe Retailers [HIDDEN]; Security Guards and Patrol Services [HIDDEN]; Coffee and Tea Manufacturing [HIDDEN]; Flour Milling [HIDDEN]; Environmental Consulting Services [HIDDEN]; Tobacco Product and Electronic Cigarette Merchant Wholesalers [HIDDEN]; Research and Development in Biotechnology (except Nanobiotechnology) [HIDDEN]; General Medical and Surgical Hospitals [HIDDEN]; Ice Cream and Frozen Dessert Manufacturing [HIDDEN]; Support Activities for Metal Mining [HIDDEN]; All Other Miscellaneous Chemical Product and Preparation Manufacturing [HIDDEN]; Home and Garden Equipment Repair and Maintenance [HIDDEN]; Specialized Automotive Repair [HIDDEN]; Upholstered Household Furniture Manufacturing [HIDDEN]; Other Personal Care Services [HIDDEN]; Food Product Machinery Manufacturing [HIDDEN]; Beer, Wine, and Liquor Retailers [HIDDEN]; Aircraft Manufacturing [HIDDEN]; Other Electric Power Generation [HIDDEN]; Aircraft Engine and Engine Parts Manufacturing [HIDDEN]; Ship Building and Repairing [HIDDEN]; All Other Traveler Accommodation [HIDDEN]; Food (Health) Supplement Retailers [HIDDEN]; Food Service Contractors [HIDDEN]; Chocolate and Confectionery Manufacturing from Cacao Beans [HIDDEN]; Electromedical and Electrotherapeutic Apparatus Manufacturing [HIDDEN]; Translation and Interpretation Services [HIDDEN]; Couriers and Express Delivery Services [HIDDEN]; Other Electronic Component Manufacturing [HIDDEN]; Direct Mail Advertising [HIDDEN]; Direct Property and Casualty Insurance Carriers [HIDDEN]; Other Support Activities for Water Transportation [HIDDEN]; Packing and Crating [HIDDEN]; Other Nonscheduled Air Transportation [HIDDEN]; Other Services Related to Advertising [HIDDEN]; Solar Electric Power Generation [HIDDEN]; Motor and Generator Manufacturing [HIDDEN]; Pet Care (except Veterinary) Services [HIDDEN]; All Other Automotive Repair and Maintenance [HIDDEN]; Plastics Plumbing Fixture Manufacturing [HIDDEN]; Commercial and Service Industry Machinery Manufacturing [HIDDEN]; Other Farm Product Raw Material Merchant Wholesalers [HIDDEN]; Lessors of Nonresidential Buildings (except Miniwarehouses) [HIDDEN]; Agents and Managers for Artists, Athletes, Entertainers, and Other Public Figures [HIDDEN]; Elementary and Secondary Schools [HIDDEN]; Pesticide and Other Agricultural Chemical Manufacturing [HIDDEN]; All Other Miscellaneous Crop Farming [HIDDEN]; Farm Machinery and Equipment Manufacturing [HIDDEN]; Other Communication and Energy Wire Manufacturing [HIDDEN]; Solid Waste Landfill [HIDDEN]; Outpatient Mental Health and Substance Abuse Centers [HIDDEN]; Plumbing and Heating Equipment and Supplies (Hydronics) Merchant Wholesalers [HIDDEN]; Drycleaning and Laundry Services (except Coin-Operated) [HIDDEN]; Other General Government Support [HIDDEN]; Medical, Dental, and Hospital Equipment and Supplies Merchant Wholesalers [HIDDEN]; Metal Kitchen Cookware, Utensil, Cutlery, and Flatware (except Precious) Manufacturing [HIDDEN]; New Housing For-Sale Builders [HIDDEN]; Framing Contractors [HIDDEN]; Exam Preparation and Tutoring [HIDDEN]; Taxi and Ridesharing Services [HIDDEN]; All Other Transit and Ground Passenger Transportation [HIDDEN]; All Other Home Furnishings Retailers [HIDDEN]; Hotels (except Casino Hotels) and Motels [HIDDEN]; All Other Miscellaneous Schools and Instruction [HIDDEN]; Monetary Authorities-Central Bank [HIDDEN]; Mortgage and Nonmortgage Loan Brokers [HIDDEN]; Ground or Treated Mineral and Earth Manufacturing [HIDDEN]; Other Metal Ore Mining [HIDDEN]; Motorcycle, Bicycle, and Parts Manufacturing [HIDDEN]; Ambulance Services [HIDDEN]; Toilet Preparation Manufacturing [HIDDEN]; Surgical and Medical Instrument Manufacturing [HIDDEN]; Tax Preparation Services [HIDDEN]; Piece Goods, Notions, and Other Dry Goods Merchant Wholesalers [HIDDEN]; Electric Lamp Bulb and Other Lighting Equipment Manufacturing [HIDDEN]; Computer and Computer Peripheral Equipment and Software Merchant Wholesalers [HIDDEN]; Colleges, Universities, and Professional Schools [HIDDEN]; Site Preparation Contractors [HIDDEN]; Pet and Pet Supplies Retailers [HIDDEN]; Professional Organizations [HIDDEN]; Sporting and Athletic Goods Manufacturing [HIDDEN]; Furniture Retailers [HIDDEN]; Architectural Services [HIDDEN]; Farm Management Services [HIDDEN]; Doll, Toy, and Game Manufacturing [HIDDEN]; Wired Telecommunications Carriers [HIDDEN]; Carpet and Rug Mills [HIDDEN]; Sporting and Recreational Goods and Supplies Merchant Wholesalers [HIDDEN]; Legal Counsel and Prosecution [HIDDEN]; Pharmacies and Drug Retailers [HIDDEN]; Other Miscellaneous Durable Goods Merchant Wholesalers [HIDDEN]; Confectionery Merchant Wholesalers [HIDDEN]; Ophthalmic Goods Manufacturing [HIDDEN]; Sports and Recreation Instruction [HIDDEN]; Dairy Product (except Dried or Canned) Merchant Wholesalers [HIDDEN]; Cut Stone and Stone Product Manufacturing [HIDDEN]; Tour Operators [HIDDEN]; General Warehousing and Storage [HIDDEN]; Other Millwork (including Flooring) [HIDDEN]; Paint, Varnish, and Supplies Merchant Wholesalers [HIDDEN]; All Other Publishers [HIDDEN]; Support Activities for Animal Production [HIDDEN]; Research and Development in Nanotechnology [HIDDEN]; Industrial and Personal Service Paper Merchant Wholesalers [HIDDEN]; Jewelry, Watch, Precious Stone, and Precious Metal Merchant Wholesalers [HIDDEN]; Book, Periodical, and Newspaper Merchant Wholesalers [HIDDEN]; Metal Coating, Engraving (except Jewelry and Silverware), and Allied Services to Manufacturers [HIDDEN]; Dental Equipment and Supplies Manufacturing [HIDDEN]; Horses and Other Equine Production [HIDDEN]; Petroleum and Petroleum Products Merchant Wholesalers (except Bulk Stations and Terminals) [HIDDEN]; Warm Air Heating and Air-Conditioning Equipment and Supplies Merchant Wholesalers [HIDDEN]; Administration of Conservation Programs [HIDDEN]; Brick, Stone, and Related Construction Material Merchant Wholesalers [HIDDEN]; Mobile Food Services [HIDDEN]; Soybean Farming [HIDDEN]; Investigation and Personal Background Check Services [HIDDEN]; Other Technical and Trade Schools [HIDDEN]; Cut and Sew Apparel Contractors [HIDDEN]; Family Planning Centers [HIDDEN]; Other Building Material Dealers [HIDDEN]; Local Messengers and Local Delivery [HIDDEN]; Other Community Housing Services [HIDDEN]; Postal Service [HIDDEN]; Jewelry Retailers [HIDDEN]; Department Stores [HIDDEN]; Materials Recovery Facilities [HIDDEN]; Footwear Manufacturing [HIDDEN]; Nursery and Tree Production [HIDDEN]; Commercial Photography [HIDDEN]; Wine and Distilled Alcoholic Beverage Merchant Wholesalers [HIDDEN]; Nursery, Garden Center, and Farm Supply Retailers [HIDDEN]; Other Spectator Sports [HIDDEN]; Paper Bag and Coated and Treated Paper Manufacturing [HIDDEN]; Other Airport Operations [HIDDEN]; Apprenticeship Training [HIDDEN]; Real Estate Credit [HIDDEN]; Specialized Freight (except Used Goods) Trucking, Long-Distance [HIDDEN]; Glass and Glazing Contractors [HIDDEN]; Poured Concrete Foundation and Structure Contractors [HIDDEN]; Drugs and Druggists' Sundries Merchant Wholesalers [HIDDEN]; Beef Cattle Ranching and Farming [HIDDEN]; Lawn and Garden Tractor and Home Lawn and Garden Equipment Manufacturing [HIDDEN]; Public Relations Agencies [HIDDEN]; Construction Sand and Gravel Mining [HIDDEN]; Battery Manufacturing [HIDDEN]; Electrical Apparatus and Equipment, Wiring Supplies, and Related Equipment Merchant Wholesalers [HIDDEN]; Textile and Fabric Finishing Mills [HIDDEN]; Dog and Cat Food Manufacturing [HIDDEN]; Motor Vehicle Body Manufacturing [HIDDEN]; All Other Miscellaneous Fabricated Metal Product Manufacturing [HIDDEN]; Frozen Specialty Food Manufacturing [HIDDEN]; Leather and Hide Tanning and Finishing [HIDDEN]; Other Individual and Family Services [HIDDEN]; Support Activities for Forestry [HIDDEN]; Other Electronic Parts and Equipment Merchant Wholesalers [HIDDEN]; Environment, Conservation and Wildlife Organizations [HIDDEN]; All Other Miscellaneous Electrical Equipment and Component Manufacturing [HIDDEN]; Custom Architectural Woodwork and Millwork Manufacturing [HIDDEN]; Record Production and Distribution [HIDDEN]; Footwear Merchant Wholesalers [HIDDEN]; Motor Vehicle Brake System Manufacturing [HIDDEN]; Stationery and Office Supplies Merchant Wholesalers [HIDDEN]; All Other Industrial Machinery Manufacturing [HIDDEN]; Regulation of Agricultural Marketing and Commodities [HIDDEN]; Other Vegetable (except Potato) and Melon Farming [HIDDEN]; Other Construction Material Merchant Wholesalers [HIDDEN]; Industrial Supplies Merchant Wholesalers [HIDDEN]; Executive Search Services [HIDDEN]; Repossession Services [HIDDEN]; HMO Medical Centers [HIDDEN]; Hobby, Toy, and Game Retailers [HIDDEN]; Natural Gas Distribution [HIDDEN]; Plastics Bottle Manufacturing [HIDDEN]; Flower, Nursery Stock, and Florists' Supplies Merchant Wholesalers [HIDDEN]; Electronic Computer Manufacturing [HIDDEN]; Consumer Electronics and Appliances Rental [HIDDEN]; Used Household and Office Goods Moving [HIDDEN]; Other Insurance Funds [HIDDEN]; Wineries [HIDDEN]; Motor Vehicle Towing [HIDDEN]; Fuel Dealers [HIDDEN]; Apiculture [HIDDEN]; Packaging and Labeling Services [HIDDEN]; Sawmills [HIDDEN]; Theater Companies and Dinner Theaters [HIDDEN]; Musical Instrument and Supplies Retailers [HIDDEN]; Distilleries [HIDDEN]; Casinos (except Casino Hotels) [HIDDEN]; Window Treatment Retailers [HIDDEN]; Veterinary Services [HIDDEN]; Other Social Advocacy Organizations [HIDDEN]; Folding Paperboard Box Manufacturing [HIDDEN]; RV (Recreational Vehicle) Parks and Campgrounds [HIDDEN]; Elevator and Moving Stairway Manufacturing [HIDDEN]; Motion Picture Theaters (except Drive-Ins) [HIDDEN]; Household Furniture (except Wood and Upholstered) Manufacturing [HIDDEN]; Major Household Appliance Manufacturing [HIDDEN]; Other Grantmaking and Giving Services [HIDDEN]; Dental Laboratories [HIDDEN]; Commuter Rail Systems [HIDDEN]; Plastics Packaging Film and Sheet (including Laminated) Manufacturing [HIDDEN]; Asphalt Paving Mixture and Block Manufacturing [HIDDEN]; All Other Support Activities for Transportation [HIDDEN]; Gift, Novelty, and Souvenir Retailers [HIDDEN]; Iron and Steel Pipe and Tube Manufacturing from Purchased Steel [HIDDEN]; Office Equipment Merchant Wholesalers [HIDDEN]; Dairy Cattle and Milk Production [HIDDEN]; Radio and Television Broadcasting and Wireless Communications Equipment Manufacturing [HIDDEN]; Construction and Mining (except Oil Well) Machinery and Equipment Merchant Wholesalers [HIDDEN]; Industrial Process Furnace and Oven Manufacturing [HIDDEN]; Other Professional Equipment and Supplies Merchant Wholesalers [HIDDEN]; Soil Preparation, Planting, and Cultivating [HIDDEN]; Animal (except Poultry) Slaughtering [HIDDEN]; Glass Container Manufacturing [HIDDEN]; Other Fabricated Wire Product Manufacturing [HIDDEN]; Emergency and Other Relief Services [HIDDEN]; Formal Wear and Costume Rental [HIDDEN]; Diagnostic Imaging Centers [HIDDEN]; Claims Adjusting [HIDDEN]; Dry, Condensed, and Evaporated Dairy Product Manufacturing [HIDDEN]; Security Systems Services (except Locksmiths) [HIDDEN]; Sign Manufacturing [HIDDEN]; Freestanding Ambulatory Surgical and Emergency Centers [HIDDEN]; Support Activities for Rail Transportation [HIDDEN]; Administration of Public Health Programs [HIDDEN]; Nitrogenous Fertilizer Manufacturing [HIDDEN]; Fine Arts Schools [HIDDEN]; Computer Terminal and Other Computer Peripheral Equipment Manufacturing [HIDDEN]; Tire and Tube Merchant Wholesalers [HIDDEN]; Regulation, Licensing, and Inspection of Miscellaneous Commercial Sectors [HIDDEN]; Rolling Mill and Other Metalworking Machinery Manufacturing [HIDDEN]; Payroll Services [HIDDEN]; Dance Companies [HIDDEN]; Carbon and Graphite Product Manufacturing [HIDDEN]; Other Grocery and Related Products Merchant Wholesalers [HIDDEN]; Analytical Laboratory Instrument Manufacturing [HIDDEN]; Music Publishers [HIDDEN]; Recreational and Vacation Camps (except Campgrounds) [HIDDEN]; Bottled Water Manufacturing [HIDDEN]; Hardware Merchant Wholesalers [HIDDEN]; Farm Supplies Merchant Wholesalers [HIDDEN]; Political Organizations [HIDDEN]; Testing Laboratories and Services [HIDDEN]; Savings Institutions and Other Depository Credit Intermediation [HIDDEN]; Hazardous Waste Treatment and Disposal [HIDDEN]; Media Buying Agencies [HIDDEN]; Passenger Car Rental [HIDDEN]; Specialty Canning [HIDDEN]; International, Secondary Market, and All Other Nondepository Credit Intermediation [HIDDEN]; Grantmaking Foundations [HIDDEN]; Other Animal Food Manufacturing [HIDDEN]; Credit Card Issuing [HIDDEN]; Search, Detection, Navigation, Guidance, Aeronautical, and Nautical System and Instrument Manufacturing [HIDDEN]; Industrial Machinery and Equipment Merchant Wholesalers [HIDDEN]; All Other Animal Production [HIDDEN]; Steam and Air-Conditioning Supply [HIDDEN]; Convention and Trade Show Organizers [HIDDEN]; Turbine and Turbine Generator Set Units Manufacturing [HIDDEN]; Ethyl Alcohol Manufacturing [HIDDEN]; Other Aircraft Parts and Auxiliary Equipment Manufacturing [HIDDEN]; Biological Product (except Diagnostic) Manufacturing [HIDDEN]; Textile Bag and Canvas Mills [HIDDEN]; Farm and Garden Machinery and Equipment Merchant Wholesalers [HIDDEN]; Electronic and Precision Equipment Repair and Maintenance [HIDDEN]; Specialized Freight (except Used Goods) Trucking, Local [HIDDEN]; Deep Sea Passenger Transportation [HIDDEN]; Other Chemical and Allied Products Merchant Wholesalers [HIDDEN]; Cookie and Cracker Manufacturing [HIDDEN]; All Other Miscellaneous Wood Product Manufacturing [HIDDEN]; Finish Carpentry Contractors [HIDDEN]; Chicken Egg Production [HIDDEN]; Other Crushed and Broken Stone Mining and Quarrying [HIDDEN]; Petroleum Refineries [HIDDEN]; Home Centers [HIDDEN]; Drilling Oil and Gas Wells [HIDDEN]; Spice and Extract Manufacturing [HIDDEN]; Other Residential Care Facilities [HIDDEN]; Legislative Bodies [HIDDEN]; Industrial and Commercial Fan and Blower and Air Purification Equipment Manufacturing [HIDDEN]; Assisted Living Facilities for the Elderly [HIDDEN]; Periodical Publishers [HIDDEN]; Museums [HIDDEN]; Blind and Shade Manufacturing [HIDDEN]; Semiconductor and Related Device Manufacturing [HIDDEN]; Newspaper Publishers [HIDDEN]; Gasoline Stations with Convenience Stores [HIDDEN]; Geophysical Surveying and Mapping Services [HIDDEN]; Residential Mental Health and Substance Abuse Facilities [HIDDEN]; Television Broadcasting Stations [HIDDEN]; Motor Vehicle Gasoline Engine and Engine Parts Manufacturing [HIDDEN]; Convenience Retailers [HIDDEN]; Polish and Other Sanitation Good Manufacturing [HIDDEN]; Warehouse Clubs and Supercenters [HIDDEN]; Luggage and Leather Goods Retailers [HIDDEN]; Lessors of Nonfinancial Intangible Assets (except Copyrighted Works) [HIDDEN]; Nonupholstered Wood Household Furniture Manufacturing [HIDDEN]; Other Concrete Product Manufacturing [HIDDEN]; Support Activities for Printing [HIDDEN]; Electric Power Distribution [HIDDEN]; Research and Development in the Social Sciences and Humanities [HIDDEN]; Commercial Air, Rail, and Water Transportation Equipment Rental and Leasing [HIDDEN]; Cheese Manufacturing [HIDDEN]; Funeral Homes and Funeral Services [HIDDEN]; Other Commercial Equipment Merchant Wholesalers [HIDDEN]; Recyclable Material Merchant Wholesalers [HIDDEN]; Art Dealers [HIDDEN]; All Other Telecommunications [HIDDEN]; Coastal and Great Lakes Freight Transportation [HIDDEN]; financial services, investment management [HIDDEN]; B2B Software [HIDDEN]; Septic Tank and Related Services [HIDDEN]; Photographic Equipment and Supplies Merchant Wholesalers [HIDDEN]; Electroplating, Plating, Polishing, Anodizing, and Coloring [HIDDEN]; Sewing, Needlework, and Piece Goods Retailers [HIDDEN]; Administration of General Economic Programs [HIDDEN]; Voluntary Health Organizations [HIDDEN]; Securities and Commodity Exchanges [HIDDEN]; Trusts, Estates, and Agency Accounts [HIDDEN]; Blood and Organ Banks [HIDDEN]; Optical Goods Retailers [HIDDEN]; Bookkeeping [HIDDEN]; Public Accounting [HIDDEN]; Private Industry [HIDDEN]; Law Firm [HIDDEN]; Photographic Film, Paper, Plate, Chemical, and Copy Toner Manufacturing [HIDDEN]; Casinos and Gambling [HIDDEN]; Adult Entertainment; Cannabis; CBD Products; Check Cashing; Civil & Social Organization; Explosives and Explosive Manufacturing; Foreign Consulate/Embassy; Guns, Weapons, and Ammunition; Money Orders; Money Transmitters; Online Gambling; Payday Lender; Precious Metals; Consumer / apparel [HIDDEN]; Community Food Services [HIDDEN]; Motorcycle, ATV, and All Other Motor Vehicle Dealers [HIDDEN]; Wood Window and Door Manufacturing [HIDDEN]; Wind Electric Power Generation [HIDDEN]; Credit Unions [HIDDEN]; Used Car Dealers [HIDDEN]; Outdoor Power Equipment Retailers [HIDDEN]; All Other Basic Organic Chemical Manufacturing [HIDDEN]; Offices of Real Estate Appraisers [HIDDEN]; Biotech [HIDDEN]; Other Waste Collection [HIDDEN]; Pharmacy Benefit Management and Other Third Party Administration of Insurance and Pension Funds [HIDDEN]; Port and Harbor Operations [HIDDEN]; Other Leather and Allied Product Manufacturing [HIDDEN]; Legal tech [HIDDEN]; Instrument Manufacturing for Measuring and Testing Electricity and Electrical Signals [HIDDEN]; Space Research and Technology [HIDDEN]; Flooring Contractors [HIDDEN]; Rooming and Boarding Houses, Dormitories, and Workers' Camps [HIDDEN]; Fresh Fruit and Vegetable Merchant Wholesalers [HIDDEN]; Other Gasoline Stations [HIDDEN]; EdTech [HIDDEN]; E-commerce / Retail [HIDDEN]; Healthcare AI [HIDDEN]; Teleproduction and Other Postproduction Services [HIDDEN]; Reinsurance Carriers [HIDDEN]; Footwear and Leather Goods Repair [HIDDEN]; Sheep Farming [HIDDEN]; Accounting Firm [HIDDEN]; Information and Data Services [HIDDEN]; Consulting & Advisory [HIDDEN]; Tax Preparation [HIDDEN]; Sole Proprietor [HIDDEN]; IT & Systems (technology) [HIDDEN]; Private Equity & Venture Capital [HIDDEN]; Professional/Industry Association [HIDDEN]; Bank [HIDDEN]; Mayonnaise, Dressing, and Other Prepared Sauce Manufacturing [HIDDEN]; Fruit and Vegetable Retailers [HIDDEN]; Professional Employer Organizations [HIDDEN]; Roasted Nuts and Peanut Butter Manufacturing [HIDDEN]; Photofinishing Laboratories (except One-Hour) [HIDDEN]; Office Supplies and Stationery Retailers [HIDDEN]; Institutional Furniture Manufacturing [HIDDEN]; Automobile and Other Motor Vehicle Merchant Wholesalers [HIDDEN]; Travel Trailer and Camper Manufacturing [HIDDEN]; Construction Machinery Manufacturing [HIDDEN]; Flavoring Syrup and Concentrate Manufacturing [HIDDEN]; Wireless Telecommunications Carriers (except Satellite) [HIDDEN]; Iron and Steel Mills and Ferroalloy Manufacturing [HIDDEN]; Transportation Equipment and Supplies (except Motor Vehicle) Merchant Wholesalers [HIDDEN]; Technology, Information and Internet [HIDDEN]; Biotechnology Research [HIDDEN]; Defense and Space Manufacturing [HIDDEN]; Food and Beverage Services [HIDDEN]; Food and Beverage Manufacturing [HIDDEN]; Personal Care Product Manufacturing [HIDDEN]; Advertising Services [HIDDEN]; Pharmaceutical Manufacturing [HIDDEN]; Semiconductor Manufacturing [HIDDEN]; Automation Machinery Manufacturing [HIDDEN]; Non-profit Organizations [HIDDEN]; Computer and Network Security [HIDDEN]; Wellness and Fitness Services [HIDDEN]; Prosumer video [HIDDEN]; Research Services [HIDDEN]; Food and Beverage Retail [HIDDEN]; Professional Training and Coaching [HIDDEN]; Design Services [HIDDEN]; Climate Technology Product Manufacturing [HIDDEN]; Nanotechnology Research [HIDDEN]; Appliances, Electrical, and Electronics Manufacturing [HIDDEN]; Renewable Energy Semiconductor Manufacturing [HIDDEN]; Wireless Services [HIDDEN]; HVAC and Refrigeration Equipment Manufacturing [HIDDEN]; Book Publishers [HIDDEN]; Libraries and Archives [HIDDEN]; Renewable Energy Power Generation [HIDDEN]; Chemical Manufacturing [HIDDEN]; Retail Health and Personal Care Products [HIDDEN]; Beverage Manufacturing [HIDDEN]; Business Consulting and Services [HIDDEN]; Retail Apparel and Fashion [HIDDEN]; Spectator Sports [HIDDEN]; Nonchocolate Confectionery Manufacturing [HIDDEN]; Human Resources Services [HIDDEN]; Data Security Software Products [HIDDEN]; Entertainment Providers [HIDDEN]; Medical Equipment Manufacturing [HIDDEN]; Computers and Electronics Manufacturing [HIDDEN]; Charter Bus Industry [HIDDEN]; Scenic and Sightseeing Transportation, Water [HIDDEN]; Electric Bulk Power Transmission and Control [HIDDEN]; Other Measuring and Controlling Device Manufacturing [HIDDEN]; Military Armored Vehicle, Tank, and Tank Component Manufacturing [HIDDEN]; Fish and Seafood Retailers [HIDDEN]; Construction, Mining, and Forestry Machinery and Equipment Rental and Leasing [HIDDEN]; Musicians [HIDDEN]; Energy Technology [HIDDEN]; Robotics Engineering [HIDDEN]; Continuing Care Retirement Communities [HIDDEN]; Travel Arrangements [HIDDEN]; Agriculture, Construction, Mining Machinery Manufacturing [HIDDEN]; Aviation and Aerospace Component Manufacturing [HIDDEN]; Truck Transportation [HIDDEN]; Data Infrastructure and Analytics [HIDDEN]; Printed Circuit Assembly (Electronic Assembly) Manufacturing [HIDDEN]; Architecture and Planning [HIDDEN]; Oil and Gas [HIDDEN]; Industrial Machinery Manufacturing [HIDDEN]; Internet Marketplace Platforms [HIDDEN]; Motor Vehicle Manufacturing [HIDDEN]; Paper and Forest Product Manufacturing [HIDDEN]; Airlines and Aviation [HIDDEN]; Other Support Activities for Air Transportation [HIDDEN]; Guided Missile and Space Vehicle Manufacturing [HIDDEN]; All Other Converted Paper Product Manufacturing [HIDDEN]; Fabricated Structural Metal Manufacturing [HIDDEN]; National Security [HIDDEN]; Education Administration Programs [HIDDEN]; Fruit and Vegetable Canning [HIDDEN]; Book Retailers and News Dealers [HIDDEN]; Machinery Manufacturing [HIDDEN]; Marketing Services [HIDDEN]; Mining [HIDDEN]; Computer Hardware Manufacturing [HIDDEN]; Services for Renewable Energy [HIDDEN]; Transportation, Logistics, Supply Chain and Storage [HIDDEN]; Book and Periodical Publishing [HIDDEN]; Online Audio and Video Media [HIDDEN]; E-Learning Providers [HIDDEN]; Technology, Information and Media [HIDDEN]; Renewable Energy Equipment Manufacturing [HIDDEN]; Building Inspection Services [HIDDEN]; Overhead Traveling Crane, Hoist, and Monorail System Manufacturing [HIDDEN]; Health and Human Services [HIDDEN]; Offices of Notaries [HIDDEN]; Crude Petroleum Extraction [HIDDEN]; Automobile and Light Duty Motor Vehicle Manufacturing [HIDDEN]; Sound Recording Studios [HIDDEN]; Recreational Facilities [HIDDEN]; Pet Services [HIDDEN]; Florists [HIDDEN]; Barber Shops [HIDDEN]; Other Heavy and Civil Engineering Construction [HIDDEN]; Individual and Family Services [HIDDEN]; Packaging and Containers Manufacturing [HIDDEN]; Boat Dealers [HIDDEN]; Telephone Apparatus Manufacturing [HIDDEN]; Plastics Manufacturing [HIDDEN]; Medical Practices [HIDDEN]; Temporary Shelters [HIDDEN]; Meat Processed from Carcasses [HIDDEN]; Healthcare,AI [HIDDEN]; AI,Automotive,Mobility [HIDDEN]; Construction ,AI [HIDDEN]; Automotive,AI [HIDDEN]; Logistics,AI [HIDDEN]; AI [HIDDEN]; Consumer ,SportsTech [HIDDEN]; AI,FinTech [HIDDEN]; Energy,Consumer [HIDDEN]; Energy,AI [HIDDEN]; AgTech,FinTech [HIDDEN]; AI,Supply Chain [HIDDEN]; FinTech,Payments [HIDDEN]; HRTech,FinTech,AI [HIDDEN]; Drones,AI,Hardware [HIDDEN]; Hardware,Mining,Energy [HIDDEN]; Marketplace ,Energy [HIDDEN]; TravelTech,AI [HIDDEN]; RestaurantTech,AI [HIDDEN]; Nuclear Electric Power Generation [HIDDEN]; Defense [HIDDEN]; Vehicle Repair and Maintenance [HIDDEN]; Social Networking Platforms [HIDDEN]; Fisheries [HIDDEN]; Wheat Farming [HIDDEN]; Commercial Bakeries [HIDDEN]; Solid Waste Collection [HIDDEN]; Water Supply and Irrigation Systems [HIDDEN]; Embedded Software Products [HIDDEN]; Internet Publishing [HIDDEN]; Retail Luxury Goods and Jewelry [HIDDEN]; Computer Networking Products [HIDDEN]; Primary and Secondary Education [HIDDEN]; Telephone Answering Services [HIDDEN]; Battery [HIDDEN]; SAF [HIDDEN]; Executive and Legislative Offices, Combined [HIDDEN]; Locksmiths [HIDDEN]; Trust, Fiduciary, and Custody Activities [HIDDEN]; Ice Manufacturing [HIDDEN]; Heavy Duty Truck Manufacturing [HIDDEN]; Broadwoven Fabric Mills [HIDDEN]; Metal Service Centers and Other Metal Merchant Wholesalers [HIDDEN]; Relay and Industrial Control Manufacturing [HIDDEN]; Computer Storage Device Manufacturing [HIDDEN]; Identity Security [HIDDEN]","false","false","false","false","false","true","HubSpot","Inbounddb lists (9); Automation platform flow (1); Integration (1); Sales view (11); Properties v3 card (1)","82.72%","11/23/25 6:49 PM EST","Data Enrichment"
"Influenced deal?","influenced_deal_","enumeration","","companyinformation","true","Yes (true); No (false)","false","false","false","false","false","false","Reed Marcus","Automation platform flow (1); Sales view (2); Properties v3 card (2)","0.02%","",""
"Invoice Generator | Referrer","invoice_generator___referrer","enumeration","","companyinformation","true","Yes (true); No (false)","false","false","false","false","false","false","Christopher Cooper","Form (1)","0%","5/21/25 4:58 PM EDT","Forms"
"Invoice Generator | Reference Record","invoice_generator__reference_record","string","","companyinformation","true","","false","false","false","false","false","false","Christopher Cooper","Automation platform flow (1)","0.03%","11/20/25 4:32 PM EST","Workflow"
"Is Public","is_public","bool","Indicates if the company is publicly traded.","companyinformation","false","True (true); False (false)","false","true","false","false","false","true","HubSpot","","78.19%","11/23/25 6:49 PM EST","Data Enrichment"
"Last activity date at nurturing start","last_activity_date_at_nurturing_start","date","","companyinformation","true","","false","false","false","false","false","false","Reed Marcus","Automation platform flow (1); Properties v3 card (1)","3.93%","11/21/25 2:15 PM EST","Workflow"
"Last Marketing Email Name","last_marketing_email_name","string","","companyinformation","true","","false","false","false","false","false","false","Reed Marcus","Automation platform flow (1); Sales view (1); Properties v3 card (1)","39.61%","11/23/25 6:52 PM EST","Workflow"
"Last Marketing Email Send Date","last_marketing_email_send_date","date","","companyinformation","true","","false","false","false","false","false","false","Reed Marcus","Automation platform flow (1); Sales view (1); Properties v3 card (1)","37.53%","11/23/25 6:52 PM EST","Workflow"
"Lead nurturing enroll date","lead_nurturing_enroll_date","date","","companyinformation","true","","false","false","false","false","false","false","Reed Marcus","Automation platform flow (1); Sales view (2); Properties v3 card (1)","29.19%","11/21/25 2:26 PM EST","Workflow"
"Lead Nurturing Path","lead_nurturing_path","enumeration"," ","companyinformation","true","CFO/Industry; Accounting/Controller (Accounting); Construction/NAHB; Private Equity Backed","false","false","false","false","false","false","Reed Marcus","Automation platform flow (2); Report (3); Sales view (2)","28.58%","1/21/25 1:54 PM EST","Workflow"
"Lead Nurturing signup","lead_nurturing_signup","enumeration","","companyinformation","true","Yes (true); No (false)","false","false","false","false","false","false","Reed Marcus","Automation platform flow (3); Report (4); Sales view (4); Properties v3 card (1)","0.11%","1/13/25 6:08 PM EST","Workflow"
"Lead Nurturing Status","lead_nurturing_status","enumeration","","companyinformation","true","In Queue  (In Queue); Enrolled; In Progress; Finished","false","false","false","false","false","false","Reed Marcus","Inbounddb lists (2); Automation platform flow (1); Sales view (3); Properties v3 card (1); Crm container view (1)","32.54%","11/21/25 4:17 PM EST","Workflow"
"Lead Source","lead_source","string","","companyinformation","true","","false","false","false","false","false","false","Reed Marcus","Sales view (2); Properties v3 card (2)","4.67%","",""
"Contact Lead Status","leadstatus","string","","companyinformation","true","","false","false","false","false","false","false","Reed Marcus","Automation platform flow (1)","46.34%","11/23/25 5:36 PM EST","Workflow"
"Lifecycle Stage","lifecyclestage","enumeration","The qualification of companies to sales readiness throughout the buying journey","companyinformation","true","","false","true","false","true","false","true","HubSpot","Inbounddb lists (4); Automation platform flow (1); Sales view (15); Properties v3 card (2)","100%","11/23/25 6:28 PM EST","Deals"
"Luma | Event ID","luma___event_id","string","","companyinformation","true","","false","false","false","false","false","false","Christopher Cooper","Sales view (1)","0.06%","11/21/25 5:47 PM EST","Integration"
"Luma | Event Location","luma___event_location","string","","companyinformation","true","","false","false","false","false","false","false","Christopher Cooper","Sales view (1)","0.06%","11/21/25 5:47 PM EST","Integration"
"Luma | Event Name","luma___event_name","string","","companyinformation","true","","false","false","false","false","false","false","Christopher Cooper","Sales view (1)","0.06%","11/21/25 5:47 PM EST","Integration"
"Luma | Event Tag","luma___event_tag","string","","companyinformation","true","","false","false","false","false","false","false","Christopher Cooper","Sales view (1)","0.01%","11/21/25 5:01 PM EST","Integration"
"Company name","name","string","The name of the company or organization.","companyinformation","true","","false","true","false","false","false","true","HubSpot","Form (2); Inbounddb lists (2); Automation platform flow (5); Report (1); Integration (1); Sales view (33)","98.48%","11/23/25 6:28 PM EST","Salesforce"
"NPS Date","nps_date","date","","companyinformation","true","","false","false","false","false","false","false","Reed Marcus","","0.08%","",""
"NPS Reasoning","nps_reasoning","string","","companyinformation","true","","false","false","false","false","false","false","Reed Marcus","","0.08%","",""
"NPS Score","nps_score","string","","companyinformation","true","","false","false","false","false","false","false","Reed Marcus","","0.08%","",""
"Number of Associated Contacts","num_associated_contacts","number","The number of contacts associated with this company","companyinformation","false","","true","true","false","false","false","true","HubSpot","Inbounddb lists (1); Automation platform flow (10); Sales view (7)","100%","11/23/25 6:37 PM EST","HubSpot Calculation"
"Number of Employees","numberofemployees","number","The total number of employees who work for the company or organization.","companyinformation","true","","false","true","false","false","false","true","HubSpot","Form (1); Inbounddb lists (2); Automation platform flow (1); Sales view (4); Properties v3 card (1)","78.41%","11/23/25 6:49 PM EST","Data Enrichment"
"Nurturing after Placeholder Meeting?","nurturing_after_placeholder_meeting","enumeration","","companyinformation","true","Yes (true); No (false)","false","false","false","false","false","false","Reed Marcus","Automation platform flow (1); Properties v3 card (1)","0%","",""
"Days from Nurturing Start to Deal Created","nurturing_start_to_deal_date","number","","companyinformation","false","","true","false","true","false","false","false","Reed Marcus","Automation platform flow (1); Sales view (1); Properties v3 card (2)","0.48%","11/21/25 4:06 PM EST","HubSpot Calculation"
"Days from Nurturing Start to Signup Date","nurturing_start_to_inbound_date","number","","companyinformation","false","","true","false","true","false","false","false","Reed Marcus","Properties v3 card (1)","0.39%","11/21/25 9:39 PM EST","HubSpot Calculation"
"NY RBNYC","ny_rbnyc","enumeration","","companyinformation","true","Yes (true); No (false)","false","false","false","false","false","false","Reed Marcus","Automation platform flow (2); Report (1); Sales view (1)","2.29%","11/22/25 5:45 PM EST","Workflow"
"# of Employees Bucket","of_employees_bucket","enumeration","","companyinformation","true","1-10; 11-50; 51-200; 201-500; 501-1000; 1000+","false","false","false","false","false","false","Reed Marcus","Properties v3 card (1)","70.77%","",""
"Partner Application Type | Company (via Contact)","partner_application_type__c","string","","companyinformation","false","","true","false","true","false","false","false","Christopher Cooper","","0.01%","11/23/25 5:40 PM EST","HubSpot Calculation"
"Phone Number","phone","string","Company primary phone number.","companyinformation","true","","false","true","false","false","false","true","HubSpot","Form (1); Automation platform flow (1); Integration (1); Sales view (7)","77.79%","11/23/25 6:52 PM EST","Data Enrichment"
"Placeholder Meeting Date","placeholder_meeting_date","date","","companyinformation","true","","false","false","false","false","false","false","Reed Marcus","Automation platform flow (3); Properties v3 card (1)","0.05%","11/7/25 4:30 PM EST","Workflow"
"Primary Inbound Channel","primary_inbound_channel","string","","companyinformation","true","","false","false","false","false","false","false","Reed Marcus","Inbounddb lists (2); Automation platform flow (3); Sales view (10); Properties v3 card (2)","7.21%","11/23/25 5:40 PM EST","Workflow"
"Promo Code","promo_code","string","","companyinformation","false","","true","false","true","false","false","false","Reed Marcus","Sales view (2)","0.03%","11/17/25 10:07 AM EST","HubSpot Calculation"
"Qualified Company?","qualified_company_","enumeration","","companyinformation","true","Yes (true); No (false)","false","false","false","false","false","false","Reed Marcus","Automation platform flow (1); Sales view (1)","8.35%","11/23/25 5:11 PM EST","Workflow"
"Recent Deal Created Date","recent_deal_created_date","date","","companyinformation","true","","false","false","false","false","false","false","Reed Marcus","Calculated property (1); Automation platform flow (4); Association card (1); Sales view (5); Properties v3 card (4); Association v3 card (1)","6.93%","11/23/25 6:29 PM EST","Workflow"
"Recipient Address 1","recipient_address_1","string","","companyinformation","true","","false","false","false","false","false","false","Christopher Cooper","","0%","5/21/25 4:58 PM EDT","Forms"
"Recipient Address 2","recipient_address_2","string","","companyinformation","true","","false","false","false","false","false","false","Christopher Cooper","","0%","5/21/25 4:58 PM EDT","Forms"
"Recipient City","recipient_city","string","","companyinformation","true","","false","false","false","false","false","false","Christopher Cooper","Sales view (2)","0%","5/21/25 4:58 PM EDT","Forms"
"Recipient Company","recipient_company","string","","companyinformation","true","","false","false","false","false","false","false","Christopher Cooper","","0%","5/21/25 4:58 PM EDT","Forms"
"Recipient Email","recipient_email","string","","companyinformation","true","","false","false","false","false","false","false","Christopher Cooper","","0%","5/21/25 4:58 PM EDT","Forms"
"Recipient Phone","recipient_phone","string","","companyinformation","true","","false","false","false","false","false","false","Christopher Cooper","","0%","5/21/25 4:58 PM EDT","Forms"
"Recipient Postal Code","recipient_postal_code","string","","companyinformation","true","","false","false","false","false","false","false","Christopher Cooper","","0%","5/21/25 4:58 PM EDT","Forms"
"Referrer - Account ID","referrer___account_id","string","","companyinformation","true","","false","false","false","false","false","false","Rho Email Proofing","Automation platform flow (1)","0%","11/13/25 1:41 PM EST","Workflow"
"Rho Banks NYC","rho_banks_nyc","enumeration","","companyinformation","true","Yes (true); No (false)","false","false","false","false","false","false","Reed Marcus","Automation platform flow (2); Sales view (3)","1.51%","11/23/25 5:50 PM EST","Workflow"
"Rho Use Case","rho_use_case","enumeration","","companyinformation","true","AP; Budgets; Bulk Payments; Checking Account; Charge Card; Expense Management; Debit Card; Partner Influenced; RhoPrime; Treasury Account; Accounting Integration; Global Wires","false","false","false","false","false","false","Reed Marcus","Automation platform flow (2)","1.84%","11/21/25 7:14 PM EST","Workflow"
"Segment","segment","enumeration","","companyinformation","true","Micro (1-5); SMB (6-50); Low MM (51-250); High MM (251+)","false","false","false","false","false","false","Reed Marcus","Automation platform flow (2)","66.84%","11/23/25 5:46 PM EST","Workflow"
"Signup Conversion Page","signup_conversion_page","string","","companyinformation","true","","false","false","false","false","false","false","Reed Marcus","Automation platform flow (2); Properties v3 card (1)","1.32%","11/23/25 6:35 PM EST","Workflow"
"Size","size","enumeration","","companyinformation","true","Startup; Small; Medium; Large","false","false","false","false","false","false","Reed Marcus","Inbounddb lists (21); Properties v3 card (1)","58.25%","",""
"Sourced By","sourced_by","string","The source of the company record creation.","companyinformation","false","","false","false","false","false","false","false","Reed Marcus","Sales view (1)","0.11%","7/2/24 8:31 AM EDT","Integration"
"SQL?","sql_","enumeration","","companyinformation","true","Yes (true); No (false)","false","false","false","false","false","false","Reed Marcus","Automation platform flow (2); Sales view (2); Properties v3 card (2)","4.44%","11/23/25 6:44 PM EST","Workflow"
"State/Region","state","string","State or region in which the company or organization is located.","companyinformation","true","","false","false","false","false","false","true","HubSpot","Inbounddb lists (1); Automation platform flow (3); Properties v3 card (2)","75.22%","11/23/25 6:40 PM EST","Data Enrichment"
"Summer of Rho (sync) | Referral Code","summer_of_rho__sync____referral_code","string","","companyinformation","false","","true","false","true","false","false","false","Christopher Cooper","Inbounddb lists (1)","0.02%","11/10/25 4:05 PM EST","HubSpot Calculation"
"Sync to objects","sync_to_objects","enumeration","","companyinformation","true","Yes (true); No (false)","false","false","false","false","false","false","Reed Marcus","Automation platform flow (3)","0%","",""
"Term/Drilldown-2","term_drilldown_2","string","","companyinformation","true","","false","false","false","false","false","false","Reed Marcus","Automation platform flow (2); Properties v3 card (1)","1.29%","11/23/25 2:31 PM EST","Workflow"
"Time Zone","timezone","string","Time zone where the company or organization is located. Powered by HubSpot Insights. ","companyinformation","false","","false","true","false","false","false","true","HubSpot","","74.32%","3/17/25 2:47 PM EDT","HubSpot Company Insights"
"Today's Date","today_s_date","date","","companyinformation","true","","false","false","false","false","false","false","Reed Marcus","Calculated property (1); Inbounddb lists (1); Automation platform flow (2); Sales view (1)","100%","11/23/25 6:28 PM EST","Workflow"
"Total Money Raised","total_money_raised","string","The total amount of money raised by the company.","companyinformation","false","","false","true","false","false","false","true","HubSpot","Automation platform flow (1)","6.17%","11/23/25 6:49 PM EST","Data Enrichment"
"Total Revenue","total_revenue","number","The total amount of closed won deals","companyinformation","false","","true","true","false","false","false","true","HubSpot","Properties v3 card (1)","0.79%","11/3/25 1:49 PM EST","HubSpot Calculation"
"Type","type","enumeration","The optional classification of this company record - prospect, partner, etc. ","companyinformation","true","Bad Fit [HIDDEN]; Client [HIDDEN]; Competitor [HIDDEN]; Former Client [HIDDEN]; Investor [HIDDEN]; Referral [HIDDEN]; Prospect (PROSPECT); Partner (PARTNER); Reseller (RESELLER); Vendor (VENDOR); Other (OTHER); Accounting; Lender; Closed Lost [HIDDEN]","false","true","false","false","false","true","HubSpot","Inbounddb lists (6); Automation platform flow (2); Integration (1); Sales view (4); Properties v3 card (2)","91.04%","11/23/25 6:28 PM EST","Salesforce"
"Google pMax | Asset Grouping","utm_asset_group","enumeration","","companyinformation","true","Cards (cards); Expense Management (expense_management); Generic (generic); Small Business (small_business); Startups (startups); Business Banking (business_banking); Accountants (accountants); Other (other)","false","false","false","false","false","false","Christopher Cooper","Automation platform flow (1)","0.18%","11/23/25 2:40 PM EST","Workflow"
"VC Company?","vc_company","enumeration","","companyinformation","true","Yes (true); No (false)","false","false","false","false","false","false","Reed Marcus","Automation platform flow (1); Sales view (1)","1.25%","",""
"Viral Loops Sync (Contact) | Referral Code","viral_loops_sync__contact_referral_code","string","","companyinformation","false","","true","false","true","false","false","false","Christopher Cooper","Inbounddb lists (1)","0.03%","11/10/25 4:05 PM EST","HubSpot Calculation"
"Web Technologies","web_technologies","enumeration","The web technologies used by the company or organization.","companyinformation","false","1&1 Hosting (1_and_1_hosting) [READ-ONLY]; 3d Cart (3d_cart) [READ-ONLY]; Acquisio (acquisio) [READ-ONLY]; Activecampaign (activecampaign) [READ-ONLY]; Add To Any (add_to_any) [READ-ONLY]; Adobe Business Catalyst (adobe_business_catalyst) [READ-ONLY]; Adobe Connect (adobe_connect) [READ-ONLY]; Adobe Dynamic Tag Management (adobe_dynamic_tag_management) [READ-ONLY]; AdRoll (adroll) [READ-ONLY]; Airbrake (airbrake) [READ-ONLY]; Akamai (akamai) [READ-ONLY]; Akamai DNS (akamai_dns) [READ-ONLY]; Alexa (alexa) [READ-ONLY]; Altocloud (altocloud) [READ-ONLY]; Amazon Associates (amazon_associates) [READ-ONLY]; Amazon Payments (amazon_payments) [READ-ONLY]; Amazon S3 (amazon_s3) [READ-ONLY]; Amazon Simple Email Service (amazon_ses) [READ-ONLY]; amCharts (amcharts) [READ-ONLY]; Amplitude (amplitude) [READ-ONLY]; Android (android) [READ-ONLY]; Apache (apache) [READ-ONLY]; App Nexus (app_nexus) [READ-ONLY]; Appboy (appboy) [READ-ONLY]; Appcues (appcues) [READ-ONLY]; AppDynamics (appdynamics) [READ-ONLY]; Apteligent (apteligent) [READ-ONLY]; ASP.Net (asp_net) [READ-ONLY]; Attribution (attribution) [READ-ONLY]; Authorizenet (authorizenet) [READ-ONLY]; Autopilot (autopilot) [READ-ONLY]; Aweber (aweber) [READ-ONLY]; Amazon Web Services (aws_ec2) [READ-ONLY]; Route 53 (aws_route_53) [READ-ONLY]; Bazaarvoice (bazaarvoice) [READ-ONLY]; Benchmarkemail (benchmarkemail) [READ-ONLY]; Big Cartel (big_cartel) [READ-ONLY]; Bigcommerce (bigcommerce) [READ-ONLY]; Bing Ads (bing_ads) [READ-ONLY]; Bing Advertiser (bing_advertiser) [READ-ONLY]; Bing Maps (bing_maps) [READ-ONLY]; Bloomreach (bloomreach) [READ-ONLY]; Bluehost Hosting (bluehost_hosting) [READ-ONLY]; Braintree (braintree) [READ-ONLY]; Branch (branch) [READ-ONLY]; Brightcove (brightcove) [READ-ONLY]; Bug Herd (bug_herd) [READ-ONLY]; Bugsnag (bugsnag) [READ-ONLY]; Calq (calq) [READ-ONLY]; Campaignmonitor (campaignmonitor) [READ-ONLY]; Castle (castle) [READ-ONLY]; CentOS (centos) [READ-ONLY]; Chargify (chargify) [READ-ONLY]; Chart Beat (chart_beat) [READ-ONLY]; Chartio (chartio) [READ-ONLY]; Chatlio (chatlio) [READ-ONLY]; Chownow (chownow) [READ-ONLY]; ClickFunnels (clickfunnels) [READ-ONLY]; Clicktale (clicktale) [READ-ONLY]; Clicky (clicky) [READ-ONLY]; Cloud Flare (cloud_flare) [READ-ONLY]; Cloudinary (cloudinary) [READ-ONLY]; Commerce Sciences (commerce_sciences) [READ-ONLY]; Constant Contact (constant_contact) [READ-ONLY]; Contently (contently) [READ-ONLY]; Convert Kit (convert_kit) [READ-ONLY]; Crazy Egg (crazy_egg) [READ-ONLY]; Criteo (criteo) [READ-ONLY]; Customer.io (customer_io) [READ-ONLY]; Debian (debian) [READ-ONLY]; Demandbase (demandbase) [READ-ONLY]; Demandware (demandware) [READ-ONLY]; Digital Ocean (digital_ocean) [READ-ONLY]; Disqus (disqus) [READ-ONLY]; Django (django) [READ-ONLY]; DNS Made Easy (dns_made_easy) [READ-ONLY]; DoubleClick Ads (double_click) [READ-ONLY]; DoubleClick Advertiser (double_click_advertiser) [READ-ONLY]; DreamHost Hosting (dreamhost_hosting) [READ-ONLY]; Drift (drift) [READ-ONLY]; Drip (drip) [READ-ONLY]; Drupal (drupal) [READ-ONLY]; Dwolla (dwolla) [READ-ONLY]; Dyn DNS (dyn_dns) [READ-ONLY]; Dynamic Yield (dynamic_yield) [READ-ONLY]; Ecwid (ecwid) [READ-ONLY]; ElasticEmail (elasticemail) [READ-ONLY]; Elevio (elevio) [READ-ONLY]; Eloqua (eloqua) [READ-ONLY]; Errorception (errorception) [READ-ONLY]; Express (express) [READ-ONLY]; Facebook Advertiser (facebook_advertiser) [READ-ONLY]; Facebook Beacon (facebook_beacon) [READ-ONLY]; Facebook Comments (facebook_comments) [READ-ONLY]; Facebook Connect (facebook_connect) [READ-ONLY]; Facebook Like Button (facebook_like_button) [READ-ONLY]; Facebook Social Plugins (facebook_social_plugins) [READ-ONLY]; Fedora (fedora) [READ-ONLY]; Formstack (formstack) [READ-ONLY]; FreeBSD (freebsd) [READ-ONLY]; Freshdesk (freshdesk) [READ-ONLY]; Fullcontact (fullcontact) [READ-ONLY]; Fullstory (fullstory) [READ-ONLY]; FusionCharts (fusioncharts) [READ-ONLY]; Gauges (gauges) [READ-ONLY]; Get Satisfaction (get_satisfaction) [READ-ONLY]; Go Squared (go_squared) [READ-ONLY]; Gocardless (gocardless) [READ-ONLY]; GoDaddy Hosting (godaddy_hosting) [READ-ONLY]; Godaddy Nameserver (godaddy_nameserver) [READ-ONLY]; Google Adsense (google_adsense) [READ-ONLY]; Google Adwords (google_adwords) [READ-ONLY]; Google Affiliate Network (google_affiliate_network) [READ-ONLY]; Google Analytics (google_analytics) [READ-ONLY]; Google Apps (google_apps) [READ-ONLY]; Google Charts (google_charts) [READ-ONLY]; Google Cloud (google_cloud) [READ-ONLY]; Google Forms (google_forms) [READ-ONLY]; Google Maps (google_maps) [READ-ONLY]; Google Tag Manager (google_tag_manager) [READ-ONLY]; Google Website Optimizer (google_website_optimizer) [READ-ONLY]; Google Widgets (google_widgets) [READ-ONLY]; GraphIQ (graphiq) [READ-ONLY]; Gravity Forms (gravity_forms) [READ-ONLY]; Greenhouse (greenhouse) [READ-ONLY]; Heap (heap) [READ-ONLY]; Hello Bar (hello_bar) [READ-ONLY]; Help Scout (help_scout) [READ-ONLY]; Heroku (heroku) [READ-ONLY]; Highcharts (highcharts) [READ-ONLY]; Hotjar (hotjar) [READ-ONLY]; Hoverowl (hoverowl) [READ-ONLY]; HubSpot (hubspot) [READ-ONLY]; Icims (icims) [READ-ONLY]; Indicative (indicative) [READ-ONLY]; Infusionsoft (infusionsoft) [READ-ONLY]; Inside Sales (inside_sales) [READ-ONLY]; Inspectlet (inspectlet) [READ-ONLY]; Instagram (instagram) [READ-ONLY]; Instagram Links (instagram_links) [READ-ONLY]; Instart Logic (instart_logic) [READ-ONLY]; Intense Debate (intense_debate) [READ-ONLY]; Intercom (intercom) [READ-ONLY]; ios [READ-ONLY]; Iterable (iterable) [READ-ONLY]; Jobvite (jobvite) [READ-ONLY]; Joomla (joomla) [READ-ONLY]; Keen IO (keen_io) [READ-ONLY]; Kissmetrics (kiss_metrics) [READ-ONLY]; Klaviyo (klaviyo) [READ-ONLY]; Knowtify (knowtify) [READ-ONLY]; Lead Dyno (lead_dyno) [READ-ONLY]; Lever (lever) [READ-ONLY]; Linkwithin (linkwithin) [READ-ONLY]; Linode Hosting (linode_hosting) [READ-ONLY]; Live Chat (live_chat) [READ-ONLY]; Livefyre (livefyre) [READ-ONLY]; Liveramp (liveramp) [READ-ONLY]; Localytics (localytics) [READ-ONLY]; Looker (looker) [READ-ONLY]; Lucky Orange (lucky_orange) [READ-ONLY]; Mad Kudu (mad_kudu) [READ-ONLY]; Magento (magento) [READ-ONLY]; Magento Enterprise (magento_enterprise) [READ-ONLY]; Mailchimp (mailchimp) [READ-ONLY]; Mailgun (mailgun) [READ-ONLY]; Mailjet (mailjet) [READ-ONLY]; Mandrill (mandrill) [READ-ONLY]; Marketo (marketo) [READ-ONLY]; Maxmind (maxmind) [READ-ONLY]; Microsoft Azure (microsoft_azure) [READ-ONLY]; Microsoft Exchange Online (microsoft_exchange_online) [READ-ONLY]; Microsoft Office 365 (microsoft_office_365) [READ-ONLY]; Mixpanel (mixpanel) [READ-ONLY]; Mode (mode) [READ-ONLY]; Mouseflow (mouseflow) [READ-ONLY]; Mousestats (mousestats) [READ-ONLY]; My Site Auditor (my_site_auditor) [READ-ONLY]; Namecheap Dns (namecheap_dns) [READ-ONLY]; New Relic (new_relic) [READ-ONLY]; Nextable (nextable) [READ-ONLY]; Nginx (nginx) [READ-ONLY]; Nosto (nosto) [READ-ONLY]; Olark (olark) [READ-ONLY]; Omniconvert (omniconvert) [READ-ONLY]; Omniture (Adobe Analytics) (omniture_adobe_analytics) [READ-ONLY]; Ooyala (ooyala) [READ-ONLY]; Open Table (open_table) [READ-ONLY]; Optimizely (optimizely) [READ-ONLY]; Optimonk (optimonk) [READ-ONLY]; Oscommerce (oscommerce) [READ-ONLY]; Outbound (outbound) [READ-ONLY]; Outbrain Ads (outbrain_ads) [READ-ONLY]; Outlook (outlook) [READ-ONLY]; ownerIQ (owneriq) [READ-ONLY]; Pardot (pardot) [READ-ONLY]; PayPal (paypal) [READ-ONLY]; Payza (payza) [READ-ONLY]; Perfect Audience (perfect_audience) [READ-ONLY]; Periscope Data (periscope_data) [READ-ONLY]; Pinterest (pinterest) [READ-ONLY]; Piwik (piwik) [READ-ONLY]; Postmark (postmark) [READ-ONLY]; PowerReviews (powerreviews) [READ-ONLY]; Qualaroo (qualaroo) [READ-ONLY]; Qualtrics (qualtrics) [READ-ONLY]; Quantcast (quantcast) [READ-ONLY]; Rackspace (rackspace) [READ-ONLY]; Rackspace Email (rackspace_email) [READ-ONLY]; Recaptcha (recaptcha) [READ-ONLY]; Recruiterbox (recruiterbox) [READ-ONLY]; Recurly (recurly) [READ-ONLY]; Red Hat (red_hat) [READ-ONLY]; ReSRCit (resrcit) [READ-ONLY]; Resumator (resumator) [READ-ONLY]; RetailRocket (retailrocket) [READ-ONLY]; Rollbar (rollbar) [READ-ONLY]; Ruby On Rails (ruby_on_rails) [READ-ONLY]; Salesforce (salesforce) [READ-ONLY]; Salesmachine (salesmachine) [READ-ONLY]; Satismeter (satismeter) [READ-ONLY]; Segment (segment) [READ-ONLY]; Sendgrid (sendgrid) [READ-ONLY]; Sentry (sentry) [READ-ONLY]; Sessioncam (sessioncam) [READ-ONLY]; Sharepoint (sharepoint) [READ-ONLY]; Shopify (shopify) [READ-ONLY]; Shopware (shopware) [READ-ONLY]; Silkroad (silkroad) [READ-ONLY]; Simplicant (simplicant) [READ-ONLY]; Slack (slack) [READ-ONLY]; Smartlook (smartlook) [READ-ONLY]; Socket.io (socket_io) [READ-ONLY]; Softlayer Hosting (softlayer_hosting) [READ-ONLY]; Squarespace (squarespace) [READ-ONLY]; SteelHouse (steel_house) [READ-ONLY]; Stripe (stripe) [READ-ONLY]; Success Factors (success_factors) [READ-ONLY]; Survey Monkey (survey_monkey) [READ-ONLY]; Tableau (tableau) [READ-ONLY]; Taboola Ads (taboola_ads) [READ-ONLY]; Taleo (taleo) [READ-ONLY]; Talkable (talkable) [READ-ONLY]; Tawk (tawk) [READ-ONLY]; Tealium (tealium) [READ-ONLY]; Totango (totango) [READ-ONLY]; Tout (tout) [READ-ONLY]; Toutapp (toutapp) [READ-ONLY]; TowerData (towerdata) [READ-ONLY]; Track JS (track_js) [READ-ONLY]; Trustpilot (trustpilot) [READ-ONLY]; Twitter Advertiser (twitter_advertiser) [READ-ONLY]; Twitter Badge (twitter_badge) [READ-ONLY]; Twitter Button (twitter_button) [READ-ONLY]; Typeform (typeform) [READ-ONLY]; Typekit By Adobe (typekit_by_adobe) [READ-ONLY]; Uber Cart (uber_cart) [READ-ONLY]; Ubuntu (ubuntu) [READ-ONLY]; Ultipro (ultipro) [READ-ONLY]; Unix (unix) [READ-ONLY]; UserVoice (user_voice) [READ-ONLY]; Vero (vero) [READ-ONLY]; Verticalresponse (verticalresponse) [READ-ONLY]; Video.js (videojs) [READ-ONLY]; Vidyard (vidyard) [READ-ONLY]; Vimeo (vimeo) [READ-ONLY]; Virtue Mart (virtue_mart) [READ-ONLY]; Visual Website Optimizer (visual_website_optimizer) [READ-ONLY]; Volusion (volusion) [READ-ONLY]; WebEngage (webengage) [READ-ONLY]; Weebly (weebly) [READ-ONLY]; Wistia (wistia) [READ-ONLY]; Wix Stores (wix_stores) [READ-ONLY]; Woo Commerce (woo_commerce) [READ-ONLY]; Woopra (woopra) [READ-ONLY]; Wootric (wootric) [READ-ONLY]; Wordpress (wordpress) [READ-ONLY]; Workable (workable) [READ-ONLY]; Wp Engine (wp_engine) [READ-ONLY]; Wufoo (wufoo) [READ-ONLY]; xt:Commerce (xt_commerce) [READ-ONLY]; Yahoo Stores (yahoo_stores) [READ-ONLY]; Yandex Metrica (yandex_metrica) [READ-ONLY]; Yelp Seatme (yelp_seatme) [READ-ONLY]; Yesware (yesware) [READ-ONLY]; Yieldify (yieldify) [READ-ONLY]; Yotpo (yotpo) [READ-ONLY]; Youtube (youtube) [READ-ONLY]; Zen Cart (zen_cart) [READ-ONLY]; Zendesk (zendesk) [READ-ONLY]; Zenreach (zenreach) [READ-ONLY]; Zopim (zopim) [READ-ONLY]; AB Tasty (a_b__tasty) [READ-ONLY]; Act-On (act_on) [READ-ONLY]; Adblade (adblade) [READ-ONLY]; AddThis (add_this) [READ-ONLY]; Adzerk (adzerk) [READ-ONLY]; Amazon Cloudfront (amazon__cloudfront) [READ-ONLY]; BitGravity (bit_gravity) [READ-ONLY]; Bizo (bizo) [READ-ONLY]; CDNetworks (c_d_networks) [READ-ONLY]; CDNify (c_d_nify) [READ-ONLY]; CacheFly (cache_fly) [READ-ONLY]; channel intelligence (Google) (channel_intelligence_(_google)) [READ-ONLY]; comScore (com_score) [READ-ONLY]; ConversionMonk (conversion_monk) [READ-ONLY]; Demandforce (demandforce) [READ-ONLY]; Distil Networks (distil__networks) [READ-ONLY]; Dstillery (dstillery) [READ-ONLY]; EdgeCast (edge_cast) [READ-ONLY]; F5 BIG-IP (f5__b_i_g__i_p) [READ-ONLY]; Fastly (fastly) [READ-ONLY]; flashtalking [READ-ONLY]; Foresee (foresee) [READ-ONLY]; Formismo (formismo) [READ-ONLY]; foxycart [READ-ONLY]; GetResponse (get_response) [READ-ONLY]; GoDaddy Quick Shopping Cart (go_daddy__quick__shopping__cart) [READ-ONLY]; Google Analytics Content Experiment (google__analytics__content__experiment) [READ-ONLY]; Gravatar (gravatar) [READ-ONLY]; iContact (i_contact) [READ-ONLY]; iPerceptions (i_perceptions) [READ-ONLY]; Incapsula (incapsula) [READ-ONLY]; Insightera (insightera) [READ-ONLY]; JBoss (j_boss) [READ-ONLY]; Kayako (kayako) [READ-ONLY]; LeadFormix (lead_formix) [READ-ONLY]; LeadLander (lead_lander) [READ-ONLY]; Lexity (lexity) [READ-ONLY]; Listrak (listrak) [READ-ONLY]; LivePerson (live_person) [READ-ONLY]; LoopFuse (loop_fuse) [READ-ONLY]; MadCap Software (mad_cap__software) [READ-ONLY]; MarkMonitor (mark_monitor) [READ-ONLY]; Marketwired Newsroom (marketwired__newsroom) [READ-ONLY]; MaxCDN (max_c_d_n) [READ-ONLY]; Maxymiser (maxymiser) [READ-ONLY]; MediaMath (media_math) [READ-ONLY]; MindTouch (mind_touch) [READ-ONLY]; Monetate (monetate) [READ-ONLY]; Nanigans (nanigans) [READ-ONLY]; nrelate [READ-ONLY]; Omniture (omniture) [READ-ONLY]; OpenCart (open_cart) [READ-ONLY]; PHP (p_h_p) [READ-ONLY]; Perceptive Software (perceptive__software) [READ-ONLY]; pixeleze [READ-ONLY]; Polldaddy (polldaddy) [READ-ONLY]; PrestaShop (presta_shop) [READ-ONLY]; PubExchange (pub_exchange) [READ-ONLY]; QuBit (qubit) [READ-ONLY]; RadiumOne (radium_one) [READ-ONLY]; Sailthru (sailthru) [READ-ONLY]; SalesFUSION (sales_fusion) [READ-ONLY]; Salesforce Live Agent (salesforce__live__agent) [READ-ONLY]; Salesforce SFDC (salesforce__sfdc) [READ-ONLY]; Salesforce Servlet (salesforce__servlet) [READ-ONLY]; Salesforce Servlet WebToCase (salesforce__servlet__web_to_case) [READ-ONLY]; Salesforce Servlet WebToLead (salesforce__servlet__web_to_lead) [READ-ONLY]; Salesforce Visualforce (salesforce__visualforce) [READ-ONLY]; Salesforce desk.com (salesforce_desk_com) [READ-ONLY]; Salesforce force.com (salesforce_force_com) [READ-ONLY]; Salesforce salesforce.com (salesforce_salesforce_com) [READ-ONLY]; Salesforce sserv (salesforce_sserv) [READ-ONLY]; ShareThis (share_this) [READ-ONLY]; SiteScout (site_scout) [READ-ONLY]; spiceworks [READ-ONLY]; Sukuri/Cloudproxy (sukuri/_cloudproxy) [READ-ONLY]; SurveyGizmo (survey_gizmo) [READ-ONLY]; TheFind Upfront (the_find__upfront) [READ-ONLY]; TrustKeeper (Trustwave) (trust_keeper_(_trustwave)) [READ-ONLY]; Unbounce (unbounce) [READ-ONLY]; Varnish (varnish) [READ-ONLY]; Velaro (velaro) [READ-ONLY]; Verisign (verisign) [READ-ONLY]; Vidi Emi (vidi__emi) [READ-ONLY]; Visual Vistor (visual__vistor) [READ-ONLY]; Vtrenz (Silverpop) (vtrenz_(_silverpop)) [READ-ONLY]; WebTrends (web_trends) [READ-ONLY]; Webtrends Optimize (webtrends__optimize) [READ-ONLY]; WhosOn (whos_on) [READ-ONLY]; WordPress Stats (word_press__stats) [READ-ONLY]; Yellow Hammer (yellow__hammer) [READ-ONLY]; foresightair [READ-ONLY]; Acquia (acquia) [READ-ONLY]; Action Network (action_network) [READ-ONLY]; ActiveDemand (active_demand) [READ-ONLY]; Acxiom (acxiom) [READ-ONLY]; Adform Advertiser (adform_advertiser) [READ-ONLY]; Admeld (admeld) [READ-ONLY]; Adobe Experience Manager (adobe_experience_manager) [READ-ONLY]; Adobe Marketing Cloud (adobe_marketing_cloud) [READ-ONLY]; ADP (adp) [READ-ONLY]; Adscale (adscale) [READ-ONLY]; Affirm (affirm) [READ-ONLY]; Aggregate Knowledge (aggregate_knowledge) [READ-ONLY]; Algolia (algolia) [READ-ONLY]; Alteryx (alteryx) [READ-ONLY]; Apache Apex (apache_apex) [READ-ONLY]; Apache Cassandra (apache_cassandra) [READ-ONLY]; Apache Hadoop (apache_hadoop) [READ-ONLY]; Apache HTTP Server (apache_http_server) [READ-ONLY]; Apache Kafka (apache_kafka) [READ-ONLY]; Apache Maven (apache_maven) [READ-ONLY]; Apache NiFi (apache_nifi) [READ-ONLY]; Apache Spark (apache_spark) [READ-ONLY]; Apache Storm (apache_storm) [READ-ONLY]; Apache Tomcat (apache_tomcat) [READ-ONLY]; Appier (appier) [READ-ONLY]; Apple Pay (applepay) [READ-ONLY]; Atlassian Confluence (atlassian_confluence) [READ-ONLY]; Atlassian Crowd (atlassian_crowd) [READ-ONLY]; Atlassian Crucible (atlassian_crucible) [READ-ONLY]; Atlassian Fisheye (atlassian_fisheye) [READ-ONLY]; Atlassian JIRA (atlassian_jira) [READ-ONLY]; Attentive (attentive) [READ-ONLY]; Attraqt (attraqt) [READ-ONLY]; AWS CloudWatch (aws_cloudwatch) [READ-ONLY]; AWS DynamoDB (aws_dynamodb) [READ-ONLY]; AWS IAM (aws_iam) [READ-ONLY]; AWS Kinesis (aws_kinesis) [READ-ONLY]; AWS Lambda (aws_lambda) [READ-ONLY]; AWS Redshift (aws_redshift) [READ-ONLY]; Baidu Analytics (baidu_analytics) [READ-ONLY]; BambooHR (bamboohr) [READ-ONLY]; Basecamp (basecamp) [READ-ONLY]; BlueConic (blueconic) [READ-ONLY]; BlueKai (bluekai) [READ-ONLY]; Bold Commerce (bold_commerce) [READ-ONLY]; Bronto (bronto) [READ-ONLY]; Bullhorn (bullhorn) [READ-ONLY]; C3 Metrics (c3_metrics) [READ-ONLY]; Calendly (calendly) [READ-ONLY]; CallRail (callrail) [READ-ONLY]; Ceridian (ceridian) [READ-ONLY]; Chili Piper (chili_piper) [READ-ONLY]; Cision (cision) [READ-ONLY]; CJ Affiliate (cj_affiliate) [READ-ONLY]; Classy (classy) [READ-ONLY]; ClearSlide (clearslide) [READ-ONLY]; Cloudera (cloudera) [READ-ONLY]; Cludo (cludo) [READ-ONLY]; Confluence (confluence) [READ-ONLY]; Contentful (contentful) [READ-ONLY]; Conversio (conversio) [READ-ONLY]; Convertro (convertro) [READ-ONLY]; Convio (convio) [READ-ONLY]; Couchbase (couchbase) [READ-ONLY]; CouchDB (couchdb) [READ-ONLY]; Coveo (coveo) [READ-ONLY]; Crowdskout (crowdskout) [READ-ONLY]; CyberArk (cyberark) [READ-ONLY]; CyberSource (cybersource) [READ-ONLY]; Dailymotion (dailymotion) [READ-ONLY]; Datadog (datadog) [READ-ONLY]; DB2 (db2) [READ-ONLY]; DC Storm (dc_storm) [READ-ONLY]; Dell Boomi Atomsphere (dell_boomi_atomsphere) [READ-ONLY]; Demandware Analytics (demandware_analytics) [READ-ONLY]; Dotmailer (dotmailer) [READ-ONLY]; Dropbox (dropbox) [READ-ONLY]; Drupal Commerce (drupal_commerce) [READ-ONLY]; Dynatrace (dynatrace) [READ-ONLY]; Emarsys (emarsys) [READ-ONLY]; Ember.js (ember) [READ-ONLY]; Emma (emma) [READ-ONLY]; Engagio (engagio) [READ-ONLY]; Entrust (entrust) [READ-ONLY]; Episerver (episerver) [READ-ONLY]; Exponea (exponea) [READ-ONLY]; Extend (extend) [READ-ONLY]; Facebook Conversion Tracking (facebook_conversion_tracking) [READ-ONLY]; Facebook Custom Audience (facebook_custom_audience) [READ-ONLY]; Facebook Workplace (facebook_workplace) [READ-ONLY]; FactSet (factset) [READ-ONLY]; FileMaker Pro (filemaker_pro) [READ-ONLY]; Five9 (five9) [READ-ONLY]; Flexera Software (flexera_software) [READ-ONLY]; Flowplayer (flowplayer) [READ-ONLY]; Fortinet (fortinet) [READ-ONLY]; Gainsight (gainsight) [READ-ONLY]; Genesys (genesys) [READ-ONLY]; Gigya (gigya) [READ-ONLY]; GitHub (github) [READ-ONLY]; GitLab (gitlab) [READ-ONLY]; GoldenGate (goldengate) [READ-ONLY]; GoldMine (goldmine) [READ-ONLY]; Google Places (google_places) [READ-ONLY]; Google Remarketing (google_remarketing) [READ-ONLY]; Google Search Appliance (google_search_appliance) [READ-ONLY]; Gorgias (gorgias) [READ-ONLY]; GoToMeeting (gotomeeting) [READ-ONLY]; Grafana (grafana) [READ-ONLY]; GroupBy (groupby) [READ-ONLY]; HBase (hbase) [READ-ONLY]; Hive (hive) [READ-ONLY]; Hootsuite (hootsuite) [READ-ONLY]; HP Servers (hp_servers) [READ-ONLY]; Hull (hull) [READ-ONLY]; IBM Cognos (ibm_cognos) [READ-ONLY]; IBM InfoSphere (ibm_infosphere) [READ-ONLY]; IBM InfoSphere DataStage (ibm_infosphere_datastage) [READ-ONLY]; IBM Lotus Domino (ibm_lotus_domino) [READ-ONLY]; IBM Lotus Notes (ibm_lotus_notes) [READ-ONLY]; IBM WebSphere (ibm_websphere) [READ-ONLY]; IBM WebSphere Commerce (ibm_websphere_commerce) [READ-ONLY]; Influitive (influitive) [READ-ONLY]; Informatica (informatica) [READ-ONLY]; Information Builders (information_builders) [READ-ONLY]; Instapage (instapage) [READ-ONLY]; Interspire (interspire) [READ-ONLY]; Invoca (invoca) [READ-ONLY]; IPONWEB BidSwitch (iponweb_bidswitch) [READ-ONLY]; Jabmo (jabmo) [READ-ONLY]; Jahia (jahia) [READ-ONLY]; Janrain (janrain) [READ-ONLY]; Jaspersoft (jaspersoft) [READ-ONLY]; Java (java) [READ-ONLY]; JHA Payment Solutions (jha_payment_solutions) [READ-ONLY]; Justuno (justuno) [READ-ONLY]; JW Player (jw_player) [READ-ONLY]; Kaltura (kaltura) [READ-ONLY]; Kapost (kapost) [READ-ONLY]; Kentico (kentico) [READ-ONLY]; Klarna (klarna) [READ-ONLY]; Klevu (klevu) [READ-ONLY]; Kronos (kronos) [READ-ONLY]; LawPay (lawpay) [READ-ONLY]; LeadPages (leadpages) [READ-ONLY]; Liferay (liferay) [READ-ONLY]; Lightspeed (lightspeed) [READ-ONLY]; LinkedIn Advertiser (linked_in_advertiser) [READ-ONLY]; LiteSpeed (litespeed) [READ-ONLY]; LKQD (lkqd) [READ-ONLY]; LogRocket (logrocket) [READ-ONLY]; Lytics (lytics) [READ-ONLY]; Madison Logic (madison_logic) [READ-ONLY]; Magento V1 (magento_v1) [READ-ONLY]; Magento V2 (magento_v2) [READ-ONLY]; Magnolia CMS (magnolia_cms) [READ-ONLY]; MailerLite (mailerlite) [READ-ONLY]; Marchex (marchex) [READ-ONLY]; Marin (marin) [READ-ONLY]; Matomo (matomo) [READ-ONLY]; Mavenlink (mavenlink) [READ-ONLY]; Medallia (medallia) [READ-ONLY]; Media.net (media_net) [READ-ONLY]; Meltwater (meltwater) [READ-ONLY]; Microsoft Dynamics (microsoft_dynamics) [READ-ONLY]; Microsoft Power BI (microsoft_power_bi) [READ-ONLY]; Microsoft Project (microsoft_project) [READ-ONLY]; Microsoft SQL Server (microsoft_sql_server) [READ-ONLY]; Microsoft Team Foundation Server (microsoft_team_foundation_server) [READ-ONLY]; Microsoft Teams (microsoft_teams) [READ-ONLY]; MicroStrategy (microstrategy) [READ-ONLY]; Mindbody (mindbody) [READ-ONLY]; MongoDB (mongodb) [READ-ONLY]; MonsterCommerce (monstercommerce) [READ-ONLY]; MoonClerk (moonclerk) [READ-ONLY]; MRP (mrp) [READ-ONLY]; Mulberry (mulberry) [READ-ONLY]; Mutiny (mutiny) [READ-ONLY]; MySQL (mysql) [READ-ONLY]; NationBuilder (nation_builder) [READ-ONLY]; NCR Retail (ncr_retail) [READ-ONLY]; Neo4j (neo4j) [READ-ONLY]; NetSuite (netsuite) [READ-ONLY]; NetSuite CRM (netsuite_crm) [READ-ONLY]; NetSuite SuiteCommerce (netsuite_suitecommerce) [READ-ONLY]; Neustar AdAdvisor (neustar_ad_advisor) [READ-ONLY]; NICE inContact (nice_incontact) [READ-ONLY]; Nimsoft (nimsoft) [READ-ONLY]; nopCommerce (nopcommerce) [READ-ONLY]; NS1 (ns1) [READ-ONLY]; Okta (okta) [READ-ONLY]; OpenID (openid) [READ-ONLY]; OpenX (openx) [READ-ONLY]; Oracle Application Server (oracle_application_server) [READ-ONLY]; Oracle Business Intelligence (oracle_business_intelligence) [READ-ONLY]; Oracle Cash and Treasury Management (oracle_cash_and_treasury_management) [READ-ONLY]; Oracle Commerce Cloud (oracle_commerce_cloud) [READ-ONLY]; Oracle CRM (oracle_crm) [READ-ONLY]; Oracle Data Integrator (oracle_data_integrator) [READ-ONLY]; Oracle Endeca (oracle_endeca) [READ-ONLY]; Oracle Essbase (oracle_essbase) [READ-ONLY]; Oracle Fusion (oracle_fusion) [READ-ONLY]; Oracle Human Resources (oracle_human_resources) [READ-ONLY]; Oracle Hyperion (oracle_hyperion) [READ-ONLY]; Oracle PeopleSoft (oracle_peoplesoft) [READ-ONLY]; Oracle WebLogic (oracle_weblogic) [READ-ONLY]; OXID (oxid) [READ-ONLY]; PagerDuty (pagerduty) [READ-ONLY]; Palo Alto Networks (palo_alto_networks) [READ-ONLY]; Panopto (panopto) [READ-ONLY]; Paychex (paychex) [READ-ONLY]; Pentaho (pentaho) [READ-ONLY]; PeopleSoft CRM (peoplesoft_crm) [READ-ONLY]; PeopleSoft Sales (peoplesoft_sales) [READ-ONLY]; Percolate (percolate) [READ-ONLY]; Picreel (picreel) [READ-ONLY]; Pingdom (pingdom) [READ-ONLY]; Pipedrive (pipedrive) [READ-ONLY]; Pivotal Tracker (pivotal_tracker) [READ-ONLY]; Planisware (planisware) [READ-ONLY]; Playwire (playwire) [READ-ONLY]; Podio (podio) [READ-ONLY]; PostgreSQL (postgresql) [READ-ONLY]; Privy (privy) [READ-ONLY]; Progress Sitefinity (progress_sitefinity) [READ-ONLY]; PubMatic (pubmatic) [READ-ONLY]; Qbrick (qbrick) [READ-ONLY]; QlikTech (qliktech) [READ-ONLY]; QlikView (qlikview) [READ-ONLY]; QRadar (qradar) [READ-ONLY]; Qualified (qualified) [READ-ONLY]; Quest Foglight (quest_foglight) [READ-ONLY]; QuickBooks (quickbooks) [READ-ONLY]; RabbitMQ (rabbitmq) [READ-ONLY]; Raygun (raygun) [READ-ONLY]; Rezdy (rezdy) [READ-ONLY]; Rezgo (rezgo) [READ-ONLY]; RingCentral (ring_central) [READ-ONLY]; Robly (robly) [READ-ONLY]; Rocketfuel (rocketfuel) [READ-ONLY]; RSA SecurID (rsa_securid) [READ-ONLY]; Rubicon Project (rubicon_project) [READ-ONLY]; Sage 50cloud (sage_50cloud) [READ-ONLY]; Sage CRM (sage_crm) [READ-ONLY]; Sage Intacct (sage_intacct) [READ-ONLY]; Sage Pay (sage_pay) [READ-ONLY]; SailPoint (sailpoint) [READ-ONLY]; Salesforce DMP (salesforce_dmp) [READ-ONLY]; Salesforce Marketing Cloud (salesforce_marketing_cloud) [READ-ONLY]; SalesLoft (salesloft) [READ-ONLY]; SalesLogix (saleslogix) [READ-ONLY]; Salsa (salsa) [READ-ONLY]; SAP Business Objects (sap_business_objects) [READ-ONLY]; SAP Concur (sap_concur) [READ-ONLY]; SAP CRM (sap_crm) [READ-ONLY]; SAP Crystal Reports (sap_crystal_reports) [READ-ONLY]; SAP HANA (sap_hana) [READ-ONLY]; SAP Human Capital Management (sap_human_capital_management) [READ-ONLY]; SAP Hybris Marketing (sap_hybris_marketing) [READ-ONLY]; SAP Sales Order Management (sap_sales_order_management) [READ-ONLY]; SAP Warehouse Management (sap_warehouse_management) [READ-ONLY]; SAS Data Integration (sas_data_integration) [READ-ONLY]; SAS Enterprise (sas_enterprise) [READ-ONLY]; Sendlane (sendlane) [READ-ONLY]; ServiceNow (servicenow) [READ-ONLY]; SharpSpring (sharp_spring) [READ-ONLY]; Shopify Plus (shopify_plus) [READ-ONLY]; Sidecar (sidecar) [READ-ONLY]; Sitecore (sitecore) [READ-ONLY]; Siteimprove Analytics (siteimprove_analytics) [READ-ONLY]; 6sense (sixsense) [READ-ONLY]; Sizmek (sizmek) [READ-ONLY]; SmartRecruiters (smartrecruiters) [READ-ONLY]; Smartsheet (smartsheet) [READ-ONLY]; Smile.io (smileio) [READ-ONLY]; SnapLogic (snaplogic) [READ-ONLY]; Snowflake (snowflake) [READ-ONLY]; Snowplow Analytics (snowplow_analytics) [READ-ONLY]; SOASTA (soasta) [READ-ONLY]; Sociomantic (sociomantic) [READ-ONLY]; SpeedCurve (speedcurve) [READ-ONLY]; Splunk (splunk) [READ-ONLY]; Sprinklr (sprinklr) [READ-ONLY]; Square (square) [READ-ONLY]; Squarespace Online Stores (squarespace_online_stores) [READ-ONLY]; StackAdapt (stackadapt) [READ-ONLY]; StatCounter (statcounter) [READ-ONLY]; SugarCRM (sugarcrm) [READ-ONLY]; Sumo (sumo) [READ-ONLY]; Swell Rewards (swell_rewards) [READ-ONLY]; Sybase (sybase) [READ-ONLY]; Talend (talend) [READ-ONLY]; Teradata (teradata) [READ-ONLY]; Terminus (terminus) [READ-ONLY]; The Trade Desk (the_trade_desk) [READ-ONLY]; Thomson Reuters Eikon (thomson_reuters_eikon) [READ-ONLY]; TIBCO EMS (tibco_ems) [READ-ONLY]; TIBCO Rendezvous (tibco_rendezvous) [READ-ONLY]; TIBCO Spotfire (tibco_spotfire) [READ-ONLY]; Top Producer (top_producer) [READ-ONLY]; Treasure Data (treasure_data) [READ-ONLY]; Trello (trello) [READ-ONLY]; Triblio (triblio) [READ-ONLY]; Tripleseat (tripleseat) [READ-ONLY]; Turn (turn) [READ-ONLY]; Twilio (twilio) [READ-ONLY]; Unbxd (unbxd) [READ-ONLY]; Uptrends (uptrends) [READ-ONLY]; Vanco Payment Solutions (vanco_payment_solutions) [READ-ONLY]; Visual IQ (visual_iq) [READ-ONLY]; VMware Server (vmware_server) [READ-ONLY]; vzaar [READ-ONLY]; webMethods (webmethods) [READ-ONLY]; Weebly eCommerce (weebly_ecommerce) [READ-ONLY]; Windows Server (windows_server) [READ-ONLY]; Wix (wix) [READ-ONLY]; Workamajig (workamajig) [READ-ONLY]; Workday (workday) [READ-ONLY]; Worldpay (worldpay) [READ-ONLY]; Wrike (wrike) [READ-ONLY]; Xero (xero) [READ-ONLY]; Yext (yext) [READ-ONLY]; Zaius (zaius) [READ-ONLY]; Zedo (zedo) [READ-ONLY]; Zeit Now (zeit_now) [READ-ONLY]; Zeniq (zeniq) [READ-ONLY]; Zoho CRM (zoho_crm) [READ-ONLY]; Zuora (zuora) [READ-ONLY]","false","true","false","false","false","true","HubSpot","","77.25%","11/23/25 6:49 PM EST","Data Enrichment"
"Website URL","website","string","The main website of the company or organization. This property is used to identify unique companies.","companyinformation","true","","false","true","false","false","false","true","HubSpot","Automation platform flow (1); Integration (1); Sales view (2)","95.08%","11/23/25 5:50 PM EST","Salesforce"
"Postal Code","zip","string","Postal or zip code of the company or organization.","companyinformation","true","","false","true","false","false","false","true","HubSpot","Automation platform flow (1); Properties v3 card (1)","73.43%","11/23/25 6:40 PM EST","Data Enrichment"
"Conversion Page","conversion_page","string","","conversioninformation","true","","false","false","false","false","false","false","Reed Marcus","Automation platform flow (1)","10.79%","11/23/25 5:45 PM EST","Workflow"
"First Conversion Date","first_conversion_date","datetime","The first conversion date across all contacts associated this company or organization","conversioninformation","false","","true","true","false","false","false","true","HubSpot","Sales view (2); Properties v3 card (1)","8.2%","11/23/25 6:28 PM EST","HubSpot Calculation"
"First Conversion","first_conversion_event_name","string","The first form submitted across all contacts associated this company or organization","conversioninformation","false","","true","true","false","false","false","true","HubSpot","Sales view (2); Properties v3 card (1)","8.2%","11/23/25 6:28 PM EST","HubSpot Calculation"
"First Page Seen","first_page_seen","string","","conversioninformation","true","","false","false","false","false","false","false","Reed Marcus","Automation platform flow (2); Sales view (1); Properties v3 card (2)","7.67%","11/23/25 6:29 PM EST","Workflow"
"First Touch Converting Campaign","hs_analytics_first_touch_converting_campaign","string","The campaign responsible for the first touch creation of the first contact associated with this company","conversioninformation","false","","true","true","false","true","false","true","HubSpot","","0.08%","11/23/25 6:28 PM EST","HubSpot Calculation"
"Time of First Session","hs_analytics_first_visit_timestamp","datetime","Time of first session across all contacts associated with this company or organization","conversioninformation","false","","true","true","false","false","false","true","HubSpot","Properties v3 card (1)","7.44%","11/23/25 6:28 PM EST","HubSpot Calculation"
"Inbound Contact Email","inbound_contact_email","string","","conversioninformation","true","","false","false","false","false","false","false","Reed Marcus","Automation platform flow (1)","6.67%","11/23/25 6:29 PM EST","Workflow"
"Inbound Contact first Name","inbound_contact_first_name","string","","conversioninformation","true","","false","false","false","false","false","false","Reed Marcus","Automation platform flow (1); Properties v3 card (1)","5.37%","11/23/25 6:29 PM EST","Workflow"
"Inbound Contact Last Name","inbound_contact_last_name","string","","conversioninformation","true","","false","false","false","false","false","false","Reed Marcus","Automation platform flow (1); Properties v3 card (1)","5.39%","11/23/25 6:29 PM EST","Workflow"
"Inbound Type","inbound_type","enumeration","","conversioninformation","true","Bottom Funnel - Warm; Marketing Lead; Hand Raiser  (Hand Raiser); Contact Sales; Self-Serve Signup; Partner Referral","false","false","false","false","false","false","Reed Marcus","Automation platform flow (4); Report (1); Properties v3 card (2)","6.77%","11/23/25 6:29 PM EST","Workflow"
"Last Came Inbound","last_came_inbound","date","","conversioninformation","true","","false","false","false","false","false","false","Reed Marcus","Calculated property (1); Inbounddb lists (2); Automation platform flow (4); Report (4); Sales view (7); Properties v3 card (2)","7.15%","11/23/25 6:29 PM EST","Workflow"
"Lead After Deal","lead_after_deal","enumeration","","conversioninformation","true","Yes (true); No (false)","false","false","false","false","false","false","Reed Marcus","Automation platform flow (2); Properties v3 card (1)","0.9%","11/23/25 6:47 AM EST","Workflow"
"Lead nurturing first email date","lead_nurturing_first_email_date","date","","conversioninformation","true","","false","false","false","false","false","false","Reed Marcus","Calculated property (3); Inbounddb lists (2); Automation platform flow (6); Sales view (4); Properties v3 card (1)","26.2%","11/21/25 2:26 PM EST","Workflow"
"Marketing Emails Clicked","marketing_emails_clicked","number","","conversioninformation","true","","false","false","false","false","false","false","Reed Marcus","Automation platform flow (1); Report (2); Properties v3 card (1)","0.75%","11/23/25 4:00 PM EST","Workflow"
"Marketing Emails Opened","marketing_emails_opened","number","","conversioninformation","true","","false","false","false","false","false","false","Reed Marcus","Automation platform flow (1); Properties v3 card (1)","10.72%","11/23/25 6:50 PM EST","Workflow"
"Marketing Emails Sent","marketing_emails_sent","number","","conversioninformation","true","","false","false","false","false","false","false","Reed Marcus","Automation platform flow (1); Properties v3 card (1)","33.35%","11/23/25 6:57 PM EST","Workflow"
"Number of Form Submissions","num_conversion_events","number","The number of form submissions for all contacts which have this company as their Primary company.","conversioninformation","false","","true","true","false","false","false","true","HubSpot","Properties v3 card (1)","79.29%","11/23/25 6:28 PM EST","HubSpot Calculation"
"Recent Conversion Date","recent_conversion_date","datetime","The most recent conversion date across all contacts associated this company or organization","conversioninformation","false","","true","true","false","false","false","true","HubSpot","Sales view (1); Properties v3 card (1)","8.2%","11/23/25 6:28 PM EST","HubSpot Calculation"
"Recent Conversion","recent_conversion_event_name","string","The last form submitted across all contacts associated this company or organization","conversioninformation","false","","true","true","false","false","false","true","HubSpot","Sales view (1); Properties v3 card (1)","8.2%","11/23/25 6:28 PM EST","HubSpot Calculation"
"Sign Up Flow Employees ","sign_up_flow_employees","enumeration","","conversioninformation","true","1-10; 11-50; 51-200; 201-500; 501-1000; 1000+; 1-5; 6-10; 501+","false","false","false","false","false","false","Reed Marcus","Automation platform flow (2); Sales view (1); Properties v3 card (1)","5.7%","11/23/25 6:29 PM EST","Workflow"
"Sign Up Flow Estimated Annual Revenue","sign_up_flow_estimated_annual_revenue","enumeration","","conversioninformation","true","<$1M; $1-10M; $10-50M; $50-100M; $100-500M; $500M+; $1-5M; $5-10M; $100M+","false","false","false","false","false","false","Reed Marcus","Automation platform flow (2); Sales view (1); Properties v3 card (1)","5.38%","11/23/25 5:38 PM EST","Workflow"
"Client Approved?","client_approved_","enumeration","","deal_information","true","Yes (true); No (false)","false","false","false","false","false","false","Reed Marcus","Automation platform flow (2)","1.43%","11/23/25 6:44 PM EST","Workflow"
"Days since activation","days_since_activation___2","number","","deal_information","false","","true","false","true","false","false","false","Reed Marcus","Calculated property (1); Sales view (1)","1.49%","11/23/25 3:43 PM EST","HubSpot Calculation"
"Deal - PIC","deal___pic","string","","deal_information","true","","false","false","false","false","false","false","Reed Marcus","Sales view (1)","0.96%","",""
"Deal Name","deal_name","string","","deal_information","true","","false","false","false","false","false","false","Reed Marcus","Automation platform flow (2); Sales view (1)","10.25%","11/23/25 6:29 PM EST","Workflow"
"Deal Owner","deal_owner","enumeration","","deal_information","false","","false","false","false","true","false","false","Reed Marcus","Inbounddb lists (1); Automation platform flow (2); Sales view (3)","10.5%","11/23/25 6:29 PM EST","Workflow"
"Disqualified?","disqualified_","enumeration","","deal_information","true","Yes (true); No (false)","false","false","false","false","false","false","Reed Marcus","Automation platform flow (3)","5.66%","11/23/25 6:44 PM EST","Workflow"
"First Deal Created Date","first_deal_created_date","datetime","Date the first deal was associated with this company record.","deal_information","false","","true","true","false","false","false","true","HubSpot","Inbounddb lists (2); Automation platform flow (3); Sales view (1); Properties v3 card (2)","10.4%","11/23/25 6:28 PM EST","HubSpot Calculation"
"Number of open deals","hs_num_open_deals","number","The number of open deals associated with this company.","deal_information","false","","true","true","false","false","false","true","HubSpot","","99.99%","11/23/25 6:44 PM EST","HubSpot Calculation"
"Likelihood to close","hs_predictivecontactscore_v2","number","The highest probability that a contact associated with this company will become a customer within the next 90 days. This score is based on standard contact properties and behavior.","deal_information","false","","true","true","false","false","false","true","HubSpot","","77.8%","11/23/25 6:49 PM EST","HubSpot Calculation"
"Total open deal value","hs_total_deal_value","number","The total value, in your company's currency, of all open deals associated with this company","deal_information","false","","true","true","false","false","false","true","HubSpot","","0.01%","11/22/25 7:05 AM EST","HubSpot Calculation"
"ICP Category [Company]","icp_category","string","","deal_information","true","","false","false","false","false","false","false","Reed Marcus","Inbounddb lists (3); Automation platform flow (3); Report (1); Integration (1); Sales view (5); Properties v3 card (2)","82.11%","11/23/25 6:44 PM EST","Salesforce"
"~ Industry","industry_","string","","deal_information","true","","false","false","false","false","false","false","Reed Marcus","Automation platform flow (1)","4.53%","11/23/25 5:38 PM EST","Workflow"
"Last Deal Pipeline","last_deal_pipeline","enumeration","","deal_information","true","Salesforce - Upsell Opportunity (19cab31f-7086-4e04-9575-b98405eb85ee); Salesforce - Potential Partnership (ab6d19f7-01b9-4717-b991-41c7d5e721f8); Salesforce - Potential Client (c60e483b-e1da-4227-8a70-90486d2c1698); Sales Pipeline (default); Salesforce - Self-serve Signup (e335a8b5-6ef8-4257-a065-40738ab03a14)","false","false","false","false","false","false","Reed Marcus","Inbounddb lists (1); Automation platform flow (5); Properties v3 card (1)","10.48%","11/23/25 6:29 PM EST","Workflow"
"12 mo. Estimated GP (last month)","n12_mo__estimated_gp__last_month_","number","","deal_information","false","","true","false","true","false","false","false","Reed Marcus","Sales view (2); Properties v3 card (3)","5.07%","11/23/25 3:14 PM EST","HubSpot Calculation"
"12 mo. Estimated GP (mtd)","n12_mo__estimated_revenue____this_month_","number","","deal_information","false","","true","false","true","false","false","false","Reed Marcus","Sales view (3); Properties v3 card (1)","5.07%","11/23/25 3:14 PM EST","HubSpot Calculation"
"365 Est. Revenue","n365_est__rev__mtd____2","number","","deal_information","false","","true","false","true","false","false","false","Reed Marcus","Automation platform flow (1); Sales view (4); Properties v3 card (1)","1.44%","11/23/25 3:43 PM EST","HubSpot Calculation"
"Number of Associated Deals","num_associated_deals","number","The number of deals associated with this company","deal_information","false","","true","true","false","false","false","true","HubSpot","Automation platform flow (6); Sales view (2)","10.4%","11/23/25 6:28 PM EST","HubSpot Calculation"
"Opportunity Source","opportunity_source","string","","deal_information","true","","false","false","false","false","false","false","Reed Marcus","Sales view (7); Properties v3 card (2)","2.64%","7/30/24 10:11 AM EDT","Workflow"
"Deal Stage","opportunity_stage","string","","deal_information","true","","false","false","false","false","false","false","Reed Marcus","Inbounddb lists (4); Automation platform flow (2); Sales view (6); Properties v3 card (3)","6.74%","11/23/25 6:29 PM EST","Workflow"
"Overall Application Status","overall_application_status","string","","deal_information","true","","false","false","false","false","false","false","Reed Marcus","Automation platform flow (1)","4.49%","11/23/25 6:44 PM EST","Workflow"
"Recent Deal Amount","recent_deal_amount","number","Amount of last closed won deal associated with this company. Set automatically.","deal_information","false","","true","true","true","false","false","true","HubSpot","Association card (1); Sales view (1); Association v3 card (1)","0.76%","11/17/25 8:14 PM EST","HubSpot Calculation"
"Recent Deal Close Date","recent_deal_close_date","datetime","Date of the last ""closed won"" deal associated with this company record.","deal_information","false","","true","true","false","false","false","true","HubSpot","","1.51%","11/23/25 3:43 PM EST","HubSpot Calculation"
"Referrer - Account","referrer__account","enumeration","","deal_information","true","Navan (0018X00003EjkdmQAB); NAHB (0013k00003LQS4aAAH); Gusto (0013k00002jrmGwAAI); Events (0018X00003CiPEeQAN); Kruze Consulting (0013k00002qJPH2AAO); TYL Construction (001TP000005YkQXYA0); CFO Alliance (001TP0000045lX7YAI); Creative Juice (001TP0000018nUQYAY); Better Money LLC (0018X00003NUaSXQA1); Phoenix Development (0018X00003MztPYQAZ); Igninition Consulting (0018X00003HQliOQAT); LP24 Alpha, Inc. (0018X00003ElzdmQAB); JTB Homes, LLC (0018X00003AKXsnQAH); Tyler Majors - Partner (0018X000039GLSOQA4); Mary Helen Barber - Partner (0018X0000332b7AQAQ); Mastercard (0013k00003KZf1xAAD); Designworks Investments, LLC (0013k00003D6wYdAAJ); CFO Plans Inc.  (0013k00003ARan5AAD); Gold Bond Inc (0013k00003AIgBQAA1); Prohairesis Technology Services LLC (0013k00002rv36FAAQ); POLUCO LLC (0013k00002qKldhAAC); NerdWallet (0018X00003HQmH6QAL); IEC (0018X00003KImt5QAD); 0018X000036tF0gQAE [HIDDEN]; 0013k00002uwbOWAAY [HIDDEN]; 0013k00002u4f77AAA [HIDDEN]; 0013k00002jrjzxAAA [HIDDEN]; 0013k00002jrmd3AAA [HIDDEN]; 001TP000000af3fYAA [HIDDEN]; 0013k00002jrMkAAAU [HIDDEN]; 0013k00002jrlgTAAQ [HIDDEN]; 0013k00002xpeBJAAY [HIDDEN]; 0013k00002jsLX3AAM [HIDDEN]; 0013k00002jpzFyAAI [HIDDEN]; 0013k000032AeLaAAK [HIDDEN]; 0018X000039eIQCQA2 [HIDDEN]; 0013k00002jpy8JAAQ [HIDDEN]; 0013k00002jp9vbAAA [HIDDEN]; 0013k00003G7d2fAAB [HIDDEN]; 0018X000031h1yYQAQ [HIDDEN]; 0013k00002lPduyAAC [HIDDEN]; 0013k00002sCQrJAAW [HIDDEN]; 0013k00002jpzuHAAQ [HIDDEN]; 0013k000032AdoEAAS [HIDDEN]; 0018X000031p7a0QAA [HIDDEN]; 0013k00002oR5emAAC [HIDDEN]; 0013k00002jp2uEAAQ [HIDDEN]; 0013k0000344NpQAAU [HIDDEN]; 0018X000037z27bQAA [HIDDEN]; 0013k00002oPigpAAC [HIDDEN]; 0018X00003AdMW7QAN [HIDDEN]; 0018X000039WNRuQAO [HIDDEN]; 0013k00003500U4AAI [HIDDEN]; 0013k000039syHeAAI [HIDDEN]; 0013k000030HmnEAAS [HIDDEN]; 0013k00002r93tdAAA [HIDDEN]; 0013k00002jp9vlAAA [HIDDEN]; 0018X0000361zTLQAY [HIDDEN]; 0013k00002jr7pSAAQ [HIDDEN]; 0013k00002xFK7LAAW [HIDDEN]; 0013k00002jp9vLAAQ [HIDDEN]; 0018X000039Jl8rQAC [HIDDEN]; 0013k00002vCs0LAAS [HIDDEN]; 0013k00002stzCUAAY [HIDDEN]; 0013k000033XQIbAAO [HIDDEN]; 0013k00002jp9sgAAA [HIDDEN]; 0018X000035VrtsQAC [HIDDEN]; 0013k00002uvVQgAAM [HIDDEN]; 0013k00002jp9yQAAQ [HIDDEN]; 0013k000034ffEWAAY [HIDDEN]; 0013k00002jrjyvAAA [HIDDEN]; 0013k00003DmqaTAAR [HIDDEN]; 0013k00002oRCmdAAG [HIDDEN]; 0018X00003464WGQAY [HIDDEN]; 0013k00002oREfzAAG [HIDDEN]; 0013k00002r8QLMAA2 [HIDDEN]; 0013k00002jp9yKAAQ [HIDDEN]; 0018X00003KKKI4QAP [HIDDEN]; 0013k00002jrk5VAAQ [HIDDEN]; 0018X000036eWjaQAE [HIDDEN]; 0013k00002jp9yHAAQ [HIDDEN]; 0013k00002jrAV2AAM [HIDDEN]; 0013k00002vCcHbAAK [HIDDEN]; 0013k00002jp9y6AAA [HIDDEN]; 0013k00002yLUBWAA4 [HIDDEN]; 0013k00002ufHKWAA2 [HIDDEN]; 0013k00002swAyAAAU [HIDDEN]; 0013k00002jp9ybAAA [HIDDEN]; 0013k00002jpA0hAAE [HIDDEN]; 0013k00003FG0OZAA1 [HIDDEN]; 0013k00003EixcmAAB [HIDDEN]; 0013k00003K35FwAAJ [HIDDEN]; 0013k00002jrsdiAAA [HIDDEN]; 0013k00003IeqRWAAZ [HIDDEN]; 0013k00002ufFIWAA2 [HIDDEN]; 0013k00002oSRWrAAO [HIDDEN]; 0013k00002jpA1iAAE [HIDDEN]; 0013k00002jp9uFAAQ [HIDDEN]; 0013k00002oQPa0AAG [HIDDEN]; 0013k00003LYkf8AAD [HIDDEN]; 0013k00003Dah6nAAB [HIDDEN]; 0013k00002ux4zHAAQ [HIDDEN]; 0013k000033Vwk5AAC [HIDDEN]; 0013k00002jrlKbAAI [HIDDEN]; 0013k00002jrm6MAAQ [HIDDEN]; 0018X00003HR5WWQA1 [HIDDEN]; 0013k00002vUyP9AAK [HIDDEN]; 0013k00002jp9yjAAA [HIDDEN]; 0013k00002zjkx9AAA [HIDDEN]; 0013k00003IcE3OAAV [HIDDEN]; 0013k00002z5i6dAAA [HIDDEN]; 0013k000039hXL3AAM [HIDDEN]; 0013k00002wCvmhAAC [HIDDEN]; 0013k00002jpyLAAAY [HIDDEN]; 0013k00003CbyBuAAJ [HIDDEN]; 0018X000039GuboQAC [HIDDEN]; 0013k00002uC4FzAAK [HIDDEN]; 0018X00002zboekQAA [HIDDEN]; 0013k00002jp9tSAAQ [HIDDEN]; 0013k00002uvVWPAA2 [HIDDEN]; 0013k00002jrmLGAAY [HIDDEN]; 0013k000032AehmAAC [HIDDEN]; 0018X00003AcCiSQAV [HIDDEN]; 0013k000036lrT5AAI [HIDDEN]; 0013k00002jp6J5AAI [HIDDEN]; 0013k00002ueGj9AAE [HIDDEN]; 0018X00003EnITBQA3 [HIDDEN]; 0013k000032lRYUAA2 [HIDDEN]; 0013k00002lPdujAAC [HIDDEN]; 0013k00003AiQKmAAN [HIDDEN]; 0013k00002jr3bYAAQ [HIDDEN]; 0018X00003ClwzcQAB [HIDDEN]; 0013k00002jp9xdAAA [HIDDEN]; 0013k00002jpA2HAAU [HIDDEN]; 0013k000032lWzcAAE [HIDDEN]; 0013k000033VMVZAA4 [HIDDEN]; 0013k00002lPe9EAAS [HIDDEN]; 0018X00003EKN1GQAX [HIDDEN]; 0013k00003D4alaAAB [HIDDEN]; 0013k00003HEBC4AAP [HIDDEN]; 0013k00003I9QygAAF [HIDDEN]; 0013k000033Y3q5AAC [HIDDEN]; 0013k00003BpVbDAAV [HIDDEN]; 0013k00002jr8IVAAY [HIDDEN]; 0013k00002jp9siAAA [HIDDEN]; 0013k00003M6DsiAAF [HIDDEN]; 0018X00003958ODQAY [HIDDEN]; 0013k000034hnAzAAI [HIDDEN]; 0013k00002sCEPnAAO [HIDDEN]; 0013k00002vsBMMAA2 [HIDDEN]; 0013k00002jp9u0AAA [HIDDEN]; 0013k00002jpz2AAAQ [HIDDEN]; 0013k00002oQsVXAA0 [HIDDEN]; 0013k00002svpChAAI [HIDDEN]; 0013k00002vSzu6AAC [HIDDEN]; 0013k00002vs7xwAAA [HIDDEN]; 0013k00002jp9vzAAA [HIDDEN]; 0013k00002wFxQLAA0 [HIDDEN]; 0018X00003EmwBHQAZ [HIDDEN]; 0013k00002sCPDdAAO [HIDDEN]; 0013k00002jp0mwAAA [HIDDEN]; 0018X000039UpsbQAC [HIDDEN]; 0013k00003K3WEDAA3 [HIDDEN]; 0013k00002qMecxAAC [HIDDEN]; 0018X000033wSpOQAU [HIDDEN]; 0013k00002jpy6ZAAQ [HIDDEN]; 0018X000031TF7hQAG [HIDDEN]; 0013k00002jp9wZAAQ [HIDDEN]; 0013k000034zVvbAAE [HIDDEN]; 0013k00002jp9swAAA [HIDDEN]; 0013k00003AgtmBAAR [HIDDEN]; 0013k00002jr9zfAAA [HIDDEN]; 0013k000032obV8AAI [HIDDEN]; 0013k00002strMWAAY [HIDDEN]; 0013k00002jp9tBAAQ [HIDDEN]; 0013k00003DmlKSAAZ [HIDDEN]; 0013k00002jovmxAAA [HIDDEN]; 0013k00003LmwQ7AAJ [HIDDEN]; 0013k00002jp9zOAAQ [HIDDEN]; 0013k00003KaODGAA3 [HIDDEN]; 0013k00002stqc6AAA [HIDDEN]; 0013k00002jpA3FAAU [HIDDEN]; 0013k00002qMiLYAA0 [HIDDEN]; 0013k0000350NefAAE [HIDDEN]; 0013k00002jpveNAAQ [HIDDEN]; 0013k00002jp9zEAAQ [HIDDEN]; 0013k0000322zcBAAQ [HIDDEN]; 0013k00002qMwdLAAS [HIDDEN]; 0013k00003LPNdSAAX [HIDDEN]; 0018X000031B7gYQAS [HIDDEN]; 0018X000031JhgMQAS [HIDDEN]; 0013k00003HEA19AAH [HIDDEN]; 0013k00003ARcM5AAL [HIDDEN]; 0013k00002jrlNoAAI [HIDDEN]; 0013k00002jrEQ4AAM [HIDDEN]; 0013k00002jrmEcAAI [HIDDEN]; 0013k00003Dbn8UAAR [HIDDEN]; 0013k000031r07nAAA [HIDDEN]; 0013k00002jrjxfAAA [HIDDEN]; 0013k00002r7z7FAAQ [HIDDEN]; 0013k00003C7USsAAN [HIDDEN]; 0018X000033iu22QAA [HIDDEN]; 0013k0000344P0aAAE [HIDDEN]; 0013k00002jrkBvAAI [HIDDEN]; 0013k00003HEBvLAAX [HIDDEN]; 0013k00002jrko0AAA [HIDDEN]; 0013k00002jpz37AAA [HIDDEN]; 0013k00003BkbE8AAJ [HIDDEN]; 0013k00002jrlNJAAY [HIDDEN]; 0013k00002zjmpRAAQ [HIDDEN]; 0013k00002jpA2lAAE [HIDDEN]; 0013k00003DmX4aAAF [HIDDEN]; 0018X0000381RpwQAE [HIDDEN]; 0013k00002jpA1JAAU [HIDDEN]; 0013k00002vp8uHAAQ [HIDDEN]; 0013k00003BCmC9AAL [HIDDEN]; 0013k00002jp9z3AAA [HIDDEN]; 0013k00002jp9zTAAQ [HIDDEN]; 0013k00002jrxfPAAQ [HIDDEN]; 0013k00002vUzlgAAC [HIDDEN]; 0013k000033A9eXAAS [HIDDEN]; 0013k00003LVgetAAD [HIDDEN]; 0013k00002jp9u9AAA [HIDDEN]; 0013k00003BQmGoAAL [HIDDEN]; 0013k00003ER5R7AAL [HIDDEN]; 0013k00003Hd8QuAAJ [HIDDEN]; 0013k00002jp9vqAAA [HIDDEN]; 0013k00003EfdgNAAR [HIDDEN]; 0013k000034zWz2AAE [HIDDEN]; 0013k00002zJnCVAA0 [HIDDEN]; 0013k00002jp9wpAAA [HIDDEN]; 0013k00002vTySZAA0 [HIDDEN]; 0013k00002ugb6WAAQ [HIDDEN]; 0018X0000332LA3QAM [HIDDEN]; 0013k00002jpLjkAAE [HIDDEN]; 0013k00002jp9vVAAQ [HIDDEN]; 0013k00002xO1PVAA0 [HIDDEN]; 0013k00002xP6w7AAC [HIDDEN]; 0013k00002wF7dHAAS [HIDDEN]; 0013k00002vEuWNAA0 [HIDDEN]; 0013k00003DKnTLAA1 [HIDDEN]; 0018X0000363Af2QAE [HIDDEN]; 0013k00002ruzhBAAQ [HIDDEN]; 0013k00002jq7IiAAI [HIDDEN]; 0013k00002jrX5bAAE [HIDDEN]; 0013k00002oSi2aAAC [HIDDEN]; 0018X000034en8PQAQ [HIDDEN]; 0013k00002jrm5jAAA [HIDDEN]; 0013k00002xFLmHAAW [HIDDEN]; 0013k00002wFy6TAAS [HIDDEN]; 0013k000036Xcs2AAC [HIDDEN]; 0013k00002jr22nAAA [HIDDEN]; 0013k00002vTGcDAAW [HIDDEN]; 0013k00002oRb0mAAC [HIDDEN]; 0018X0000362V5SQAU [HIDDEN]; 0013k0000336EHsAAM [HIDDEN]; 0013k00003CPpBPAA1 [HIDDEN]; 0013k00003EPwyrAAD [HIDDEN]; 0013k00002oPisWAAS [HIDDEN]; 0013k0000387rDyAAI [HIDDEN]; 0013k00002zKTKjAAO [HIDDEN]; 0013k00002suUBDAA2 [HIDDEN]; 0013k00002jpZhPAAU [HIDDEN]; 0013k000031qJkSAAU [HIDDEN]; 001TP000005QAPiYAO [HIDDEN]; 0013k00003DmsyNAAR [HIDDEN]; 0013k00002r95bUAAQ [HIDDEN]; 0013k00003HAzAbAAL [HIDDEN]; 0013k00003HZxUJAA1 [HIDDEN]; 0018X000031h5SOQAY [HIDDEN]; Spray Foam Genie (001TP000008yLt1YAE); 0013k00002qJSmCAAW [HIDDEN]; 0013k00003D6vcrAAB [HIDDEN]; 0013k00002jrjxeAAA [HIDDEN]; 0013k00002vTsu8AAC [HIDDEN]; 0013k000031qYqHAAU [HIDDEN]; 0013k000035ABElAAO [HIDDEN]; 0013k000033XLnRAAW [HIDDEN]; 0013k00002jqSauAAE [HIDDEN]; 0013k00002jpSRhAAM [HIDDEN]; 0013k00003AiQllAAF [HIDDEN]; 0013k00002jpA0vAAE [HIDDEN]; 0018X000032BbilQAC [HIDDEN]; 0013k00002oQQGwAAO [HIDDEN]; 001TP000000aYkZYAU [HIDDEN]; 0013k00002oPji6AAC [HIDDEN]; 0013k000031qKMgAAM [HIDDEN]; 0013k00002jrzPyAAI [HIDDEN]; 0013k0000345d4WAAQ [HIDDEN]; 0013k00002zlBqqAAE [HIDDEN]; 0013k000034fa5SAAQ [HIDDEN]; 0013k00002qJf6kAAC [HIDDEN]; 0013k00002jp9zZAAQ [HIDDEN]; 0013k00002jrlgEAAQ [HIDDEN]; 0013k00002oPb7kAAC [HIDDEN]; 0013k00003BpKfxAAF [HIDDEN]; 0018X000033ZKrAQAW [HIDDEN]; 0013k000034en7NAAQ [HIDDEN]; 0013k00002jrjyzAAA [HIDDEN]; 0013k00002vVeZBAA0 [HIDDEN]; 0013k00002yM8t1AAC [HIDDEN]; 0013k000036vju8AAA [HIDDEN]; 0013k00002vs8JeAAI [HIDDEN]; 0013k00002ugb7UAAQ [HIDDEN]; 0013k00002rttE7AAI [HIDDEN]; 0013k00003K1J69AAF [HIDDEN]; 0013k00003KVmDoAAL [HIDDEN]; 0013k00003M3mtdAAB [HIDDEN]; 0013k00003FSqXDAA1 [HIDDEN]; 0013k00002jpA2NAAU [HIDDEN]; 0013k00002xr2IYAAY [HIDDEN]; 0013k00003DKkoBAAT [HIDDEN]; 0018X000039UbZzQAK [HIDDEN]; 0018X000036ceKuQAI [HIDDEN]; 0018X00003EKTwOQAX [HIDDEN]; Nucleus Network (001TP000007uCfEYAU); 0013k00002jp9yaAAA [HIDDEN]; 0013k00002ux14CAAQ [HIDDEN]; 0018X00003339rjQAA [HIDDEN]; Fury; 0013k00002z3I5aAAE [HIDDEN]; 0018X00003Ejq8BQAR [HIDDEN]; 0013k00002jp9uOAAQ [HIDDEN]; 0013k00002vUzXrAAK [HIDDEN]; 0013k00002jp9yuAAA [HIDDEN]; 0013k00002xFN6OAAW [HIDDEN]; 0013k00002js0N3AAI [HIDDEN]; 0013k00002jrpxTAAQ [HIDDEN]; 0013k00003AJfpDAAT [HIDDEN]; 0013k00002jp9tuAAA [HIDDEN]; 0013k00002svm3sAAA [HIDDEN]; 0013k000032CpSJAA0 [HIDDEN]; 0013k00002oQxB8AAK [HIDDEN]; 0013k00002z2jGZAAY [HIDDEN]; 0013k000034gQ4qAAE [HIDDEN]; Spray Foam Genie - Augusta (001TP000003sylSYAQ) [HIDDEN]; 0018X00003HQbfvQAD [HIDDEN]; 0018X00003AfttvQAB [HIDDEN]; 001TP00000AD8iLYAT [HIDDEN]; 0013k000034f6fAAAQ [HIDDEN]; 0013k00002yLgDzAAK [HIDDEN]; 0013k00002yLeZbAAK [HIDDEN]; 0013k00003BhErSAAV [HIDDEN]; 0018X00002zSHBLQA4 [HIDDEN]; 001TP00000AO5vFYAT [HIDDEN]; 001TP000008dm8DYAQ [HIDDEN]; 0013k0000343m2dAAA [HIDDEN]; 001TP00000AN40LYAT [HIDDEN]; 0013k00003DNHexAAH [HIDDEN]; 0018X0000356ZReQAM [HIDDEN]; 0018X00003HQogHQAT [HIDDEN]; 0018X0000346tfhQAA [HIDDEN]; 0018X00003HQwi5QAD [HIDDEN]; 001TP000007AQWhYAO [HIDDEN]; 0018X00003HR1BfQAL [HIDDEN]; 0013k000033ITyhAAG [HIDDEN]; 001TP00000AOfKSYA1 [HIDDEN]; 0013k00002jp9uZAAQ [HIDDEN]; 0013k00003FD4mzAAD [HIDDEN]; 001TP000009JQBJYA4 [HIDDEN]; 001TP000000aadIYAQ [HIDDEN]; 0013k00002vp8QmAAI [HIDDEN]; 001TP00000A9MGTYA3 [HIDDEN]; 0013k00002jpkwcAAA [HIDDEN]; 0018X00003EliqiQAB [HIDDEN]; 0013k00003Iyg46AAB [HIDDEN]; 0013k00003ERsc4AAD [HIDDEN]; 001TP000009FCJpYAO [HIDDEN]; 0013k00003IA09BAAT [HIDDEN]; Haven (001TP00000Bl4wHYAR); 0018X00003EKTjnQAH [HIDDEN]; 001TP00000C2rR9YAJ [HIDDEN]; 0018X000039SlAKQA0 [HIDDEN]; 0018X000039JYuvQAG [HIDDEN]; 0018X0000376xLuQAI [HIDDEN]; 001TP00000Cl89hYAB [HIDDEN]; 0013k00002xOgFoAAK [HIDDEN]; 001TP00000CruRnYAJ [HIDDEN]; 001TP00000Cs7f7YAB [HIDDEN]; 001TP00000CsAwLYAV [HIDDEN]; 001TP00000CsFWDYA3 [HIDDEN]; 001TP00000CsGfDYAV [HIDDEN]; 001TP00000D5qHqYAJ [HIDDEN]; 001TP00000D6k8jYAB [HIDDEN]; 001TP00000EJENPYA5 [HIDDEN]; 0013k00003BikVAAAZ [HIDDEN]; 001TP00000EBCXGYA5 [HIDDEN]; 001TP00000DkqrNYAR [HIDDEN]; 001TP00000EjQvxYAF [HIDDEN]; 001TP00000EjBydYAF [HIDDEN]; 001TP000009xr4kYAA [HIDDEN]; 001TP00000DsYDKYA3 [HIDDEN]; 001TP000001shygYAA [HIDDEN]; 001TP00000Dz5L7YAJ [HIDDEN]; 0013k00003E8l61AAB [HIDDEN]; 0018X0000360VIxQAM [HIDDEN]; 0013k00003LWb1fAAD [HIDDEN]; 0018X0000377WUaQAM [HIDDEN]; 0018X000035qrfDQAQ [HIDDEN]; 0018X00003ElPPYQA3 [HIDDEN]; 0018X000035GneBQAS [HIDDEN]; 0018X000034gJp1QAE [HIDDEN]; 0013k00002qJbMVAA0 [HIDDEN]; 0018X000039JeMhQAK [HIDDEN]; 0018X000033uQI6QAM [HIDDEN]; 0018X00003624UwQAI [HIDDEN]; 0013k00003ARfh2AAD [HIDDEN]; 0018X00003Emhz1QAB [HIDDEN]; 0018X000036dC29QAE [HIDDEN]; 0018X0000357n4YQAQ [HIDDEN]; 0018X00003EnDOLQA3 [HIDDEN]; 0013k00003HCs0VAAT [HIDDEN]; 0018X000034TgbQQAS [HIDDEN]; 0013k000033XTgQAAW [HIDDEN]; 0013k00003E8l60AAB [HIDDEN]; 0013k00002z58kSAAQ [HIDDEN]; 0013k000032o21AAAQ [HIDDEN]; 0013k00002yI6MrAAK [HIDDEN]; 0013k00002jp9tPAAQ [HIDDEN]; 0013k000033INDkAAO [HIDDEN]; 0018X000039JSNhQAO [HIDDEN]; 0013k00002jrk6wAAA [HIDDEN]; 0018X000034UdtdQAC [HIDDEN]; 0013k00003ASzwNAAT [HIDDEN]; 0018X000036dbNkQAI [HIDDEN]; 0013k000033W4mxAAC [HIDDEN]; 0018X000038SYmXQAW [HIDDEN]; 0013k00002jp9snAAA [HIDDEN]; 0013k00003AIgcOAAT [HIDDEN]; 0018X000039VSDVQA4 [HIDDEN]; 0013k00002sw40vAAA [HIDDEN]; 0018X000033Yj4GQAS [HIDDEN]; 0013k00002jrNuVAAU [HIDDEN]; 0013k00002vCsFjAAK [HIDDEN]; 0013k00003D6rRgAAJ [HIDDEN]; 0018X000030ORB8QAO [HIDDEN]; 0013k000032lX7QAAU [HIDDEN]; 001TP000004MC9tYAG [HIDDEN]; 0013k00003ARfY3AAL [HIDDEN]; 0013k00002vUtssAAC [HIDDEN]; 0013k0000336GZMAA2 [HIDDEN]; 0013k000033XUzNAAW [HIDDEN]; 0018X000036X8VmQAK [HIDDEN]; 0018X0000376LKnQAM [HIDDEN]; 0013k00002oQ0YJAA0 [HIDDEN]; 0013k00002xqUo4AAE [HIDDEN]; 0013k000034zXH5AAM [HIDDEN]; 0018X000039GGiVQAW [HIDDEN]; 0018X000034f3FNQAY [HIDDEN]; 0018X00003C16BGQAZ [HIDDEN]; 0013k000033x0q5AAA [HIDDEN]; 0018X00003EkiwgQAB [HIDDEN]; 0013k00002jrk48AAA [HIDDEN]; 0013k00002jpA2qAAE [HIDDEN]; 0013k00003AiVzjAAF [HIDDEN]; 0013k00003G8dcmAAB [HIDDEN]; 0018X000039WNRtQAO [HIDDEN]; 0018X000032BtYXQA0 [HIDDEN]; 0013k00002qJXFIAA4 [HIDDEN]; 0013k00003M3DzeAAF [HIDDEN]; 0013k000035wvqLAAQ [HIDDEN]; 0013k00003IyWE0AAN [HIDDEN]; 0013k00002jp9sTAAQ [HIDDEN]; 0013k000032CjSfAAK [HIDDEN]; 0013k00002vEvTeAAK [HIDDEN]; 0013k00003BQmRLAA1 [HIDDEN]; 0013k00002qMgsGAAS [HIDDEN]; 0018X00003EnWY9QAN [HIDDEN]; 0013k00002jpA2xAAE [HIDDEN]; 0013k0000343iyBAAQ [HIDDEN]; 0013k00003Bi25uAAB [HIDDEN]; 0013k000031rzdYAAQ [HIDDEN]; 0013k00003IbGjVAAV [HIDDEN]; 0013k00002xsuEMAAY [HIDDEN]; 0013k000033XRGkAAO [HIDDEN]; 0013k00002jqGVDAA2 [HIDDEN]; 0018X00003ElIabQAF [HIDDEN]; 001TP00000Dl1zCYAR [HIDDEN]; 001TP00000EqHsjYAF [HIDDEN]; 001TP000009fKrLYAU [HIDDEN]; 001TP00000Etr6rYAB [HIDDEN]; 001TP00000EuLXyYAN [HIDDEN]; 001TP00000BQcufYAD [HIDDEN]; 001TP00000EKMPfYAP [HIDDEN]; 001TP00000AHCGkYAP [HIDDEN]; 001TP00000F1zX5YAJ [HIDDEN]; 001TP00000Aj83iYAB [HIDDEN]; 001TP00000FCpULYA1 [HIDDEN]; 0018X0000361VnrQAE [HIDDEN]; 001TP00000DAIVgYAP [HIDDEN]; 0013k00002jr7tyAAA [HIDDEN]; 0013k00003CrtMVAAZ [HIDDEN]; 0013k00002xpd4IAAQ [HIDDEN]; 0013k000033XU5DAAW [HIDDEN]; 001TP00000EQi71YAD [HIDDEN]; 001TP00000FGOTyYAP [HIDDEN]; 001TP000005OUaHYAW [HIDDEN]; 001TP00000FLt47YAD [HIDDEN]; 0018X000037ODY3QAO [HIDDEN]; 0013k0000344OoiAAE [HIDDEN]; 001TP00000FObnNYAT [HIDDEN]; 001TP00000FPFckYAH [HIDDEN]; 001TP00000FPEnAYAX [HIDDEN]; 001TP00000FPS3hYAH [HIDDEN]; 0013k00003BCEMMAA5 [HIDDEN]; 001TP00000FVDPKYA5 [HIDDEN]; 001TP00000Dl1zQYAR [HIDDEN]; 001TP00000DwzjbYAB [HIDDEN]; 001TP00000FcqbZYAR [HIDDEN]; 001TP00000ACZFaYAP [HIDDEN]; 001TP00000FipHVYAZ [HIDDEN]; 001TP00000Dx4wBYAR [HIDDEN]; 001TP00000FmXqiYAF [HIDDEN]; 001TP00000Dl5FKYAZ [HIDDEN]; 001TP00000Fuw8jYAB [HIDDEN]; 001TP00000EMQgZYAX [HIDDEN]; 001TP00000G8GkkYAF [HIDDEN]; 001TP00000FvB4ZYAV [HIDDEN]; 001TP00000GRLDfYAP [HIDDEN]; 001TP00000ADNvaYAH [HIDDEN]; 001TP00000GaNwGYAV [HIDDEN]; 0013k00003C6CkbAAF [HIDDEN]; 001TP00000Gfu6gYAB [HIDDEN]; 001TP00000GMDDVYA5 [HIDDEN]; 0013k00003M4eAOAAZ [HIDDEN]; 001TP00000DbMJpYAN [HIDDEN]; 001TP00000GmJVPYA3 [HIDDEN]; 001TP00000GnH6YYAV [HIDDEN]; 001TP00000H0PO2YAN [HIDDEN]; 001TP00000GkYU1YAN [HIDDEN]; 001TP000008qhCLYAY [HIDDEN]; 001TP00000H5SgFYAV [HIDDEN]; 001TP00000HBfkPYAT [HIDDEN]; 001TP00000Gy49CYAR [HIDDEN]; 001TP00000HCLOgYAP [HIDDEN]; 001TP00000CL7hCYAT [HIDDEN]; 001TP00000HJUIPYA5 [HIDDEN]; 001TP00000HJlavYAD [HIDDEN]; 001TP00000HTrlVYAT [HIDDEN]; 001TP00000Dl2SBYAZ [HIDDEN]; 001TP00000HrFdTYAV [HIDDEN]; 0013k00002jp9ypAAA [HIDDEN]; 001TP00000IC8QrYAL [HIDDEN]; 001TP00000ICYLJYA5 [HIDDEN]; 001TP00000ICdUhYAL [HIDDEN]; 0013k00003AT2NPAA1 [HIDDEN]; 0013k000031rz6iAAA [HIDDEN]; 001TP00000Fl2dfYAB [HIDDEN]; 001TP00000ILSLsYAP [HIDDEN]; 001TP00000Ii36HYAR [HIDDEN]; 001TP00000BNXg7YAH [HIDDEN]; 001TP00000EQi7IYAT [HIDDEN]; 001TP00000Ii6DpYAJ [HIDDEN]; 001TP00000JCCZ9YAP [HIDDEN]; 001TP00000JCg71YAD [HIDDEN]; 001TP00000J6w02YAB [HIDDEN]; 001TP00000DlEWlYAN [HIDDEN]; 001TP000009fKjLYAU [HIDDEN]; 001TP00000JTWEVYA5 [HIDDEN]; 001TP00000JTS7dYAH [HIDDEN]; 001TP00000J6NnBYAV [HIDDEN]; 001TP000009ffN0YAI [HIDDEN]; 001TP00000JnfTjYAJ [HIDDEN]; 001TP00000J6NnkYAF [HIDDEN]; 0018X00003KIDjOQAX [HIDDEN]; 001TP00000JaCmAYAV [HIDDEN]; 0013k00002jp0mxAAA [HIDDEN]; 001TP00000JyDVlYAN [HIDDEN]; 001TP000009tV7fYAE [HIDDEN]; 001TP00000K6i9LYAR [HIDDEN]; 001TP00000JorixYAB [HIDDEN]; 001TP00000K8ovSYAR [HIDDEN]; 001TP00000KStCZYA1 [HIDDEN]; 001TP00000JDPFNYA5 [HIDDEN]; 001TP00000JVvn5YAD [HIDDEN]; 001TP00000KjbJHYAZ [HIDDEN]; 001TP00000KlTazYAF [HIDDEN]; 001TP0000031pDGYAY [HIDDEN]; 001TP00000L3tFCYAZ [HIDDEN]; 001TP00000L5FQbYAN [HIDDEN]; 001TP00000G2TRJYA3 [HIDDEN]; 001TP00000LFJ1RYAX [HIDDEN]; 001TP00000L8TyQYAV [HIDDEN]; 0013k00003FPntLAAT [HIDDEN]; 001TP00000KsGKZYA3 [HIDDEN]; 001TP00000LqhzJYAR [HIDDEN]; 001TP00000LsqSFYAZ [HIDDEN]; 001TP00000Lt0Y0YAJ [HIDDEN]; 001TP00000Lt74nYAB [HIDDEN]; 001TP00000LuMGHYA3 [HIDDEN]; 001TP00000LtQ2dYAF [HIDDEN]; 001TP000008OnivYAC [HIDDEN]; 001TP00000Hg7ReYAJ [HIDDEN]; 001TP00000MB2BeYAL [HIDDEN]; 0018X00003HR8W4QAL [HIDDEN]; 001TP00000AedePYAR [HIDDEN]; 001TP00000MMcYEYA1 [HIDDEN]; 001TP00000M4nyhYAB [HIDDEN]; 001TP00000DkqrHYAR [HIDDEN]; 0013k00003K1P8kAAF [HIDDEN]; 0018X0000362QqgQAE [HIDDEN]; 001TP00000H15jqYAB [HIDDEN]; 001TP00000IhLYIYA3 [HIDDEN]; 001TP000008DaYvYAK [HIDDEN]; 0018X000039SupZQAS [HIDDEN]; 001TP00000NBP7XYAX [HIDDEN]; 001TP00000MDptEYAT [HIDDEN]; 001TP00000MlQAWYA3 [HIDDEN]; 001TP00000NFwG9YAL [HIDDEN]; 0013k000032TS7WAAW [HIDDEN]; 001TP00000JK1WVYA1 [HIDDEN]; 001TP00000N49XUYAZ [HIDDEN]; 001TP00000MAZflYAH [HIDDEN]; 001TP00000Nca3vYAB [HIDDEN]; 001TP00000NgPJaYAN [HIDDEN]; 001TP000006oTY2YAM [HIDDEN]; 001TP00000LwEzRYAV [HIDDEN]; 001TP00000MO9dNYAT [HIDDEN]; 001TP00000KAR3SYAX [HIDDEN]; 001TP00000MuxYlYAJ [HIDDEN]; 0013k000033XPMzAAO [HIDDEN]; 001TP00000O18pFYAR [HIDDEN]; 001TP000008SRTiYAO [HIDDEN]; 001TP00000O1X5lYAF [HIDDEN]; 001TP00000MuRP6YAN [HIDDEN]; 001TP00000N49XRYAZ [HIDDEN]; 001TP00000MYgwDYAT [HIDDEN]; 001TP00000OHiV5YAL [HIDDEN]; Clerky - Partner (001TP00000DxBG6YAN) [HIDDEN]; 0018X00003HR57OQAT [HIDDEN]; 001TP00000NDY8HYAX [HIDDEN]; 001TP00000OTLw8YAH [HIDDEN]; 001TP00000MbtX9YAJ [HIDDEN]; 001TP00000JvxgPYAR [HIDDEN]; 001TP00000HPhUdYAL [HIDDEN]; 001TP000006nrZIYAY [HIDDEN]; 001TP00000NiLczYAF [HIDDEN]; 0013k000033VHkiAAG [HIDDEN]; 001TP00000OTTSEYA5 [HIDDEN]; 001TP00000OAHzTYAX [HIDDEN]; 0013k000033Hf1aAAC [HIDDEN]; 001TP00000EQi89YAD [HIDDEN]; 001TP00000IQbCsYAL [HIDDEN]; 001TP00000FKYplYAH [HIDDEN]; 001TP00000HJR4LYAX [HIDDEN]; 001TP00000MYYvTYAX [HIDDEN]; 0013k0000337KCaAAM [HIDDEN]; 001TP00000P1uy9YAB [HIDDEN]; 001TP00000OeojRYAR [HIDDEN]; 001TP00000P02RgYAJ [HIDDEN]; 001TP00000OFtb3YAD [HIDDEN]; 001TP00000P89BFYAZ [HIDDEN]; 001TP00000ONTAqYAP [HIDDEN]; 0018X00003ApQT3QAN [HIDDEN]; 001TP00000JTMF9YAP [HIDDEN]; 001TP00000PJTG3YAP [HIDDEN]; 001TP000006QuntYAC [HIDDEN]; 0013k000033VNsvAAG [HIDDEN]; 0018X00003MznzmQAB [HIDDEN]; 001TP00000Ms06PYAR [HIDDEN]; 0013k00003FGXujAAH [HIDDEN]; 0013k000032Ae5zAAC [HIDDEN]; 001TP00000PfUtNYAV [HIDDEN]; 0018X00003EkQHSQA3 [HIDDEN]; 001TP00000ElSX6YAN [HIDDEN]; 001TP00000EHCUyYAP [HIDDEN]; 001TP00000Q8MKYYA3 [HIDDEN]; 001TP00000Q8HERYA3 [HIDDEN]; 001TP00000Q8RVbYAN [HIDDEN]; 001TP00000Q9C9RYAV [HIDDEN]; 001TP00000QE7ttYAD [HIDDEN]; 001TP00000PPN9VYAX [HIDDEN]; 001TP00000QAWE9YAP [HIDDEN]; 001TP00000G0WmfYAF [HIDDEN]; 0018X00003HR1TCQA1 [HIDDEN]; 001TP00000NfXUQYA3 [HIDDEN]; 001TP00000QCzjtYAD [HIDDEN]; 001TP00000OHceUYAT [HIDDEN]; 001TP00000Mr9bZYAR [HIDDEN]; 001TP00000Pp6GnYAJ [HIDDEN]; 001TP00000QbDwzYAF [HIDDEN]; 001TP00000QUjGrYAL [HIDDEN]; 001TP00000QblXGYAZ [HIDDEN]; 001TP00000Qjh6gYAB [HIDDEN]; 001TP00000QdMZbYAN [HIDDEN]; 001TP00000QYOgsYAH [HIDDEN]; 001TP00000QRirUYAT [HIDDEN]; 001TP00000QbKdVYAV [HIDDEN]; 001TP00000Qn6DTYAZ [HIDDEN]; 001TP00000QUDAZYA5 [HIDDEN]; 001TP00000QdtvMYAR [HIDDEN]; 001TP00000MhNzCYAV [HIDDEN]; 001TP00000PdAmEYAV [HIDDEN]; 001TP00000R4nKLYAZ [HIDDEN]; 001TP00000P4jARYAZ [HIDDEN]; 0013k00003M36ToAAJ [HIDDEN]; 001TP000008BUG5YAO [HIDDEN]; 001TP00000RCLveYAH [HIDDEN]; 001TP00000JsdmDYAR [HIDDEN]; 001TP00000I9YbBYAV [HIDDEN]; 001TP00000ROYiaYAH [HIDDEN]; 001TP000009qNTgYAM [HIDDEN]; 001TP00000RQ77xYAD [HIDDEN]; 001TP00000RJpNRYA1 [HIDDEN]; 0013k000038bf0WAAQ [HIDDEN]; 001TP00000RThurYAD [HIDDEN]; 001TP00000NRpqnYAD [HIDDEN]; 0013k00003BiqG0AAJ [HIDDEN]; 001TP00000RJdz1YAD [HIDDEN]; 001TP00000INPFaYAP [HIDDEN]; 001TP00000N49XWYAZ [HIDDEN]; 001TP00000A9dZ4YAJ [HIDDEN]; 001TP00000Baqk5YAB [HIDDEN]; 001TP00000Q7JTbYAN [HIDDEN]; 001TP00000J6Nn6YAF [HIDDEN]; 001TP00000CcFwyYAF [HIDDEN]; 001TP00000Qei9pYAB [HIDDEN]; 0013k00003CPmQLAA1 [HIDDEN]; 0018X000035VCW4QAO [HIDDEN]; 001TP00000RX7hjYAD [HIDDEN]; 001TP00000Qu7zFYAR [HIDDEN]; 001TP00000RMcTiYAL [HIDDEN]; 0013k00003ASN0JAAX [HIDDEN]; 001TP00000RSR49YAH [HIDDEN]; 001TP00000HnwqfYAB [HIDDEN]; Stripe - Partner (0013k00002jrk6yAAA) [HIDDEN]; 001TP00000S9LLFYA3 [HIDDEN]; 001TP00000R8tREYAZ [HIDDEN]; 001TP00000OjHtMYAV [HIDDEN]; 001TP00000RQoeQYAT [HIDDEN]; 001TP00000SUVr3YAH [HIDDEN]; 0018X00003631YyQAI [HIDDEN]; 0013k00003HsOfuAAF [HIDDEN]; 0018X000039dL1iQAE [HIDDEN]; 0018X000032AGxIQAW [HIDDEN]; 0018X00003AftuiQAB [HIDDEN]; 001TP00000PqBIlYAN [HIDDEN]; 001TP00000PH90XYAT [HIDDEN]; 001TP00000SByIWYA1 [HIDDEN]; 001TP00000RX88xYAD [HIDDEN]; 001TP0000071BlPYAU [HIDDEN]; 001TP00000SmDm5YAF [HIDDEN]; 001TP00000SR8j1YAD [HIDDEN]; 0018X00003HR1JaQAL [HIDDEN]; 001TP00000J6g1fYAB [HIDDEN]; 001TP00000LiksgYAB [HIDDEN]; 001TP00000TAqEOYA1 [HIDDEN]; 0018X0000356U0VQAU [HIDDEN]; 001TP00000TKbvdYAD [HIDDEN]; 001TP00000SFU2VYAX [HIDDEN]; 001TP00000N7ivAYAR [HIDDEN]; 0018X00002zsvl8QAA [HIDDEN]; 001TP00000TKsGXYA1 [HIDDEN]; 001TP00000TTaH8YAL [HIDDEN]; 001TP00000OvE5nYAF [HIDDEN]; 001TP00000TfLr1YAF [HIDDEN]; DigitalKala - Partner (001TP00000JFuyFYAT); 001TP00000SfzfOYAR [HIDDEN]; 001TP00000TiedmYAB [HIDDEN]; 001TP00000TmxLFYAZ [HIDDEN]; 001TP00000QVc0QYAT [HIDDEN]; 001TP00000SfOFzYAN [HIDDEN]; 001TP00000T56CGYAZ [HIDDEN]; 0018X0000396FegQAE [HIDDEN]; 001TP00000U40g8YAB [HIDDEN]; 001TP00000Sor2bYAB [HIDDEN]; 0013k00003IcV0CAAV [HIDDEN]; 001TP00000TtE0yYAF [HIDDEN]; 001TP00000SBbj7YAD [HIDDEN]; 001TP00000NmUTDYA3 [HIDDEN]; 001TP00000QW2B9YAL [HIDDEN]; 001TP00000MPeFeYAL [HIDDEN]; 001TP00000KhZ0sYAF [HIDDEN]; 001TP00000Lznz3YAB [HIDDEN]; 001TP00000Qlc4bYAB [HIDDEN]; 001TP00000GNJlYYAX [HIDDEN]; 0018X000033vXahQAE [HIDDEN]; 001TP00000RS4E5YAL [HIDDEN]; 001TP00000DkqrMYAR [HIDDEN]; 001TP00000RX6grYAD [HIDDEN]; 001TP00000OHlHeYAL [HIDDEN]; 001TP00000UoPy7YAF [HIDDEN]; 001TP00000SEYZZYA5 [HIDDEN]; 001TP00000NBUIUYA5 [HIDDEN]; 001TP00000VSrkHYAT [HIDDEN]; 001TP00000To55RYAR [HIDDEN]; 001TP00000S8pV5YAJ [HIDDEN]; 001TP000002RKkfYAG [HIDDEN]; 001TP00000OlxRpYAJ [HIDDEN]; 0013k000033VHzpAAG [HIDDEN]; 001TP00000VaMxvYAF [HIDDEN]; 0018X000039Tge5QAC [HIDDEN]; 001TP00000W5mPmYAJ [HIDDEN]; 0013k00003Iwa1LAAR [HIDDEN]; 001TP00000SzPxTYAV [HIDDEN]; 001TP00000SCOeAYAX [HIDDEN]; 001TP00000Vx5Y5YAJ [HIDDEN]; 001TP000009fKSJYA2 [HIDDEN]; 001TP00000UKS8aYAH [HIDDEN]; 0013k00003LPPTMAA5 [HIDDEN]; 001TP00000WRlMzYAL [HIDDEN]; 001TP00000N7TssYAF [HIDDEN]; 001TP00000DSiHfYAL [HIDDEN]; 001TP00000WXFkEYAX [HIDDEN]; 001TP00000PC3GgYAL [HIDDEN]; 001TP00000U7zqJYAR [HIDDEN]; 001TP00000VLbynYAD [HIDDEN]; 001TP00000MtnBmYAJ [HIDDEN]; 001TP00000WgnQ7YAJ [HIDDEN]; 001TP00000RMtKrYAL [HIDDEN]; 001TP00000JbQLaYAN [HIDDEN]; 001TP00000RS9SJYA1 [HIDDEN]; 0013k00003AQ5dVAAT [HIDDEN]; 001TP00000TkqVzYAJ [HIDDEN]; 001TP00000FeyL0YAJ [HIDDEN]; 001TP00000KrcMzYAJ [HIDDEN]; 001TP00000VlqkXYAR [HIDDEN]; 001TP00000PB3aTYAT [HIDDEN]; 001TP00000JK44ZYAT [HIDDEN]; 001TP00000M0sGfYAJ [HIDDEN]; 001TP00000X0nKLYAZ [HIDDEN]; 001TP00000Qg4y2YAB [HIDDEN]; 0013k00002jrlGJAAY [HIDDEN]; 001TP00000SCHY3YAP [HIDDEN]; 001TP00000U1JsBYAV [HIDDEN]; 001TP00000WeAXpYAN [HIDDEN]; 001TP00000Ws22QYAR [HIDDEN]; 001TP00000PTZIZYA5 [HIDDEN]; 0018X000038ZeqnQAC [HIDDEN]; 001TP00000XTWO5YAP [HIDDEN]; 001TP00000TKUm2YAH [HIDDEN]; 001TP000004tkJ6YAI [HIDDEN]; 001TP00000XXly1YAD [HIDDEN]; 0013k00003Ky42aAAB [HIDDEN]; 001TP00000Xj6xXYAR [HIDDEN]; 0018X00003ClwqTQAR [HIDDEN]; 001TP00000KsG7VYAV [HIDDEN]; 001TP00000VX4RPYA1 [HIDDEN]; 001TP00000PVlfPYAT [HIDDEN]; 001TP00000PwpqEYAR [HIDDEN]; 001TP00000TmyZ8YAJ [HIDDEN]; 001TP00000R6G5oYAF [HIDDEN]; 001TP00000WD3FOYA1 [HIDDEN]; 001TP000009fKkbYAE [HIDDEN]; 001TP00000WbZNrYAN [HIDDEN]; 001TP00000ROb0TYAT [HIDDEN]; 001TP00000SiKxfYAF [HIDDEN]; 001TP00000YOIWTYA5 [HIDDEN]; 001TP00000SZRqPYAX [HIDDEN]; 001TP00000TjOyLYAV [HIDDEN]; 001TP00000YOB3dYAH [HIDDEN]; 001TP00000NGR3sYAH [HIDDEN]; 001TP00000IBTYLYA5 [HIDDEN]; 001TP00000XgIjtYAF [HIDDEN]; 001TP00000XtTUgYAN [HIDDEN]; 001TP00000LwqnUYAR [HIDDEN]; 001TP00000KLWj8YAH [HIDDEN]; 001TP00000QKRDCYA5 [HIDDEN]; 001TP00000SY4dsYAD [HIDDEN]; 0013k000032Ad9cAAC [HIDDEN]; 001TP00000Yz9ytYAB [HIDDEN]; 001TP000009fKZtYAM [HIDDEN]; 001TP00000YxsfCYAR [HIDDEN]; 001TP00000INQebYAH [HIDDEN]; 001TP00000YETwLYAX [HIDDEN]; 001TP00000ZeipNYAR [HIDDEN]; 0018X00003BzhPtQAJ [HIDDEN]; 001TP00000ZgcSvYAJ [HIDDEN]; 001TP00000ZgYQvYAN [HIDDEN]; 001TP00000Juf5hYAB [HIDDEN]; 001TP00000X0tnuYAB [HIDDEN]; 001TP00000ZrnCyYAJ [HIDDEN]; 001TP00000Zs6PGYAZ [HIDDEN]; 001TP00000ZrvGBYAZ [HIDDEN]; 001TP00000Z04c9YAB [HIDDEN]; 001TP00000Xtz1UYAR [HIDDEN]; 001TP00000UkanBYAR [HIDDEN]; 0013k00002qMfdKAAS [HIDDEN]; 0013k00002jqIQEAA2 [HIDDEN]; 0018X000033GgZtQAK [HIDDEN]; 001TP00000Zq9RHYAZ [HIDDEN]; 001TP00000ToVb3YAF [HIDDEN]; 001TP00000OG8GnYAL [HIDDEN]; 001TP00000YkIBFYA3 [HIDDEN]; 001TP00000VxRiuYAF [HIDDEN]; 001TP00000YqHfYYAV [HIDDEN]; 0013k00003AtbzhAAB [HIDDEN]; 001TP00000aSlQkYAK [HIDDEN]; 001TP00000PZDnDYAX [HIDDEN]; 001TP00000V6J1aYAF [HIDDEN]; 001TP00000WsDzSYAV [HIDDEN]; 001TP00000WSP5uYAH [HIDDEN]; 001TP00000PMuWcYAL [HIDDEN]; 001TP00000Ialt5YAB [HIDDEN]; 001TP00000P1ZRyYAN [HIDDEN]; 001TP00000IaznuYAB [HIDDEN]; 001TP00000b8C5NYAU [HIDDEN]; 001TP00000b6gorYAA [HIDDEN]; 001TP00000Xv4X3YAJ [HIDDEN]; 001TP00000LwqnLYAR [HIDDEN]; 001TP00000ZRvpOYAT [HIDDEN]; 001TP00000XpvIzYAJ [HIDDEN]; 001TP00000aSShNYAW [HIDDEN]; 0013k00002jp9uyAAA [HIDDEN]; 0013k00003E9JajAAF [HIDDEN]; 001TP00000KjcdaYAB [HIDDEN]; 0013k00003APSWnAAP [HIDDEN]; 001TP00000bkFWbYAM [HIDDEN]; 001TP00000Up3u0YAB [HIDDEN]; 001TP00000G7411YAB [HIDDEN]; 001TP00000bJx2KYAS [HIDDEN]; 001TP00000bqJE9YAM [HIDDEN]; 001TP00000YhhJ3YAJ [HIDDEN]; 001TP00000IalstYAB [HIDDEN]; 001TP00000TnPXdYAN [HIDDEN]; 001TP00000Muq0sYAB [HIDDEN]; 0013k00003DkMy5AAF [HIDDEN]; 001TP00000aTklvYAC [HIDDEN]","false","false","false","false","false","false","Reed Marcus","Inbounddb lists (1); Automation platform flow (1); Integration (1)","3.66%","11/23/25 5:50 PM EST","Salesforce"
"SAL?","sal_","enumeration","","deal_information","true","Yes (true); No (false)","false","false","false","false","false","false","Reed Marcus","Automation platform flow (1)","4.82%","11/23/25 6:44 PM EST","Workflow"
"SAL Date","sal_date","date","","deal_information","true","","false","false","false","false","false","false","Reed Marcus","Automation platform flow (2)","4.81%","11/23/25 6:44 PM EST","Workflow"
"Sales Outreach Status","sales_outreach_status","string","","deal_information","true","","false","false","false","false","false","false","Reed Marcus","Automation platform flow (1)","0.47%","",""
"~ source of funds","source_of_funds","string","","deal_information","true","","false","false","false","false","false","false","Reed Marcus","Automation platform flow (1)","4.45%","11/23/25 5:38 PM EST","Workflow"
"SQL Date","sql_date","date","","deal_information","true","","false","false","false","false","false","false","Reed Marcus","Automation platform flow (2); Sales view (2)","5.56%","11/23/25 6:44 PM EST","Workflow"
"Account Activated Date","timestamp__account_activated","date","","deal_information","true","","false","false","false","false","false","false","Reed Marcus","Calculated property (1); Automation platform flow (2); Sales view (6)","1.49%","11/23/25 3:43 PM EST","Workflow"
"Client Approved Date","timestamp__account_created","date","","deal_information","true","","false","false","false","false","false","false","Reed Marcus","Automation platform flow (2); Sales view (1)","1.44%","11/23/25 6:44 PM EST","Workflow"
"Lead Status","hs_lead_status","enumeration","The company's sales, prospecting or outreach status","sales_properties","true","New (NEW); Open (OPEN); In Progress (IN_PROGRESS); Open Deal (OPEN_DEAL); Unqualified (UNQUALIFIED); Attempted to Contact (ATTEMPTED_TO_CONTACT); Connected (CONNECTED); Bad Timing (BAD_TIMING)","false","true","false","false","false","true","HubSpot","","0%","",""
"Owner assigned date","hubspot_owner_assigneddate","datetime","The most recent timestamp of when an owner was assigned to this record. This value is set automatically by HubSpot.","sales_properties","false","","true","true","false","false","false","true","HubSpot","","91%","11/23/25 6:28 PM EST","Salesforce"
"Company owner","hubspot_owner_id","enumeration","The owner of the company","sales_properties","false","","false","true","false","true","false","true","HubSpot","Rollup property (1); Inbounddb lists (3); Automation platform flow (5); Integration (1); Sales view (17); Properties v3 card (2)","91%","11/23/25 6:28 PM EST","Salesforce"
"HubSpot Team","hubspot_team_id","enumeration","The team of the owner of the company.","sales_properties","false","","true","true","false","true","false","true","HubSpot","","3.21%","11/23/25 5:50 PM EST","Salesforce"
"Account Record Type - old","account_record_type","string","","salesforceinformation","true","","false","false","false","false","false","false","Reed Marcus","Inbounddb lists (4); Automation platform flow (1)","5.6%","",""
"Account Record Type ID","account_record_type_id","string","","salesforceinformation","true","","false","false","false","false","false","false","Reed Marcus","Automation platform flow (1); Integration (1)","89.11%","11/23/25 6:28 PM EST","Salesforce"
"Account Tag","account_tag__c","string","","salesforceinformation","true","","false","false","false","false","false","false","Unknown user","Automation platform flow (2); Integration (1); Sales view (5)","10.01%","11/22/25 5:20 PM EST","Salesforce"
"Accounting","accounting__c","enumeration","","salesforceinformation","true","FreeAgent; FreshBooks; Great Plains; Microsoft Dynamics; MineralTree; Netsuite; Quickbooks Desktop; Quickbooks Online; Sage; Wave; Xero; Zoho; SAP [HIDDEN]; Unknown [HIDDEN]; Foundation [HIDDEN]; Sage 300CRE [HIDDEN]; Other [HIDDEN]; QuickBooks Enterprise [HIDDEN]; Sage Intacct [HIDDEN]; Vista Viewpoint [HIDDEN]; Sage 100 [HIDDEN]; Oracle Fusion Cloud [HIDDEN]; Blackbaud Financial Edge [HIDDEN]; ComputerEase [HIDDEN]; Acumatica [HIDDEN]; Advantage; Community Brands MIP; Deltek; Epicor; Financial Force; Homegrown/Custom System; Infor; Microsoft Dynamics 365 Business Central; Microsoft Dynamics 365 Finance & Operations; Microsoft Dynamics GP; Microsoft Dynamics NAV; Microsoft Dynamics SL; MRI; Oracle Financials; Oracle JD Edwards; Oracle PeopleSoft; RealPage; Rent Manager; Sage x3; Sampro; Trane; Truckman; Workday Financials; Zoom; 3E Thomson Reuters","false","false","false","false","false","false","Unknown user","Integration (1)","0.22%","11/21/25 5:01 PM EST","Salesforce"
"Accounting Connection","accounting_connection__c","enumeration","","salesforceinformation","true","Linked; Not Linked; Stale","false","false","false","false","false","false","Unknown user","Integration (1)","5.25%","11/23/25 6:44 PM EST","Salesforce"
"Accounting","accounting_software__c","enumeration","","salesforceinformation","true","Bill.com; FreeAgent; FreshBooks; Great Plains; Microsoft Dynamics; MineralTree; Netsuite; Other; Quickbooks Desktop; Quickbooks Online; Sage; Wave; Xero; Unknown [HIDDEN]; ComputerEase [HIDDEN]; MRI [HIDDEN]; SAP [HIDDEN]; Acumatica [HIDDEN]; Sage Intacct [HIDDEN]; Vista Viewpoint [HIDDEN]; 3E Thomson Reuters [HIDDEN]; Microsoft Dynamics 365 Business Central [HIDDEN]; Foundation [HIDDEN]; Sage 300CRE [HIDDEN]; Microsoft Dynamics GP [HIDDEN]; Trane [HIDDEN]; Sage 100 [HIDDEN]; Homegrown/Custom System [HIDDEN]; QuickBooks Enterprise [HIDDEN]; Oracle JD Edwards [HIDDEN]; Advantage [HIDDEN]; Microsoft Dynamics SL [HIDDEN]; Epicor [HIDDEN]; RealPage [HIDDEN]; Microsoft Dynamics 365 Finance & Operations [HIDDEN]; Infor [HIDDEN]; Deltek [HIDDEN]; Oracle Fusion Cloud [HIDDEN]; Oracle PeopleSoft [HIDDEN]; Blackbaud Financial Edge [HIDDEN]; Microsoft Dynamics NAV [HIDDEN]; Sampro [HIDDEN]; Oracle Financials [HIDDEN]; Workday Financials [HIDDEN]; Zoom [HIDDEN]; Truckman [HIDDEN]; Rent Manager [HIDDEN]; Sage x3 [HIDDEN]; Community Brands MIP [HIDDEN]","false","false","false","false","false","false","Unknown user","Integration (1)","1.26%","11/21/25 2:15 PM EST","Salesforce"
"Archive - Accounts Payable","accounts_payable__c","enumeration","","salesforceinformation","true","No (false); Yes (true)","false","false","false","false","false","false","Unknown user","Integration (1)","8.55%","",""
"Activity Count","activity_count__c","number","","salesforceinformation","true","","false","false","false","false","false","false","Unknown user","Integration (1); Properties v3 card (2)","0.89%","",""
"Additional Services","additional_services__c","string","","salesforceinformation","true","","false","false","false","false","false","false","Unknown user","","0%","",""
"Amount","amount__c","number","","salesforceinformation","true","","false","false","false","false","false","false","Unknown user","","0.34%","",""
"AP Created Date","ap_created_date__c","date","","salesforceinformation","true","","false","false","false","false","false","false","Unknown user","Integration (1)","0.03%","",""
"Apollo Employees","apollo_employees","number","","salesforceinformation","true","","false","false","false","false","false","false","Reed Marcus","Inbounddb lists (2); Automation platform flow (2); Properties v3 card (1)","51.8%","11/15/24 1:19 PM EST","Salesforce"
"Apollo Industry","apollo_industry","enumeration","","salesforceinformation","true","Accounting; Agriculture; Airlines/Aviation; Alternative Dispute Resolution; Alternative Medicine; Animation; Apparel & Fashion; Architecture & Planning; Arts & Crafts; Automotive; Aviation & Aerospace; Banking; Biotechnology; Broadcast Media; Building Materials; Business Supplies & Equipment; Capital Markets; Chemicals; Civic & Social Organization; Civil Engineering; Commercial Real Estate; Computer & Network Security; Computer Games; Computer Hardware; Computer Networking; Computer Software; Construction; Consumer Electronics; Consumer Goods; Consumer Services; Cosmetics; Dairy; Defense & Space; Design; E-Learning; Education Management; Electrical/Electronic Manufacturing; Entertainment; Environmental Services; Events Services; Executive Office; Facilities Services; Farming; Financial Services; Fine Art; Fishery; Food & Beverages; Food Production; Fund-Raising; Furniture; Gambling & Casinos; Glass, Ceramics & Concrete; Government Administration; Government Relations; Graphic Design; Health, Wellness & Fitness; Higher Education; Hospital & Health Care; Hospitality; Human Resources; Import & Export; Individual & Family Services; Industrial Automation; Information Services; Information Technology & Services; Insurance; International Affairs; International Trade & Development; Internet; Investment Banking; Investment Management; Judiciary; Law Enforcement; Law Practice; Legal Services; Legislative Office; Leisure, Travel & Tourism; Libraries; Logistics & Supply Chain; Luxury Goods & Jewelry; Machinery; Management Consulting; Maritime; Market Research; Marketing & Advertising; Mechanical or Industrial Engineering; Media Production; Medical Devices; Medical Practice; Mental Health Care; Military; Mining & Metals; Motion Pictures & Film; Museums & Institutions; Music; Nanotechnology; Newspapers; Nonprofit Organization Management; Oil & Energy; Online Media; Outsourcing/Offshoring; Package/Freight Delivery; Packaging & Containers; Paper & Forest Products; Performing Arts; Pharmaceuticals; Philanthropy; Photography; Plastics; Political Organization; Primary/Secondary Education; Printing; Professional Training & Coaching; Program Development; Public Policy; Public Relations & Communications; Public Safety; Publishing; Railroad Manufacture; Ranching; Real Estate; Recreational Facilities & Services; Religious Institutions; Renewables & Environment; Research; Restaurants; Retail; Security & Investigations; Semiconductors; Shipbuilding; Sporting Goods; Sports; Staffing & Recruiting; Supermarkets; Telecommunications; Textiles; Think Tanks; Tobacco; Translation & Localization; Transportation/Trucking/Railroad; Utilities; Venture Capital & Private Equity; Veterinary; Warehousing; Wholesale; Wine & Spirits; Wireless; Writing & Editing","false","false","false","false","false","false","Reed Marcus","Automation platform flow (1); Properties v3 card (1)","0.06%","9/17/24 12:48 PM EDT","Salesforce"
"Apollo Revenue","apollo_revenue","number","","salesforceinformation","true","","false","false","false","false","false","false","Reed Marcus","Automation platform flow (1); Sales view (2); Properties v3 card (1)","41.13%","10/30/24 10:57 PM EDT","Salesforce"
"April 2022 Bank Statements","april_2022_bank_statements__c","enumeration","","salesforceinformation","true","No (false); Yes (true)","false","false","false","false","false","false","Unknown user","Integration (1)","8.55%","",""
"April 2023 Bank Statements","april_2023_bank_statements__c","enumeration","","salesforceinformation","true","No (false); Yes (true)","false","false","false","false","false","false","Unknown user","Integration (1)","8.55%","",""
"'20 April","april_20__c","number","","salesforceinformation","true","","false","false","false","false","false","false","Unknown user","Integration (1)","0%","",""
"2020 August","august_2020__c","number","","salesforceinformation","true","","false","false","false","false","false","false","Unknown user","Integration (1)","0.01%","",""
"August 2022 Bank Statements","august_2022_bank_statements__c","enumeration","","salesforceinformation","true","No (false); Yes (true)","false","false","false","false","false","false","Unknown user","Integration (1)","8.55%","",""
"'20 August","august_20__c","number","","salesforceinformation","true","","false","false","false","false","false","false","Unknown user","Integration (1)","0%","",""
"Average Monthly Balance","average_monthly_balance","number","","salesforceinformation","true","","false","false","false","false","false","false","Reed Marcus","Automation platform flow (1); Report (1); Integration (1); Sales view (1); Properties v3 card (1)","89.62%","11/23/25 6:28 PM EST","Salesforce"
"Balance","balance__c","number","","salesforceinformation","true","","false","false","false","false","false","false","Unknown user","Integration (1)","5.07%","11/23/25 3:14 PM EST","Salesforce"
"Bank Account Type","bank_account_type__c","enumeration","","salesforceinformation","true","Operating Account; Secondary Account; DACA/Blocked Account; Other","false","false","false","false","false","false","Unknown user","Integration (1)","0.01%","",""
"Bank Account Type Risk Score","bank_account_type_risk_score__c","number","","salesforceinformation","true","","false","false","false","false","false","false","Unknown user","Integration (1)","0%","",""
"Checking Deposit Balance - Current","bank_balance___current","number","","salesforceinformation","true","","false","false","false","false","false","false","Reed Marcus","Automation platform flow (1); Report (1); Integration (1); Sales view (4); Properties v3 card (1)","5.07%","11/23/25 3:14 PM EST","Salesforce"
"Bank Data Cadence","bank_data_cadence__c","enumeration","","salesforceinformation","true","Monthly; Quarterly; NA - EBC/Rho","false","false","false","false","false","false","Unknown user","Integration (1)","0.07%","",""
"Banking Connection","banking_connection__c","enumeration","","salesforceinformation","true","Linked; Not Linked; Stale","false","false","false","false","false","false","Unknown user","Integration (1)","5.26%","11/23/25 6:44 PM EST","Salesforce"
"BD List Tag","bd_list_tag__c","string","","salesforceinformation","true","","false","false","false","false","false","false","Unknown user","","0.89%","",""
"Statement Period","billing_cycle_ends__c","enumeration","","salesforceinformation","true","Mid Month; Month End","false","false","false","false","false","false","Unknown user","Integration (1)","0.23%","11/17/25 9:35 AM EST","Salesforce"
"Booked Card Spend","booked_card_spend__c","number","","salesforceinformation","true","","false","false","false","false","false","false","Unknown user","Integration (1)","1.34%","11/5/25 8:07 AM EST","Salesforce"
"Budget Created Date","budget_created_date__c","date","","salesforceinformation","true","","false","false","false","false","false","false","Unknown user","Integration (1)","0.3%","7/3/25 3:51 PM EDT","Salesforce"
"Archive - Budgets","budgets__c","enumeration","","salesforceinformation","true","No (false); Yes (true)","false","false","false","false","false","false","Unknown user","Integration (1)","8.55%","",""
"Business Description","business_description__c","string","","salesforceinformation","true","","false","false","false","false","false","false","Unknown user","Integration (1)","2.3%","",""
"Business ID","business_id__c","number","","salesforceinformation","true","","false","false","false","false","false","false","Unknown user","Integration (1)","5.07%","11/23/25 6:44 PM EST","Salesforce"
"Call Notes","call_notes__c","string","","salesforceinformation","true","","false","false","false","false","false","false","Unknown user","Automation platform flow (1); Integration (1)","0.33%","",""
"Card Spend Captured","card_spend_captured__c","number","","salesforceinformation","true","","false","false","false","false","false","false","Unknown user","","0.18%","",""
"Card Spend Sum","card_spend_sum__c","number","","salesforceinformation","true","","false","false","false","false","false","false","Unknown user","Integration (1)","3.41%","7/4/25 12:56 PM EDT","Salesforce"
"Card Type","card_type__c","enumeration","","salesforceinformation","true","CREDIT; ONE DAY","false","false","false","false","false","false","Unknown user","Integration (1)","1.85%","11/23/25 6:44 PM EST","Salesforce"
"Cash at Rho (%)","cash_at_rho__c","enumeration","","salesforceinformation","true","0%; 25%; 50%; 75%","false","false","false","false","false","false","Unknown user","Integration (1)","0.06%","",""
"Cashback","cashback__c","number","","salesforceinformation","true","","false","false","false","false","false","false","Unknown user","Integration (1)","2.59%","11/23/25 6:44 PM EST","Salesforce"
"Charge Card","charge_card__c","enumeration","","salesforceinformation","true","No (false); Yes (true)","false","false","false","false","false","false","Unknown user","Integration (1)","90.94%","11/23/25 6:28 PM EST","Salesforce"
"Checking Deposit Balance - 2 Months ago","checking_deposit_balance___2_months_ago","number","","salesforceinformation","true","","false","false","false","false","false","false","Reed Marcus","Automation platform flow (1); Report (1); Integration (1); Sales view (3); Properties v3 card (1)","5.07%","11/23/25 3:14 PM EST","Salesforce"
"Checking Deposit Balance - 3 months ago","checking_deposit_balance___3_months_ago","number","","salesforceinformation","true","","false","false","false","false","false","false","Reed Marcus","Report (1); Integration (1); Sales view (3); Properties v3 card (1)","5.07%","11/23/25 3:14 PM EST","Salesforce"
"Checking Deposit Balance - Last Month","checking_deposit_balance___last_month","number","","salesforceinformation","true","","false","false","false","false","false","false","Reed Marcus","Automation platform flow (1); Report (1); Integration (1); Sales view (3); Properties v3 card (1)","5.07%","11/23/25 3:14 PM EST","Salesforce"
"Churn Date (Old)","churn_date__c","date","","salesforceinformation","true","","false","false","false","false","false","false","Unknown user","Integration (1)","0.01%","",""
"Churn Reason Detail (Old)","churn_detail__c","string","","salesforceinformation","true","","false","false","false","false","false","false","Unknown user","Integration (1)","0.01%","",""
"Churn Reason (Old)","churn_reason__c","enumeration","","salesforceinformation","true","Product; Credit Limit; Competition; Unresponsive; Compliance","false","false","false","false","false","false","Unknown user","Integration (1)","0.01%","",""
"Churn Risk","churn_risk__c","enumeration","","salesforceinformation","true","No (false); Yes (true)","false","false","false","false","false","false","Unknown user","Integration (1)","90.94%","11/23/25 6:28 PM EST","Salesforce"
"Churn Risk Date","churn_risk_date_c__c","date","","salesforceinformation","true","","false","false","false","false","false","false","Unknown user","Integration (1)","0.04%","11/20/25 6:31 AM EST","Salesforce"
"Churn Risk Detail","churn_risk_detail__c","string","","salesforceinformation","true","","false","false","false","false","false","false","Unknown user","Integration (1)","0.04%","",""
"Churn Risk Reason","churn_risk_reason__c","enumeration","","salesforceinformation","true","Business Merged/Closed; Client Request; Compliance/KYC Concerns; Credit Limit; Inactive; Competition (Left for Competition); Never Funded; Poor Experience; Product","false","false","false","false","false","false","Unknown user","Integration (1)","0.06%","11/20/25 6:31 AM EST","Salesforce"
"City","city__c","string","","salesforceinformation","true","","false","false","false","false","false","false","Unknown user","Inbounddb lists (1); Automation platform flow (1); Properties v3 card (2)","0.41%","",""
"CL Change Reason","cl_change_reason__c","enumeration","","salesforceinformation","true","Cash Burn; Account Closure [HIDDEN]; Missing Data [HIDDEN]; Over leveraged/Credit Stacking [HIDDEN]; Runway less than 3 months - Low Cash/Low LOC availability [HIDDEN]; Late Payment [HIDDEN]; Limit Reinstatement [HIDDEN]; Increased limit due to financial performance [HIDDEN]; Increased limit due to recent funding [HIDDEN]; Runway less than 6 months - Low Cash/Low LOC availability [HIDDEN]; Seasonal Increase/Decrease [HIDDEN]; ACH Return [HIDDEN]; Negative Experian Report [HIDDEN]; Moving to 1DC [HIDDEN]; Insufficient cash reserves [HIDDEN]; Poor credit performance with us [HIDDEN]; Limit Increase [HIDDEN]; Unable to verify cash reserves [HIDDEN]; Collection action or judgment [HIDDEN]; Excessive obligations in relation to holdings/earnings [HIDDEN]; Delinquent past or present credit obligations with others [HIDDEN]; Excessive obligations in relation to revenue [HIDDEN]; Lack of established earnings record [HIDDEN]; Credit application incomplete [HIDDEN]; Request Declined - Insufficient revenue [HIDDEN]; Request Declined - Low credit score per credit bureau report [HIDDEN]; Request Declined - Insufficient cash reserves [HIDDEN]; Insufficient revenue [HIDDEN]; Request Declined - Unable to verify cash reserves [HIDDEN]; Low credit score per credit bureau report [HIDDEN]; Unable to verify revenue [HIDDEN]; Bankruptcy [HIDDEN]; Value or type of collateral not sufficient [HIDDEN]","false","false","false","false","false","false","Unknown user","Integration (1)","0.1%","11/21/25 5:26 PM EST","Salesforce"
"Clearbit Revenue","clearbit_revenue__c","string","","salesforceinformation","true","","false","false","false","false","false","false","Unknown user","Integration (1); Sales view (3); Properties v3 card (1)","4.07%","11/21/25 2:15 PM EST","Salesforce"
"Client Risk Assessment","client_risk_assessment__c","enumeration","","salesforceinformation","true","Low Risk; Medium Risk; High Risk","false","false","false","false","false","false","Unknown user","","29.91%","",""
"Compliance Notes","compliance_notes__c","string","","salesforceinformation","true","","false","false","false","false","false","false","Unknown user","Integration (1)","0%","",""
"Contacts Count","contacts_count__c","number","","salesforceinformation","true","","false","false","false","false","false","false","Unknown user","Integration (1)","6.61%","",""
"Corporate Card","corporate_card__c","enumeration","","salesforceinformation","true","Airbase; American Express; AMEX Black; Amex Blue; Amex Gold; Amex Green; Amex Platinum; Amex Plum; Bank of America; BB&T; Brex; Capital One; Capital One Platinum; Capital One Quicksilver One; Capital One Spark; Capital One Venture; Carrot; Chase; Chase Cash; Chase Preferred; Chase Unlimited; CitiBusiness Platinum; Citizens; Comdata; CSI; Divvy; FastPay; First United; Home Depot; Huntington; Jeeves; None; Other; Ramp; Regional Bank; Revolut; SVB; SVB Innovators; SVB Multi; TD; Teampay; U.S. Bank; Unknown; Wells Fargo Cash Wise; Wells Fargo Platinum; Wells Fargo Propel; Tripactions","false","false","false","false","false","false","Unknown user","Integration (1)","0.75%","9/3/25 1:40 PM EDT","Salesforce"
"Created at Date","created_at_date__c","date","","salesforceinformation","true","","false","false","false","false","false","false","Unknown user","Automation platform flow (1); Integration (1); Sales view (3); Properties v3 card (2)","2.04%","11/23/25 6:44 PM EST","Salesforce"
"Credit Application Date","credit_application_date__c","date","","salesforceinformation","true","","false","false","false","false","false","false","Unknown user","Automation platform flow (1); Integration (1)","0.51%","11/21/25 4:53 PM EST","Salesforce"
"Credit Application Status","credit_application_status__c","enumeration","","salesforceinformation","true","Approved; Declined; Documents Needed; DocuSign Sent; Underwriting; Withdrawal; Compliance Review; Compliance Complete; Ready for Review","false","false","false","false","false","false","Unknown user","Automation platform flow (2); Integration (1)","0.49%","11/21/25 4:53 PM EST","Salesforce"
"Credit Approval Date","credit_approval_date__c","date","","salesforceinformation","true","","false","false","false","false","false","false","Unknown user","Integration (1)","0.28%","11/21/25 9:25 AM EST","Salesforce"
"Credit Contact","credit_contact__c","string","","salesforceinformation","true","","false","false","false","false","false","false","Unknown user","Integration (1)","0.12%","11/22/25 2:02 AM EST","Salesforce"
"Credit Decline Date","credit_decline_date__c","date","","salesforceinformation","true","","false","false","false","false","false","false","Unknown user","Integration (1)","0.2%","11/21/25 4:53 PM EST","Salesforce"
"Credit Decline Email Sent","credit_decline_email_sent__c","enumeration","","salesforceinformation","true","No (false); Yes (true)","false","false","false","false","false","false","Unknown user","Integration (1)","8.55%","",""
"Credit Decline Reason","credit_decline_reason__c","enumeration","","salesforceinformation","true","No credit file; No earnings file; Excessive obligations in relation to holdings/earnings; Excessive obligations in relation to revenue; Unable to verify cash reserves; Unable to verify revenue; Cash reserves insufficient for amount of credit requested; Revenue insufficient for amount of credit requested; Delinquent past or present credit obligations with others [HIDDEN]; Insufficient cash reserves [HIDDEN]; Bankruptcy [HIDDEN]; Credit application incomplete [HIDDEN]; Lack of established earnings record [HIDDEN]; Collection action or judgment [HIDDEN]; Insufficient revenue [HIDDEN]; Insufficient cash reserves in relation to earnings [HIDDEN]; Poor credit performance with us [HIDDEN]","false","false","false","false","false","false","Unknown user","Integration (1)","0.14%","11/21/25 4:53 PM EST","Salesforce"
"Credit Group","credit_group__c","enumeration","","salesforceinformation","true","Joint Liability; Guarantee; None","false","false","false","false","false","false","Unknown user","Integration (1)","0.3%","11/19/25 12:24 PM EST","Salesforce"
"Credit Risk Score","credit_risk_score__c","number","","salesforceinformation","true","","false","false","false","false","false","false","Unknown user","Integration (1)","0.01%","",""
"Funding Round | Date [CB] (Recent)","crunchbase__latest_round_date__c","date","","salesforceinformation","true","","false","false","false","false","false","false","Christopher Cooper","Automation platform flow (1); Integration (1); Sales view (2)","13.63%","9/24/25 11:12 AM EDT","Salesforce"
"Funding Round | Type [CB] (Latest)","crunchbase__latest_round_funding_type__c","enumeration","","salesforceinformation","true","Angel; Convertible Note; Corporate Round; Debt Financing; Equity Crowdfunding; Grant; Initial Coin Offering; Non-equity Assistance; Post-IPO Debt; Post-IPO Equity; Post-IPO Secondary; Pre-Seed; Private Equity; Product Crowdfunding; Secondary Market; Seed; Series A; Series B; Series C; Series D; Series E; Series F; Series G; Series H; Series I; Series J; Venture - Series Unknown; Undisclosed","false","false","false","false","false","false","Christopher Cooper","Automation platform flow (1); Integration (1); Sales view (2)","13.63%","9/24/25 11:12 AM EDT","Salesforce"
"Funding Round | Value - USD [CB] (Recent)","crunchbase__latest_round_money_raised_in_usd__c","number","","salesforceinformation","true","","false","false","false","false","false","false","Christopher Cooper","Automation platform flow (1); Integration (1); Sales view (2)","10.11%","9/24/25 11:12 AM EDT","Salesforce"
"CSC Search Date","csc_search_date__c","date","","salesforceinformation","true","","false","false","false","false","false","false","Unknown user","","0.02%","",""
"Current Bank","current_bank__c","enumeration","","salesforceinformation","true","American First; Axos; Azlo; Banco Popular; Bank of America; Barclays; BB&T; BBVA; Brex; Bridge Bank; Capital One; Charles Schwab; Chase; Citi; Comerica; Compass; Fidelity; Fifth Third; First Citizens; First Republic; Grasshopper; HSBC; Huntington; Mercury; Multiple; Navy Federal; None; Novo; Other; Payoneer; PNC; Popular Bank; Regional Bank; Revolut; Rho; Santander; Signature; Silicon Valley Bank; Sterling; SunTrust; TD; Transferwise; Truist Bank; Unknown; US Bank; Vanguard; Wells Fargo; JP Morgan [HIDDEN]; BMO Harris [HIDDEN]; M&T Bank [HIDDEN]; Morgan Stanley [HIDDEN]; Key Bank [HIDDEN]; Zions Bank [HIDDEN]; Synovus [HIDDEN]; First Horizon [HIDDEN]; Service First [HIDDEN]","false","false","false","false","false","false","Unknown user","Integration (1)","1.3%","11/21/25 2:15 PM EST","Salesforce"
"Current Credit Limit","current_credit_limit__c","number","","salesforceinformation","true","","false","false","false","false","false","false","Unknown user","Integration (1)","0.32%","11/21/25 5:26 PM EST","Salesforce"
"Custom Cashback","custom_cashback__c","number","","salesforceinformation","true","","false","false","false","false","false","false","Unknown user","Integration (1)","0%","",""
"Custom Pricing?","custom_pricing__c","enumeration","","salesforceinformation","true","No (false); Yes (true)","false","false","false","false","false","false","Unknown user","Integration (1)","8.55%","",""
"DACA Agreement Date","daca_agreement_date__c","date","","salesforceinformation","true","","false","false","false","false","false","false","Unknown user","Integration (1)","14.18%","11/23/25 6:28 PM EST","Salesforce"
"DACA Notes","daca_notes__c","string","","salesforceinformation","true","","false","false","false","false","false","false","Unknown user","Integration (1)","0%","",""
"DACA Status","daca_status__c","enumeration","","salesforceinformation","true","Effective; Terminated; Not Executed","false","false","false","false","false","false","Unknown user","Integration (1)","0.01%","10/30/25 7:30 AM EDT","Salesforce"
"DACA Type","daca_type__c","enumeration","","salesforceinformation","true","Springing; Fully Blocked","false","false","false","false","false","false","Unknown user","Integration (1)","0.01%","10/30/25 7:30 AM EDT","Salesforce"
"Data Source","data_source","string","","salesforceinformation","true","","false","false","false","false","false","false","Reed Marcus","Integration (1)","2.41%","11/21/25 2:15 PM EST","Salesforce"
"Date of Last Demo","date_of_last_demo__c","date","","salesforceinformation","true","","false","false","false","false","false","false","Unknown user","","0%","",""
"'19 December","december_19__c","number","","salesforceinformation","true","","false","false","false","false","false","false","Unknown user","Integration (1)","0%","",""
"2020 December","december_2020__c","number","","salesforceinformation","true","","false","false","false","false","false","false","Unknown user","Integration (1)","0.02%","",""
"December 2022 Bank Statements","december_2022_bank_statements__c","enumeration","","salesforceinformation","true","No (false); Yes (true)","false","false","false","false","false","false","Unknown user","Integration (1)","8.55%","",""
"'20 December","december_20__c","number","","salesforceinformation","true","","false","false","false","false","false","false","Unknown user","Integration (1)","0.01%","",""
"Deposits Captured","deposits_captured__c","number","","salesforceinformation","true","","false","false","false","false","false","false","Unknown user","Integration (1)","0.37%","11/21/25 2:15 PM EST","Salesforce"
"Discretionary Input","discretionary_input__c","enumeration","","salesforceinformation","true","No other red flags; Other potential red flags","false","false","false","false","false","false","Unknown user","Integration (1)","0.01%","",""
"Discretionary Input Risk Score","discretionary_input_risk_score__c","number","","salesforceinformation","true","","false","false","false","false","false","false","Unknown user","Integration (1)","0.01%","",""
"EBC Objections","ebc_objections__c","enumeration","","salesforceinformation","true","Not Supported; Unwilling; Willing to connect if we can provide reason(s); Parent-sub relationship permission; Banks with Rho; Connected Joint-Several","false","false","false","false","false","false","Unknown user","Integration (1)","0.02%","",""
"Event Code","event_code__c","string","","salesforceinformation","true","","false","false","false","false","false","false","Unknown user","","0%","",""
"Expense Management","expense_management__c","enumeration","","salesforceinformation","true","Abacus; Emburse; Expensify; Fyle; Other; Ramp; Rydoo; SAP Concur; Teampay; TripActions; Zoho; None [HIDDEN]; Bill.com [HIDDEN]; Brex [HIDDEN]; Workday [HIDDEN]","false","false","false","false","false","false","Unknown user","Integration (1)","0.44%","11/21/25 2:15 PM EST","Salesforce"
"February 2022 Bank Statements","february_2022_bank_statements__c","enumeration","","salesforceinformation","true","No (false); Yes (true)","false","false","false","false","false","false","Unknown user","Integration (1)","8.55%","",""
"February 2023 Bank Statements","february_2023_bank_statements__c","enumeration","","salesforceinformation","true","No (false); Yes (true)","false","false","false","false","false","false","Unknown user","Integration (1)","8.55%","",""
"'20 February","february_20__c","number","","salesforceinformation","true","","false","false","false","false","false","false","Unknown user","Integration (1)","0%","",""
"Financially Active","financially_active__c","enumeration","","salesforceinformation","true","Yes (true); No (false)","false","false","false","false","false","false","Christopher Cooper","Integration (1); Sales view (2)","85.54%","11/23/25 6:28 PM EST","Salesforce"
"Financials Source","financials_source__c","enumeration","","salesforceinformation","true","CODAT; company (monthly); company (quarterly); company (annual); none; Semi-annual [HIDDEN]","false","false","false","false","false","false","Unknown user","Integration (1)","0.29%","11/21/25 3:19 PM EST","Salesforce"
"Churn Date","former_client_date__c","date","","salesforceinformation","true","","false","false","false","false","false","false","Unknown user","Integration (1)","0.34%","11/21/25 7:00 AM EST","Salesforce"
"Churn Reason","former_client_reason__c","enumeration","","salesforceinformation","true","Business Merged/Closed; Client Request; Compliance/KYC Concerns; Credit Limit; Inactive; Left for Competition; Never Funded; Poor Experience; Product; Cashback Update; Other [HIDDEN]","false","false","false","false","false","false","Unknown user","Integration (1)","0.32%","11/21/25 1:18 PM EST","Salesforce"
"Churn Reason Detail","former_client_reason_detail__c","string","","salesforceinformation","true","","false","false","false","false","false","false","Unknown user","Integration (1)","0.2%","9/20/25 4:19 PM EDT","Salesforce"
"Founded Year","founded_year__c","number","","salesforceinformation","true","","false","false","false","false","false","false","Unknown user","Integration (1)","0.93%","11/11/24 11:00 AM EST","Salesforce"
"Funding Rounds","funding_rounds__c","string","","salesforceinformation","true","","false","false","false","false","false","false","Unknown user","","0.63%","8/22/24 9:27 AM EDT","Salesforce"
"Global Business ID","global_business_id__c","string","","salesforceinformation","true","","false","false","false","false","false","false","Unknown user","Integration (1)","0%","",""
"Gross Profit - 2 months ago","gross_profit___2_months_ago","number","","salesforceinformation","true","","false","false","false","false","false","false","Reed Marcus","Automation platform flow (1); Integration (1); Sales view (2); Properties v3 card (1)","5.07%","11/23/25 3:14 PM EST","Salesforce"
"Gross Profit - 3 months ago","gross_profit___3_months_ago","number","","salesforceinformation","true","","false","false","false","false","false","false","Reed Marcus","Automation platform flow (1); Integration (1); Sales view (2); Properties v3 card (1)","5.07%","11/23/25 3:14 PM EST","Salesforce"
"Gross Profit - All Time","gross_profit___all_time","number","","salesforceinformation","true","","false","false","false","false","false","false","Reed Marcus","Calculated property (1); Automation platform flow (1); Report (1); Integration (1); Sales view (5); Properties v3 card (1)","5.07%","11/23/25 3:14 PM EST","Salesforce"
"Gross Profit - Last Month","gross_profit___last_month","number","","salesforceinformation","true","","false","false","false","false","false","false","Reed Marcus","Form (1); Calculated property (1); Inbounddb lists (1); Automation platform flow (1); Integration (1); Sales view (3); Properties v3 card (1)","5.07%","11/23/25 3:14 PM EST","Salesforce"
"Gross Profit - MTD","gross_profit___mtd","number","","salesforceinformation","true","","false","false","false","false","false","false","Reed Marcus","Calculated property (1); Inbounddb lists (1); Automation platform flow (2); Integration (1); Sales view (3); Properties v3 card (1)","5.07%","11/23/25 3:14 PM EST","Salesforce"
"Harmonic Description (SF)","harmonic_description__c","string","","salesforceinformation","true","","false","false","false","false","false","false","Christopher Cooper","Integration (1)","13.09%","11/21/25 2:15 PM EST","Salesforce"
"Incorporation Year","incorporation_year__c","string","","salesforceinformation","true","","false","false","false","false","false","false","Unknown user","Integration (1)","44.84%","8/15/24 2:04 PM EDT","Salesforce"
"Incorporation Year Risk Score","incorporation_year_risk_score__c","number","","salesforceinformation","true","","false","false","false","false","false","false","Unknown user","Integration (1)","0.05%","",""
"Industry Risk","industry_risk__c","enumeration","","salesforceinformation","true","Low; High","false","false","false","false","false","false","Unknown user","","0.02%","",""
"Industry Risk Score","industry_risk_score__c","number","","salesforceinformation","true","","false","false","false","false","false","false","Unknown user","Integration (1)","0.01%","",""
"Initial Card Spend Date","initial_card_spend_date__c","date","","salesforceinformation","true","","false","false","false","false","false","false","Unknown user","Integration (1)","0.9%","11/23/25 11:46 AM EST","Salesforce"
"Initial Credit Limit","initial_credit_limit__c","number","","salesforceinformation","true","","false","false","false","false","false","false","Unknown user","Integration (1)","0.28%","11/21/25 9:25 AM EST","Salesforce"
"Initial Deposit Date","initial_deposit_date__c","date","","salesforceinformation","true","","false","false","false","false","false","false","Unknown user","Integration (1)","1.47%","11/23/25 3:58 PM EST","Salesforce"
"Interest Rate","interest_rate__c","number","","salesforceinformation","true","","false","false","false","false","false","false","Unknown user","Integration (1)","0.11%","11/21/25 5:52 PM EST","Salesforce"
"Rho Prime Balance","interprime_balance__c","number","","salesforceinformation","true","","false","false","false","false","false","false","Unknown user","Integration (1)","5.07%","11/23/25 3:14 PM EST","Salesforce"
"January 2022 Bank Statements","january_2022_bank_statements__c","enumeration","","salesforceinformation","true","No (false); Yes (true)","false","false","false","false","false","false","Unknown user","Integration (1)","8.55%","",""
"January 2023 Bank Statements","january_2023_bank_statements__c","enumeration","","salesforceinformation","true","No (false); Yes (true)","false","false","false","false","false","false","Unknown user","Integration (1)","8.55%","",""
"'20 January","january_20__c","number","","salesforceinformation","true","","false","false","false","false","false","false","Unknown user","Integration (1)","0%","",""
"Joint Credit Limit","joint_credit_limit__c","number","","salesforceinformation","true","","false","false","false","false","false","false","Unknown user","Integration (1)","0.01%","",""
"Joint Credit Limit Details","joint_credit_limit_details__c","string","","salesforceinformation","true","","false","false","false","false","false","false","Unknown user","Integration (1)","0%","",""
"July 2022 Bank Statements","july_2022_bank_statements__c","enumeration","","salesforceinformation","true","No (false); Yes (true)","false","false","false","false","false","false","Unknown user","Integration (1)","8.55%","",""
"'20 July","july_20__c","number","","salesforceinformation","true","","false","false","false","false","false","false","Unknown user","Integration (1)","0%","",""
"June 2022 Bank Statements","june_2022_bank_statements__c","enumeration","","salesforceinformation","true","No (false); Yes (true)","false","false","false","false","false","false","Unknown user","Integration (1)","8.55%","",""
"'20 June","june_20__c","number","","salesforceinformation","true","","false","false","false","false","false","false","Unknown user","Integration (1)","0%","",""
"Latest Financials Date","latest_financials_date__c","date","","salesforceinformation","true","","false","false","false","false","false","false","Unknown user","Integration (1)","0.02%","",""
"LinkedIn URL","linkedin_url__c","string","","salesforceinformation","true","","false","false","false","false","false","false","Unknown user","Integration (1)","52.53%","11/21/25 2:15 PM EST","Salesforce"
"LOC Available","loc_available__c","number","","salesforceinformation","true","","false","false","false","false","false","false","Unknown user","Integration (1)","0.03%","",""
"LOC Available Date","loc_available_date__c","date","","salesforceinformation","true","","false","false","false","false","false","false","Unknown user","Integration (1)","0.03%","",""
"LOC Commitment","loc_commitment__c","number","","salesforceinformation","true","","false","false","false","false","false","false","Unknown user","Integration (1)","0.04%","2/20/25 2:14 PM EST","Salesforce"
"Manually update Origin Contact","manually_update_origin_contact__c","enumeration","","salesforceinformation","true","No (false); Yes (true)","false","false","false","false","false","false","Unknown user","Integration (1)","8.55%","",""
"March 2022 Bank Statements","march_2022_bank_statements__c","enumeration","","salesforceinformation","true","No (false); Yes (true)","false","false","false","false","false","false","Unknown user","Integration (1)","8.55%","",""
"March 2023 Bank Statements","march_2023_bank_statements__c","enumeration","","salesforceinformation","true","No (false); Yes (true)","false","false","false","false","false","false","Unknown user","Integration (1)","8.55%","",""
"'20 March","march_20__c","number","","salesforceinformation","true","","false","false","false","false","false","false","Unknown user","Integration (1)","0%","",""
"Marketing Approval","marketing_approval__c","enumeration","","salesforceinformation","true","No - Do Not Contact; No - Contacted; No - New Client Conversation Completed; No - Not Requested (No - Not requested); Yes - Approved Quotes; Yes - Case Study Candidate; Yes - Client Reference; Yes - Completed Case Study; Yes - Logo Approved; Yes - All Marketing Activities [HIDDEN]; No - Blocklist [HIDDEN]","false","false","false","false","false","false","Unknown user","Integration (1)","8.18%","",""
"May 2022 Bank Statements","may_2022_bank_statements__c","enumeration","","salesforceinformation","true","No (false); Yes (true)","false","false","false","false","false","false","Unknown user","Integration (1)","8.55%","",""
"May 2023 Bank Statements","may_2023_bank_statements__c","enumeration","","salesforceinformation","true","No (false); Yes (true)","false","false","false","false","false","false","Unknown user","Integration (1)","8.55%","",""
"'20 May","may_20__c","number","","salesforceinformation","true","","false","false","false","false","false","false","Unknown user","Integration (1)","0%","",""
"Met In-Person or Video Call","met_in_person_or_video_call__c","enumeration","","salesforceinformation","true","No (false); Yes (true)","false","false","false","false","false","false","Unknown user","Integration (1)","8.55%","",""
"Missing for UW","missing_for_uw__c","enumeration","","salesforceinformation","true","Accounting Data; Bank Data; Clarification on entity(s) for UW; Entity Chart","false","false","false","false","false","false","Unknown user","Integration (1)","0.01%","",""
"Most Recent MQL Date","most_recent_mql_date__c","date","","salesforceinformation","true","","false","false","false","false","false","false","Unknown user","Integration (1)","0.22%","",""
"Most Recent Upsell Opp Date","most_recent_upsell_opp_date__c","date","","salesforceinformation","true","","false","false","false","false","false","false","Unknown user","Integration (1)","0%","",""
"NAICS Code","naics_code__c","string","","salesforceinformation","true","","false","false","false","false","false","false","Unknown user","Integration (1)","3.82%","",""
"Negotiation/Review Status","negotiation_review_status__c","string","","salesforceinformation","true","","false","false","false","false","false","false","Unknown user","Integration (1)","0.02%","",""
"2020 November","november_2020__c","number","","salesforceinformation","true","","false","false","false","false","false","false","Unknown user","Integration (1)","0.02%","",""
"November 2022 Bank Statements","november_2022_bank_statements__c","enumeration","","salesforceinformation","true","No (false); Yes (true)","false","false","false","false","false","false","Unknown user","Integration (1)","8.55%","",""
"'20 November","november_20__c","number","","salesforceinformation","true","","false","false","false","false","false","false","Unknown user","Integration (1)","0.01%","",""
"Number of Locations","number_of_locations__c","string","","salesforceinformation","true","","false","false","false","false","false","false","Unknown user","","8.18%","",""
"Number of Outbound Touches","number_of_outbound_touches__c","number","","salesforceinformation","true","","false","false","false","false","false","false","Unknown user","Integration (1)","8.54%","",""
"Number of Working Contacts","number_of_working_contacts__c","number","","salesforceinformation","true","","false","false","false","false","false","false","Unknown user","Integration (1)","0%","",""
"2020 October","october_2020__c","number","","salesforceinformation","true","","false","false","false","false","false","false","Unknown user","Integration (1)","0.02%","",""
"October 2022 Bank Statements","october_2022_bank_statements__c","enumeration","","salesforceinformation","true","No (false); Yes (true)","false","false","false","false","false","false","Unknown user","Integration (1)","8.55%","",""
"'20 October","october_20__c","number","","salesforceinformation","true","","false","false","false","false","false","false","Unknown user","Integration (1)","0.01%","",""
"Off Borrowing Base","off_borrowing_base__c","enumeration","","salesforceinformation","true","0; 1","false","false","false","false","false","false","Unknown user","Integration (1)","0%","",""
"Onboarding Call Date","onboarding_call_date__c","date","","salesforceinformation","true","","false","false","false","false","false","false","Unknown user","Integration (1)","0.2%","6/30/25 10:24 AM EDT","Salesforce"
"Operating Company","operating_company__c","enumeration","","salesforceinformation","true","No (false); Yes (true)","false","false","false","false","false","false","Unknown user","Integration (1)","8.55%","",""
"Origination Type Risk Score","origination_type_risk_score__c","number","","salesforceinformation","true","","false","false","false","false","false","false","Unknown user","Integration (1)","0.2%","",""
"Owner Change Date","owner_change_date__c","date","","salesforceinformation","true","","false","false","false","false","false","false","Unknown user","Integration (1)","5.46%","",""
"Ownership Type","ownership_type","enumeration","","salesforceinformation","true","VC-backed; PE-backed; Other","false","false","false","false","false","false","Reed Marcus","Integration (1)","7.25%","11/23/25 6:28 PM EST","Salesforce"
"Partner BPs","partner_bps__c","number","","salesforceinformation","true","","false","false","false","false","false","false","Unknown user","Integration (1)","0.02%","",""
"Partner Channel Other","partner_channel_other__c","string","","salesforceinformation","true","","false","false","false","false","false","false","Unknown user","","0%","",""
"Partner Referred Type","partner_referred_type__c","enumeration","","salesforceinformation","true","BDM Partner Paid; BDM Partner Unpaid; Events; Partner team Paid; Partner team Unpaid","false","false","false","false","false","false","Unknown user","","0.21%","8/22/24 9:27 AM EDT","Salesforce"
"Partnership Type","partnership_type__c","enumeration","","salesforceinformation","true","Individual Partner; Channel Partner; Strategic Partner; Accountant Partner [HIDDEN]; Venture Capital Partner [HIDDEN]; Incorporation Partner [HIDDEN]; Software Partner [HIDDEN]; Ecosystem Partner [HIDDEN]; Software Channel Partner [HIDDEN]; Other Partner [HIDDEN]; Debt Partner [HIDDEN]; Legal Partner [HIDDEN]; Software Integration Partner [HIDDEN]","false","false","false","false","false","false","Unknown user","Integration (1); Sales view (2)","1.94%","11/23/25 5:50 PM EST","Salesforce"
"PartnerStack Lead Key","partnerstack_lead_key__c","string","","salesforceinformation","true","","false","false","false","false","false","false","Unknown user","Integration (1)","0.08%","11/21/25 2:15 PM EST","Salesforce"
"PartnerStack Partner Key","partnerstack_partner_key__c","string","","salesforceinformation","true","","false","false","false","false","false","false","Unknown user","Integration (1)","0.21%","11/21/25 2:15 PM EST","Salesforce"
"Passed Compliance","passed_compliance__c","enumeration","","salesforceinformation","true","Yes, currently onboarding; Currently with Compliance; Client is in a stage before Compliance","false","false","false","false","false","false","Unknown user","Integration (1)","0.01%","",""
"PE-Backed?","pe_backed__c","enumeration","","salesforceinformation","true","No (false); Yes (true)","false","false","false","false","false","false","Unknown user","Integration (1); Sales view (1)","82.37%","7/4/25 1:21 PM EDT","Salesforce"
"Post-Closing Obligation","post_closing_obligation__c","string","","salesforceinformation","true","","false","false","false","false","false","false","Unknown user","Integration (1)","0.08%","9/29/25 11:33 AM EDT","Salesforce"
"Primary Email","primary_email__c","string","","salesforceinformation","true","","false","false","false","false","false","false","Unknown user","Integration (1); Sales view (1)","5.38%","11/23/25 6:44 PM EST","Salesforce"
"Primer ID","primer_id__c","string","","salesforceinformation","true","","false","false","false","false","false","false","Unknown user","Integration (1)","8.47%","",""
"Rattle Application Date","rattle_application_date__c","date","","salesforceinformation","true","","false","false","false","false","false","false","Unknown user","Integration (1)","0.19%","",""
"Rebate 1","rebate_1__c","string","","salesforceinformation","true","","false","false","false","false","false","false","Unknown user","Integration (1)","0%","",""
"Rebate 2","rebate_2__c","string","","salesforceinformation","true","","false","false","false","false","false","false","Unknown user","Integration (1)","0%","",""
"Rebate 3","rebate_3__c","string","","salesforceinformation","true","","false","false","false","false","false","false","Unknown user","Integration (1)","0%","",""
"Referrer - text","referrer","string","","salesforceinformation","true","","false","false","false","false","false","false","Reed Marcus","Inbounddb lists (1)","0.42%","9/19/24 8:52 PM EDT","Salesforce"
"old - ref","referrer___account","string","","salesforceinformation","true","","false","false","false","false","false","false","Reed Marcus","Inbounddb lists (1)","2.47%","",""
"Relationship Length (Months)","relationship_length_months__c","number","","salesforceinformation","true","","false","false","false","false","false","false","Unknown user","Integration (1)","0.01%","",""
"Repayment Period (Days)","repayment_period__c","enumeration","","salesforceinformation","true","0; 1; 4; 5; 15; 35; 30; 60; 10 [HIDDEN]","false","false","false","false","false","false","Unknown user","Integration (1)","5.08%","11/23/25 6:44 PM EST","Salesforce"
"Risk Assessment","risk_assessment__c","enumeration","","salesforceinformation","true","Low Risk; Medium Risk; High Risk; Watchlist","false","false","false","false","false","false","Unknown user","Integration (1)","0.02%","",""
"Salesforce Account ID","salesforceaccountid","string","","salesforceinformation","false","","true","true","false","false","false","true","HubSpot","Sales view (4)","86.94%","11/23/25 6:28 PM EST","Salesforce"
"Salesforce Deleted","salesforcedeleted","bool","","salesforceinformation","false","No (false); Yes (true)","true","true","false","false","false","true","HubSpot","","4.06%","11/23/25 8:23 AM EST","Salesforce"
"Last Salesforce Sync Time","salesforcelastsynctime","datetime","","salesforceinformation","false","","true","true","false","false","false","true","HubSpot","Integration (1); Sales view (1)","90.94%","11/23/25 6:52 PM EST","Salesforce"
"Headcount","seamless_employees__c","enumeration","","salesforceinformation","true","1-10; 11-50; 51-200; 201-500; 501-1000; 1001-5000; 5001-10000; 10001+","false","false","false","false","false","false","Unknown user","Inbounddb lists (2); Integration (1); Properties v3 card (1)","74.8%","11/23/25 7:45 AM EST","Salesforce"
"Revenue","seamless_revenue__c","enumeration","","salesforceinformation","true","$0-$100K; $100K-$1M; $1M-$5M; $5M-$20M; $20M-$50M; $50M-100M; $100M-$500M; $500M-$1B; $1B+","false","false","false","false","false","false","Unknown user","Integration (1); Properties v3 card (1)","72.49%","11/23/25 5:50 PM EST","Salesforce"
"Sector","sector__c","enumeration","","salesforceinformation","true","Agriculture; Construction; Consumer Goods & Services; Education; Finance; Government; Health Care; Manufacturing; Media & Entertainment; Professional Services; Real Estate; Technology; Utilities, Mining, Oil and Gas; Other [HIDDEN]; Retail Trade [HIDDEN]; Other Services (except Public Administration) [HIDDEN]; Professional, Scientific, and Technical Services [HIDDEN]; Health Care and Social Assistance [HIDDEN]; Management of Companies and Enterprises [HIDDEN]; Accommodation and Food Services [HIDDEN]; Educational Services [HIDDEN]; Finance and Insurance [HIDDEN]; Administrative and Support and Waste Management and Remediation Services [HIDDEN]; Transportation and Warehousing [HIDDEN]; Arts, Entertainment, and Recreation [HIDDEN]; Information [HIDDEN]; Real Estate and Rental and Leasing [HIDDEN]; Wholesale Trade [HIDDEN]; Mining, Quarrying, and Oil and Gas Extraction [HIDDEN]; Agriculture, Forestry, Fishing and Hunting [HIDDEN]; Public Administration [HIDDEN]; Utilities [HIDDEN]","false","false","false","false","false","false","Unknown user","Inbounddb lists (26); Automation platform flow (2); Report (1); Integration (1); Sales view (1); Properties v3 card (1)","69.48%","11/23/25 8:54 AM EST","Salesforce"
"Segment_Revenue","segment_revenue__c","string","","salesforceinformation","true","","false","false","false","false","false","false","Reed Marcus","Automation platform flow (1)","73.86%","9/20/24 3:43 AM EDT","Salesforce"
"2020 September","september_2020__c","number","","salesforceinformation","true","","false","false","false","false","false","false","Unknown user","Integration (1)","0.01%","",""
"September 2022 Bank Statements","september_2022_bank_statements__c","enumeration","","salesforceinformation","true","No (false); Yes (true)","false","false","false","false","false","false","Unknown user","Integration (1)","8.55%","",""
"'20 September","september_20__c","number","","salesforceinformation","true","","false","false","false","false","false","false","Unknown user","Integration (1)","0.01%","",""
"Source of Funds","source_of_funds__c","enumeration","","salesforceinformation","true","Capital Raise/Grant (Capital Raise); Customer Deposits; Earnings/Asset Sale (Retained Earnings); Other","false","false","false","false","false","false","Unknown user","Integration (1)","0.08%","8/22/24 9:27 AM EDT","Salesforce"
"Source of Funds Risk Score","source_of_funds_risk_score__c","number","","salesforceinformation","true","","false","false","false","false","false","false","Unknown user","Integration (1)","0.02%","",""
"State","state__c","string","","salesforceinformation","true","","false","false","false","false","false","false","Unknown user","Integration (1); Properties v3 card (1)","0.01%","",""
"Status","status__c","enumeration","","salesforceinformation","true","Open; Working; Qualified; Accepted (SAL); Disqualified; Nurturing; Lost; Won; Churned; Litigation; Hard Lock (RAP); Soft Lock (RAP); Active [HIDDEN]; Permanently Closed [HIDDEN]","false","false","false","false","false","false","Unknown user","Automation platform flow (1); Integration (1); Sales view (6); Properties v3 card (2)","90.92%","11/23/25 6:44 PM EST","Salesforce"
"Success Sentiment","success_sentiment__c","enumeration","","salesforceinformation","true","1; 2; 3; 4; 5","false","false","false","false","false","false","Unknown user","","0.2%","",""
"Switch Date","switch_date__c","date","","salesforceinformation","true","","false","false","false","false","false","false","Unknown user","Integration (1)","0%","",""
"Terms","terms__c","string","","salesforceinformation","true","","false","false","false","false","false","false","Unknown user","Integration (1)","0%","",""
"Territory","territory__c","enumeration","","salesforceinformation","true","East; Northeast; Central; South; West","false","false","false","false","false","false","Unknown user","","57.89%","8/22/24 9:27 AM EDT","Salesforce"
"Third Party Payment","third_party_payment__c","enumeration","","salesforceinformation","true","Linked; Not Linked; Unauthorized; Exempt","false","false","false","false","false","false","Unknown user","Integration (1)","0.23%","10/23/25 12:20 PM EDT","Salesforce"
"Threshold 1","threshold_1__c","string","","salesforceinformation","true","","false","false","false","false","false","false","Unknown user","Integration (1)","0%","",""
"Threshold 2","threshold_2__c","string","","salesforceinformation","true","","false","false","false","false","false","false","Unknown user","Integration (1)","0%","",""
"Threshold 3","threshold_3__c","string","","salesforceinformation","true","","false","false","false","false","false","false","Unknown user","Integration (1)","0%","",""
"Tier","tier__c","string","","salesforceinformation","true","","false","false","false","false","false","false","Unknown user","Integration (1)","3.12%","11/23/25 6:44 PM EST","Salesforce"
"Tier Override","tier_override__c","enumeration","","salesforceinformation","true","No (false); Yes (true)","false","false","false","false","false","false","Unknown user","Integration (1)","8.55%","",""
"Toggle","toggle__c","enumeration","","salesforceinformation","true","No (false); Yes (true)","false","false","false","false","false","false","Unknown user","","8.55%","",""
"Total Funding","total_funding__c","number","","salesforceinformation","true","","false","false","false","false","false","false","Unknown user","Sales view (2)","16.21%","10/15/24 12:27 PM EDT","Salesforce"
"Total Spend - 2 Months ago","total_spend___2_months_ago","number","","salesforceinformation","true","","false","false","false","false","false","false","Reed Marcus","Report (1); Integration (1); Properties v3 card (1)","5.07%","11/23/25 3:14 PM EST","Salesforce"
"Total Spend - 3 months ago","total_spend___3_months_ago","number","","salesforceinformation","true","","false","false","false","false","false","false","Reed Marcus","Report (1); Integration (1); Properties v3 card (1)","5.07%","11/23/25 3:14 PM EST","Salesforce"
"Total Spend - Last Month","total_spend___last_month","number","","salesforceinformation","true","","false","false","false","false","false","false","Reed Marcus","Automation platform flow (1); Report (1); Integration (1); Sales view (2); Properties v3 card (1)","5.07%","11/23/25 3:14 PM EST","Salesforce"
"Total Spend - MTD","total_spend___mtd","number","","salesforceinformation","true","","false","false","false","false","false","false","Reed Marcus","Automation platform flow (1); Report (1); Integration (1); Sales view (2); Properties v3 card (1)","5.07%","11/23/25 3:14 PM EST","Salesforce"
"Treasury Account","treasury_account__c","enumeration","","salesforceinformation","true","No (false); Yes (true)","false","false","false","false","false","false","Unknown user","Integration (1)","90.94%","11/23/25 6:28 PM EST","Salesforce"
"Treasury Balance","treasury_balance__c","number","","salesforceinformation","true","","false","false","false","false","false","false","Unknown user","Integration (1)","5.07%","11/23/25 3:14 PM EST","Salesforce"
"Treasury Created Date","treasury_created_date__c","date","","salesforceinformation","true","","false","false","false","false","false","false","Unknown user","Integration (1)","0.06%","7/29/24 11:25 AM EDT","Salesforce"
"Treasury Status","treasury_status__c","enumeration","","salesforceinformation","true","Account Requested; Docusign Sent; Docusign with ADM (Docusign Signed); Account Opened","false","false","false","false","false","false","Unknown user","Integration (1)","0.1%","11/23/25 12:26 AM EST","Salesforce"
"Partner Type","type_partner__c","enumeration","","salesforceinformation","true","Prospective Partner; Partner; Former Partner","false","false","false","false","false","false","Unknown user","Automation platform flow (1); Sales view (1)","0.65%","9/4/24 7:42 AM EDT","Salesforce"
"UBO Passport","ubo_passport__c","enumeration","","salesforceinformation","true","Afghanistan; Åland Islands; Albania; Algeria; American Samoa; Andorra; Angola; Anguilla; Antigua and Barbuda; Argentina; Armenia; Aruba; Australia; Austria; Azerbaijan; Bahamas; Bahrain; Bangladesh; Barbados; Belarus; Belgium; Belize; Benin; Bermuda; Bhutan; Bolivia; Bonaire, Sint Eustatius and Saba; Bosnia-Herzegovina; Botswana - on FATF AML Def List; Brazil; British Indian Ocean Territory; British Virgin Islands; Brunei Darussalam; Bulgaria; Burkina Faso; Burundi; Cambodia; Cameroon; Canada; Cape Verde; Cayman Islands; Central African Rep; Chad; Chile; China; Christmas Island; Cocos (Keeling) Islands; Colombia; Comoros; Congo, the Democratic Republic; Congo (Brazzaville); Cook Islands; Costa Rica; Cote D'Ivoire; Croatia; Cuba; Curacao; Cyprus; Czech Republic; Denmark; Djibouti; Dominica; Dominican Republic; Ecuador; Egypt; El Salvador; Equatorial Guinea; Eritrea; Estonia; Ethiopia; Falkland Islands (Malvinas); Faroe islands; Fiji; Finland; France; French Guiana; French Polynesia; Gabon; Gambia; Gaza Strip; Georgia; Germany; Ghana; Gibraltar; Greece; Greenland; Grenada; Guadeloupe; Guam; Guatemala; Guernsey; Guinea; Guinea Bissau; Guyana; Haiti; Honduras; Hong Kong; Hungary; Iceland; India; Indonesia; Iran, Islamic Republic of; Iraq; Ireland; Isle Of Man; Israel; Italy; Jamaica; Japan; Jersey; Jordan; Kazakhstan; Kenya; Kiribati; Kosovo; Kuwait; Kyrgyzstan; Lao People's Democratic Republic; Latvia; Lebanon; Lesotho; Liberia; Libya; Liechtenstein; Lithuania; Luxembourg; Macau; Macedonia; Madagascar; Malawi; Malaysia; Maldives; Mali; Malta; Marshall Islands; Martinique; Mauritania; Mauritius - on FATF AML Def List; Mayotte; Mexico; Micronesia; Moldova; Monaco; Mongolia; Montenegro; Montserrat; Morocco; Mozambique; Myanmar; Namibia; Nauru; Nepal; Netherlands; New Caledonia; New Zealand; Nicaragua; Niger; Nigeria; Niue; Norfolk Island; North Korea; North Mariana Islands; Norway; Oman; Pakistan; Palau; Panama; Papua New Guinea; Paraguay; Peru; Philippines; Pitcairn; Poland; Portugal; Puerto Rico; Qatar; Réunion; Romania; Russian Federation; Rwanda; Saint Berthélemy; Saint Helena, Ascension and Trista; Saint Martin (French part); Saint Pierre and Miquelon; Samoa; San Marino; Sao Tome & Prin.; Saudi Arabia; Senegal; Serbia; Seychelles; Sierra Leone; Singapore; Slovakia; Slovenia; Solomon Islands; Somalia; South Africa; South Korea; South Sudan; Spain; Sri Lanka; St Kitts & Nevis; St Lucia; St Maarten; St Vincent & Gren; Sudan; Suriname; Svalbard and Mayen; Swaziland (Eswatini); Sweden; Switzerland; Syria; Taiwan; Tajikistan; Tanzania; Thailand; Timor-Leste; Togo; Tokelau; Tonga; Trinidad & Tobago; Tunisia; Turkey; Turkmenistan; Turks & Caicos; Tuvalu; United States (United_States); Uganda; Ukraine; United Arab Emirates; United Kingdom; United States Virgin Islands; Uruguay; Uzbekistan; Vanuatu; Vatican City State (Holy See); Venezuela; Vietnam; Wallis and Futuna; West Bank (Palestinian Territory, O; Western Sahara; Yemen; Zambia; Zimbabwe","false","false","false","false","false","false","Unknown user","","0.01%","",""
"UBO Passport Risk Score","ubo_passport_risk_score__c","number","","salesforceinformation","true","","false","false","false","false","false","false","Unknown user","Integration (1)","0.01%","",""
"UBO Residence","ubo_residence__c","enumeration","","salesforceinformation","true","Afghanistan; Åland Islands; Albania; Algeria; American Samoa; Andorra; Angola; Anguilla; Antigua and Barbuda; Argentina; Armenia; Aruba; Australia; Austria; Azerbaijan; Bahamas; Bahrain; Bangladesh; Barbados; Belarus; Belgium; Belize; Benin; Bermuda; Bhutan; Bolivia; Bonaire, Sint Eustatius and Saba; Bosnia-Herzegovina; Botswana - on FATF AML Def List; Brazil; British Indian Ocean Territory; British Virgin Islands; Brunei Darussalam; Bulgaria; Burkina Faso; Burundi; Cambodia; Cameroon; Canada; Cape Verde; Cayman Islands; Central African Rep; Chad; Chile; China; Christmas Island; Cocos (Keeling) Islands; Colombia; Comoros; Congo, the Democratic Republic; Congo (Brazzaville); Cook Islands; Costa Rica; Cote D'Ivoire; Croatia; Cuba; Curacao; Cyprus; Czech Republic; Denmark; Djibouti; Dominica; Dominican Republic; Ecuador; Egypt; El Salvador; Equatorial Guinea; Eritrea; Estonia; Ethiopia; Falkland Islands (Malvinas); Faroe islands; Fiji; Finland; France; French Guiana; French Polynesia; Gabon; Gambia; Gaza Strip; Georgia; Germany; Ghana; Gibraltar; Greece; Greenland; Grenada; Guadeloupe; Guam; Guatemala; Guernsey; Guinea; Guinea Bissau; Guyana; Haiti; Honduras; Hong Kong; Hungary; Iceland; India; Indonesia; Iran, Islamic Republic of; Iraq; Ireland; Isle Of Man; Israel; Italy; Jamaica; Japan; Jersey; Jordan; Kazakhstan; Kenya; Kiribati; Kosovo; Kuwait; Kyrgyzstan; Lao People's Democratic Republic; Latvia; Lebanon; Lesotho; Liberia; Libya; Liechtenstein; Lithuania; Luxembourg; Macau; Macedonia; Madagascar; Malawi; Malaysia; Maldives; Mali; Malta; Marshall Islands; Martinique; Mauritania; Mauritius - on FATF AML Def List; Mayotte; Mexico; Micronesia; Moldova; Monaco; Mongolia; Montenegro; Montserrat; Morocco; Mozambique; Myanmar; Namibia; Nauru; Nepal; Netherlands; New Caledonia; New Zealand; Nicaragua; Niger; Nigeria; Niue; Norfolk Island; North Korea; North Mariana Islands; Norway; Oman; Pakistan; Palau; Panama; Papua New Guinea; Paraguay; Peru; Philippines; Pitcairn; Poland; Portugal; Puerto Rico; Qatar; Réunion; Romania; Russian Federation; Rwanda; Saint Berthélemy; Saint Helena, Ascension and Trista; Saint Martin (French part); Saint Pierre and Miquelon; Samoa; San Marino; Sao Tome & Prin.; Saudi Arabia; Senegal; Serbia; Seychelles; Sierra Leone; Singapore; Slovakia; Slovenia; Solomon Islands; Somalia; South Africa; South Korea; South Sudan; Spain; Sri Lanka; St Kitts & Nevis; St Lucia; St Maarten; St Vincent & Gren; Sudan; Suriname; Svalbard and Mayen; Swaziland (Eswatini); Sweden; Switzerland; Syria; Taiwan; Tajikistan; Tanzania; Thailand; Timor-Leste; Togo; Tokelau; Tonga; Trinidad & Tobago; Tunisia; Turkey; Turkmenistan; Turks & Caicos; Tuvalu; Uganda; Ukraine; United Arab Emirates; United Kingdom; United States; United States Virgin Islands; Uruguay; Uzbekistan; Vanuatu; Vatican City State (Holy See); Venezuela; Vietnam; Wallis and Futuna; West Bank (Palestinian Territory, O; Western Sahara; Yemen; Zambia; Zimbabwe","false","false","false","false","false","false","Unknown user","Integration (1)","8.13%","",""
"UBO Residence Risk Score","ubo_residence_risk_score__c","number","","salesforceinformation","true","","false","false","false","false","false","false","Unknown user","Integration (1)","0.25%","",""
"UBO Verification Date","ubo_verification_date__c","date","","salesforceinformation","true","","false","false","false","false","false","false","Unknown user","Integration (1)","0%","",""
"Underwriting notes","underwriting_notes__c","string","","salesforceinformation","true","","false","false","false","false","false","false","Unknown user","Integration (1)","0.11%","",""
"Update Checkbox","update_checkbox__c","enumeration","","salesforceinformation","true","No (false); Yes (true)","false","false","false","false","false","false","Unknown user","Integration (1)","8.55%","",""
"utm_ad (sfdc)","utm_ad__c","string","","salesforceinformation","true","","false","false","false","false","false","false","Unknown user","Integration (1)","0.14%","11/21/25 2:15 PM EST","Salesforce"
"utm_campaign (sfdc)","utm_campaign__c","string","","salesforceinformation","true","","false","false","false","false","false","false","Unknown user","Integration (1); Sales view (4); Properties v3 card (1)","3.51%","11/23/25 6:28 PM EST","Salesforce"
"utm_content (sfdc)","utm_content__c","string","","salesforceinformation","true","","false","false","false","false","false","false","Unknown user","Integration (1); Sales view (2); Properties v3 card (1)","2.29%","11/23/25 2:36 PM EST","Salesforce"
"utm_medium (sfdc)","utm_medium__c","string","","salesforceinformation","true","","false","false","false","false","false","false","Unknown user","Integration (1); Sales view (2); Properties v3 card (1)","3.29%","11/23/25 6:28 PM EST","Salesforce"
"utm_source (sfdc)","utm_source__c","string","","salesforceinformation","true","","false","false","false","false","false","false","Unknown user","Automation platform flow (1); Integration (1); Sales view (5); Properties v3 card (1)","4.12%","11/23/25 6:28 PM EST","Salesforce"
"utm_term (sfdc)","utm_term__c","string","","salesforceinformation","true","","false","false","false","false","false","false","Unknown user","Integration (1); Sales view (2); Properties v3 card (1)","2.07%","11/23/25 2:36 PM EST","Salesforce"
"UW Condition","uw_condition__c","string","","salesforceinformation","true","","false","false","false","false","false","false","Unknown user","Integration (1)","0.04%","11/18/25 11:03 AM EST","Salesforce"
"UW Condition Deadline","uw_condition_deadline__c","date","","salesforceinformation","true","","false","false","false","false","false","false","Unknown user","Integration (1)","0.02%","11/18/25 11:03 AM EST","Salesforce"
"Variable Deposits","variable_deposits__c","enumeration","","salesforceinformation","true","No (false); Yes (true)","false","false","false","false","false","false","Unknown user","Integration (1)","8.55%","",""
"Variable Deposits Reason","variable_deposits_reason__c","enumeration","","salesforceinformation","true","Business performance; Churn risk; Competition; Organic cash burn; Treasury/Rho Prime; 1DC","false","false","false","false","false","false","Unknown user","Integration (1)","0.01%","",""
"Variable Deposits Reason Detail","variable_deposits_reason_detail__c","string","","salesforceinformation","true","","false","false","false","false","false","false","Unknown user","Integration (1)","0.01%","",""
"Variable Spend","variable_spend__c","enumeration","","salesforceinformation","true","No (false); Yes (true)","false","false","false","false","false","false","Unknown user","Integration (1)","82.36%","7/4/25 8:25 AM EDT","Salesforce"
"Variable Spend Reason","variable_spend_reason__c","enumeration","","salesforceinformation","true","Business Seasonality; Company Performance; Credit Limit Reduction; Payable Strategy; Product Limitations; Variable Monthly Spend; Vendor Acceptance; Repricing","false","false","false","false","false","false","Unknown user","Integration (1)","0.03%","",""
"Variable Spend Reason Detail","variable_spend_reason_detail__c","string","","salesforceinformation","true","","false","false","false","false","false","false","Unknown user","Integration (1)","0.03%","",""
"VC-backed?","vc_backed__c","enumeration","","salesforceinformation","true","No (false); Yes (true)","false","false","false","false","false","false","Unknown user","Integration (1); Sales view (1)","82.37%","7/4/25 12:56 PM EDT","Salesforce"
"VIP Client","vip_client__c","enumeration","","salesforceinformation","true","No (false); Yes (true)","false","false","false","false","false","false","Unknown user","","26.23%","9/19/24 10:22 PM EDT","Salesforce"
"Website Presence","website_presence__c","enumeration","","salesforceinformation","true","Official Website; Present w/out Official Website; Limited/No Online Presence","false","false","false","false","false","false","Unknown user","Integration (1)","0.01%","",""
"Website Risk Score","website_risk_score__c","number","","salesforceinformation","true","","false","false","false","false","false","false","Unknown user","Integration (1)","0.01%","",""
"10/31/2021 Financials","x10_31_2021_financials__c","enumeration","","salesforceinformation","true","No (false); Yes (true)","false","false","false","false","false","false","Unknown user","Integration (1)","8.55%","",""
"10/31/2022 Financials","x10_31_2022_financials__c","enumeration","","salesforceinformation","true","No (false); Yes (true)","false","false","false","false","false","false","Unknown user","Integration (1)","8.55%","",""
"11/30/2021 Financials","x11_30_2021_financials__c","enumeration","","salesforceinformation","true","No (false); Yes (true)","false","false","false","false","false","false","Unknown user","Integration (1)","8.55%","",""
"11/30/2022 Financials","x11_30_2022_financials__c","enumeration","","salesforceinformation","true","No (false); Yes (true)","false","false","false","false","false","false","Unknown user","Integration (1)","8.55%","",""
"12/31/2021 Financials","x12_31_2021_financials__c","enumeration","","salesforceinformation","true","No (false); Yes (true)","false","false","false","false","false","false","Unknown user","Integration (1)","8.55%","",""
"12/31/2022 Financials","x12_31_2022_financials__c","enumeration","","salesforceinformation","true","No (false); Yes (true)","false","false","false","false","false","false","Unknown user","Integration (1)","8.55%","",""
"1/31/2022 Financials","x1_31_2022_financials__c","enumeration","","salesforceinformation","true","No (false); Yes (true)","false","false","false","false","false","false","Unknown user","Integration (1)","8.55%","",""
"1/31/2023 Financials","x1_31_2023_financials__c","enumeration","","salesforceinformation","true","No (false); Yes (true)","false","false","false","false","false","false","Unknown user","Integration (1)","8.55%","",""
"1-D Limit","x1_d_limit__c","number","","salesforceinformation","true","","false","false","false","false","false","false","Unknown user","Integration (1)","0.01%","",""
"1-D Status","x1_d_status__c","enumeration","","salesforceinformation","true","Gathering Data; Ready for Review; Under Review; Decision Complete","false","false","false","false","false","false","Unknown user","Integration (1)","1.04%","",""
"1-D Underwriting Notes","x1_d_underwriting_notes__c","string","","salesforceinformation","true","","false","false","false","false","false","false","Unknown user","Integration (1)","0.01%","",""
"2021 April","x2021_april__c","number","","salesforceinformation","true","","false","false","false","false","false","false","Unknown user","Integration (1)","0.04%","",""
"2021 August","x2021_august__c","number","","salesforceinformation","true","","false","false","false","false","false","false","Unknown user","Integration (1)","0.05%","",""
"2021 December","x2021_december__c","number","","salesforceinformation","true","","false","false","false","false","false","false","Unknown user","Integration (1)","0.06%","",""
"2021 February","x2021_february__c","number","","salesforceinformation","true","","false","false","false","false","false","false","Unknown user","Integration (1)","0.03%","",""
"2021 January","x2021_january__c","number","","salesforceinformation","true","","false","false","false","false","false","false","Unknown user","Integration (1)","0.02%","",""
"2021 July","x2021_july__c","number","","salesforceinformation","true","","false","false","false","false","false","false","Unknown user","Integration (1)","0.05%","",""
"2021 June","x2021_june__c","number","","salesforceinformation","true","","false","false","false","false","false","false","Unknown user","Integration (1)","0.04%","",""
"2021 March","x2021_march__c","number","","salesforceinformation","true","","false","false","false","false","false","false","Unknown user","Integration (1)","0.03%","",""
"2021 May","x2021_may__c","number","","salesforceinformation","true","","false","false","false","false","false","false","Unknown user","Integration (1)","0.04%","",""
"2021 November","x2021_november__c","number","","salesforceinformation","true","","false","false","false","false","false","false","Unknown user","Integration (1)","0.06%","",""
"2021 October","x2021_october__c","number","","salesforceinformation","true","","false","false","false","false","false","false","Unknown user","Integration (1)","0.06%","",""
"2021 September","x2021_september__c","number","","salesforceinformation","true","","false","false","false","false","false","false","Unknown user","Integration (1)","0.05%","",""
"2022 April","x2022_april__c","number","","salesforceinformation","true","","false","false","false","false","false","false","Unknown user","Integration (1)","0.08%","",""
"2022 August","x2022_august__c","number","","salesforceinformation","true","","false","false","false","false","false","false","Unknown user","Integration (1)","0.1%","",""
"2022 December","x2022_december__c","number","","salesforceinformation","true","","false","false","false","false","false","false","Unknown user","Integration (1)","0.14%","",""
"2022 February","x2022_february__c","number","","salesforceinformation","true","","false","false","false","false","false","false","Unknown user","Integration (1)","0.07%","",""
"2022 January","x2022_january__c","number","","salesforceinformation","true","","false","false","false","false","false","false","Unknown user","Integration (1)","0.07%","",""
"2022 July","x2022_july__c","number","","salesforceinformation","true","","false","false","false","false","false","false","Unknown user","Integration (1)","0.1%","",""
"2022 June","x2022_june__c","number","","salesforceinformation","true","","false","false","false","false","false","false","Unknown user","Integration (1)","0.09%","",""
"2022 March","x2022_march__c","number","","salesforceinformation","true","","false","false","false","false","false","false","Unknown user","Integration (1)","0.08%","",""
"2022 May","x2022_may__c","number","","salesforceinformation","true","","false","false","false","false","false","false","Unknown user","Integration (1)","0.09%","",""
"2022 November","x2022_november__c","number","","salesforceinformation","true","","false","false","false","false","false","false","Unknown user","Integration (1)","0.14%","",""
"2022 October","x2022_october__c","number","","salesforceinformation","true","","false","false","false","false","false","false","Unknown user","Integration (1)","0.12%","",""
"2022 September","x2022_september__c","number","","salesforceinformation","true","","false","false","false","false","false","false","Unknown user","Integration (1)","0.11%","",""
"2023 November","x2023__c","number","","salesforceinformation","true","","false","false","false","false","false","false","Unknown user","Integration (1)","0%","",""
"2023 April","x2023_april__c","number","","salesforceinformation","true","","false","false","false","false","false","false","Unknown user","Integration (1)","0.18%","",""
"2023 August","x2023_august__c","number","","salesforceinformation","true","","false","false","false","false","false","false","Unknown user","Integration (1)","0%","",""
"2023 December","x2023_december__c","number","","salesforceinformation","true","","false","false","false","false","false","false","Unknown user","Integration (1)","0%","",""
"2023 February","x2023_february__c","number","","salesforceinformation","true","","false","false","false","false","false","false","Unknown user","Integration (1)","0.16%","",""
"2023 January","x2023_january__c","number","","salesforceinformation","true","","false","false","false","false","false","false","Unknown user","Integration (1)","0.15%","",""
"2023 July","x2023_july__c","number","","salesforceinformation","true","","false","false","false","false","false","false","Unknown user","Integration (1)","0%","",""
"2023 June","x2023_june__c","number","","salesforceinformation","true","","false","false","false","false","false","false","Unknown user","Integration (1)","0%","",""
"2023 March","x2023_march__c","number","","salesforceinformation","true","","false","false","false","false","false","false","Unknown user","Integration (1)","0.17%","",""
"2023 May","x2023_may__c","number","","salesforceinformation","true","","false","false","false","false","false","false","Unknown user","Integration (1)","0.19%","",""
"2023 October","x2023_october__c","number","","salesforceinformation","true","","false","false","false","false","false","false","Unknown user","Integration (1)","0%","",""
"2023 September","x2023_september__c","number","","salesforceinformation","true","","false","false","false","false","false","false","Unknown user","Integration (1)","0%","",""
"'21 April","x21_april__c","number","","salesforceinformation","true","","false","false","false","false","false","false","Unknown user","Integration (1)","0.02%","",""
"'21 August","x21_august__c","number","","salesforceinformation","true","","false","false","false","false","false","false","Unknown user","Integration (1)","0.05%","",""
"'21 December","x21_december__c","number","","salesforceinformation","true","","false","false","false","false","false","false","Unknown user","Integration (1)","0.06%","",""
"'21 February","x21_february__c","number","","salesforceinformation","true","","false","false","false","false","false","false","Unknown user","Integration (1)","0.01%","",""
"'21 January","x21_january__c","number","","salesforceinformation","true","","false","false","false","false","false","false","Unknown user","Integration (1)","0.01%","",""
"'21 July","x21_july__c","number","","salesforceinformation","true","","false","false","false","false","false","false","Unknown user","Integration (1)","0.05%","",""
"'21 June","x21_june__c","number","","salesforceinformation","true","","false","false","false","false","false","false","Unknown user","Integration (1)","0.04%","",""
"'21 March","x21_march__c","number","","salesforceinformation","true","","false","false","false","false","false","false","Unknown user","Integration (1)","0.02%","",""
"'21 May","x21_may__c","number","","salesforceinformation","true","","false","false","false","false","false","false","Unknown user","Integration (1)","0.02%","",""
"'21 November","x21_november__c","number","","salesforceinformation","true","","false","false","false","false","false","false","Unknown user","Integration (1)","0.06%","",""
"'21 October","x21_october__c","number","","salesforceinformation","true","","false","false","false","false","false","false","Unknown user","Integration (1)","0.06%","",""
"'21 September","x21_september__c","number","","salesforceinformation","true","","false","false","false","false","false","false","Unknown user","Integration (1)","0.05%","",""
"'22 April","x22_april__c","number","","salesforceinformation","true","","false","false","false","false","false","false","Unknown user","Integration (1)","0.08%","",""
"'22 August","x22_august__c","number","","salesforceinformation","true","","false","false","false","false","false","false","Unknown user","Integration (1)","0.1%","",""
"'22 December","x22_december__c","number","","salesforceinformation","true","","false","false","false","false","false","false","Unknown user","Integration (1)","0.14%","",""
"'22 February","x22_february__c","number","","salesforceinformation","true","","false","false","false","false","false","false","Unknown user","Integration (1)","0.07%","",""
"'22 January","x22_january__c","number","","salesforceinformation","true","","false","false","false","false","false","false","Unknown user","Integration (1)","0.07%","",""
"'22 July","x22_july__c","number","","salesforceinformation","true","","false","false","false","false","false","false","Unknown user","Integration (1)","0.1%","",""
"'22 June","x22_june__c","number","","salesforceinformation","true","","false","false","false","false","false","false","Unknown user","Integration (1)","0.09%","",""
"'22 March","x22_march__c","number","","salesforceinformation","true","","false","false","false","false","false","false","Unknown user","Integration (1)","0.08%","",""
"'22 May","x22_may__c","number","","salesforceinformation","true","","false","false","false","false","false","false","Unknown user","Integration (1)","0.09%","",""
"'22 November","x22_november__c","number","","salesforceinformation","true","","false","false","false","false","false","false","Unknown user","Integration (1)","0.14%","",""
"'22 October","x22_october__c","number","","salesforceinformation","true","","false","false","false","false","false","false","Unknown user","Integration (1)","0.12%","",""
"'22 September","x22_september__c","number","","salesforceinformation","true","","false","false","false","false","false","false","Unknown user","Integration (1)","0.11%","",""
"'23 April","x23_april__c","number","","salesforceinformation","true","","false","false","false","false","false","false","Unknown user","Integration (1)","0.18%","",""
"'23 August","x23_august__c","number","","salesforceinformation","true","","false","false","false","false","false","false","Unknown user","Integration (1)","0%","",""
"'23 December","x23_december__c","number","","salesforceinformation","true","","false","false","false","false","false","false","Unknown user","Integration (1)","0%","",""
"'23 February","x23_february__c","number","","salesforceinformation","true","","false","false","false","false","false","false","Unknown user","Integration (1)","0.16%","",""
"'23 January","x23_january__c","number","","salesforceinformation","true","","false","false","false","false","false","false","Unknown user","Integration (1)","0.15%","",""
"'23 July","x23_july__c","number","","salesforceinformation","true","","false","false","false","false","false","false","Unknown user","Integration (1)","0%","",""
"'23 June","x23_june__c","number","","salesforceinformation","true","","false","false","false","false","false","false","Unknown user","Integration (1)","0%","",""
"'23 March","x23_march__c","number","","salesforceinformation","true","","false","false","false","false","false","false","Unknown user","Integration (1)","0.17%","",""
"'23 May","x23_may__c","number","","salesforceinformation","true","","false","false","false","false","false","false","Unknown user","Integration (1)","0.19%","",""
"'23 November","x23_november__c","number","","salesforceinformation","true","","false","false","false","false","false","false","Unknown user","Integration (1)","0%","",""
"'23 October","x23_october__c","number","","salesforceinformation","true","","false","false","false","false","false","false","Unknown user","Integration (1)","0%","",""
"'23 September","x23_september__c","number","","salesforceinformation","true","","false","false","false","false","false","false","Unknown user","Integration (1)","0%","",""
"2/28/2022 Financials","x2_28_2022_financials__c","enumeration","","salesforceinformation","true","No (false); Yes (true)","false","false","false","false","false","false","Unknown user","Integration (1)","8.55%","",""
"2/28/2023 Financials","x2_28_2023_financials__c","enumeration","","salesforceinformation","true","No (false); Yes (true)","false","false","false","false","false","false","Unknown user","Integration (1)","8.55%","",""
"3/31/2022 Financials","x3_31_2022_financials__c","enumeration","","salesforceinformation","true","No (false); Yes (true)","false","false","false","false","false","false","Unknown user","Integration (1)","8.55%","",""
"3/31/2023 Financials","x3_31_2023_financials__c","enumeration","","salesforceinformation","true","No (false); Yes (true)","false","false","false","false","false","false","Unknown user","Integration (1)","8.55%","",""
"4/30/2022 Financials","x4_30_2022_financials__c","enumeration","","salesforceinformation","true","No (false); Yes (true)","false","false","false","false","false","false","Unknown user","Integration (1)","8.55%","",""
"4/30/2023 Financials","x4_30_2023_financials__c","enumeration","","salesforceinformation","true","No (false); Yes (true)","false","false","false","false","false","false","Unknown user","Integration (1)","8.55%","",""
"5/31/2022 Financials","x5_31_2022__c","enumeration","","salesforceinformation","true","No (false); Yes (true)","false","false","false","false","false","false","Unknown user","Integration (1)","8.55%","",""
"5/31/2023 Financials","x5_31_2023_financials__c","enumeration","","salesforceinformation","true","No (false); Yes (true)","false","false","false","false","false","false","Unknown user","Integration (1)","8.55%","",""
"6/30/2022 Financials","x6_30_2022_financials__c","enumeration","","salesforceinformation","true","No (false); Yes (true)","false","false","false","false","false","false","Unknown user","Integration (1)","8.55%","",""
"7/31/2022 Financials","x7_31_2022_financials__c","enumeration","","salesforceinformation","true","No (false); Yes (true)","false","false","false","false","false","false","Unknown user","Integration (1)","8.55%","",""
"8/31/2022 Financials","x8_31_2022_financials__c","enumeration","","salesforceinformation","true","No (false); Yes (true)","false","false","false","false","false","false","Unknown user","Integration (1)","8.55%","",""
"9/30/2022 Financials","x9_30_2022_financials__c","enumeration","","salesforceinformation","true","No (false); Yes (true)","false","false","false","false","false","false","Unknown user","Integration (1)","8.55%","",""
"ZoomInfo Revenue","zoominfo_revenue__c","number","","salesforceinformation","true","","false","false","false","false","false","false","Unknown user","Integration (1)","3.72%","",""
"ZoomInfo URL","zoominfo_url__c","string","","salesforceinformation","true","","false","false","false","false","false","false","Unknown user","Integration (1)","0.49%","",""
"Salesmsg: Inbox ID","inbox_id","string","","salesmsg","false","","false","false","false","false","false","false","Reed Marcus","Sales view (1)","0%","",""
"Facebook Company Page","facebook_company_page","string","The URL of the Facebook company page for the company or organization","socialmediainformation","true","","false","true","false","false","false","true","HubSpot","","39.72%","11/23/25 6:40 PM EST","Data Enrichment"
"Facebook Fans","facebookfans","number","Number of facebook fans","socialmediainformation","false","","false","true","false","false","false","true","HubSpot","","0%","",""
"Google Plus Page","googleplus_page","string","The URL of the Google Plus page for the company or organization","socialmediainformation","true","","false","true","false","false","false","true","HubSpot","","0%","",""
"LinkedIn Company Page","linkedin_company_page","string","The URL of the LinkedIn company page for the company or organization","socialmediainformation","true","","false","true","false","false","false","true","HubSpot","","71.6%","11/23/25 6:40 PM EST","Data Enrichment"
"LinkedIn Bio","linkedinbio","string","The LinkedIn bio for the company or organization","socialmediainformation","true","","false","true","false","false","false","true","HubSpot","","75.2%","3/17/25 2:52 PM EDT","HubSpot Company Insights"
"Twitter Bio","twitterbio","string","The Twitter bio of the company or organization","socialmediainformation","true","","false","true","false","false","false","true","HubSpot","","0%","",""
"Twitter Followers","twitterfollowers","number","The number of Twitter followers of the company or organization","socialmediainformation","true","","false","true","false","false","false","true","HubSpot","","0%","",""
"Twitter Handle","twitterhandle","string","The main twitter account of the company or organization","socialmediainformation","true","","false","true","false","false","false","true","HubSpot","","53.51%","11/23/25 6:40 PM EST","Data Enrichment"
"Ideal Customer Profile Tier","hs_ideal_customer_profile","enumeration","How well this company matches your Ideal Customer Profile. Tier 1 means a great fit for your products/services, Tier 3 might be acceptable, but low priority.","targetaccountsinformation","false","Tier 1 (tier_1) [READ-ONLY]; Tier 2 (tier_2) [READ-ONLY]; Tier 3 (tier_3) [READ-ONLY]","false","true","false","false","false","true","HubSpot","Sales view (2)","0%","",""
"Target Account","hs_is_target_account","bool","Identifies whether this company is being marketed and sold to as part of your account-based strategy.","targetaccountsinformation","false","True (true); False (false)","false","true","false","false","false","true","HubSpot","","0%","",""
"Number of blockers","hs_num_blockers","number","The number of contacts associated with this company with the role of blocker.","targetaccountsinformation","false","","true","true","false","false","false","true","HubSpot","","100%","11/23/25 6:28 PM EST","HubSpot Calculation"
"Number of contacts with a buying role","hs_num_contacts_with_buying_roles","number","The number of contacts associated with this company with a buying role.","targetaccountsinformation","false","","true","true","false","false","false","true","HubSpot","","100%","11/23/25 6:28 PM EST","HubSpot Calculation"
"Number of decision makers","hs_num_decision_makers","number","The number of contacts associated with this company with the role of decision maker.","targetaccountsinformation","false","","true","true","false","false","false","true","HubSpot","","100%","11/23/25 6:28 PM EST","HubSpot Calculation"
